"PID","value","type","weight","score","weighted_score"
705404,"democracy","paper",22,49,10.78
705404,"equality","paper",15,38,5.7
705404,"freedom","paper",26,63,16.38
705404,"individualism","paper",8,72,5.76
705404,"justice","paper",7,22,1.54
705404,"happiness","paper",17,31,5.27
705404,"arms","paper",1,15,0.15
705404,"tolerance","paper",4,13,0.52
705404,"democracy","ideal",20,49,9.8
705404,"equality","ideal",5,38,1.9
705404,"freedom","ideal",16,63,10.08
705404,"individualism","ideal",24,72,17.28
705404,"justice","ideal",10,22,2.2
705404,"happiness","ideal",9,31,2.79
705404,"arms","ideal",2,15,0.3
705404,"tolerance","ideal",14,13,1.82
914223,"democracy","paper",13,51,6.63
914223,"equality","paper",4,13,0.52
914223,"freedom","paper",12,32,3.84
914223,"individualism","paper",8,81,6.48
914223,"justice","paper",3,15,0.45
914223,"happiness","paper",0,10,0
914223,"arms","paper",54,89,48.06
914223,"tolerance","paper",6,57,3.42
914223,"democracy","ideal",6,51,3.06
914223,"equality","ideal",23,13,2.99
914223,"freedom","ideal",19,32,6.08
914223,"individualism","ideal",16,81,12.96
914223,"justice","ideal",15,15,2.25
914223,"happiness","ideal",11,10,1.1
914223,"arms","ideal",5,89,4.45
914223,"tolerance","ideal",5,57,2.85
834767,"democracy","paper",75,62,46.5
834767,"equality","paper",25,70,17.5
834767,"freedom","paper",0,67,0
834767,"individualism","paper",0,49,0
834767,"justice","paper",0,89,0
834767,"happiness","paper",0,86,0
834767,"arms","paper",0,82,0
834767,"tolerance","paper",0,78,0
834767,"democracy","ideal",23,62,14.26
834767,"equality","ideal",36,70,25.2
834767,"freedom","ideal",41,67,27.47
834767,"individualism","ideal",0,49,0
834767,"justice","ideal",0,89,0
834767,"happiness","ideal",0,86,0
834767,"arms","ideal",0,82,0
834767,"tolerance","ideal",0,78,0
636440,"democracy","paper",20,80,16
636440,"equality","paper",10,70,7
636440,"freedom","paper",50,90,45
636440,"individualism","paper",0,70,0
636440,"justice","paper",0,90,0
636440,"happiness","paper",10,80,8
636440,"arms","paper",10,80,8
636440,"tolerance","paper",0,60,0
636440,"democracy","ideal",0,80,0
636440,"equality","ideal",0,70,0
636440,"freedom","ideal",60,90,54
636440,"individualism","ideal",0,70,0
636440,"justice","ideal",0,90,0
636440,"happiness","ideal",15,80,12
636440,"arms","ideal",15,80,12
636440,"tolerance","ideal",10,60,6
686129,"democracy","paper",53,81,42.93
686129,"equality","paper",5,3,0.15
686129,"freedom","paper",12,8,0.96
686129,"individualism","paper",0,99,0
686129,"justice","paper",0,5,0
686129,"happiness","paper",0,48,0
686129,"arms","paper",30,95,28.5
686129,"tolerance","paper",0,4,0
686129,"democracy","ideal",0,81,0
686129,"equality","ideal",10,3,0.3
686129,"freedom","ideal",90,8,7.2
686129,"individualism","ideal",0,99,0
686129,"justice","ideal",0,5,0
686129,"happiness","ideal",0,48,0
686129,"arms","ideal",0,95,0
686129,"tolerance","ideal",0,4,0
184675,"democracy","paper",24,80,19.2
184675,"equality","paper",10,67,6.7
184675,"freedom","paper",34,73,24.82
184675,"individualism","paper",2,52,1.04
184675,"justice","paper",7,57,3.99
184675,"happiness","paper",13,62,8.06
184675,"arms","paper",4,49,1.96
184675,"tolerance","paper",6,46,2.76
184675,"democracy","ideal",30,80,24
184675,"equality","ideal",5,67,3.35
184675,"freedom","ideal",30,73,21.9
184675,"individualism","ideal",0,52,0
184675,"justice","ideal",10,57,5.7
184675,"happiness","ideal",3,62,1.86
184675,"arms","ideal",20,49,9.8
184675,"tolerance","ideal",2,46,0.92
330290,"democracy","paper",15,70,10.5
330290,"equality","paper",10,60,6
330290,"freedom","paper",20,60,12
330290,"individualism","paper",10,70,7
330290,"justice","paper",5,50,2.5
330290,"happiness","paper",30,50,15
330290,"arms","paper",5,40,2
330290,"tolerance","paper",5,40,2
330290,"democracy","ideal",10,70,7
330290,"equality","ideal",15,60,9
330290,"freedom","ideal",25,60,15
330290,"individualism","ideal",5,70,3.5
330290,"justice","ideal",15,50,7.5
330290,"happiness","ideal",25,50,12.5
330290,"arms","ideal",2,40,0.8
330290,"tolerance","ideal",3,40,1.2
620699,"democracy","paper",15,59,8.85
620699,"equality","paper",12,40,4.8
620699,"freedom","paper",15,67,10.05
620699,"individualism","paper",12,69,8.28
620699,"justice","paper",12,71,8.52
620699,"happiness","paper",12,58,6.96
620699,"arms","paper",10,79,7.9
620699,"tolerance","paper",12,50,6
620699,"democracy","ideal",16,59,9.44
620699,"equality","ideal",16,40,6.4
620699,"freedom","ideal",16,67,10.72
620699,"individualism","ideal",11,69,7.59
620699,"justice","ideal",16,71,11.36
620699,"happiness","ideal",8,58,4.64
620699,"arms","ideal",9,79,7.11
620699,"tolerance","ideal",8,50,4
350547,"democracy","paper",50,25,12.5
350547,"equality","paper",20,10,2
350547,"freedom","paper",10,11,1.1
350547,"individualism","paper",2,11,0.22
350547,"justice","paper",10,5,0.5
350547,"happiness","paper",2,5,0.1
350547,"arms","paper",0,100,0
350547,"tolerance","paper",6,5,0.3
350547,"democracy","ideal",50,25,12.5
350547,"equality","ideal",10,10,1
350547,"freedom","ideal",10,11,1.1
350547,"individualism","ideal",5,11,0.55
350547,"justice","ideal",10,5,0.5
350547,"happiness","ideal",5,5,0.25
350547,"arms","ideal",0,100,0
350547,"tolerance","ideal",10,5,0.5
424350,"democracy","paper",41,27,11.07
424350,"equality","paper",9,58,5.22
424350,"freedom","paper",20,24,4.8
424350,"individualism","paper",8,100,8
424350,"justice","paper",7,8,0.56
424350,"happiness","paper",0,0,0
424350,"arms","paper",6,81,4.86
424350,"tolerance","paper",9,17,1.53
424350,"democracy","ideal",21,27,5.67
424350,"equality","ideal",10,58,5.8
424350,"freedom","ideal",15,24,3.6
424350,"individualism","ideal",0,100,0
424350,"justice","ideal",32,8,2.56
424350,"happiness","ideal",22,0,0
424350,"arms","ideal",0,81,0
424350,"tolerance","ideal",0,17,0
946869,"democracy","paper",20,19,3.8
946869,"equality","paper",20,19,3.8
946869,"freedom","paper",20,8,1.6
946869,"individualism","paper",0,5,0
946869,"justice","paper",20,8,1.6
946869,"happiness","paper",20,8,1.6
946869,"arms","paper",0,89,0
946869,"tolerance","paper",0,90,0
946869,"democracy","ideal",25,19,4.75
946869,"equality","ideal",25,19,4.75
946869,"freedom","ideal",25,8,2
946869,"individualism","ideal",0,5,0
946869,"justice","ideal",0,8,0
946869,"happiness","ideal",25,8,2
946869,"arms","ideal",0,89,0
946869,"tolerance","ideal",0,90,0
560162,"democracy","paper",0,0,0
560162,"equality","paper",20,0,0
560162,"freedom","paper",20,0,0
560162,"individualism","paper",0,0,0
560162,"justice","paper",0,0,0
560162,"happiness","paper",20,0,0
560162,"arms","paper",20,0,0
560162,"tolerance","paper",20,0,0
560162,"democracy","ideal",0,0,0
560162,"equality","ideal",10,0,0
560162,"freedom","ideal",50,0,0
560162,"individualism","ideal",10,0,0
560162,"justice","ideal",0,0,0
560162,"happiness","ideal",10,0,0
560162,"arms","ideal",10,0,0
560162,"tolerance","ideal",10,0,0
403387,"democracy","paper",9,0,0
403387,"equality","paper",14,8,1.12
403387,"freedom","paper",6,4,0.24
403387,"individualism","paper",9,10,0.9
403387,"justice","paper",8,9,0.72
403387,"happiness","paper",12,3,0.36
403387,"arms","paper",13,3,0.39
403387,"tolerance","paper",29,34,9.86
403387,"democracy","ideal",12,0,0
403387,"equality","ideal",14,8,1.12
403387,"freedom","ideal",8,4,0.32
403387,"individualism","ideal",10,10,1
403387,"justice","ideal",11,9,0.99
403387,"happiness","ideal",12,3,0.36
403387,"arms","ideal",4,3,0.12
403387,"tolerance","ideal",29,34,9.86
485483,"democracy","paper",19,69,13.11
485483,"equality","paper",12,73,8.76
485483,"freedom","paper",14,70,9.8
485483,"individualism","paper",12,76,9.12
485483,"justice","paper",10,73,7.3
485483,"happiness","paper",11,79,8.69
485483,"arms","paper",12,74,8.88
485483,"tolerance","paper",10,62,6.2
485483,"democracy","ideal",13,69,8.97
485483,"equality","ideal",12,73,8.76
485483,"freedom","ideal",13,70,9.1
485483,"individualism","ideal",12,76,9.12
485483,"justice","ideal",13,73,9.49
485483,"happiness","ideal",13,79,10.27
485483,"arms","ideal",12,74,8.88
485483,"tolerance","ideal",12,62,7.44
233189,"democracy","paper",17,37,6.29
233189,"equality","paper",10,6,0.6
233189,"freedom","paper",20,26,5.2
233189,"individualism","paper",9,7,0.63
233189,"justice","paper",17,19,3.23
233189,"happiness","paper",7,7,0.49
233189,"arms","paper",8,7,0.56
233189,"tolerance","paper",12,7,0.84
233189,"democracy","ideal",38,37,14.06
233189,"equality","ideal",8,6,0.48
233189,"freedom","ideal",13,26,3.38
233189,"individualism","ideal",9,7,0.63
233189,"justice","ideal",13,19,2.47
233189,"happiness","ideal",5,7,0.35
233189,"arms","ideal",12,7,0.84
233189,"tolerance","ideal",2,7,0.14
816563,"democracy","paper",35,60,21
816563,"equality","paper",10,40,4
816563,"freedom","paper",15,50,7.5
816563,"individualism","paper",5,30,1.5
816563,"justice","paper",5,45,2.25
816563,"happiness","paper",5,35,1.75
816563,"arms","paper",20,55,11
816563,"tolerance","paper",5,45,2.25
816563,"democracy","ideal",10,60,6
816563,"equality","ideal",10,40,4
816563,"freedom","ideal",20,50,10
816563,"individualism","ideal",10,30,3
816563,"justice","ideal",10,45,4.5
816563,"happiness","ideal",10,35,3.5
816563,"arms","ideal",20,55,11
816563,"tolerance","ideal",10,45,4.5
303093,"democracy","paper",9,39,3.51
303093,"equality","paper",18,42,7.56
303093,"freedom","paper",17,41,6.97
303093,"individualism","paper",16,44,7.04
303093,"justice","paper",9,42,3.78
303093,"happiness","paper",10,39,3.9
303093,"arms","paper",10,43,4.3
303093,"tolerance","paper",11,41,4.51
303093,"democracy","ideal",19,39,7.41
303093,"equality","ideal",19,42,7.98
303093,"freedom","ideal",19,41,7.79
303093,"individualism","ideal",11,44,4.84
303093,"justice","ideal",9,42,3.78
303093,"happiness","ideal",5,39,1.95
303093,"arms","ideal",10,43,4.3
303093,"tolerance","ideal",8,41,3.28
506266,"democracy","paper",0,45,0
506266,"equality","paper",50,35,17.5
506266,"freedom","paper",50,20,10
506266,"individualism","paper",0,55,0
506266,"justice","paper",0,35,0
506266,"happiness","paper",0,20,0
506266,"arms","paper",0,70,0
506266,"tolerance","paper",0,50,0
506266,"democracy","ideal",0,45,0
506266,"equality","ideal",50,35,17.5
506266,"freedom","ideal",50,20,10
506266,"individualism","ideal",0,55,0
506266,"justice","ideal",0,35,0
506266,"happiness","ideal",0,20,0
506266,"arms","ideal",0,70,0
506266,"tolerance","ideal",0,50,0
755424,"democracy","paper",29,58,16.82
755424,"equality","paper",3,41,1.23
755424,"freedom","paper",50,70,35
755424,"individualism","paper",4,46,1.84
755424,"justice","paper",4,36,1.44
755424,"happiness","paper",3,24,0.72
755424,"arms","paper",4,49,1.96
755424,"tolerance","paper",3,36,1.08
755424,"democracy","ideal",15,58,8.7
755424,"equality","ideal",16,41,6.56
755424,"freedom","ideal",15,70,10.5
755424,"individualism","ideal",8,46,3.68
755424,"justice","ideal",16,36,5.76
755424,"happiness","ideal",14,24,3.36
755424,"arms","ideal",2,49,0.98
755424,"tolerance","ideal",14,36,5.04
706456,"democracy","paper",20,40,8
706456,"equality","paper",20,40,8
706456,"freedom","paper",20,60,12
706456,"individualism","paper",10,70,7
706456,"justice","paper",10,20,2
706456,"happiness","paper",10,50,5
706456,"arms","paper",0,100,0
706456,"tolerance","paper",10,20,2
706456,"democracy","ideal",10,40,4
706456,"equality","ideal",20,40,8
706456,"freedom","ideal",20,60,12
706456,"individualism","ideal",10,70,7
706456,"justice","ideal",10,20,2
706456,"happiness","ideal",25,50,12.5
706456,"arms","ideal",0,100,0
706456,"tolerance","ideal",5,20,1
160312,"democracy","paper",8,49,3.92
160312,"equality","paper",23,71,16.33
160312,"freedom","paper",29,96,27.84
160312,"individualism","paper",21,63,13.23
160312,"justice","paper",15,53,7.95
160312,"happiness","paper",2,75,1.5
160312,"arms","paper",0,72,0
160312,"tolerance","paper",2,64,1.28
160312,"democracy","ideal",10,49,4.9
160312,"equality","ideal",15,71,10.65
160312,"freedom","ideal",15,96,14.4
160312,"individualism","ideal",10,63,6.3
160312,"justice","ideal",30,53,15.9
160312,"happiness","ideal",10,75,7.5
160312,"arms","ideal",0,72,0
160312,"tolerance","ideal",10,64,6.4
961017,"democracy","paper",7,31,2.17
961017,"equality","paper",35,60,21
961017,"freedom","paper",19,33,6.27
961017,"individualism","paper",0,32,0
961017,"justice","paper",27,65,17.55
961017,"happiness","paper",12,54,6.48
961017,"arms","paper",0,71,0
961017,"tolerance","paper",0,66,0
961017,"democracy","ideal",14,31,4.34
961017,"equality","ideal",33,60,19.8
961017,"freedom","ideal",20,33,6.6
961017,"individualism","ideal",27,32,8.64
961017,"justice","ideal",3,65,1.95
961017,"happiness","ideal",3,54,1.62
961017,"arms","ideal",0,71,0
961017,"tolerance","ideal",0,66,0
223689,"democracy","paper",18,39,7.02
223689,"equality","paper",21,10,2.1
223689,"freedom","paper",16,18,2.88
223689,"individualism","paper",0,7,0
223689,"justice","paper",23,18,4.14
223689,"happiness","paper",9,4,0.36
223689,"arms","paper",0,29,0
223689,"tolerance","paper",13,8,1.04
223689,"democracy","ideal",21,39,8.19
223689,"equality","ideal",21,10,2.1
223689,"freedom","ideal",20,18,3.6
223689,"individualism","ideal",0,7,0
223689,"justice","ideal",25,18,4.5
223689,"happiness","ideal",4,4,0.16
223689,"arms","ideal",0,29,0
223689,"tolerance","ideal",9,8,0.72
623815,"democracy","paper",0,49,0
623815,"equality","paper",5,32,1.6
623815,"freedom","paper",10,31,3.1
623815,"individualism","paper",5,30,1.5
623815,"justice","paper",5,31,1.55
623815,"happiness","paper",50,63,31.5
623815,"arms","paper",20,56,11.2
623815,"tolerance","paper",5,14,0.7
623815,"democracy","ideal",9,49,4.41
623815,"equality","ideal",7,32,2.24
623815,"freedom","ideal",19,31,5.89
623815,"individualism","ideal",8,30,2.4
623815,"justice","ideal",7,31,2.17
623815,"happiness","ideal",27,63,17.01
623815,"arms","ideal",17,56,9.52
623815,"tolerance","ideal",6,14,0.84
697740,"democracy","paper",20,70,14
697740,"equality","paper",15,55,8.25
697740,"freedom","paper",15,65,9.75
697740,"individualism","paper",10,70,7
697740,"justice","paper",15,65,9.75
697740,"happiness","paper",10,65,6.5
697740,"arms","paper",5,60,3
697740,"tolerance","paper",10,60,6
697740,"democracy","ideal",20,70,14
697740,"equality","ideal",20,55,11
697740,"freedom","ideal",15,65,9.75
697740,"individualism","ideal",10,70,7
697740,"justice","ideal",15,65,9.75
697740,"happiness","ideal",10,65,6.5
697740,"arms","ideal",5,60,3
697740,"tolerance","ideal",5,60,3
476944,"democracy","paper",15,70,10.5
476944,"equality","paper",15,60,9
476944,"freedom","paper",15,70,10.5
476944,"individualism","paper",15,70,10.5
476944,"justice","paper",15,60,9
476944,"happiness","paper",10,65,6.5
476944,"arms","paper",5,81,4.05
476944,"tolerance","paper",10,60,6
476944,"democracy","ideal",15,70,10.5
476944,"equality","ideal",15,60,9
476944,"freedom","ideal",15,70,10.5
476944,"individualism","ideal",10,70,7
476944,"justice","ideal",10,60,6
476944,"happiness","ideal",10,65,6.5
476944,"arms","ideal",10,81,8.1
476944,"tolerance","ideal",15,60,9
480867,"democracy","paper",11,15,1.65
480867,"equality","paper",8,10,0.8
480867,"freedom","paper",15,4,0.6
480867,"individualism","paper",8,3,0.24
480867,"justice","paper",0,1,0
480867,"happiness","paper",23,5,1.15
480867,"arms","paper",19,78,14.82
480867,"tolerance","paper",16,4,0.64
480867,"democracy","ideal",16,15,2.4
480867,"equality","ideal",14,10,1.4
480867,"freedom","ideal",17,4,0.68
480867,"individualism","ideal",0,3,0
480867,"justice","ideal",14,1,0.14
480867,"happiness","ideal",18,5,0.9
480867,"arms","ideal",0,78,0
480867,"tolerance","ideal",21,4,0.84
692098,"democracy","paper",30,80,24
692098,"equality","paper",15,10,1.5
692098,"freedom","paper",20,85,17
692098,"individualism","paper",10,40,4
692098,"justice","paper",4,70,2.8
692098,"happiness","paper",12,85,10.2
692098,"arms","paper",7,95,6.65
692098,"tolerance","paper",2,40,0.8
692098,"democracy","ideal",30,80,24
692098,"equality","ideal",30,10,3
692098,"freedom","ideal",15,85,12.75
692098,"individualism","ideal",5,40,2
692098,"justice","ideal",6,70,4.2
692098,"happiness","ideal",7,85,5.95
692098,"arms","ideal",1,95,0.95
692098,"tolerance","ideal",6,40,2.4
594763,"democracy","paper",24,57,13.68
594763,"equality","paper",14,74,10.36
594763,"freedom","paper",40,100,40
594763,"individualism","paper",7,38,2.66
594763,"justice","paper",9,42,3.78
594763,"happiness","paper",5,36,1.8
594763,"arms","paper",0,74,0
594763,"tolerance","paper",1,38,0.38
594763,"democracy","ideal",0,57,0
594763,"equality","ideal",20,74,14.8
594763,"freedom","ideal",40,100,40
594763,"individualism","ideal",5,38,1.9
594763,"justice","ideal",20,42,8.4
594763,"happiness","ideal",10,36,3.6
594763,"arms","ideal",0,74,0
594763,"tolerance","ideal",5,38,1.9
397847,"democracy","paper",19,62,11.78
397847,"equality","paper",6,29,1.74
397847,"freedom","paper",18,50,9
397847,"individualism","paper",6,31,1.86
397847,"justice","paper",12,40,4.8
397847,"happiness","paper",17,53,9.01
397847,"arms","paper",16,32,5.12
397847,"tolerance","paper",6,8,0.48
397847,"democracy","ideal",20,62,12.4
397847,"equality","ideal",13,29,3.77
397847,"freedom","ideal",20,50,10
397847,"individualism","ideal",4,31,1.24
397847,"justice","ideal",8,40,3.2
397847,"happiness","ideal",14,53,7.42
397847,"arms","ideal",15,32,4.8
397847,"tolerance","ideal",6,8,0.48
827447,"democracy","paper",20,60,12
827447,"equality","paper",10,25,2.5
827447,"freedom","paper",20,85,17
827447,"individualism","paper",10,85,8.5
827447,"justice","paper",5,50,2.5
827447,"happiness","paper",20,91,18.2
827447,"arms","paper",10,90,9
827447,"tolerance","paper",5,50,2.5
827447,"democracy","ideal",14,60,8.4
827447,"equality","ideal",14,25,3.5
827447,"freedom","ideal",14,85,11.9
827447,"individualism","ideal",12,85,10.2
827447,"justice","ideal",12,50,6
827447,"happiness","ideal",12,91,10.92
827447,"arms","ideal",10,90,9
827447,"tolerance","ideal",12,50,6
178509,"democracy","paper",20,10,2
178509,"equality","paper",0,20,0
178509,"freedom","paper",30,50,15
178509,"individualism","paper",10,40,4
178509,"justice","paper",10,50,5
178509,"happiness","paper",20,50,10
178509,"arms","paper",10,85,8.5
178509,"tolerance","paper",0,10,0
178509,"democracy","ideal",15,10,1.5
178509,"equality","ideal",0,20,0
178509,"freedom","ideal",25,50,12.5
178509,"individualism","ideal",5,40,2
178509,"justice","ideal",25,50,12.5
178509,"happiness","ideal",15,50,7.5
178509,"arms","ideal",5,85,4.25
178509,"tolerance","ideal",10,10,1
864793,"democracy","paper",18,33,5.94
864793,"equality","paper",5,33,1.65
864793,"freedom","paper",16,46,7.36
864793,"individualism","paper",16,21,3.36
864793,"justice","paper",7,19,1.33
864793,"happiness","paper",7,24,1.68
864793,"arms","paper",21,38,7.98
864793,"tolerance","paper",10,47,4.7
864793,"democracy","ideal",6,33,1.98
864793,"equality","ideal",20,33,6.6
864793,"freedom","ideal",5,46,2.3
864793,"individualism","ideal",9,21,1.89
864793,"justice","ideal",11,19,2.09
864793,"happiness","ideal",8,24,1.92
864793,"arms","ideal",37,38,14.06
864793,"tolerance","ideal",4,47,1.88
994636,"democracy","paper",15,38,5.7
994636,"equality","paper",28,25,7
994636,"freedom","paper",14,24,3.36
994636,"individualism","paper",9,31,2.79
994636,"justice","paper",7,33,2.31
994636,"happiness","paper",8,62,4.96
994636,"arms","paper",0,26,0
994636,"tolerance","paper",19,31,5.89
994636,"democracy","ideal",5,38,1.9
994636,"equality","ideal",12,25,3
994636,"freedom","ideal",14,24,3.36
994636,"individualism","ideal",19,31,5.89
994636,"justice","ideal",15,33,4.95
994636,"happiness","ideal",22,62,13.64
994636,"arms","ideal",0,26,0
994636,"tolerance","ideal",13,31,4.03
225067,"democracy","paper",14,68,9.52
225067,"equality","paper",7,62,4.34
225067,"freedom","paper",14,73,10.22
225067,"individualism","paper",7,76,5.32
225067,"justice","paper",16,73,11.68
225067,"happiness","paper",17,70,11.9
225067,"arms","paper",9,70,6.3
225067,"tolerance","paper",16,73,11.68
225067,"democracy","ideal",10,68,6.8
225067,"equality","ideal",9,62,5.58
225067,"freedom","ideal",12,73,8.76
225067,"individualism","ideal",16,76,12.16
225067,"justice","ideal",18,73,13.14
225067,"happiness","ideal",16,70,11.2
225067,"arms","ideal",14,70,9.8
225067,"tolerance","ideal",5,73,3.65
391627,"democracy","paper",13,59,7.67
391627,"equality","paper",7,50,3.5
391627,"freedom","paper",10,78,7.8
391627,"individualism","paper",9,72,6.48
391627,"justice","paper",10,44,4.4
391627,"happiness","paper",9,59,5.31
391627,"arms","paper",30,71,21.3
391627,"tolerance","paper",12,35,4.2
391627,"democracy","ideal",20,59,11.8
391627,"equality","ideal",20,50,10
391627,"freedom","ideal",10,78,7.8
391627,"individualism","ideal",10,72,7.2
391627,"justice","ideal",20,44,8.8
391627,"happiness","ideal",10,59,5.9
391627,"arms","ideal",0,71,0
391627,"tolerance","ideal",10,35,3.5
689512,"democracy","paper",15,90,13.5
689512,"equality","paper",15,70,10.5
689512,"freedom","paper",15,80,12
689512,"individualism","paper",10,80,8
689512,"justice","paper",10,60,6
689512,"happiness","paper",15,75,11.25
689512,"arms","paper",10,80,8
689512,"tolerance","paper",10,75,7.5
689512,"democracy","ideal",15,90,13.5
689512,"equality","ideal",15,70,10.5
689512,"freedom","ideal",20,80,16
689512,"individualism","ideal",10,80,8
689512,"justice","ideal",10,60,6
689512,"happiness","ideal",10,75,7.5
689512,"arms","ideal",10,80,8
689512,"tolerance","ideal",10,75,7.5
627581,"democracy","paper",0,2,0
627581,"equality","paper",26,84,21.84
627581,"freedom","paper",13,87,11.31
627581,"individualism","paper",21,72,15.12
627581,"justice","paper",20,78,15.6
627581,"happiness","paper",18,75,13.5
627581,"arms","paper",0,84,0
627581,"tolerance","paper",2,37,0.74
627581,"democracy","ideal",0,2,0
627581,"equality","ideal",25,84,21
627581,"freedom","ideal",36,87,31.32
627581,"individualism","ideal",0,72,0
627581,"justice","ideal",0,78,0
627581,"happiness","ideal",0,75,0
627581,"arms","ideal",39,84,32.76
627581,"tolerance","ideal",0,37,0
679697,"democracy","paper",27,23,6.21
679697,"equality","paper",18,4,0.72
679697,"freedom","paper",31,19,5.89
679697,"individualism","paper",2,9,0.18
679697,"justice","paper",10,8,0.8
679697,"happiness","paper",2,5,0.1
679697,"arms","paper",7,91,6.37
679697,"tolerance","paper",3,3,0.09
679697,"democracy","ideal",14,23,3.22
679697,"equality","ideal",20,4,0.8
679697,"freedom","ideal",26,19,4.94
679697,"individualism","ideal",1,9,0.09
679697,"justice","ideal",14,8,1.12
679697,"happiness","ideal",9,5,0.45
679697,"arms","ideal",0,91,0
679697,"tolerance","ideal",16,3,0.48
738646,"democracy","paper",50,70,35
738646,"equality","paper",0,50,0
738646,"freedom","paper",30,80,24
738646,"individualism","paper",0,70,0
738646,"justice","paper",0,50,0
738646,"happiness","paper",20,70,14
738646,"arms","paper",0,60,0
738646,"tolerance","paper",0,80,0
738646,"democracy","ideal",40,70,28
738646,"equality","ideal",0,50,0
738646,"freedom","ideal",40,80,32
738646,"individualism","ideal",0,70,0
738646,"justice","ideal",0,50,0
738646,"happiness","ideal",20,70,14
738646,"arms","ideal",0,60,0
738646,"tolerance","ideal",0,80,0
266985,"democracy","paper",20,70,14
266985,"equality","paper",15,60,9
266985,"freedom","paper",20,75,15
266985,"individualism","paper",6,75,4.5
266985,"justice","paper",17,60,10.2
266985,"happiness","paper",4,65,2.6
266985,"arms","paper",15,40,6
266985,"tolerance","paper",3,40,1.2
266985,"democracy","ideal",15,70,10.5
266985,"equality","ideal",5,60,3
266985,"freedom","ideal",20,75,15
266985,"individualism","ideal",7,75,5.25
266985,"justice","ideal",20,60,12
266985,"happiness","ideal",20,65,13
266985,"arms","ideal",10,40,4
266985,"tolerance","ideal",3,40,1.2
630439,"democracy","paper",14,25,3.5
630439,"equality","paper",21,14,2.94
630439,"freedom","paper",19,15,2.85
630439,"individualism","paper",3,27,0.81
630439,"justice","paper",20,NA,NA
630439,"happiness","paper",4,1,0.04
630439,"arms","paper",0,51,0
630439,"tolerance","paper",19,14,2.66
630439,"democracy","ideal",20,25,5
630439,"equality","ideal",27,14,3.78
630439,"freedom","ideal",29,15,4.35
630439,"individualism","ideal",7,27,1.89
630439,"justice","ideal",8,NA,NA
630439,"happiness","ideal",0,1,0
630439,"arms","ideal",0,51,0
630439,"tolerance","ideal",9,14,1.26
759298,"democracy","paper",35,50,17.5
759298,"equality","paper",10,15,1.5
759298,"freedom","paper",36,50,18
759298,"individualism","paper",5,25,1.25
759298,"justice","paper",5,0,0
759298,"happiness","paper",5,0,0
759298,"arms","paper",4,75,3
759298,"tolerance","paper",0,0,0
759298,"democracy","ideal",25,50,12.5
759298,"equality","ideal",25,15,3.75
759298,"freedom","ideal",25,50,12.5
759298,"individualism","ideal",0,25,0
759298,"justice","ideal",0,0,0
759298,"happiness","ideal",0,0,0
759298,"arms","ideal",0,75,0
759298,"tolerance","ideal",25,0,0
522537,"democracy","paper",2,46,0.92
522537,"equality","paper",28,22,6.16
522537,"freedom","paper",5,35,1.75
522537,"individualism","paper",10,46,4.6
522537,"justice","paper",24,31,7.44
522537,"happiness","paper",22,54,11.88
522537,"arms","paper",6,80,4.8
522537,"tolerance","paper",3,25,0.75
522537,"democracy","ideal",13,46,5.98
522537,"equality","ideal",15,22,3.3
522537,"freedom","ideal",15,35,5.25
522537,"individualism","ideal",11,46,5.06
522537,"justice","ideal",26,31,8.06
522537,"happiness","ideal",9,54,4.86
522537,"arms","ideal",0,80,0
522537,"tolerance","ideal",11,25,2.75
886393,"democracy","paper",24,76,18.24
886393,"equality","paper",13,22,2.86
886393,"freedom","paper",18,69,12.42
886393,"individualism","paper",24,100,24
886393,"justice","paper",6,33,1.98
886393,"happiness","paper",6,33,1.98
886393,"arms","paper",2,8,0.16
886393,"tolerance","paper",7,39,2.73
886393,"democracy","ideal",12,76,9.12
886393,"equality","ideal",12,22,2.64
886393,"freedom","ideal",12,69,8.28
886393,"individualism","ideal",9,100,9
886393,"justice","ideal",26,33,8.58
886393,"happiness","ideal",15,33,4.95
886393,"arms","ideal",0,8,0
886393,"tolerance","ideal",14,39,5.46
876409,"democracy","paper",19,30,5.7
876409,"equality","paper",24,41,9.84
876409,"freedom","paper",13,32,4.16
876409,"individualism","paper",5,54,2.7
876409,"justice","paper",19,27,5.13
876409,"happiness","paper",12,12,1.44
876409,"arms","paper",0,71,0
876409,"tolerance","paper",8,16,1.28
876409,"democracy","ideal",23,30,6.9
876409,"equality","ideal",27,41,11.07
876409,"freedom","ideal",21,32,6.72
876409,"individualism","ideal",0,54,0
876409,"justice","ideal",29,27,7.83
876409,"happiness","ideal",0,12,0
876409,"arms","ideal",0,71,0
876409,"tolerance","ideal",0,16,0
648722,"democracy","paper",32,50,16
648722,"equality","paper",9,80,7.2
648722,"freedom","paper",14,82,11.48
648722,"individualism","paper",6,95,5.7
648722,"justice","paper",10,27,2.7
648722,"happiness","paper",8,86,6.88
648722,"arms","paper",16,38,6.08
648722,"tolerance","paper",5,86,4.3
648722,"democracy","ideal",21,50,10.5
648722,"equality","ideal",0,80,0
648722,"freedom","ideal",22,82,18.04
648722,"individualism","ideal",6,95,5.7
648722,"justice","ideal",28,27,7.56
648722,"happiness","ideal",6,86,5.16
648722,"arms","ideal",16,38,6.08
648722,"tolerance","ideal",1,86,0.86
993772,"democracy","paper",12,42,5.04
993772,"equality","paper",23,20,4.6
993772,"freedom","paper",25,58,14.5
993772,"individualism","paper",16,57,9.12
993772,"justice","paper",14,33,4.62
993772,"happiness","paper",2,16,0.32
993772,"arms","paper",0,0,0
993772,"tolerance","paper",8,18,1.44
993772,"democracy","ideal",24,42,10.08
993772,"equality","ideal",26,20,5.2
993772,"freedom","ideal",23,58,13.34
993772,"individualism","ideal",9,57,5.13
993772,"justice","ideal",9,33,2.97
993772,"happiness","ideal",9,16,1.44
993772,"arms","ideal",0,0,0
993772,"tolerance","ideal",0,18,0
195208,"democracy","paper",15,19,2.85
195208,"equality","paper",20,52,10.4
195208,"freedom","paper",20,48,9.6
195208,"individualism","paper",10,48,4.8
195208,"justice","paper",10,41,4.1
195208,"happiness","paper",10,41,4.1
195208,"arms","paper",5,75,3.75
195208,"tolerance","paper",10,49,4.9
195208,"democracy","ideal",20,19,3.8
195208,"equality","ideal",20,52,10.4
195208,"freedom","ideal",20,48,9.6
195208,"individualism","ideal",10,48,4.8
195208,"justice","ideal",5,41,2.05
195208,"happiness","ideal",5,41,2.05
195208,"arms","ideal",0,75,0
195208,"tolerance","ideal",20,49,9.8
697823,"democracy","paper",7,7,0.49
697823,"equality","paper",6,10,0.6
697823,"freedom","paper",25,22,5.5
697823,"individualism","paper",23,30,6.9
697823,"justice","paper",9,19,1.71
697823,"happiness","paper",7,8,0.56
697823,"arms","paper",17,25,4.25
697823,"tolerance","paper",6,21,1.26
697823,"democracy","ideal",14,7,0.98
697823,"equality","ideal",14,10,1.4
697823,"freedom","ideal",17,22,3.74
697823,"individualism","ideal",15,30,4.5
697823,"justice","ideal",18,19,3.42
697823,"happiness","ideal",12,8,0.96
697823,"arms","ideal",1,25,0.25
697823,"tolerance","ideal",9,21,1.89
397370,"democracy","paper",25,59,14.75
397370,"equality","paper",3,54,1.62
397370,"freedom","paper",30,71,21.3
397370,"individualism","paper",7,81,5.67
397370,"justice","paper",15,53,7.95
397370,"happiness","paper",10,56,5.6
397370,"arms","paper",5,70,3.5
397370,"tolerance","paper",5,54,2.7
397370,"democracy","ideal",22,59,12.98
397370,"equality","ideal",20,54,10.8
397370,"freedom","ideal",29,71,20.59
397370,"individualism","ideal",0,81,0
397370,"justice","ideal",14,53,7.42
397370,"happiness","ideal",10,56,5.6
397370,"arms","ideal",0,70,0
397370,"tolerance","ideal",5,54,2.7
435438,"democracy","paper",10,69,6.9
435438,"equality","paper",20,40,8
435438,"freedom","paper",30,62,18.6
435438,"individualism","paper",10,80,8
435438,"justice","paper",10,39,3.9
435438,"happiness","paper",10,46,4.6
435438,"arms","paper",10,62,6.2
435438,"tolerance","paper",0,31,0
435438,"democracy","ideal",5,69,3.45
435438,"equality","ideal",10,40,4
435438,"freedom","ideal",20,62,12.4
435438,"individualism","ideal",5,80,4
435438,"justice","ideal",20,39,7.8
435438,"happiness","ideal",20,46,9.2
435438,"arms","ideal",10,62,6.2
435438,"tolerance","ideal",10,31,3.1
615731,"democracy","paper",11,44,4.84
615731,"equality","paper",22,60,13.2
615731,"freedom","paper",12,59,7.08
615731,"individualism","paper",1,16,0.16
615731,"justice","paper",26,50,13
615731,"happiness","paper",12,62,7.44
615731,"arms","paper",7,35,2.45
615731,"tolerance","paper",9,59,5.31
615731,"democracy","ideal",14,44,6.16
615731,"equality","ideal",14,60,8.4
615731,"freedom","ideal",7,59,4.13
615731,"individualism","ideal",3,16,0.48
615731,"justice","ideal",14,50,7
615731,"happiness","ideal",20,62,12.4
615731,"arms","ideal",14,35,4.9
615731,"tolerance","ideal",14,59,8.26
697755,"democracy","paper",15,50,7.5
697755,"equality","paper",5,50,2.5
697755,"freedom","paper",25,50,12.5
697755,"individualism","paper",5,35,1.75
697755,"justice","paper",10,50,5
697755,"happiness","paper",25,35,8.75
697755,"arms","paper",10,65,6.5
697755,"tolerance","paper",5,35,1.75
697755,"democracy","ideal",15,50,7.5
697755,"equality","ideal",15,50,7.5
697755,"freedom","ideal",15,50,7.5
697755,"individualism","ideal",10,35,3.5
697755,"justice","ideal",15,50,7.5
697755,"happiness","ideal",15,35,5.25
697755,"arms","ideal",0,65,0
697755,"tolerance","ideal",15,35,5.25
503299,"democracy","paper",29,71,20.59
503299,"equality","paper",11,80,8.8
503299,"freedom","paper",12,74,8.88
503299,"individualism","paper",11,65,7.15
503299,"justice","paper",15,70,10.5
503299,"happiness","paper",11,65,7.15
503299,"arms","paper",11,64,7.04
503299,"tolerance","paper",0,66,0
503299,"democracy","ideal",19,71,13.49
503299,"equality","ideal",12,80,9.6
503299,"freedom","ideal",13,74,9.62
503299,"individualism","ideal",13,65,8.45
503299,"justice","ideal",13,70,9.1
503299,"happiness","ideal",14,65,9.1
503299,"arms","ideal",16,64,10.24
503299,"tolerance","ideal",0,66,0
371309,"democracy","paper",20,75,15
371309,"equality","paper",10,20,2
371309,"freedom","paper",40,90,36
371309,"individualism","paper",5,100,5
371309,"justice","paper",5,20,1
371309,"happiness","paper",0,90,0
371309,"arms","paper",20,100,20
371309,"tolerance","paper",0,20,0
371309,"democracy","ideal",20,75,15
371309,"equality","ideal",30,20,6
371309,"freedom","ideal",20,90,18
371309,"individualism","ideal",0,100,0
371309,"justice","ideal",10,20,2
371309,"happiness","ideal",10,90,9
371309,"arms","ideal",0,100,0
371309,"tolerance","ideal",10,20,2
963281,"democracy","paper",0,49,0
963281,"equality","paper",23,54,12.42
963281,"freedom","paper",13,39,5.07
963281,"individualism","paper",20,17,3.4
963281,"justice","paper",23,36,8.28
963281,"happiness","paper",21,39,8.19
963281,"arms","paper",0,52,0
963281,"tolerance","paper",0,44,0
963281,"democracy","ideal",1,49,0.49
963281,"equality","ideal",3,54,1.62
963281,"freedom","ideal",29,39,11.31
963281,"individualism","ideal",32,17,5.44
963281,"justice","ideal",17,36,6.12
963281,"happiness","ideal",0,39,0
963281,"arms","ideal",18,52,9.36
963281,"tolerance","ideal",0,44,0
474366,"democracy","paper",10,76,7.6
474366,"equality","paper",20,83,16.6
474366,"freedom","paper",10,84,8.4
474366,"individualism","paper",10,89,8.9
474366,"justice","paper",20,100,20
474366,"happiness","paper",10,86,8.6
474366,"arms","paper",10,86,8.6
474366,"tolerance","paper",10,81,8.1
474366,"democracy","ideal",18,76,13.68
474366,"equality","ideal",18,83,14.94
474366,"freedom","ideal",17,84,14.28
474366,"individualism","ideal",14,89,12.46
474366,"justice","ideal",15,100,15
474366,"happiness","ideal",8,86,6.88
474366,"arms","ideal",7,86,6.02
474366,"tolerance","ideal",3,81,2.43
461486,"democracy","paper",25,58,14.5
461486,"equality","paper",3,3,0.09
461486,"freedom","paper",26,30,7.8
461486,"individualism","paper",8,21,1.68
461486,"justice","paper",7,27,1.89
461486,"happiness","paper",8,17,1.36
461486,"arms","paper",23,99,22.77
461486,"tolerance","paper",0,10,0
461486,"democracy","ideal",20,58,11.6
461486,"equality","ideal",19,3,0.57
461486,"freedom","ideal",20,30,6
461486,"individualism","ideal",8,21,1.68
461486,"justice","ideal",16,27,4.32
461486,"happiness","ideal",12,17,2.04
461486,"arms","ideal",0,99,0
461486,"tolerance","ideal",5,10,0.5
436629,"democracy","paper",10,5,0.5
436629,"equality","paper",20,10,2
436629,"freedom","paper",50,5,2.5
436629,"individualism","paper",3,70,2.1
436629,"justice","paper",10,8,0.8
436629,"happiness","paper",5,5,0.25
436629,"arms","paper",1,49,0.49
436629,"tolerance","paper",1,15,0.15
436629,"democracy","ideal",10,5,0.5
436629,"equality","ideal",20,10,2
436629,"freedom","ideal",50,5,2.5
436629,"individualism","ideal",5,70,3.5
436629,"justice","ideal",10,8,0.8
436629,"happiness","ideal",3,5,0.15
436629,"arms","ideal",1,49,0.49
436629,"tolerance","ideal",1,15,0.15
171594,"democracy","paper",10,38,3.8
171594,"equality","paper",40,39,15.6
171594,"freedom","paper",50,100,50
171594,"individualism","paper",0,35,0
171594,"justice","paper",0,95,0
171594,"happiness","paper",0,52,0
171594,"arms","paper",0,29,0
171594,"tolerance","paper",0,41,0
171594,"democracy","ideal",0,38,0
171594,"equality","ideal",0,39,0
171594,"freedom","ideal",50,100,50
171594,"individualism","ideal",0,35,0
171594,"justice","ideal",50,95,47.5
171594,"happiness","ideal",0,52,0
171594,"arms","ideal",0,29,0
171594,"tolerance","ideal",0,41,0
776555,"democracy","paper",30,20,6
776555,"equality","paper",3,30,0.9
776555,"freedom","paper",34,35,11.9
776555,"individualism","paper",6,80,4.8
776555,"justice","paper",2,50,1
776555,"happiness","paper",5,20,1
776555,"arms","paper",20,90,18
776555,"tolerance","paper",0,30,0
776555,"democracy","ideal",25,20,5
776555,"equality","ideal",20,30,6
776555,"freedom","ideal",20,35,7
776555,"individualism","ideal",0,80,0
776555,"justice","ideal",5,50,2.5
776555,"happiness","ideal",15,20,3
776555,"arms","ideal",0,90,0
776555,"tolerance","ideal",15,30,4.5
574685,"democracy","paper",50,40,20
574685,"equality","paper",50,50,25
574685,"freedom","paper",0,49,0
574685,"individualism","paper",0,60,0
574685,"justice","paper",0,50,0
574685,"happiness","paper",0,50,0
574685,"arms","paper",0,51,0
574685,"tolerance","paper",0,50,0
574685,"democracy","ideal",0,40,0
574685,"equality","ideal",50,50,25
574685,"freedom","ideal",0,49,0
574685,"individualism","ideal",0,60,0
574685,"justice","ideal",0,50,0
574685,"happiness","ideal",0,50,0
574685,"arms","ideal",0,51,0
574685,"tolerance","ideal",50,50,25
576048,"democracy","paper",20,70,14
576048,"equality","paper",15,60,9
576048,"freedom","paper",20,55,11
576048,"individualism","paper",10,60,6
576048,"justice","paper",17,50,8.5
576048,"happiness","paper",8,55,4.4
576048,"arms","paper",5,65,3.25
576048,"tolerance","paper",5,60,3
576048,"democracy","ideal",20,70,14
576048,"equality","ideal",10,60,6
576048,"freedom","ideal",15,55,8.25
576048,"individualism","ideal",15,60,9
576048,"justice","ideal",20,50,10
576048,"happiness","ideal",10,55,5.5
576048,"arms","ideal",3,65,1.95
576048,"tolerance","ideal",7,60,4.2
786317,"democracy","paper",15,73,10.95
786317,"equality","paper",5,76,3.8
786317,"freedom","paper",30,92,27.6
786317,"individualism","paper",10,78,7.8
786317,"justice","paper",5,74,3.7
786317,"happiness","paper",5,64,3.2
786317,"arms","paper",25,90,22.5
786317,"tolerance","paper",5,91,4.55
786317,"democracy","ideal",2,73,1.46
786317,"equality","ideal",11,76,8.36
786317,"freedom","ideal",11,92,10.12
786317,"individualism","ideal",16,78,12.48
786317,"justice","ideal",17,74,12.58
786317,"happiness","ideal",15,64,9.6
786317,"arms","ideal",11,90,9.9
786317,"tolerance","ideal",17,91,15.47
183274,"democracy","paper",15,60,9
183274,"equality","paper",10,61,6.1
183274,"freedom","paper",15,51,7.65
183274,"individualism","paper",10,42,4.2
183274,"justice","paper",15,62,9.3
183274,"happiness","paper",10,44,4.4
183274,"arms","paper",15,50,7.5
183274,"tolerance","paper",10,50,5
183274,"democracy","ideal",16,60,9.6
183274,"equality","ideal",15,61,9.15
183274,"freedom","ideal",15,51,7.65
183274,"individualism","ideal",10,42,4.2
183274,"justice","ideal",12,62,7.44
183274,"happiness","ideal",12,44,5.28
183274,"arms","ideal",5,50,2.5
183274,"tolerance","ideal",15,50,7.5
738449,"democracy","paper",19,30,5.7
738449,"equality","paper",24,21,5.04
738449,"freedom","paper",24,49,11.76
738449,"individualism","paper",2,30,0.6
738449,"justice","paper",16,20,3.2
738449,"happiness","paper",5,10,0.5
738449,"arms","paper",0,100,0
738449,"tolerance","paper",10,10,1
738449,"democracy","ideal",12,30,3.6
738449,"equality","ideal",12,21,2.52
738449,"freedom","ideal",16,49,7.84
738449,"individualism","ideal",10,30,3
738449,"justice","ideal",25,20,5
738449,"happiness","ideal",15,10,1.5
738449,"arms","ideal",0,100,0
738449,"tolerance","ideal",10,10,1
359947,"democracy","paper",25,10,2.5
359947,"equality","paper",10,5,0.5
359947,"freedom","paper",10,1,0.1
359947,"individualism","paper",10,1,0.1
359947,"justice","paper",5,1,0.05
359947,"happiness","paper",25,1,0.25
359947,"arms","paper",5,100,5
359947,"tolerance","paper",10,1,0.1
359947,"democracy","ideal",40,10,4
359947,"equality","ideal",40,5,2
359947,"freedom","ideal",20,1,0.2
359947,"individualism","ideal",0,1,0
359947,"justice","ideal",0,1,0
359947,"happiness","ideal",0,1,0
359947,"arms","ideal",0,100,0
359947,"tolerance","ideal",0,1,0
148169,"democracy","paper",38,26,9.88
148169,"equality","paper",18,12,2.16
148169,"freedom","paper",21,0,0
148169,"individualism","paper",16,14,2.24
148169,"justice","paper",7,8,0.56
148169,"happiness","paper",0,0,0
148169,"arms","paper",0,0,0
148169,"tolerance","paper",0,0,0
148169,"democracy","ideal",0,26,0
148169,"equality","ideal",58,12,6.96
148169,"freedom","ideal",42,0,0
148169,"individualism","ideal",0,14,0
148169,"justice","ideal",0,8,0
148169,"happiness","ideal",0,0,0
148169,"arms","ideal",0,0,0
148169,"tolerance","ideal",0,0,0
758907,"democracy","paper",33,75,24.75
758907,"equality","paper",8,35,2.8
758907,"freedom","paper",20,28,5.6
758907,"individualism","paper",3,22,0.66
758907,"justice","paper",14,42,5.88
758907,"happiness","paper",5,4,0.2
758907,"arms","paper",13,79,10.27
758907,"tolerance","paper",4,50,2
758907,"democracy","ideal",21,75,15.75
758907,"equality","ideal",15,35,5.25
758907,"freedom","ideal",15,28,4.2
758907,"individualism","ideal",10,22,2.2
758907,"justice","ideal",15,42,6.3
758907,"happiness","ideal",9,4,0.36
758907,"arms","ideal",5,79,3.95
758907,"tolerance","ideal",10,50,5
812045,"democracy","paper",13,80,10.4
812045,"equality","paper",12,0,0
812045,"freedom","paper",14,85,11.9
812045,"individualism","paper",13,90,11.7
812045,"justice","paper",12,75,9
812045,"happiness","paper",12,70,8.4
812045,"arms","paper",12,70,8.4
812045,"tolerance","paper",12,75,9
812045,"democracy","ideal",13,80,10.4
812045,"equality","ideal",13,0,0
812045,"freedom","ideal",13,85,11.05
812045,"individualism","ideal",13,90,11.7
812045,"justice","ideal",13,75,9.75
812045,"happiness","ideal",13,70,9.1
812045,"arms","ideal",10,70,7
812045,"tolerance","ideal",12,75,9
708891,"democracy","paper",15,74,11.1
708891,"equality","paper",15,75,11.25
708891,"freedom","paper",15,73,10.95
708891,"individualism","paper",15,76,11.4
708891,"justice","paper",10,54,5.4
708891,"happiness","paper",10,76,7.6
708891,"arms","paper",10,71,7.1
708891,"tolerance","paper",10,72,7.2
708891,"democracy","ideal",12,74,8.88
708891,"equality","ideal",12,75,9
708891,"freedom","ideal",12,73,8.76
708891,"individualism","ideal",13,76,9.88
708891,"justice","ideal",13,54,7.02
708891,"happiness","ideal",13,76,9.88
708891,"arms","ideal",13,71,9.23
708891,"tolerance","ideal",12,72,8.64
164843,"democracy","paper",46,48,22.08
164843,"equality","paper",49,51,24.99
164843,"freedom","paper",5,50,2.5
164843,"individualism","paper",0,52,0
164843,"justice","paper",0,53,0
164843,"happiness","paper",0,54,0
164843,"arms","paper",0,58,0
164843,"tolerance","paper",0,58,0
164843,"democracy","ideal",50,48,24
164843,"equality","ideal",50,51,25.5
164843,"freedom","ideal",0,50,0
164843,"individualism","ideal",0,52,0
164843,"justice","ideal",0,53,0
164843,"happiness","ideal",0,54,0
164843,"arms","ideal",0,58,0
164843,"tolerance","ideal",0,58,0
728695,"democracy","paper",40,75,30
728695,"equality","paper",4,65,2.6
728695,"freedom","paper",17,90,15.3
728695,"individualism","paper",0,84,0
728695,"justice","paper",20,59,11.8
728695,"happiness","paper",0,90,0
728695,"arms","paper",19,80,15.2
728695,"tolerance","paper",0,55,0
728695,"democracy","ideal",13,75,9.75
728695,"equality","ideal",15,65,9.75
728695,"freedom","ideal",18,90,16.2
728695,"individualism","ideal",11,84,9.24
728695,"justice","ideal",13,59,7.67
728695,"happiness","ideal",0,90,0
728695,"arms","ideal",0,80,0
728695,"tolerance","ideal",30,55,16.5
947777,"democracy","paper",23,50,11.5
947777,"equality","paper",15,0,0
947777,"freedom","paper",15,50,7.5
947777,"individualism","paper",15,50,7.5
947777,"justice","paper",15,50,7.5
947777,"happiness","paper",15,0,0
947777,"arms","paper",1,100,1
947777,"tolerance","paper",1,50,0.5
947777,"democracy","ideal",20,50,10
947777,"equality","ideal",20,0,0
947777,"freedom","ideal",20,50,10
947777,"individualism","ideal",20,50,10
947777,"justice","ideal",0,50,0
947777,"happiness","ideal",20,0,0
947777,"arms","ideal",0,100,0
947777,"tolerance","ideal",0,50,0
813601,"democracy","paper",30,61,18.3
813601,"equality","paper",5,19,0.95
813601,"freedom","paper",10,5,0.5
813601,"individualism","paper",38,65,24.7
813601,"justice","paper",0,3,0
813601,"happiness","paper",0,1,0
813601,"arms","paper",11,2,0.22
813601,"tolerance","paper",6,15,0.9
813601,"democracy","ideal",31,61,18.91
813601,"equality","ideal",11,19,2.09
813601,"freedom","ideal",12,5,0.6
813601,"individualism","ideal",10,65,6.5
813601,"justice","ideal",16,3,0.48
813601,"happiness","ideal",18,1,0.18
813601,"arms","ideal",0,2,0
813601,"tolerance","ideal",2,15,0.3
235350,"democracy","paper",10,85,8.5
235350,"equality","paper",7,32,2.24
235350,"freedom","paper",20,94,18.8
235350,"individualism","paper",38,94,35.72
235350,"justice","paper",8,57,4.56
235350,"happiness","paper",12,82,9.84
235350,"arms","paper",4,67,2.68
235350,"tolerance","paper",1,59,0.59
235350,"democracy","ideal",13,85,11.05
235350,"equality","ideal",4,32,1.28
235350,"freedom","ideal",20,94,18.8
235350,"individualism","ideal",27,94,25.38
235350,"justice","ideal",19,57,10.83
235350,"happiness","ideal",12,82,9.84
235350,"arms","ideal",4,67,2.68
235350,"tolerance","ideal",1,59,0.59
922355,"democracy","paper",10,20,2
922355,"equality","paper",20,34,6.8
922355,"freedom","paper",30,84,25.2
922355,"individualism","paper",10,29,2.9
922355,"justice","paper",0,45,0
922355,"happiness","paper",10,27,2.7
922355,"arms","paper",0,68,0
922355,"tolerance","paper",20,86,17.2
922355,"democracy","ideal",0,20,0
922355,"equality","ideal",30,34,10.2
922355,"freedom","ideal",40,84,33.6
922355,"individualism","ideal",0,29,0
922355,"justice","ideal",0,45,0
922355,"happiness","ideal",30,27,8.1
922355,"arms","ideal",0,68,0
922355,"tolerance","ideal",0,86,0
327151,"democracy","paper",50,100,50
327151,"equality","paper",0,51,0
327151,"freedom","paper",24,62,14.88
327151,"individualism","paper",0,84,0
327151,"justice","paper",0,54,0
327151,"happiness","paper",14,54,7.56
327151,"arms","paper",12,85,10.2
327151,"tolerance","paper",0,53,0
327151,"democracy","ideal",48,100,48
327151,"equality","ideal",25,51,12.75
327151,"freedom","ideal",2,62,1.24
327151,"individualism","ideal",0,84,0
327151,"justice","ideal",14,54,7.56
327151,"happiness","ideal",11,54,5.94
327151,"arms","ideal",0,85,0
327151,"tolerance","ideal",0,53,0
560371,"democracy","paper",10,52,5.2
560371,"equality","paper",10,51,5.1
560371,"freedom","paper",20,51,10.2
560371,"individualism","paper",10,38,3.8
560371,"justice","paper",10,41,4.1
560371,"happiness","paper",10,42,4.2
560371,"arms","paper",20,57,11.4
560371,"tolerance","paper",10,53,5.3
560371,"democracy","ideal",0,52,0
560371,"equality","ideal",0,51,0
560371,"freedom","ideal",30,51,15.3
560371,"individualism","ideal",0,38,0
560371,"justice","ideal",20,41,8.2
560371,"happiness","ideal",20,42,8.4
560371,"arms","ideal",30,57,17.1
560371,"tolerance","ideal",0,53,0
138693,"democracy","paper",10,0,0
138693,"equality","paper",1,0,0
138693,"freedom","paper",50,0,0
138693,"individualism","paper",7,0,0
138693,"justice","paper",1,0,0
138693,"happiness","paper",15,0,0
138693,"arms","paper",15,25,3.75
138693,"tolerance","paper",1,0,0
138693,"democracy","ideal",10,0,0
138693,"equality","ideal",15,0,0
138693,"freedom","ideal",15,0,0
138693,"individualism","ideal",15,0,0
138693,"justice","ideal",15,0,0
138693,"happiness","ideal",15,0,0
138693,"arms","ideal",10,25,2.5
138693,"tolerance","ideal",5,0,0
246258,"democracy","paper",15,45,6.75
246258,"equality","paper",15,45,6.75
246258,"freedom","paper",15,45,6.75
246258,"individualism","paper",15,35,5.25
246258,"justice","paper",15,45,6.75
246258,"happiness","paper",15,45,6.75
246258,"arms","paper",5,0,0
246258,"tolerance","paper",5,0,0
246258,"democracy","ideal",16,45,7.2
246258,"equality","ideal",16,45,7.2
246258,"freedom","ideal",16,45,7.2
246258,"individualism","ideal",16,35,5.6
246258,"justice","ideal",16,45,7.2
246258,"happiness","ideal",16,45,7.2
246258,"arms","ideal",0,0,0
246258,"tolerance","ideal",4,0,0
351166,"democracy","paper",24,90,21.6
351166,"equality","paper",4,33,1.32
351166,"freedom","paper",24,76,18.24
351166,"individualism","paper",12,40,4.8
351166,"justice","paper",24,75,18
351166,"happiness","paper",6,50,3
351166,"arms","paper",6,90,5.4
351166,"tolerance","paper",0,25,0
351166,"democracy","ideal",21,90,18.9
351166,"equality","ideal",4,33,1.32
351166,"freedom","ideal",21,76,15.96
351166,"individualism","ideal",15,40,6
351166,"justice","ideal",21,75,15.75
351166,"happiness","ideal",7,50,3.5
351166,"arms","ideal",5,90,4.5
351166,"tolerance","ideal",6,25,1.5
419809,"democracy","paper",21,50,10.5
419809,"equality","paper",13,34,4.42
419809,"freedom","paper",14,83,11.62
419809,"individualism","paper",8,71,5.68
419809,"justice","paper",19,62,11.78
419809,"happiness","paper",3,75,2.25
419809,"arms","paper",14,54,7.56
419809,"tolerance","paper",8,55,4.4
419809,"democracy","ideal",15,50,7.5
419809,"equality","ideal",21,34,7.14
419809,"freedom","ideal",16,83,13.28
419809,"individualism","ideal",14,71,9.94
419809,"justice","ideal",20,62,12.4
419809,"happiness","ideal",10,75,7.5
419809,"arms","ideal",0,54,0
419809,"tolerance","ideal",4,55,2.2
799085,"democracy","paper",30,30,9
799085,"equality","paper",31,10,3.1
799085,"freedom","paper",10,32,3.2
799085,"individualism","paper",4,25,1
799085,"justice","paper",5,27,1.35
799085,"happiness","paper",6,12,0.72
799085,"arms","paper",7,54,3.78
799085,"tolerance","paper",7,55,3.85
799085,"democracy","ideal",51,30,15.3
799085,"equality","ideal",9,10,0.9
799085,"freedom","ideal",11,32,3.52
799085,"individualism","ideal",11,25,2.75
799085,"justice","ideal",8,27,2.16
799085,"happiness","ideal",4,12,0.48
799085,"arms","ideal",4,54,2.16
799085,"tolerance","ideal",2,55,1.1
451483,"democracy","paper",24,70,16.8
451483,"equality","paper",23,39,8.97
451483,"freedom","paper",22,39,8.58
451483,"individualism","paper",17,62,10.54
451483,"justice","paper",3,75,2.25
451483,"happiness","paper",8,55,4.4
451483,"arms","paper",0,65,0
451483,"tolerance","paper",3,24,0.72
451483,"democracy","ideal",31,70,21.7
451483,"equality","ideal",30,39,11.7
451483,"freedom","ideal",29,39,11.31
451483,"individualism","ideal",10,62,6.2
451483,"justice","ideal",0,75,0
451483,"happiness","ideal",0,55,0
451483,"arms","ideal",0,65,0
451483,"tolerance","ideal",0,24,0
162159,"democracy","paper",18,45,8.1
162159,"equality","paper",4,21,0.84
162159,"freedom","paper",12,26,3.12
162159,"individualism","paper",12,37,4.44
162159,"justice","paper",14,13,1.82
162159,"happiness","paper",16,46,7.36
162159,"arms","paper",22,60,13.2
162159,"tolerance","paper",2,24,0.48
162159,"democracy","ideal",10,45,4.5
162159,"equality","ideal",10,21,2.1
162159,"freedom","ideal",20,26,5.2
162159,"individualism","ideal",5,37,1.85
162159,"justice","ideal",11,13,1.43
162159,"happiness","ideal",17,46,7.82
162159,"arms","ideal",24,60,14.4
162159,"tolerance","ideal",3,24,0.72
136840,"democracy","paper",15,40,6
136840,"equality","paper",21,30,6.3
136840,"freedom","paper",22,15,3.3
136840,"individualism","paper",7,5,0.35
136840,"justice","paper",10,1,0.1
136840,"happiness","paper",19,5,0.95
136840,"arms","paper",3,4,0.12
136840,"tolerance","paper",3,10,0.3
136840,"democracy","ideal",10,40,4
136840,"equality","ideal",18,30,5.4
136840,"freedom","ideal",18,15,2.7
136840,"individualism","ideal",6,5,0.3
136840,"justice","ideal",18,1,0.18
136840,"happiness","ideal",18,5,0.9
136840,"arms","ideal",2,4,0.08
136840,"tolerance","ideal",10,10,1
605159,"democracy","paper",11,40,4.4
605159,"equality","paper",11,50,5.5
605159,"freedom","paper",17,60,10.2
605159,"individualism","paper",14,60,8.4
605159,"justice","paper",11,50,5.5
605159,"happiness","paper",17,50,8.5
605159,"arms","paper",11,40,4.4
605159,"tolerance","paper",8,40,3.2
605159,"democracy","ideal",10,40,4
605159,"equality","ideal",10,50,5
605159,"freedom","ideal",20,60,12
605159,"individualism","ideal",10,60,6
605159,"justice","ideal",10,50,5
605159,"happiness","ideal",20,50,10
605159,"arms","ideal",10,40,4
605159,"tolerance","ideal",10,40,4
801249,"democracy","paper",13,13,1.69
801249,"equality","paper",20,27,5.4
801249,"freedom","paper",20,18,3.6
801249,"individualism","paper",20,60,12
801249,"justice","paper",5,6,0.3
801249,"happiness","paper",16,11,1.76
801249,"arms","paper",2,100,2
801249,"tolerance","paper",4,17,0.68
801249,"democracy","ideal",0,13,0
801249,"equality","ideal",0,27,0
801249,"freedom","ideal",0,18,0
801249,"individualism","ideal",0,60,0
801249,"justice","ideal",0,6,0
801249,"happiness","ideal",100,11,11
801249,"arms","ideal",0,100,0
801249,"tolerance","ideal",0,17,0
803155,"democracy","paper",20,5,1
803155,"equality","paper",35,5,1.75
803155,"freedom","paper",20,20,4
803155,"individualism","paper",5,5,0.25
803155,"justice","paper",5,5,0.25
803155,"happiness","paper",5,0,0
803155,"arms","paper",5,10,0.5
803155,"tolerance","paper",5,5,0.25
803155,"democracy","ideal",10,5,0.5
803155,"equality","ideal",30,5,1.5
803155,"freedom","ideal",20,20,4
803155,"individualism","ideal",10,5,0.5
803155,"justice","ideal",10,5,0.5
803155,"happiness","ideal",10,0,0
803155,"arms","ideal",0,10,0
803155,"tolerance","ideal",10,5,0.5
969465,"democracy","paper",8,52,4.16
969465,"equality","paper",1,52,0.52
969465,"freedom","paper",5,53,2.65
969465,"individualism","paper",61,100,61
969465,"justice","paper",6,30,1.8
969465,"happiness","paper",5,29,1.45
969465,"arms","paper",12,100,12
969465,"tolerance","paper",2,50,1
969465,"democracy","ideal",9,52,4.68
969465,"equality","ideal",17,52,8.84
969465,"freedom","ideal",16,53,8.48
969465,"individualism","ideal",10,100,10
969465,"justice","ideal",16,30,4.8
969465,"happiness","ideal",14,29,4.06
969465,"arms","ideal",4,100,4
969465,"tolerance","ideal",14,50,7
573027,"democracy","paper",19,62,11.78
573027,"equality","paper",9,30,2.7
573027,"freedom","paper",37,63,23.31
573027,"individualism","paper",5,41,2.05
573027,"justice","paper",6,30,1.8
573027,"happiness","paper",8,50,4
573027,"arms","paper",9,20,1.8
573027,"tolerance","paper",7,24,1.68
573027,"democracy","ideal",19,62,11.78
573027,"equality","ideal",28,30,8.4
573027,"freedom","ideal",7,63,4.41
573027,"individualism","ideal",7,41,2.87
573027,"justice","ideal",13,30,3.9
573027,"happiness","ideal",14,50,7
573027,"arms","ideal",3,20,0.6
573027,"tolerance","ideal",9,24,2.16
990329,"democracy","paper",24,91,21.84
990329,"equality","paper",20,52,10.4
990329,"freedom","paper",19,78,14.82
990329,"individualism","paper",2,60,1.2
990329,"justice","paper",20,48,9.6
990329,"happiness","paper",6,93,5.58
990329,"arms","paper",5,100,5
990329,"tolerance","paper",4,5,0.2
990329,"democracy","ideal",19,91,17.29
990329,"equality","ideal",18,52,9.36
990329,"freedom","ideal",20,78,15.6
990329,"individualism","ideal",8,60,4.8
990329,"justice","ideal",15,48,7.2
990329,"happiness","ideal",17,93,15.81
990329,"arms","ideal",0,100,0
990329,"tolerance","ideal",3,5,0.15
954348,"democracy","paper",4,30,1.2
954348,"equality","paper",3,46,1.38
954348,"freedom","paper",18,78,14.04
954348,"individualism","paper",7,79,5.53
954348,"justice","paper",14,64,8.96
954348,"happiness","paper",28,77,21.56
954348,"arms","paper",13,74,9.62
954348,"tolerance","paper",13,67,8.71
954348,"democracy","ideal",6,30,1.8
954348,"equality","ideal",13,46,5.98
954348,"freedom","ideal",13,78,10.14
954348,"individualism","ideal",7,79,5.53
954348,"justice","ideal",18,64,11.52
954348,"happiness","ideal",24,77,18.48
954348,"arms","ideal",6,74,4.44
954348,"tolerance","ideal",13,67,8.71
117056,"democracy","paper",8,15,1.2
117056,"equality","paper",25,16,4
117056,"freedom","paper",10,5,0.5
117056,"individualism","paper",9,7,0.63
117056,"justice","paper",20,26,5.2
117056,"happiness","paper",9,6,0.54
117056,"arms","paper",9,36,3.24
117056,"tolerance","paper",10,26,2.6
117056,"democracy","ideal",6,15,0.9
117056,"equality","ideal",10,16,1.6
117056,"freedom","ideal",17,5,0.85
117056,"individualism","ideal",16,7,1.12
117056,"justice","ideal",15,26,3.9
117056,"happiness","ideal",6,6,0.36
117056,"arms","ideal",27,36,9.72
117056,"tolerance","ideal",3,26,0.78
907989,"democracy","paper",20,60,12
907989,"equality","paper",15,40,6
907989,"freedom","paper",15,45,6.75
907989,"individualism","paper",10,55,5.5
907989,"justice","paper",15,55,8.25
907989,"happiness","paper",10,50,5
907989,"arms","paper",5,30,1.5
907989,"tolerance","paper",10,35,3.5
907989,"democracy","ideal",15,60,9
907989,"equality","ideal",15,40,6
907989,"freedom","ideal",10,45,4.5
907989,"individualism","ideal",10,55,5.5
907989,"justice","ideal",20,55,11
907989,"happiness","ideal",15,50,7.5
907989,"arms","ideal",10,30,3
907989,"tolerance","ideal",5,35,1.75
200934,"democracy","paper",14,23,3.22
200934,"equality","paper",14,10,1.4
200934,"freedom","paper",24,38,9.12
200934,"individualism","paper",9,21,1.89
200934,"justice","paper",13,9,1.17
200934,"happiness","paper",9,19,1.71
200934,"arms","paper",15,83,12.45
200934,"tolerance","paper",2,13,0.26
200934,"democracy","ideal",16,23,3.68
200934,"equality","ideal",21,10,2.1
200934,"freedom","ideal",8,38,3.04
200934,"individualism","ideal",8,21,1.68
200934,"justice","ideal",13,9,1.17
200934,"happiness","ideal",20,19,3.8
200934,"arms","ideal",0,83,0
200934,"tolerance","ideal",14,13,1.82
658569,"democracy","paper",20,19,3.8
658569,"equality","paper",20,5,1
658569,"freedom","paper",20,5,1
658569,"individualism","paper",15,5,0.75
658569,"justice","paper",10,3,0.3
658569,"happiness","paper",10,4,0.4
658569,"arms","paper",5,100,5
658569,"tolerance","paper",0,2,0
658569,"democracy","ideal",30,19,5.7
658569,"equality","ideal",15,5,0.75
658569,"freedom","ideal",10,5,0.5
658569,"individualism","ideal",8,5,0.4
658569,"justice","ideal",10,3,0.3
658569,"happiness","ideal",15,4,0.6
658569,"arms","ideal",2,100,2
658569,"tolerance","ideal",10,2,0.2
963219,"democracy","paper",4,50,2
963219,"equality","paper",21,30,6.3
963219,"freedom","paper",19,61,11.59
963219,"individualism","paper",22,63,13.86
963219,"justice","paper",13,41,5.33
963219,"happiness","paper",12,71,8.52
963219,"arms","paper",2,76,1.52
963219,"tolerance","paper",7,57,3.99
963219,"democracy","ideal",6,50,3
963219,"equality","ideal",12,30,3.6
963219,"freedom","ideal",20,61,12.2
963219,"individualism","ideal",19,63,11.97
963219,"justice","ideal",8,41,3.28
963219,"happiness","ideal",18,71,12.78
963219,"arms","ideal",0,76,0
963219,"tolerance","ideal",17,57,9.69
983415,"democracy","paper",10,82,8.2
983415,"equality","paper",16,44,7.04
983415,"freedom","paper",20,85,17
983415,"individualism","paper",4,24,0.96
983415,"justice","paper",25,68,17
983415,"happiness","paper",4,66,2.64
983415,"arms","paper",4,83,3.32
983415,"tolerance","paper",17,73,12.41
983415,"democracy","ideal",10,82,8.2
983415,"equality","ideal",23,44,10.12
983415,"freedom","ideal",23,85,19.55
983415,"individualism","ideal",1,24,0.24
983415,"justice","ideal",23,68,15.64
983415,"happiness","ideal",10,66,6.6
983415,"arms","ideal",3,83,2.49
983415,"tolerance","ideal",7,73,5.11
343023,"democracy","paper",40,51,20.4
343023,"equality","paper",20,59,11.8
343023,"freedom","paper",0,70,0
343023,"individualism","paper",0,42,0
343023,"justice","paper",40,49,19.6
343023,"happiness","paper",0,28,0
343023,"arms","paper",0,25,0
343023,"tolerance","paper",0,10,0
343023,"democracy","ideal",14,51,7.14
343023,"equality","ideal",12,59,7.08
343023,"freedom","ideal",17,70,11.9
343023,"individualism","ideal",9,42,3.78
343023,"justice","ideal",16,49,7.84
343023,"happiness","ideal",15,28,4.2
343023,"arms","ideal",0,25,0
343023,"tolerance","ideal",17,10,1.7
324963,"democracy","paper",40,50,20
324963,"equality","paper",10,10,1
324963,"freedom","paper",20,20,4
324963,"individualism","paper",0,10,0
324963,"justice","paper",20,10,2
324963,"happiness","paper",0,20,0
324963,"arms","paper",10,100,10
324963,"tolerance","paper",0,20,0
324963,"democracy","ideal",50,50,25
324963,"equality","ideal",10,10,1
324963,"freedom","ideal",20,20,4
324963,"individualism","ideal",0,10,0
324963,"justice","ideal",20,10,2
324963,"happiness","ideal",0,20,0
324963,"arms","ideal",0,100,0
324963,"tolerance","ideal",0,20,0
133071,"democracy","paper",34,45,15.3
133071,"equality","paper",17,27,4.59
133071,"freedom","paper",26,24,6.24
133071,"individualism","paper",3,42,1.26
133071,"justice","paper",3,40,1.2
133071,"happiness","paper",6,28,1.68
133071,"arms","paper",2,25,0.5
133071,"tolerance","paper",9,37,3.33
133071,"democracy","ideal",14,45,6.3
133071,"equality","ideal",9,27,2.43
133071,"freedom","ideal",21,24,5.04
133071,"individualism","ideal",16,42,6.72
133071,"justice","ideal",13,40,5.2
133071,"happiness","ideal",1,28,0.28
133071,"arms","ideal",13,25,3.25
133071,"tolerance","ideal",13,37,4.81
943732,"democracy","paper",35,80,28
943732,"equality","paper",15,60,9
943732,"freedom","paper",20,100,20
943732,"individualism","paper",10,50,5
943732,"justice","paper",5,20,1
943732,"happiness","paper",5,30,1.5
943732,"arms","paper",10,30,3
943732,"tolerance","paper",0,0,0
943732,"democracy","ideal",20,80,16
943732,"equality","ideal",20,60,12
943732,"freedom","ideal",20,100,20
943732,"individualism","ideal",10,50,5
943732,"justice","ideal",10,20,2
943732,"happiness","ideal",10,30,3
943732,"arms","ideal",10,30,3
943732,"tolerance","ideal",0,0,0
634122,"democracy","paper",38,35,13.3
634122,"equality","paper",4,49,1.96
634122,"freedom","paper",33,72,23.76
634122,"individualism","paper",11,87,9.57
634122,"justice","paper",6,31,1.86
634122,"happiness","paper",4,37,1.48
634122,"arms","paper",3,33,0.99
634122,"tolerance","paper",1,46,0.46
634122,"democracy","ideal",25,35,8.75
634122,"equality","ideal",29,49,14.21
634122,"freedom","ideal",23,72,16.56
634122,"individualism","ideal",7,87,6.09
634122,"justice","ideal",4,31,1.24
634122,"happiness","ideal",6,37,2.22
634122,"arms","ideal",5,33,1.65
634122,"tolerance","ideal",1,46,0.46
376221,"democracy","paper",100,20,20
376221,"equality","paper",0,10,0
376221,"freedom","paper",0,50,0
376221,"individualism","paper",0,100,0
376221,"justice","paper",0,15,0
376221,"happiness","paper",0,35,0
376221,"arms","paper",0,100,0
376221,"tolerance","paper",0,0,0
376221,"democracy","ideal",100,20,20
376221,"equality","ideal",0,10,0
376221,"freedom","ideal",0,50,0
376221,"individualism","ideal",0,100,0
376221,"justice","ideal",0,15,0
376221,"happiness","ideal",0,35,0
376221,"arms","ideal",0,100,0
376221,"tolerance","ideal",0,0,0
587069,"democracy","paper",16,39,6.24
587069,"equality","paper",5,20,1
587069,"freedom","paper",16,90,14.4
587069,"individualism","paper",11,100,11
587069,"justice","paper",16,30,4.8
587069,"happiness","paper",19,87,16.53
587069,"arms","paper",5,35,1.75
587069,"tolerance","paper",12,73,8.76
587069,"democracy","ideal",18,39,7.02
587069,"equality","ideal",17,20,3.4
587069,"freedom","ideal",10,90,9
587069,"individualism","ideal",10,100,10
587069,"justice","ideal",20,30,6
587069,"happiness","ideal",11,87,9.57
587069,"arms","ideal",0,35,0
587069,"tolerance","ideal",14,73,10.22
515175,"democracy","paper",11,65,7.15
515175,"equality","paper",27,82,22.14
515175,"freedom","paper",21,78,16.38
515175,"individualism","paper",9,65,5.85
515175,"justice","paper",7,73,5.11
515175,"happiness","paper",12,80,9.6
515175,"arms","paper",6,61,3.66
515175,"tolerance","paper",7,63,4.41
515175,"democracy","ideal",12,65,7.8
515175,"equality","ideal",16,82,13.12
515175,"freedom","ideal",17,78,13.26
515175,"individualism","ideal",14,65,9.1
515175,"justice","ideal",12,73,8.76
515175,"happiness","ideal",9,80,7.2
515175,"arms","ideal",12,61,7.32
515175,"tolerance","ideal",8,63,5.04
568031,"democracy","paper",20,13,2.6
568031,"equality","paper",5,5,0.25
568031,"freedom","paper",20,10,2
568031,"individualism","paper",20,20,4
568031,"justice","paper",20,12,2.4
568031,"happiness","paper",5,5,0.25
568031,"arms","paper",5,30,1.5
568031,"tolerance","paper",5,5,0.25
568031,"democracy","ideal",15,13,1.95
568031,"equality","ideal",16,5,0.8
568031,"freedom","ideal",16,10,1.6
568031,"individualism","ideal",10,20,2
568031,"justice","ideal",13,12,1.56
568031,"happiness","ideal",15,5,0.75
568031,"arms","ideal",0,30,0
568031,"tolerance","ideal",15,5,0.75
852815,"democracy","paper",24,100,24
852815,"equality","paper",11,57,6.27
852815,"freedom","paper",15,66,9.9
852815,"individualism","paper",11,60,6.6
852815,"justice","paper",16,93,14.88
852815,"happiness","paper",10,83,8.3
852815,"arms","paper",3,24,0.72
852815,"tolerance","paper",10,77,7.7
852815,"democracy","ideal",12,100,12
852815,"equality","ideal",19,57,10.83
852815,"freedom","ideal",16,66,10.56
852815,"individualism","ideal",10,60,6
852815,"justice","ideal",17,93,15.81
852815,"happiness","ideal",10,83,8.3
852815,"arms","ideal",6,24,1.44
852815,"tolerance","ideal",10,77,7.7
572835,"democracy","paper",25,50,12.5
572835,"equality","paper",15,40,6
572835,"freedom","paper",20,60,12
572835,"individualism","paper",10,55,5.5
572835,"justice","paper",15,45,6.75
572835,"happiness","paper",10,50,5
572835,"arms","paper",3,30,0.9
572835,"tolerance","paper",2,35,0.7
572835,"democracy","ideal",20,50,10
572835,"equality","ideal",15,40,6
572835,"freedom","ideal",20,60,12
572835,"individualism","ideal",10,55,5.5
572835,"justice","ideal",15,45,6.75
572835,"happiness","ideal",10,50,5
572835,"arms","ideal",5,30,1.5
572835,"tolerance","ideal",5,35,1.75
696009,"democracy","paper",6,3,0.18
696009,"equality","paper",11,2,0.22
696009,"freedom","paper",8,15,1.2
696009,"individualism","paper",10,3,0.3
696009,"justice","paper",19,0,0
696009,"happiness","paper",19,17,3.23
696009,"arms","paper",12,46,5.52
696009,"tolerance","paper",15,2,0.3
696009,"democracy","ideal",26,3,0.78
696009,"equality","ideal",15,2,0.3
696009,"freedom","ideal",20,15,3
696009,"individualism","ideal",14,3,0.42
696009,"justice","ideal",18,0,0
696009,"happiness","ideal",7,17,1.19
696009,"arms","ideal",0,46,0
696009,"tolerance","ideal",0,2,0
129070,"democracy","paper",16,80,12.8
129070,"equality","paper",20,75,15
129070,"freedom","paper",28,85,23.8
129070,"individualism","paper",8,80,6.4
129070,"justice","paper",8,60,4.8
129070,"happiness","paper",8,80,6.4
129070,"arms","paper",2,95,1.9
129070,"tolerance","paper",10,85,8.5
129070,"democracy","ideal",5,80,4
129070,"equality","ideal",12,75,9
129070,"freedom","ideal",26,85,22.1
129070,"individualism","ideal",14,80,11.2
129070,"justice","ideal",14,60,8.4
129070,"happiness","ideal",14,80,11.2
129070,"arms","ideal",0,95,0
129070,"tolerance","ideal",15,85,12.75
148780,"democracy","paper",19,60,11.4
148780,"equality","paper",0,50,0
148780,"freedom","paper",31,69,21.39
148780,"individualism","paper",10,84,8.4
148780,"justice","paper",6,85,5.1
148780,"happiness","paper",9,50,4.5
148780,"arms","paper",15,75,11.25
148780,"tolerance","paper",10,40,4
148780,"democracy","ideal",10,60,6
148780,"equality","ideal",30,50,15
148780,"freedom","ideal",30,69,20.7
148780,"individualism","ideal",0,84,0
148780,"justice","ideal",10,85,8.5
148780,"happiness","ideal",20,50,10
148780,"arms","ideal",0,75,0
148780,"tolerance","ideal",0,40,0
391754,"democracy","paper",25,21,5.25
391754,"equality","paper",8,16,1.28
391754,"freedom","paper",17,24,4.08
391754,"individualism","paper",6,13,0.78
391754,"justice","paper",10,11,1.1
391754,"happiness","paper",5,14,0.7
391754,"arms","paper",22,34,7.48
391754,"tolerance","paper",7,5,0.35
391754,"democracy","ideal",17,21,3.57
391754,"equality","ideal",22,16,3.52
391754,"freedom","ideal",16,24,3.84
391754,"individualism","ideal",11,13,1.43
391754,"justice","ideal",11,11,1.21
391754,"happiness","ideal",9,14,1.26
391754,"arms","ideal",4,34,1.36
391754,"tolerance","ideal",10,5,0.5
914970,"democracy","paper",20,44,8.8
914970,"equality","paper",25,37,9.25
914970,"freedom","paper",15,69,10.35
914970,"individualism","paper",10,76,7.6
914970,"justice","paper",10,13,1.3
914970,"happiness","paper",5,46,2.3
914970,"arms","paper",5,54,2.7
914970,"tolerance","paper",10,43,4.3
914970,"democracy","ideal",10,44,4.4
914970,"equality","ideal",50,37,18.5
914970,"freedom","ideal",5,69,3.45
914970,"individualism","ideal",5,76,3.8
914970,"justice","ideal",25,13,3.25
914970,"happiness","ideal",5,46,2.3
914970,"arms","ideal",0,54,0
914970,"tolerance","ideal",0,43,0
187698,"democracy","paper",3,15,0.45
187698,"equality","paper",9,56,5.04
187698,"freedom","paper",11,54,5.94
187698,"individualism","paper",23,100,23
187698,"justice","paper",16,20,3.2
187698,"happiness","paper",20,77,15.4
187698,"arms","paper",6,58,3.48
187698,"tolerance","paper",12,84,10.08
187698,"democracy","ideal",10,15,1.5
187698,"equality","ideal",11,56,6.16
187698,"freedom","ideal",15,54,8.1
187698,"individualism","ideal",8,100,8
187698,"justice","ideal",39,20,7.8
187698,"happiness","ideal",10,77,7.7
187698,"arms","ideal",3,58,1.74
187698,"tolerance","ideal",4,84,3.36
299189,"democracy","paper",10,40,4
299189,"equality","paper",20,30,6
299189,"freedom","paper",20,60,12
299189,"individualism","paper",15,90,13.5
299189,"justice","paper",5,15,0.75
299189,"happiness","paper",20,20,4
299189,"arms","paper",5,50,2.5
299189,"tolerance","paper",5,15,0.75
299189,"democracy","ideal",15,40,6
299189,"equality","ideal",20,30,6
299189,"freedom","ideal",15,60,9
299189,"individualism","ideal",10,90,9
299189,"justice","ideal",10,15,1.5
299189,"happiness","ideal",20,20,4
299189,"arms","ideal",0,50,0
299189,"tolerance","ideal",10,15,1.5
695238,"democracy","paper",3,32,0.96
695238,"equality","paper",10,52,5.2
695238,"freedom","paper",19,73,13.87
695238,"individualism","paper",1,73,0.73
695238,"justice","paper",9,64,5.76
695238,"happiness","paper",30,77,23.1
695238,"arms","paper",21,73,15.33
695238,"tolerance","paper",7,77,5.39
695238,"democracy","ideal",11,32,3.52
695238,"equality","ideal",12,52,6.24
695238,"freedom","ideal",15,73,10.95
695238,"individualism","ideal",13,73,9.49
695238,"justice","ideal",11,64,7.04
695238,"happiness","ideal",13,77,10.01
695238,"arms","ideal",13,73,9.49
695238,"tolerance","ideal",12,77,9.24
483700,"democracy","paper",12,90,10.8
483700,"equality","paper",15,28,4.2
483700,"freedom","paper",15,60,9
483700,"individualism","paper",12,65,7.8
483700,"justice","paper",13,45,5.85
483700,"happiness","paper",11,44,4.84
483700,"arms","paper",11,92,10.12
483700,"tolerance","paper",11,59,6.49
483700,"democracy","ideal",15,90,13.5
483700,"equality","ideal",15,28,4.2
483700,"freedom","ideal",15,60,9
483700,"individualism","ideal",11,65,7.15
483700,"justice","ideal",14,45,6.3
483700,"happiness","ideal",15,44,6.6
483700,"arms","ideal",5,92,4.6
483700,"tolerance","ideal",10,59,5.9
156625,"democracy","paper",41,30,12.3
156625,"equality","paper",14,0,0
156625,"freedom","paper",16,0,0
156625,"individualism","paper",7,18,1.26
156625,"justice","paper",5,0,0
156625,"happiness","paper",1,0,0
156625,"arms","paper",16,20,3.2
156625,"tolerance","paper",0,0,0
156625,"democracy","ideal",21,30,6.3
156625,"equality","ideal",21,0,0
156625,"freedom","ideal",17,0,0
156625,"individualism","ideal",7,18,1.26
156625,"justice","ideal",18,0,0
156625,"happiness","ideal",10,0,0
156625,"arms","ideal",0,20,0
156625,"tolerance","ideal",6,0,0
472707,"democracy","paper",26,73,18.98
472707,"equality","paper",22,47,10.34
472707,"freedom","paper",9,58,5.22
472707,"individualism","paper",15,36,5.4
472707,"justice","paper",6,37,2.22
472707,"happiness","paper",9,23,2.07
472707,"arms","paper",7,61,4.27
472707,"tolerance","paper",6,35,2.1
472707,"democracy","ideal",11,73,8.03
472707,"equality","ideal",15,47,7.05
472707,"freedom","ideal",9,58,5.22
472707,"individualism","ideal",12,36,4.32
472707,"justice","ideal",19,37,7.03
472707,"happiness","ideal",19,23,4.37
472707,"arms","ideal",3,61,1.83
472707,"tolerance","ideal",12,35,4.2
216643,"democracy","paper",52,21,10.92
216643,"equality","paper",0,1,0
216643,"freedom","paper",11,1,0.11
216643,"individualism","paper",0,1,0
216643,"justice","paper",0,13,0
216643,"happiness","paper",29,1,0.29
216643,"arms","paper",8,82,6.56
216643,"tolerance","paper",0,1,0
216643,"democracy","ideal",20,21,4.2
216643,"equality","ideal",19,1,0.19
216643,"freedom","ideal",12,1,0.12
216643,"individualism","ideal",0,1,0
216643,"justice","ideal",31,13,4.03
216643,"happiness","ideal",18,1,0.18
216643,"arms","ideal",0,82,0
216643,"tolerance","ideal",0,1,0
447385,"democracy","paper",20,70,14
447385,"equality","paper",10,70,7
447385,"freedom","paper",20,70,14
447385,"individualism","paper",10,60,6
447385,"justice","paper",20,80,16
447385,"happiness","paper",10,80,8
447385,"arms","paper",5,50,2.5
447385,"tolerance","paper",5,50,2.5
447385,"democracy","ideal",20,70,14
447385,"equality","ideal",20,70,14
447385,"freedom","ideal",20,70,14
447385,"individualism","ideal",10,60,6
447385,"justice","ideal",10,80,8
447385,"happiness","ideal",10,80,8
447385,"arms","ideal",5,50,2.5
447385,"tolerance","ideal",5,50,2.5
760304,"democracy","paper",26,30,7.8
760304,"equality","paper",25,20,5
760304,"freedom","paper",17,20,3.4
760304,"individualism","paper",21,30,6.3
760304,"justice","paper",0,78,0
760304,"happiness","paper",11,88,9.68
760304,"arms","paper",0,25,0
760304,"tolerance","paper",0,30,0
760304,"democracy","ideal",0,30,0
760304,"equality","ideal",25,20,5
760304,"freedom","ideal",50,20,10
760304,"individualism","ideal",0,30,0
760304,"justice","ideal",0,78,0
760304,"happiness","ideal",25,88,22
760304,"arms","ideal",0,25,0
760304,"tolerance","ideal",0,30,0
211969,"democracy","paper",30,100,30
211969,"equality","paper",10,70,7
211969,"freedom","paper",10,80,8
211969,"individualism","paper",10,80,8
211969,"justice","paper",20,90,18
211969,"happiness","paper",10,100,10
211969,"arms","paper",5,100,5
211969,"tolerance","paper",5,80,4
211969,"democracy","ideal",20,100,20
211969,"equality","ideal",20,70,14
211969,"freedom","ideal",10,80,8
211969,"individualism","ideal",10,80,8
211969,"justice","ideal",20,90,18
211969,"happiness","ideal",10,100,10
211969,"arms","ideal",0,100,0
211969,"tolerance","ideal",10,80,8
417611,"democracy","paper",20,72,14.4
417611,"equality","paper",20,73,14.6
417611,"freedom","paper",20,72,14.4
417611,"individualism","paper",5,54,2.7
417611,"justice","paper",20,75,15
417611,"happiness","paper",10,58,5.8
417611,"arms","paper",0,30,0
417611,"tolerance","paper",5,52,2.6
417611,"democracy","ideal",20,72,14.4
417611,"equality","ideal",20,73,14.6
417611,"freedom","ideal",20,72,14.4
417611,"individualism","ideal",7,54,3.78
417611,"justice","ideal",20,75,15
417611,"happiness","ideal",10,58,5.8
417611,"arms","ideal",0,30,0
417611,"tolerance","ideal",3,52,1.56
208446,"democracy","paper",30,20,6
208446,"equality","paper",10,20,2
208446,"freedom","paper",20,20,4
208446,"individualism","paper",10,20,2
208446,"justice","paper",10,5,0.5
208446,"happiness","paper",10,5,0.5
208446,"arms","paper",10,5,0.5
208446,"tolerance","paper",0,5,0
208446,"democracy","ideal",10,20,2
208446,"equality","ideal",10,20,2
208446,"freedom","ideal",10,20,2
208446,"individualism","ideal",10,20,2
208446,"justice","ideal",10,5,0.5
208446,"happiness","ideal",20,5,1
208446,"arms","ideal",20,5,1
208446,"tolerance","ideal",10,5,0.5
671780,"democracy","paper",30,20,6
671780,"equality","paper",15,10,1.5
671780,"freedom","paper",20,20,4
671780,"individualism","paper",10,6,0.6
671780,"justice","paper",5,10,0.5
671780,"happiness","paper",5,10,0.5
671780,"arms","paper",10,15,1.5
671780,"tolerance","paper",5,5,0.25
671780,"democracy","ideal",15,20,3
671780,"equality","ideal",15,10,1.5
671780,"freedom","ideal",15,20,3
671780,"individualism","ideal",10,6,0.6
671780,"justice","ideal",10,10,1
671780,"happiness","ideal",10,10,1
671780,"arms","ideal",15,15,2.25
671780,"tolerance","ideal",10,5,0.5
682574,"democracy","paper",18,15,2.7
682574,"equality","paper",16,6,0.96
682574,"freedom","paper",18,20,3.6
682574,"individualism","paper",14,20,2.8
682574,"justice","paper",14,9,1.26
682574,"happiness","paper",9,4,0.36
682574,"arms","paper",2,18,0.36
682574,"tolerance","paper",9,10,0.9
682574,"democracy","ideal",14,15,2.1
682574,"equality","ideal",14,6,0.84
682574,"freedom","ideal",14,20,2.8
682574,"individualism","ideal",13,20,2.6
682574,"justice","ideal",14,9,1.26
682574,"happiness","ideal",14,4,0.56
682574,"arms","ideal",0,18,0
682574,"tolerance","ideal",17,10,1.7
614420,"democracy","paper",25,40,10
614420,"equality","paper",6,20,1.2
614420,"freedom","paper",24,50,12
614420,"individualism","paper",4,22,0.88
614420,"justice","paper",10,22,2.2
614420,"happiness","paper",20,70,14
614420,"arms","paper",5,91,4.55
614420,"tolerance","paper",6,26,1.56
614420,"democracy","ideal",24,40,9.6
614420,"equality","ideal",11,20,2.2
614420,"freedom","ideal",10,50,5
614420,"individualism","ideal",5,22,1.1
614420,"justice","ideal",15,22,3.3
614420,"happiness","ideal",20,70,14
614420,"arms","ideal",0,91,0
614420,"tolerance","ideal",15,26,3.9
550512,"democracy","paper",15,80,12
550512,"equality","paper",30,65,19.5
550512,"freedom","paper",15,65,9.75
550512,"individualism","paper",5,80,4
550512,"justice","paper",10,50,5
550512,"happiness","paper",10,30,3
550512,"arms","paper",5,85,4.25
550512,"tolerance","paper",10,65,6.5
550512,"democracy","ideal",20,80,16
550512,"equality","ideal",30,65,19.5
550512,"freedom","ideal",15,65,9.75
550512,"individualism","ideal",10,80,8
550512,"justice","ideal",10,50,5
550512,"happiness","ideal",10,30,3
550512,"arms","ideal",0,85,0
550512,"tolerance","ideal",5,65,3.25
779037,"democracy","paper",30,60,18
779037,"equality","paper",20,30,6
779037,"freedom","paper",25,30,7.5
779037,"individualism","paper",2,30,0.6
779037,"justice","paper",10,30,3
779037,"happiness","paper",3,30,0.9
779037,"arms","paper",10,80,8
779037,"tolerance","paper",0,30,0
779037,"democracy","ideal",20,60,12
779037,"equality","ideal",20,30,6
779037,"freedom","ideal",20,30,6
779037,"individualism","ideal",20,30,6
779037,"justice","ideal",10,30,3
779037,"happiness","ideal",10,30,3
779037,"arms","ideal",0,80,0
779037,"tolerance","ideal",0,30,0
806153,"democracy","paper",30,50,15
806153,"equality","paper",20,30,6
806153,"freedom","paper",20,65,13
806153,"individualism","paper",0,50,0
806153,"justice","paper",20,50,10
806153,"happiness","paper",0,70,0
806153,"arms","paper",10,60,6
806153,"tolerance","paper",0,50,0
806153,"democracy","ideal",15,50,7.5
806153,"equality","ideal",15,30,4.5
806153,"freedom","ideal",15,65,9.75
806153,"individualism","ideal",15,50,7.5
806153,"justice","ideal",15,50,7.5
806153,"happiness","ideal",10,70,7
806153,"arms","ideal",10,60,6
806153,"tolerance","ideal",5,50,2.5
960622,"democracy","paper",5,75,3.75
960622,"equality","paper",25,65,16.25
960622,"freedom","paper",20,70,14
960622,"individualism","paper",15,60,9
960622,"justice","paper",15,70,10.5
960622,"happiness","paper",10,65,6.5
960622,"arms","paper",10,75,7.5
960622,"tolerance","paper",0,55,0
960622,"democracy","ideal",15,75,11.25
960622,"equality","ideal",20,65,13
960622,"freedom","ideal",20,70,14
960622,"individualism","ideal",10,60,6
960622,"justice","ideal",15,70,10.5
960622,"happiness","ideal",10,65,6.5
960622,"arms","ideal",5,75,3.75
960622,"tolerance","ideal",5,55,2.75
199682,"democracy","paper",10,20,2
199682,"equality","paper",0,0,0
199682,"freedom","paper",80,50,40
199682,"individualism","paper",0,20,0
199682,"justice","paper",0,50,0
199682,"happiness","paper",10,20,2
199682,"arms","paper",0,80,0
199682,"tolerance","paper",0,20,0
199682,"democracy","ideal",40,20,8
199682,"equality","ideal",0,0,0
199682,"freedom","ideal",40,50,20
199682,"individualism","ideal",20,20,4
199682,"justice","ideal",0,50,0
199682,"happiness","ideal",0,20,0
199682,"arms","ideal",0,80,0
199682,"tolerance","ideal",0,20,0
468306,"democracy","paper",4,2,0.08
468306,"equality","paper",0,51,0
468306,"freedom","paper",10,31,3.1
468306,"individualism","paper",0,16,0
468306,"justice","paper",10,8,0.8
468306,"happiness","paper",31,32,9.92
468306,"arms","paper",30,13,3.9
468306,"tolerance","paper",15,84,12.6
468306,"democracy","ideal",0,2,0
468306,"equality","ideal",0,51,0
468306,"freedom","ideal",41,31,12.71
468306,"individualism","ideal",28,16,4.48
468306,"justice","ideal",31,8,2.48
468306,"happiness","ideal",0,32,0
468306,"arms","ideal",0,13,0
468306,"tolerance","ideal",0,84,0
887346,"democracy","paper",10,30,3
887346,"equality","paper",15,20,3
887346,"freedom","paper",15,30,4.5
887346,"individualism","paper",10,30,3
887346,"justice","paper",15,30,4.5
887346,"happiness","paper",10,60,6
887346,"arms","paper",15,45,6.75
887346,"tolerance","paper",10,45,4.5
887346,"democracy","ideal",12,30,3.6
887346,"equality","ideal",13,20,2.6
887346,"freedom","ideal",13,30,3.9
887346,"individualism","ideal",11,30,3.3
887346,"justice","ideal",14,30,4.2
887346,"happiness","ideal",12,60,7.2
887346,"arms","ideal",13,45,5.85
887346,"tolerance","ideal",12,45,5.4
339116,"democracy","paper",21,71,14.91
339116,"equality","paper",10,25,2.5
339116,"freedom","paper",21,65,13.65
339116,"individualism","paper",11,53,5.83
339116,"justice","paper",7,17,1.19
339116,"happiness","paper",4,25,1
339116,"arms","paper",15,94,14.1
339116,"tolerance","paper",11,75,8.25
339116,"democracy","ideal",10,71,7.1
339116,"equality","ideal",10,25,2.5
339116,"freedom","ideal",15,65,9.75
339116,"individualism","ideal",10,53,5.3
339116,"justice","ideal",20,17,3.4
339116,"happiness","ideal",15,25,3.75
339116,"arms","ideal",10,94,9.4
339116,"tolerance","ideal",10,75,7.5
784170,"democracy","paper",15,30,4.5
784170,"equality","paper",5,10,0.5
784170,"freedom","paper",20,10,2
784170,"individualism","paper",15,40,6
784170,"justice","paper",15,40,6
784170,"happiness","paper",20,25,5
784170,"arms","paper",5,75,3.75
784170,"tolerance","paper",5,20,1
784170,"democracy","ideal",10,30,3
784170,"equality","ideal",15,10,1.5
784170,"freedom","ideal",15,10,1.5
784170,"individualism","ideal",15,40,6
784170,"justice","ideal",20,40,8
784170,"happiness","ideal",15,25,3.75
784170,"arms","ideal",0,75,0
784170,"tolerance","ideal",10,20,2
782657,"democracy","paper",27,50,13.5
782657,"equality","paper",10,50,5
782657,"freedom","paper",20,50,10
782657,"individualism","paper",1,25,0.25
782657,"justice","paper",20,50,10
782657,"happiness","paper",1,25,0.25
782657,"arms","paper",20,50,10
782657,"tolerance","paper",1,50,0.5
782657,"democracy","ideal",50,50,25
782657,"equality","ideal",10,50,5
782657,"freedom","ideal",10,50,5
782657,"individualism","ideal",5,25,1.25
782657,"justice","ideal",10,50,5
782657,"happiness","ideal",0,25,0
782657,"arms","ideal",15,50,7.5
782657,"tolerance","ideal",0,50,0
147815,"democracy","paper",14,18,2.52
147815,"equality","paper",17,17,2.89
147815,"freedom","paper",17,21,3.57
147815,"individualism","paper",16,21,3.36
147815,"justice","paper",13,17,2.21
147815,"happiness","paper",12,7,0.84
147815,"arms","paper",5,33,1.65
147815,"tolerance","paper",6,11,0.66
147815,"democracy","ideal",15,18,2.7
147815,"equality","ideal",21,17,3.57
147815,"freedom","ideal",22,21,4.62
147815,"individualism","ideal",10,21,2.1
147815,"justice","ideal",18,17,3.06
147815,"happiness","ideal",5,7,0.35
147815,"arms","ideal",4,33,1.32
147815,"tolerance","ideal",5,11,0.55
466230,"democracy","paper",20,48,9.6
466230,"equality","paper",20,47,9.4
466230,"freedom","paper",20,53,10.6
466230,"individualism","paper",6,9,0.54
466230,"justice","paper",18,7,1.26
466230,"happiness","paper",4,17,0.68
466230,"arms","paper",8,50,4
466230,"tolerance","paper",4,6,0.24
466230,"democracy","ideal",10,48,4.8
466230,"equality","ideal",20,47,9.4
466230,"freedom","ideal",15,53,7.95
466230,"individualism","ideal",15,9,1.35
466230,"justice","ideal",15,7,1.05
466230,"happiness","ideal",15,17,2.55
466230,"arms","ideal",0,50,0
466230,"tolerance","ideal",10,6,0.6
522920,"democracy","paper",6,57,3.42
522920,"equality","paper",20,34,6.8
522920,"freedom","paper",24,36,8.64
522920,"individualism","paper",10,28,2.8
522920,"justice","paper",10,56,5.6
522920,"happiness","paper",10,55,5.5
522920,"arms","paper",10,54,5.4
522920,"tolerance","paper",10,56,5.6
522920,"democracy","ideal",14,57,7.98
522920,"equality","ideal",16,34,5.44
522920,"freedom","ideal",8,36,2.88
522920,"individualism","ideal",12,28,3.36
522920,"justice","ideal",16,56,8.96
522920,"happiness","ideal",17,55,9.35
522920,"arms","ideal",8,54,4.32
522920,"tolerance","ideal",9,56,5.04
668970,"democracy","paper",13,35,4.55
668970,"equality","paper",21,49,10.29
668970,"freedom","paper",21,63,13.23
668970,"individualism","paper",11,37,4.07
668970,"justice","paper",12,46,5.52
668970,"happiness","paper",10,47,4.7
668970,"arms","paper",5,19,0.95
668970,"tolerance","paper",7,27,1.89
668970,"democracy","ideal",9,35,3.15
668970,"equality","ideal",23,49,11.27
668970,"freedom","ideal",25,63,15.75
668970,"individualism","ideal",7,37,2.59
668970,"justice","ideal",12,46,5.52
668970,"happiness","ideal",13,47,6.11
668970,"arms","ideal",3,19,0.57
668970,"tolerance","ideal",8,27,2.16
588532,"democracy","paper",27,65,17.55
588532,"equality","paper",5,40,2
588532,"freedom","paper",38,55,20.9
588532,"individualism","paper",0,30,0
588532,"justice","paper",10,30,3
588532,"happiness","paper",0,20,0
588532,"arms","paper",15,60,9
588532,"tolerance","paper",5,40,2
588532,"democracy","ideal",28,65,18.2
588532,"equality","ideal",28,40,11.2
588532,"freedom","ideal",23,55,12.65
588532,"individualism","ideal",0,30,0
588532,"justice","ideal",6,30,1.8
588532,"happiness","ideal",0,20,0
588532,"arms","ideal",0,60,0
588532,"tolerance","ideal",15,40,6
526338,"democracy","paper",20,40,8
526338,"equality","paper",10,70,7
526338,"freedom","paper",20,60,12
526338,"individualism","paper",5,50,2.5
526338,"justice","paper",10,40,4
526338,"happiness","paper",10,50,5
526338,"arms","paper",20,50,10
526338,"tolerance","paper",5,50,2.5
526338,"democracy","ideal",20,40,8
526338,"equality","ideal",10,70,7
526338,"freedom","ideal",20,60,12
526338,"individualism","ideal",10,50,5
526338,"justice","ideal",10,40,4
526338,"happiness","ideal",10,50,5
526338,"arms","ideal",10,50,5
526338,"tolerance","ideal",10,50,5
888617,"democracy","paper",10,8,0.8
888617,"equality","paper",5,1,0.05
888617,"freedom","paper",5,8,0.4
888617,"individualism","paper",30,89,26.7
888617,"justice","paper",5,1,0.05
888617,"happiness","paper",20,5,1
888617,"arms","paper",20,97,19.4
888617,"tolerance","paper",5,1,0.05
888617,"democracy","ideal",20,8,1.6
888617,"equality","ideal",20,1,0.2
888617,"freedom","ideal",20,8,1.6
888617,"individualism","ideal",5,89,4.45
888617,"justice","ideal",20,1,0.2
888617,"happiness","ideal",2,5,0.1
888617,"arms","ideal",3,97,2.91
888617,"tolerance","ideal",10,1,0.1
261901,"democracy","paper",17,76,12.92
261901,"equality","paper",15,70,10.5
261901,"freedom","paper",19,81,15.39
261901,"individualism","paper",5,72,3.6
261901,"justice","paper",17,80,13.6
261901,"happiness","paper",5,68,3.4
261901,"arms","paper",15,100,15
261901,"tolerance","paper",7,70,4.9
261901,"democracy","ideal",18,76,13.68
261901,"equality","ideal",12,70,8.4
261901,"freedom","ideal",18,81,14.58
261901,"individualism","ideal",10,72,7.2
261901,"justice","ideal",18,80,14.4
261901,"happiness","ideal",12,68,8.16
261901,"arms","ideal",7,100,7
261901,"tolerance","ideal",5,70,3.5
682116,"democracy","paper",18,50,9
682116,"equality","paper",9,20,1.8
682116,"freedom","paper",15,70,10.5
682116,"individualism","paper",13,91,11.83
682116,"justice","paper",14,57,7.98
682116,"happiness","paper",9,45,4.05
682116,"arms","paper",12,97,11.64
682116,"tolerance","paper",10,43,4.3
682116,"democracy","ideal",17,50,8.5
682116,"equality","ideal",17,20,3.4
682116,"freedom","ideal",9,70,6.3
682116,"individualism","ideal",10,91,9.1
682116,"justice","ideal",16,57,9.12
682116,"happiness","ideal",14,45,6.3
682116,"arms","ideal",0,97,0
682116,"tolerance","ideal",17,43,7.31
630777,"democracy","paper",17,29,4.93
630777,"equality","paper",8,12,0.96
630777,"freedom","paper",20,18,3.6
630777,"individualism","paper",20,24,4.8
630777,"justice","paper",12,12,1.44
630777,"happiness","paper",7,11,0.77
630777,"arms","paper",10,28,2.8
630777,"tolerance","paper",6,11,0.66
630777,"democracy","ideal",21,29,6.09
630777,"equality","ideal",14,12,1.68
630777,"freedom","ideal",25,18,4.5
630777,"individualism","ideal",4,24,0.96
630777,"justice","ideal",9,12,1.08
630777,"happiness","ideal",20,11,2.2
630777,"arms","ideal",1,28,0.28
630777,"tolerance","ideal",6,11,0.66
121721,"democracy","paper",20,17,3.4
121721,"equality","paper",17,13,2.21
121721,"freedom","paper",20,17,3.4
121721,"individualism","paper",11,11,1.21
121721,"justice","paper",13,7,0.91
121721,"happiness","paper",13,7,0.91
121721,"arms","paper",1,18,0.18
121721,"tolerance","paper",5,6,0.3
121721,"democracy","ideal",15,17,2.55
121721,"equality","ideal",37,13,4.81
121721,"freedom","ideal",30,17,5.1
121721,"individualism","ideal",6,11,0.66
121721,"justice","ideal",9,7,0.63
121721,"happiness","ideal",2,7,0.14
121721,"arms","ideal",0,18,0
121721,"tolerance","ideal",1,6,0.06
190403,"democracy","paper",19,38,7.22
190403,"equality","paper",16,46,7.36
190403,"freedom","paper",12,63,7.56
190403,"individualism","paper",16,54,8.64
190403,"justice","paper",12,48,5.76
190403,"happiness","paper",6,52,3.12
190403,"arms","paper",11,65,7.15
190403,"tolerance","paper",8,50,4
190403,"democracy","ideal",14,38,5.32
190403,"equality","ideal",15,46,6.9
190403,"freedom","ideal",20,63,12.6
190403,"individualism","ideal",18,54,9.72
190403,"justice","ideal",16,48,7.68
190403,"happiness","ideal",10,52,5.2
190403,"arms","ideal",3,65,1.95
190403,"tolerance","ideal",4,50,2
429484,"democracy","paper",11,12,1.32
429484,"equality","paper",8,9,0.72
429484,"freedom","paper",32,16,5.12
429484,"individualism","paper",2,6,0.12
429484,"justice","paper",11,12,1.32
429484,"happiness","paper",5,20,1
429484,"arms","paper",27,29,7.83
429484,"tolerance","paper",4,10,0.4
429484,"democracy","ideal",10,12,1.2
429484,"equality","ideal",21,9,1.89
429484,"freedom","ideal",21,16,3.36
429484,"individualism","ideal",11,6,0.66
429484,"justice","ideal",13,12,1.56
429484,"happiness","ideal",15,20,3
429484,"arms","ideal",2,29,0.58
429484,"tolerance","ideal",7,10,0.7
345099,"democracy","paper",22,28,6.16
345099,"equality","paper",22,20,4.4
345099,"freedom","paper",22,25,5.5
345099,"individualism","paper",0,14,0
345099,"justice","paper",21,20,4.2
345099,"happiness","paper",7,30,2.1
345099,"arms","paper",6,49,2.94
345099,"tolerance","paper",0,21,0
345099,"democracy","ideal",17,28,4.76
345099,"equality","ideal",17,20,3.4
345099,"freedom","ideal",17,25,4.25
345099,"individualism","ideal",10,14,1.4
345099,"justice","ideal",17,20,3.4
345099,"happiness","ideal",12,30,3.6
345099,"arms","ideal",5,49,2.45
345099,"tolerance","ideal",5,21,1.05
475387,"democracy","paper",18,91,16.38
475387,"equality","paper",13,45,5.85
475387,"freedom","paper",17,42,7.14
475387,"individualism","paper",5,77,3.85
475387,"justice","paper",20,56,11.2
475387,"happiness","paper",13,75,9.75
475387,"arms","paper",0,54,0
475387,"tolerance","paper",14,40,5.6
475387,"democracy","ideal",30,91,27.3
475387,"equality","ideal",10,45,4.5
475387,"freedom","ideal",20,42,8.4
475387,"individualism","ideal",3,77,2.31
475387,"justice","ideal",18,56,10.08
475387,"happiness","ideal",14,75,10.5
475387,"arms","ideal",0,54,0
475387,"tolerance","ideal",5,40,2
880793,"democracy","paper",38,83,31.54
880793,"equality","paper",12,38,4.56
880793,"freedom","paper",5,50,2.5
880793,"individualism","paper",8,63,5.04
880793,"justice","paper",11,75,8.25
880793,"happiness","paper",6,95,5.7
880793,"arms","paper",6,86,5.16
880793,"tolerance","paper",14,81,11.34
880793,"democracy","ideal",50,83,41.5
880793,"equality","ideal",50,38,19
880793,"freedom","ideal",0,50,0
880793,"individualism","ideal",0,63,0
880793,"justice","ideal",0,75,0
880793,"happiness","ideal",0,95,0
880793,"arms","ideal",0,86,0
880793,"tolerance","ideal",0,81,0
791705,"democracy","paper",10,90,9
791705,"equality","paper",15,80,12
791705,"freedom","paper",10,90,9
791705,"individualism","paper",10,70,7
791705,"justice","paper",15,75,11.25
791705,"happiness","paper",15,70,10.5
791705,"arms","paper",15,90,13.5
791705,"tolerance","paper",10,80,8
791705,"democracy","ideal",10,90,9
791705,"equality","ideal",20,80,16
791705,"freedom","ideal",15,90,13.5
791705,"individualism","ideal",10,70,7
791705,"justice","ideal",10,75,7.5
791705,"happiness","ideal",20,70,14
791705,"arms","ideal",10,90,9
791705,"tolerance","ideal",5,80,4
646036,"democracy","paper",43,50,21.5
646036,"equality","paper",15,3,0.45
646036,"freedom","paper",21,47,9.87
646036,"individualism","paper",3,1,0.03
646036,"justice","paper",7,6,0.42
646036,"happiness","paper",6,11,0.66
646036,"arms","paper",4,52,2.08
646036,"tolerance","paper",1,2,0.02
646036,"democracy","ideal",29,50,14.5
646036,"equality","ideal",43,3,1.29
646036,"freedom","ideal",17,47,7.99
646036,"individualism","ideal",2,1,0.02
646036,"justice","ideal",4,6,0.24
646036,"happiness","ideal",5,11,0.55
646036,"arms","ideal",0,52,0
646036,"tolerance","ideal",0,2,0
763985,"democracy","paper",21,38,7.98
763985,"equality","paper",20,31,6.2
763985,"freedom","paper",10,45,4.5
763985,"individualism","paper",10,35,3.5
763985,"justice","paper",7,34,2.38
763985,"happiness","paper",14,38,5.32
763985,"arms","paper",14,72,10.08
763985,"tolerance","paper",4,58,2.32
763985,"democracy","ideal",13,38,4.94
763985,"equality","ideal",14,31,4.34
763985,"freedom","ideal",9,45,4.05
763985,"individualism","ideal",13,35,4.55
763985,"justice","ideal",14,34,4.76
763985,"happiness","ideal",11,38,4.18
763985,"arms","ideal",12,72,8.64
763985,"tolerance","ideal",14,58,8.12
209910,"democracy","paper",30,100,30
209910,"equality","paper",5,28,1.4
209910,"freedom","paper",27,74,19.98
209910,"individualism","paper",5,100,5
209910,"justice","paper",0,53,0
209910,"happiness","paper",4,76,3.04
209910,"arms","paper",5,54,2.7
209910,"tolerance","paper",24,57,13.68
209910,"democracy","ideal",30,100,30
209910,"equality","ideal",0,28,0
209910,"freedom","ideal",0,74,0
209910,"individualism","ideal",0,100,0
209910,"justice","ideal",70,53,37.1
209910,"happiness","ideal",0,76,0
209910,"arms","ideal",0,54,0
209910,"tolerance","ideal",0,57,0
323574,"democracy","paper",8,7,0.56
323574,"equality","paper",23,13,2.99
323574,"freedom","paper",0,5,0
323574,"individualism","paper",5,100,5
323574,"justice","paper",15,13,1.95
323574,"happiness","paper",20,17,3.4
323574,"arms","paper",0,100,0
323574,"tolerance","paper",29,7,2.03
323574,"democracy","ideal",0,7,0
323574,"equality","ideal",33,13,4.29
323574,"freedom","ideal",33,5,1.65
323574,"individualism","ideal",0,100,0
323574,"justice","ideal",0,13,0
323574,"happiness","ideal",34,17,5.78
323574,"arms","ideal",0,100,0
323574,"tolerance","ideal",0,7,0
653840,"democracy","paper",12,100,12
653840,"equality","paper",11,50,5.5
653840,"freedom","paper",14,100,14
653840,"individualism","paper",12,100,12
653840,"justice","paper",14,51,7.14
653840,"happiness","paper",14,100,14
653840,"arms","paper",15,80,12
653840,"tolerance","paper",8,40,3.2
653840,"democracy","ideal",9,100,9
653840,"equality","ideal",8,50,4
653840,"freedom","ideal",19,100,19
653840,"individualism","ideal",9,100,9
653840,"justice","ideal",19,51,9.69
653840,"happiness","ideal",14,100,14
653840,"arms","ideal",20,80,16
653840,"tolerance","ideal",2,40,0.8
506181,"democracy","paper",20,100,20
506181,"equality","paper",30,89,26.7
506181,"freedom","paper",15,78,11.7
506181,"individualism","paper",5,72,3.6
506181,"justice","paper",10,65,6.5
506181,"happiness","paper",5,83,4.15
506181,"arms","paper",5,83,4.15
506181,"tolerance","paper",10,88,8.8
506181,"democracy","ideal",20,100,20
506181,"equality","ideal",30,89,26.7
506181,"freedom","ideal",10,78,7.8
506181,"individualism","ideal",5,72,3.6
506181,"justice","ideal",10,65,6.5
506181,"happiness","ideal",5,83,4.15
506181,"arms","ideal",10,83,8.3
506181,"tolerance","ideal",10,88,8.8
706839,"democracy","paper",15,28,4.2
706839,"equality","paper",15,6,0.9
706839,"freedom","paper",15,10,1.5
706839,"individualism","paper",15,12,1.8
706839,"justice","paper",15,12,1.8
706839,"happiness","paper",10,14,1.4
706839,"arms","paper",0,91,0
706839,"tolerance","paper",15,10,1.5
706839,"democracy","ideal",15,28,4.2
706839,"equality","ideal",20,6,1.2
706839,"freedom","ideal",15,10,1.5
706839,"individualism","ideal",10,12,1.2
706839,"justice","ideal",15,12,1.8
706839,"happiness","ideal",10,14,1.4
706839,"arms","ideal",0,91,0
706839,"tolerance","ideal",15,10,1.5
844443,"democracy","paper",14,77,10.78
844443,"equality","paper",14,78,10.92
844443,"freedom","paper",14,78,10.92
844443,"individualism","paper",15,73,10.95
844443,"justice","paper",14,75,10.5
844443,"happiness","paper",14,74,10.36
844443,"arms","paper",15,67,10.05
844443,"tolerance","paper",0,70,0
844443,"democracy","ideal",19,77,14.63
844443,"equality","ideal",14,78,10.92
844443,"freedom","ideal",13,78,10.14
844443,"individualism","ideal",14,73,10.22
844443,"justice","ideal",14,75,10.5
844443,"happiness","ideal",14,74,10.36
844443,"arms","ideal",12,67,8.04
844443,"tolerance","ideal",0,70,0
459745,"democracy","paper",10,50,5
459745,"equality","paper",5,51,2.55
459745,"freedom","paper",25,40,10
459745,"individualism","paper",15,90,13.5
459745,"justice","paper",5,20,1
459745,"happiness","paper",20,60,12
459745,"arms","paper",20,100,20
459745,"tolerance","paper",0,40,0
459745,"democracy","ideal",20,50,10
459745,"equality","ideal",20,51,10.2
459745,"freedom","ideal",20,40,8
459745,"individualism","ideal",0,90,0
459745,"justice","ideal",20,20,4
459745,"happiness","ideal",20,60,12
459745,"arms","ideal",0,100,0
459745,"tolerance","ideal",0,40,0
770471,"democracy","paper",8,13,1.04
770471,"equality","paper",15,5,0.75
770471,"freedom","paper",20,14,2.8
770471,"individualism","paper",10,7,0.7
770471,"justice","paper",15,15,2.25
770471,"happiness","paper",20,7,1.4
770471,"arms","paper",12,26,3.12
770471,"tolerance","paper",0,5,0
770471,"democracy","ideal",0,13,0
770471,"equality","ideal",21,5,1.05
770471,"freedom","ideal",15,14,2.1
770471,"individualism","ideal",8,7,0.56
770471,"justice","ideal",30,15,4.5
770471,"happiness","ideal",14,7,0.98
770471,"arms","ideal",10,26,2.6
770471,"tolerance","ideal",2,5,0.1
681754,"democracy","paper",30,40,12
681754,"equality","paper",15,15,2.25
681754,"freedom","paper",15,70,10.5
681754,"individualism","paper",0,1,0
681754,"justice","paper",30,10,3
681754,"happiness","paper",0,1,0
681754,"arms","paper",10,80,8
681754,"tolerance","paper",0,1,0
681754,"democracy","ideal",5,40,2
681754,"equality","ideal",20,15,3
681754,"freedom","ideal",20,70,14
681754,"individualism","ideal",0,1,0
681754,"justice","ideal",50,10,5
681754,"happiness","ideal",5,1,0.05
681754,"arms","ideal",0,80,0
681754,"tolerance","ideal",0,1,0
387908,"democracy","paper",3,9,0.27
387908,"equality","paper",10,6,0.6
387908,"freedom","paper",26,34,8.84
387908,"individualism","paper",13,18,2.34
387908,"justice","paper",22,25,5.5
387908,"happiness","paper",4,23,0.92
387908,"arms","paper",5,19,0.95
387908,"tolerance","paper",17,32,5.44
387908,"democracy","ideal",8,9,0.72
387908,"equality","ideal",5,6,0.3
387908,"freedom","ideal",19,34,6.46
387908,"individualism","ideal",6,18,1.08
387908,"justice","ideal",38,25,9.5
387908,"happiness","ideal",16,23,3.68
387908,"arms","ideal",4,19,0.76
387908,"tolerance","ideal",4,32,1.28
220060,"democracy","paper",19,15,2.85
220060,"equality","paper",20,10,2
220060,"freedom","paper",30,20,6
220060,"individualism","paper",10,25,2.5
220060,"justice","paper",10,10,1
220060,"happiness","paper",6,15,0.9
220060,"arms","paper",5,50,2.5
220060,"tolerance","paper",0,20,0
220060,"democracy","ideal",20,15,3
220060,"equality","ideal",15,10,1.5
220060,"freedom","ideal",18,20,3.6
220060,"individualism","ideal",4,25,1
220060,"justice","ideal",18,10,1.8
220060,"happiness","ideal",12,15,1.8
220060,"arms","ideal",0,50,0
220060,"tolerance","ideal",13,20,2.6
890483,"democracy","paper",15,57,8.55
890483,"equality","paper",11,48,5.28
890483,"freedom","paper",25,55,13.75
890483,"individualism","paper",7,52,3.64
890483,"justice","paper",25,27,6.75
890483,"happiness","paper",8,33,2.64
890483,"arms","paper",4,46,1.84
890483,"tolerance","paper",5,45,2.25
890483,"democracy","ideal",18,57,10.26
890483,"equality","ideal",14,48,6.72
890483,"freedom","ideal",17,55,9.35
890483,"individualism","ideal",12,52,6.24
890483,"justice","ideal",12,27,3.24
890483,"happiness","ideal",14,33,4.62
890483,"arms","ideal",10,46,4.6
890483,"tolerance","ideal",3,45,1.35
388750,"democracy","paper",17,50,8.5
388750,"equality","paper",16,20,3.2
388750,"freedom","paper",18,83,14.94
388750,"individualism","paper",10,71,7.1
388750,"justice","paper",10,40,4
388750,"happiness","paper",14,59,8.26
388750,"arms","paper",5,27,1.35
388750,"tolerance","paper",10,52,5.2
388750,"democracy","ideal",13,50,6.5
388750,"equality","ideal",18,20,3.6
388750,"freedom","ideal",16,83,13.28
388750,"individualism","ideal",10,71,7.1
388750,"justice","ideal",15,40,6
388750,"happiness","ideal",10,59,5.9
388750,"arms","ideal",5,27,1.35
388750,"tolerance","ideal",13,52,6.76
103566,"democracy","paper",19,81,15.39
103566,"equality","paper",19,81,15.39
103566,"freedom","paper",19,68,12.92
103566,"individualism","paper",10,82,8.2
103566,"justice","paper",19,96,18.24
103566,"happiness","paper",6,48,2.88
103566,"arms","paper",2,47,0.94
103566,"tolerance","paper",6,32,1.92
103566,"democracy","ideal",19,81,15.39
103566,"equality","ideal",18,81,14.58
103566,"freedom","ideal",17,68,11.56
103566,"individualism","ideal",12,82,9.84
103566,"justice","ideal",15,96,14.4
103566,"happiness","ideal",14,48,6.72
103566,"arms","ideal",0,47,0
103566,"tolerance","ideal",5,32,1.6
635057,"democracy","paper",20,40,8
635057,"equality","paper",10,20,2
635057,"freedom","paper",20,10,2
635057,"individualism","paper",5,15,0.75
635057,"justice","paper",5,10,0.5
635057,"happiness","paper",5,15,0.75
635057,"arms","paper",30,40,12
635057,"tolerance","paper",5,20,1
635057,"democracy","ideal",22,40,8.8
635057,"equality","ideal",22,20,4.4
635057,"freedom","ideal",21,10,2.1
635057,"individualism","ideal",5,15,0.75
635057,"justice","ideal",5,10,0.5
635057,"happiness","ideal",25,15,3.75
635057,"arms","ideal",0,40,0
635057,"tolerance","ideal",0,20,0
188868,"democracy","paper",23,43,9.89
188868,"equality","paper",11,55,6.05
188868,"freedom","paper",28,63,17.64
188868,"individualism","paper",5,46,2.3
188868,"justice","paper",15,59,8.85
188868,"happiness","paper",11,34,3.74
188868,"arms","paper",7,41,2.87
188868,"tolerance","paper",0,75,0
188868,"democracy","ideal",21,43,9.03
188868,"equality","ideal",24,55,13.2
188868,"freedom","ideal",26,63,16.38
188868,"individualism","ideal",11,46,5.06
188868,"justice","ideal",11,59,6.49
188868,"happiness","ideal",3,34,1.02
188868,"arms","ideal",0,41,0
188868,"tolerance","ideal",4,75,3
985100,"democracy","paper",8,14,1.12
985100,"equality","paper",17,56,9.52
985100,"freedom","paper",30,67,20.1
985100,"individualism","paper",38,54,20.52
985100,"justice","paper",7,42,2.94
985100,"happiness","paper",0,53,0
985100,"arms","paper",0,41,0
985100,"tolerance","paper",0,17,0
985100,"democracy","ideal",3,14,0.42
985100,"equality","ideal",4,56,2.24
985100,"freedom","ideal",14,67,9.38
985100,"individualism","ideal",12,54,6.48
985100,"justice","ideal",27,42,11.34
985100,"happiness","ideal",20,53,10.6
985100,"arms","ideal",20,41,8.2
985100,"tolerance","ideal",0,17,0
783400,"democracy","paper",25,70,17.5
783400,"equality","paper",15,70,10.5
783400,"freedom","paper",25,70,17.5
783400,"individualism","paper",0,50,0
783400,"justice","paper",25,50,12.5
783400,"happiness","paper",5,50,2.5
783400,"arms","paper",5,65,3.25
783400,"tolerance","paper",0,50,0
783400,"democracy","ideal",30,70,21
783400,"equality","ideal",17,70,11.9
783400,"freedom","ideal",30,70,21
783400,"individualism","ideal",0,50,0
783400,"justice","ideal",16,50,8
783400,"happiness","ideal",0,50,0
783400,"arms","ideal",7,65,4.55
783400,"tolerance","ideal",0,50,0
629995,"democracy","paper",13,5,0.65
629995,"equality","paper",13,14,1.82
629995,"freedom","paper",13,46,5.98
629995,"individualism","paper",14,68,9.52
629995,"justice","paper",14,14,1.96
629995,"happiness","paper",14,13,1.82
629995,"arms","paper",5,79,3.95
629995,"tolerance","paper",14,2,0.28
629995,"democracy","ideal",15,5,0.75
629995,"equality","ideal",15,14,2.1
629995,"freedom","ideal",15,46,6.9
629995,"individualism","ideal",15,68,10.2
629995,"justice","ideal",12,14,1.68
629995,"happiness","ideal",14,13,1.82
629995,"arms","ideal",2,79,1.58
629995,"tolerance","ideal",12,2,0.24
249840,"democracy","paper",0,50,0
249840,"equality","paper",39,20,7.8
249840,"freedom","paper",45,0,0
249840,"individualism","paper",16,0,0
249840,"justice","paper",0,8,0
249840,"happiness","paper",0,0,0
249840,"arms","paper",0,23,0
249840,"tolerance","paper",0,19,0
249840,"democracy","ideal",0,50,0
249840,"equality","ideal",0,20,0
249840,"freedom","ideal",50,0,0
249840,"individualism","ideal",25,0,0
249840,"justice","ideal",0,8,0
249840,"happiness","ideal",25,0,0
249840,"arms","ideal",0,23,0
249840,"tolerance","ideal",0,19,0
727703,"democracy","paper",0,4,0
727703,"equality","paper",0,3,0
727703,"freedom","paper",17,4,0.68
727703,"individualism","paper",0,5,0
727703,"justice","paper",20,5,1
727703,"happiness","paper",0,2,0
727703,"arms","paper",63,3,1.89
727703,"tolerance","paper",0,4,0
727703,"democracy","ideal",11,4,0.44
727703,"equality","ideal",8,3,0.24
727703,"freedom","ideal",9,4,0.36
727703,"individualism","ideal",0,5,0
727703,"justice","ideal",15,5,0.75
727703,"happiness","ideal",16,2,0.32
727703,"arms","ideal",20,3,0.6
727703,"tolerance","ideal",21,4,0.84
596827,"democracy","paper",14,52,7.28
596827,"equality","paper",15,49,7.35
596827,"freedom","paper",23,48,11.04
596827,"individualism","paper",12,46,5.52
596827,"justice","paper",16,42,6.72
596827,"happiness","paper",5,46,2.3
596827,"arms","paper",10,41,4.1
596827,"tolerance","paper",5,38,1.9
596827,"democracy","ideal",13,52,6.76
596827,"equality","ideal",15,49,7.35
596827,"freedom","ideal",13,48,6.24
596827,"individualism","ideal",17,46,7.82
596827,"justice","ideal",18,42,7.56
596827,"happiness","ideal",14,46,6.44
596827,"arms","ideal",4,41,1.64
596827,"tolerance","ideal",6,38,2.28
299974,"democracy","paper",20,90,18
299974,"equality","paper",15,97,14.55
299974,"freedom","paper",29,100,29
299974,"individualism","paper",5,91,4.55
299974,"justice","paper",15,93,13.95
299974,"happiness","paper",10,82,8.2
299974,"arms","paper",1,19,0.19
299974,"tolerance","paper",5,77,3.85
299974,"democracy","ideal",25,90,22.5
299974,"equality","ideal",20,97,19.4
299974,"freedom","ideal",20,100,20
299974,"individualism","ideal",10,91,9.1
299974,"justice","ideal",15,93,13.95
299974,"happiness","ideal",5,82,4.1
299974,"arms","ideal",0,19,0
299974,"tolerance","ideal",5,77,3.85
561450,"democracy","paper",27,85,22.95
561450,"equality","paper",13,92,11.96
561450,"freedom","paper",33,44,14.52
561450,"individualism","paper",0,99,0
561450,"justice","paper",0,51,0
561450,"happiness","paper",27,65,17.55
561450,"arms","paper",0,58,0
561450,"tolerance","paper",0,51,0
561450,"democracy","ideal",39,85,33.15
561450,"equality","ideal",31,92,28.52
561450,"freedom","ideal",21,44,9.24
561450,"individualism","ideal",9,99,8.91
561450,"justice","ideal",0,51,0
561450,"happiness","ideal",0,65,0
561450,"arms","ideal",0,58,0
561450,"tolerance","ideal",0,51,0
128594,"democracy","paper",20,95,19
128594,"equality","paper",20,90,18
128594,"freedom","paper",20,90,18
128594,"individualism","paper",5,72,3.6
128594,"justice","paper",10,78,7.8
128594,"happiness","paper",18,84,15.12
128594,"arms","paper",5,85,4.25
128594,"tolerance","paper",2,66,1.32
128594,"democracy","ideal",6,95,5.7
128594,"equality","ideal",22,90,19.8
128594,"freedom","ideal",22,90,19.8
128594,"individualism","ideal",3,72,2.16
128594,"justice","ideal",15,78,11.7
128594,"happiness","ideal",25,84,21
128594,"arms","ideal",5,85,4.25
128594,"tolerance","ideal",2,66,1.32
109677,"democracy","paper",11,75,8.25
109677,"equality","paper",7,83,5.81
109677,"freedom","paper",40,77,30.8
109677,"individualism","paper",3,67,2.01
109677,"justice","paper",21,74,15.54
109677,"happiness","paper",6,67,4.02
109677,"arms","paper",6,68,4.08
109677,"tolerance","paper",6,73,4.38
109677,"democracy","ideal",9,75,6.75
109677,"equality","ideal",23,83,19.09
109677,"freedom","ideal",32,77,24.64
109677,"individualism","ideal",5,67,3.35
109677,"justice","ideal",8,74,5.92
109677,"happiness","ideal",10,67,6.7
109677,"arms","ideal",5,68,3.4
109677,"tolerance","ideal",8,73,5.84
515402,"democracy","paper",39,72,28.08
515402,"equality","paper",21,40,8.4
515402,"freedom","paper",33,78,25.74
515402,"individualism","paper",0,62,0
515402,"justice","paper",3,42,1.26
515402,"happiness","paper",4,56,2.24
515402,"arms","paper",0,72,0
515402,"tolerance","paper",0,37,0
515402,"democracy","ideal",40,72,28.8
515402,"equality","ideal",21,40,8.4
515402,"freedom","ideal",19,78,14.82
515402,"individualism","ideal",0,62,0
515402,"justice","ideal",10,42,4.2
515402,"happiness","ideal",10,56,5.6
515402,"arms","ideal",0,72,0
515402,"tolerance","ideal",0,37,0
317113,"democracy","paper",51,50,25.5
317113,"equality","paper",49,49,24.01
317113,"freedom","paper",0,51,0
317113,"individualism","paper",0,50,0
317113,"justice","paper",0,51,0
317113,"happiness","paper",0,47,0
317113,"arms","paper",0,48,0
317113,"tolerance","paper",0,47,0
317113,"democracy","ideal",51,50,25.5
317113,"equality","ideal",49,49,24.01
317113,"freedom","ideal",0,51,0
317113,"individualism","ideal",0,50,0
317113,"justice","ideal",0,51,0
317113,"happiness","ideal",0,47,0
317113,"arms","ideal",0,48,0
317113,"tolerance","ideal",0,47,0
791747,"democracy","paper",21,93,19.53
791747,"equality","paper",21,85,17.85
791747,"freedom","paper",19,83,15.77
791747,"individualism","paper",11,68,7.48
791747,"justice","paper",13,78,10.14
791747,"happiness","paper",6,63,3.78
791747,"arms","paper",3,83,2.49
791747,"tolerance","paper",6,91,5.46
791747,"democracy","ideal",23,93,21.39
791747,"equality","ideal",17,85,14.45
791747,"freedom","ideal",19,83,15.77
791747,"individualism","ideal",17,68,11.56
791747,"justice","ideal",15,78,11.7
791747,"happiness","ideal",4,63,2.52
791747,"arms","ideal",0,83,0
791747,"tolerance","ideal",5,91,4.55
758111,"democracy","paper",20,60,12
758111,"equality","paper",10,82,8.2
758111,"freedom","paper",30,73,21.9
758111,"individualism","paper",0,5,0
758111,"justice","paper",10,50,5
758111,"happiness","paper",15,36,5.4
758111,"arms","paper",10,53,5.3
758111,"tolerance","paper",5,5,0.25
758111,"democracy","ideal",20,60,12
758111,"equality","ideal",20,82,16.4
758111,"freedom","ideal",20,73,14.6
758111,"individualism","ideal",0,5,0
758111,"justice","ideal",10,50,5
758111,"happiness","ideal",15,36,5.4
758111,"arms","ideal",0,53,0
758111,"tolerance","ideal",15,5,0.75
395640,"democracy","paper",0,8,0
395640,"equality","paper",0,22,0
395640,"freedom","paper",52,15,7.8
395640,"individualism","paper",21,9,1.89
395640,"justice","paper",6,11,0.66
395640,"happiness","paper",3,0,0
395640,"arms","paper",18,0,0
395640,"tolerance","paper",0,3,0
395640,"democracy","ideal",0,8,0
395640,"equality","ideal",0,22,0
395640,"freedom","ideal",58,15,8.7
395640,"individualism","ideal",17,9,1.53
395640,"justice","ideal",0,11,0
395640,"happiness","ideal",9,0,0
395640,"arms","ideal",16,0,0
395640,"tolerance","ideal",0,3,0
489607,"democracy","paper",20,65,13
489607,"equality","paper",15,40,6
489607,"freedom","paper",12,65,7.8
489607,"individualism","paper",10,70,7
489607,"justice","paper",13,22,2.86
489607,"happiness","paper",10,50,5
489607,"arms","paper",0,35,0
489607,"tolerance","paper",20,31,6.2
489607,"democracy","ideal",15,65,9.75
489607,"equality","ideal",22,40,8.8
489607,"freedom","ideal",10,65,6.5
489607,"individualism","ideal",18,70,12.6
489607,"justice","ideal",13,22,2.86
489607,"happiness","ideal",7,50,3.5
489607,"arms","ideal",0,35,0
489607,"tolerance","ideal",15,31,4.65
347662,"democracy","paper",20,75,15
347662,"equality","paper",20,57,11.4
347662,"freedom","paper",20,74,14.8
347662,"individualism","paper",2,90,1.8
347662,"justice","paper",10,63,6.3
347662,"happiness","paper",8,60,4.8
347662,"arms","paper",10,98,9.8
347662,"tolerance","paper",10,56,5.6
347662,"democracy","ideal",20,75,15
347662,"equality","ideal",30,57,17.1
347662,"freedom","ideal",20,74,14.8
347662,"individualism","ideal",5,90,4.5
347662,"justice","ideal",10,63,6.3
347662,"happiness","ideal",5,60,3
347662,"arms","ideal",3,98,2.94
347662,"tolerance","ideal",7,56,3.92
680595,"democracy","paper",31,61,18.91
680595,"equality","paper",4,31,1.24
680595,"freedom","paper",14,50,7
680595,"individualism","paper",5,69,3.45
680595,"justice","paper",20,48,9.6
680595,"happiness","paper",21,78,16.38
680595,"arms","paper",5,75,3.75
680595,"tolerance","paper",0,22,0
680595,"democracy","ideal",17,61,10.37
680595,"equality","ideal",17,31,5.27
680595,"freedom","ideal",20,50,10
680595,"individualism","ideal",5,69,3.45
680595,"justice","ideal",16,48,7.68
680595,"happiness","ideal",8,78,6.24
680595,"arms","ideal",2,75,1.5
680595,"tolerance","ideal",15,22,3.3
635814,"democracy","paper",10,11,1.1
635814,"equality","paper",2,22,0.44
635814,"freedom","paper",25,73,18.25
635814,"individualism","paper",7,8,0.56
635814,"justice","paper",33,66,21.78
635814,"happiness","paper",16,56,8.96
635814,"arms","paper",7,28,1.96
635814,"tolerance","paper",0,50,0
635814,"democracy","ideal",9,11,0.99
635814,"equality","ideal",4,22,0.88
635814,"freedom","ideal",36,73,26.28
635814,"individualism","ideal",16,8,1.28
635814,"justice","ideal",27,66,17.82
635814,"happiness","ideal",4,56,2.24
635814,"arms","ideal",4,28,1.12
635814,"tolerance","ideal",0,50,0
191750,"democracy","paper",17,55,9.35
191750,"equality","paper",16,60,9.6
191750,"freedom","paper",18,80,14.4
191750,"individualism","paper",7,75,5.25
191750,"justice","paper",13,50,6.5
191750,"happiness","paper",12,45,5.4
191750,"arms","paper",10,70,7
191750,"tolerance","paper",7,70,4.9
191750,"democracy","ideal",14,55,7.7
191750,"equality","ideal",15,60,9
191750,"freedom","ideal",15,80,12
191750,"individualism","ideal",11,75,8.25
191750,"justice","ideal",15,50,7.5
191750,"happiness","ideal",13,45,5.85
191750,"arms","ideal",4,70,2.8
191750,"tolerance","ideal",13,70,9.1
757093,"democracy","paper",5,20,1
757093,"equality","paper",0,15,0
757093,"freedom","paper",5,30,1.5
757093,"individualism","paper",5,20,1
757093,"justice","paper",10,40,4
757093,"happiness","paper",20,50,10
757093,"arms","paper",35,70,24.5
757093,"tolerance","paper",20,64,12.8
757093,"democracy","ideal",10,20,2
757093,"equality","ideal",15,15,2.25
757093,"freedom","ideal",20,30,6
757093,"individualism","ideal",10,20,2
757093,"justice","ideal",15,40,6
757093,"happiness","ideal",15,50,7.5
757093,"arms","ideal",15,70,10.5
757093,"tolerance","ideal",0,64,0
156243,"democracy","paper",18,100,18
156243,"equality","paper",12,100,12
156243,"freedom","paper",32,100,32
156243,"individualism","paper",10,84,8.4
156243,"justice","paper",14,92,12.88
156243,"happiness","paper",12,79,9.48
156243,"arms","paper",2,65,1.3
156243,"tolerance","paper",0,50,0
156243,"democracy","ideal",32,100,32
156243,"equality","ideal",18,100,18
156243,"freedom","ideal",19,100,19
156243,"individualism","ideal",10,84,8.4
156243,"justice","ideal",15,92,13.8
156243,"happiness","ideal",3,79,2.37
156243,"arms","ideal",2,65,1.3
156243,"tolerance","ideal",1,50,0.5
914255,"democracy","paper",20,45,9
914255,"equality","paper",10,15,1.5
914255,"freedom","paper",20,65,13
914255,"individualism","paper",10,60,6
914255,"justice","paper",10,35,3.5
914255,"happiness","paper",5,30,1.5
914255,"arms","paper",15,80,12
914255,"tolerance","paper",10,40,4
914255,"democracy","ideal",20,45,9
914255,"equality","ideal",20,15,3
914255,"freedom","ideal",20,65,13
914255,"individualism","ideal",5,60,3
914255,"justice","ideal",10,35,3.5
914255,"happiness","ideal",15,30,4.5
914255,"arms","ideal",5,80,4
914255,"tolerance","ideal",5,40,2
989671,"democracy","paper",13,66,8.58
989671,"equality","paper",12,49,5.88
989671,"freedom","paper",13,60,7.8
989671,"individualism","paper",12,86,10.32
989671,"justice","paper",13,44,5.72
989671,"happiness","paper",13,58,7.54
989671,"arms","paper",12,83,9.96
989671,"tolerance","paper",12,51,6.12
989671,"democracy","ideal",13,66,8.58
989671,"equality","ideal",13,49,6.37
989671,"freedom","ideal",13,60,7.8
989671,"individualism","ideal",13,86,11.18
989671,"justice","ideal",12,44,5.28
989671,"happiness","ideal",12,58,6.96
989671,"arms","ideal",12,83,9.96
989671,"tolerance","ideal",12,51,6.12
736994,"democracy","paper",20,80,16
736994,"equality","paper",15,36,5.4
736994,"freedom","paper",8,90,7.2
736994,"individualism","paper",0,100,0
736994,"justice","paper",8,80,6.4
736994,"happiness","paper",29,15,4.35
736994,"arms","paper",0,0,0
736994,"tolerance","paper",20,50,10
736994,"democracy","ideal",5,80,4
736994,"equality","ideal",20,36,7.2
736994,"freedom","ideal",5,90,4.5
736994,"individualism","ideal",0,100,0
736994,"justice","ideal",5,80,4
736994,"happiness","ideal",50,15,7.5
736994,"arms","ideal",0,0,0
736994,"tolerance","ideal",15,50,7.5
634138,"democracy","paper",15,70,10.5
634138,"equality","paper",15,45,6.75
634138,"freedom","paper",35,55,19.25
634138,"individualism","paper",5,50,2.5
634138,"justice","paper",15,20,3
634138,"happiness","paper",5,30,1.5
634138,"arms","paper",5,60,3
634138,"tolerance","paper",5,25,1.25
634138,"democracy","ideal",10,70,7
634138,"equality","ideal",15,45,6.75
634138,"freedom","ideal",30,55,16.5
634138,"individualism","ideal",10,50,5
634138,"justice","ideal",20,20,4
634138,"happiness","ideal",10,30,3
634138,"arms","ideal",0,60,0
634138,"tolerance","ideal",5,25,1.25
871698,"democracy","paper",39,50,19.5
871698,"equality","paper",25,40,10
871698,"freedom","paper",2,25,0.5
871698,"individualism","paper",5,6,0.3
871698,"justice","paper",5,5,0.25
871698,"happiness","paper",5,15,0.75
871698,"arms","paper",10,15,1.5
871698,"tolerance","paper",9,15,1.35
871698,"democracy","ideal",10,50,5
871698,"equality","ideal",20,40,8
871698,"freedom","ideal",25,25,6.25
871698,"individualism","ideal",10,6,0.6
871698,"justice","ideal",15,5,0.75
871698,"happiness","ideal",15,15,2.25
871698,"arms","ideal",0,15,0
871698,"tolerance","ideal",5,15,0.75
768538,"democracy","paper",31,84,26.04
768538,"equality","paper",10,60,6
768538,"freedom","paper",19,87,16.53
768538,"individualism","paper",5,38,1.9
768538,"justice","paper",13,74,9.62
768538,"happiness","paper",10,92,9.2
768538,"arms","paper",2,22,0.44
768538,"tolerance","paper",10,88,8.8
768538,"democracy","ideal",25,84,21
768538,"equality","ideal",18,60,10.8
768538,"freedom","ideal",13,87,11.31
768538,"individualism","ideal",3,38,1.14
768538,"justice","ideal",20,74,14.8
768538,"happiness","ideal",10,92,9.2
768538,"arms","ideal",0,22,0
768538,"tolerance","ideal",11,88,9.68
259128,"democracy","paper",10,35,3.5
259128,"equality","paper",5,10,0.5
259128,"freedom","paper",15,35,5.25
259128,"individualism","paper",30,45,13.5
259128,"justice","paper",10,15,1.5
259128,"happiness","paper",5,25,1.25
259128,"arms","paper",20,50,10
259128,"tolerance","paper",5,15,0.75
259128,"democracy","ideal",15,35,5.25
259128,"equality","ideal",20,10,2
259128,"freedom","ideal",15,35,5.25
259128,"individualism","ideal",10,45,4.5
259128,"justice","ideal",15,15,2.25
259128,"happiness","ideal",10,25,2.5
259128,"arms","ideal",0,50,0
259128,"tolerance","ideal",15,15,2.25
450203,"democracy","paper",13,71,9.23
450203,"equality","paper",19,54,10.26
450203,"freedom","paper",23,75,17.25
450203,"individualism","paper",6,56,3.36
450203,"justice","paper",15,42,6.3
450203,"happiness","paper",12,64,7.68
450203,"arms","paper",3,30,0.9
450203,"tolerance","paper",9,45,4.05
450203,"democracy","ideal",15,71,10.65
450203,"equality","ideal",17,54,9.18
450203,"freedom","ideal",20,75,15
450203,"individualism","ideal",9,56,5.04
450203,"justice","ideal",14,42,5.88
450203,"happiness","ideal",13,64,8.32
450203,"arms","ideal",2,30,0.6
450203,"tolerance","ideal",10,45,4.5
333128,"democracy","paper",29,81,23.49
333128,"equality","paper",18,72,12.96
333128,"freedom","paper",12,85,10.2
333128,"individualism","paper",16,89,14.24
333128,"justice","paper",12,84,10.08
333128,"happiness","paper",8,69,5.52
333128,"arms","paper",5,60,3
333128,"tolerance","paper",0,68,0
333128,"democracy","ideal",23,81,18.63
333128,"equality","ideal",20,72,14.4
333128,"freedom","ideal",12,85,10.2
333128,"individualism","ideal",13,89,11.57
333128,"justice","ideal",9,84,7.56
333128,"happiness","ideal",14,69,9.66
333128,"arms","ideal",9,60,5.4
333128,"tolerance","ideal",0,68,0
906894,"democracy","paper",10,50,5
906894,"equality","paper",20,40,8
906894,"freedom","paper",20,40,8
906894,"individualism","paper",5,30,1.5
906894,"justice","paper",20,40,8
906894,"happiness","paper",15,50,7.5
906894,"arms","paper",5,50,2.5
906894,"tolerance","paper",5,40,2
906894,"democracy","ideal",15,50,7.5
906894,"equality","ideal",15,40,6
906894,"freedom","ideal",15,40,6
906894,"individualism","ideal",5,30,1.5
906894,"justice","ideal",30,40,12
906894,"happiness","ideal",10,50,5
906894,"arms","ideal",5,50,2.5
906894,"tolerance","ideal",5,40,2
671163,"democracy","paper",10,10,1
671163,"equality","paper",1,10,0.1
671163,"freedom","paper",2,10,0.2
671163,"individualism","paper",5,10,0.5
671163,"justice","paper",1,1,0.01
671163,"happiness","paper",1,5,0.05
671163,"arms","paper",79,100,79
671163,"tolerance","paper",1,10,0.1
671163,"democracy","ideal",24,10,2.4
671163,"equality","ideal",15,10,1.5
671163,"freedom","ideal",20,10,2
671163,"individualism","ideal",9,10,0.9
671163,"justice","ideal",10,1,0.1
671163,"happiness","ideal",6,5,0.3
671163,"arms","ideal",1,100,1
671163,"tolerance","ideal",15,10,1.5
871542,"democracy","paper",36,64,23.04
871542,"equality","paper",11,23,2.53
871542,"freedom","paper",7,8,0.56
871542,"individualism","paper",8,15,1.2
871542,"justice","paper",14,13,1.82
871542,"happiness","paper",2,24,0.48
871542,"arms","paper",14,34,4.76
871542,"tolerance","paper",8,20,1.6
871542,"democracy","ideal",22,64,14.08
871542,"equality","ideal",0,23,0
871542,"freedom","ideal",0,8,0
871542,"individualism","ideal",18,15,2.7
871542,"justice","ideal",1,13,0.13
871542,"happiness","ideal",21,24,5.04
871542,"arms","ideal",24,34,8.16
871542,"tolerance","ideal",14,20,2.8
644579,"democracy","paper",30,71,21.3
644579,"equality","paper",10,60,6
644579,"freedom","paper",30,90,27
644579,"individualism","paper",0,70,0
644579,"justice","paper",10,60,6
644579,"happiness","paper",10,70,7
644579,"arms","paper",5,50,2.5
644579,"tolerance","paper",5,60,3
644579,"democracy","ideal",20,71,14.2
644579,"equality","ideal",20,60,12
644579,"freedom","ideal",20,90,18
644579,"individualism","ideal",10,70,7
644579,"justice","ideal",0,60,0
644579,"happiness","ideal",10,70,7
644579,"arms","ideal",0,50,0
644579,"tolerance","ideal",20,60,12
231971,"democracy","paper",0,20,0
231971,"equality","paper",30,20,6
231971,"freedom","paper",30,50,15
231971,"individualism","paper",5,75,3.75
231971,"justice","paper",35,1,0.35
231971,"happiness","paper",0,30,0
231971,"arms","paper",0,50,0
231971,"tolerance","paper",0,35,0
231971,"democracy","ideal",10,20,2
231971,"equality","ideal",19,20,3.8
231971,"freedom","ideal",19,50,9.5
231971,"individualism","ideal",12,75,9
231971,"justice","ideal",25,1,0.25
231971,"happiness","ideal",5,30,1.5
231971,"arms","ideal",0,50,0
231971,"tolerance","ideal",10,35,3.5
242320,"democracy","paper",30,45,13.5
242320,"equality","paper",20,65,13
242320,"freedom","paper",18,83,14.94
242320,"individualism","paper",10,96,9.6
242320,"justice","paper",5,55,2.75
242320,"happiness","paper",5,80,4
242320,"arms","paper",4,57,2.28
242320,"tolerance","paper",8,67,5.36
242320,"democracy","ideal",27,45,12.15
242320,"equality","ideal",16,65,10.4
242320,"freedom","ideal",10,83,8.3
242320,"individualism","ideal",18,96,17.28
242320,"justice","ideal",10,55,5.5
242320,"happiness","ideal",11,80,8.8
242320,"arms","ideal",5,57,2.85
242320,"tolerance","ideal",3,67,2.01
153622,"democracy","paper",30,80,24
153622,"equality","paper",20,35,7
153622,"freedom","paper",15,60,9
153622,"individualism","paper",5,50,2.5
153622,"justice","paper",10,65,6.5
153622,"happiness","paper",10,60,6
153622,"arms","paper",3,50,1.5
153622,"tolerance","paper",7,60,4.2
153622,"democracy","ideal",30,80,24
153622,"equality","ideal",30,35,10.5
153622,"freedom","ideal",10,60,6
153622,"individualism","ideal",5,50,2.5
153622,"justice","ideal",14,65,9.1
153622,"happiness","ideal",5,60,3
153622,"arms","ideal",1,50,0.5
153622,"tolerance","ideal",5,60,3
226020,"democracy","paper",30,70,21
226020,"equality","paper",23,40,9.2
226020,"freedom","paper",15,65,9.75
226020,"individualism","paper",5,40,2
226020,"justice","paper",7,60,4.2
226020,"happiness","paper",5,50,2.5
226020,"arms","paper",10,40,4
226020,"tolerance","paper",5,41,2.05
226020,"democracy","ideal",25,70,17.5
226020,"equality","ideal",25,40,10
226020,"freedom","ideal",25,65,16.25
226020,"individualism","ideal",5,40,2
226020,"justice","ideal",10,60,6
226020,"happiness","ideal",5,50,2.5
226020,"arms","ideal",0,40,0
226020,"tolerance","ideal",5,41,2.05
332675,"democracy","paper",10,24,2.4
332675,"equality","paper",23,17,3.91
332675,"freedom","paper",18,12,2.16
332675,"individualism","paper",15,18,2.7
332675,"justice","paper",11,41,4.51
332675,"happiness","paper",8,14,1.12
332675,"arms","paper",10,17,1.7
332675,"tolerance","paper",5,13,0.65
332675,"democracy","ideal",9,24,2.16
332675,"equality","ideal",7,17,1.19
332675,"freedom","ideal",14,12,1.68
332675,"individualism","ideal",11,18,1.98
332675,"justice","ideal",9,41,3.69
332675,"happiness","ideal",4,14,0.56
332675,"arms","ideal",14,17,2.38
332675,"tolerance","ideal",32,13,4.16
604549,"democracy","paper",5,70,3.5
604549,"equality","paper",20,70,14
604549,"freedom","paper",40,100,40
604549,"individualism","paper",5,50,2.5
604549,"justice","paper",10,70,7
604549,"happiness","paper",10,100,10
604549,"arms","paper",5,100,5
604549,"tolerance","paper",5,70,3.5
604549,"democracy","ideal",2,70,1.4
604549,"equality","ideal",25,70,17.5
604549,"freedom","ideal",30,100,30
604549,"individualism","ideal",7,50,3.5
604549,"justice","ideal",10,70,7
604549,"happiness","ideal",10,100,10
604549,"arms","ideal",1,100,1
604549,"tolerance","ideal",15,70,10.5
324991,"democracy","paper",20,96,19.2
324991,"equality","paper",20,90,18
324991,"freedom","paper",21,97,20.37
324991,"individualism","paper",6,85,5.1
324991,"justice","paper",14,89,12.46
324991,"happiness","paper",11,98,10.78
324991,"arms","paper",3,39,1.17
324991,"tolerance","paper",5,88,4.4
324991,"democracy","ideal",17,96,16.32
324991,"equality","ideal",17,90,15.3
324991,"freedom","ideal",20,97,19.4
324991,"individualism","ideal",12,85,10.2
324991,"justice","ideal",14,89,12.46
324991,"happiness","ideal",17,98,16.66
324991,"arms","ideal",0,39,0
324991,"tolerance","ideal",3,88,2.64
858688,"democracy","paper",18,89,16.02
858688,"equality","paper",18,82,14.76
858688,"freedom","paper",18,85,15.3
858688,"individualism","paper",4,85,3.4
858688,"justice","paper",18,80,14.4
858688,"happiness","paper",12,72,8.64
858688,"arms","paper",12,80,9.6
858688,"tolerance","paper",0,89,0
858688,"democracy","ideal",15,89,13.35
858688,"equality","ideal",15,82,12.3
858688,"freedom","ideal",15,85,12.75
858688,"individualism","ideal",7,85,5.95
858688,"justice","ideal",15,80,12
858688,"happiness","ideal",15,72,10.8
858688,"arms","ideal",4,80,3.2
858688,"tolerance","ideal",14,89,12.46
329773,"democracy","paper",23,70,16.1
329773,"equality","paper",5,30,1.5
329773,"freedom","paper",17,79,13.43
329773,"individualism","paper",23,96,22.08
329773,"justice","paper",2,25,0.5
329773,"happiness","paper",0,10,0
329773,"arms","paper",25,89,22.25
329773,"tolerance","paper",5,20,1
329773,"democracy","ideal",13,70,9.1
329773,"equality","ideal",24,30,7.2
329773,"freedom","ideal",11,79,8.69
329773,"individualism","ideal",3,96,2.88
329773,"justice","ideal",24,25,6
329773,"happiness","ideal",0,10,0
329773,"arms","ideal",0,89,0
329773,"tolerance","ideal",25,20,5
248794,"democracy","paper",25,10,2.5
248794,"equality","paper",10,1,0.1
248794,"freedom","paper",25,1,0.25
248794,"individualism","paper",5,30,1.5
248794,"justice","paper",10,3,0.3
248794,"happiness","paper",10,2,0.2
248794,"arms","paper",12,89,10.68
248794,"tolerance","paper",3,5,0.15
248794,"democracy","ideal",25,10,2.5
248794,"equality","ideal",25,1,0.25
248794,"freedom","ideal",30,1,0.3
248794,"individualism","ideal",0,30,0
248794,"justice","ideal",10,3,0.3
248794,"happiness","ideal",10,2,0.2
248794,"arms","ideal",0,89,0
248794,"tolerance","ideal",0,5,0
867063,"democracy","paper",23,75,17.25
867063,"equality","paper",19,55,10.45
867063,"freedom","paper",21,53,11.13
867063,"individualism","paper",14,70,9.8
867063,"justice","paper",7,55,3.85
867063,"happiness","paper",7,62,4.34
867063,"arms","paper",9,53,4.77
867063,"tolerance","paper",0,69,0
867063,"democracy","ideal",27,75,20.25
867063,"equality","ideal",16,55,8.8
867063,"freedom","ideal",37,53,19.61
867063,"individualism","ideal",20,70,14
867063,"justice","ideal",0,55,0
867063,"happiness","ideal",0,62,0
867063,"arms","ideal",0,53,0
867063,"tolerance","ideal",0,69,0
462540,"democracy","paper",47,79,37.13
462540,"equality","paper",53,65,34.45
462540,"freedom","paper",0,67,0
462540,"individualism","paper",0,87,0
462540,"justice","paper",0,62,0
462540,"happiness","paper",0,72,0
462540,"arms","paper",0,51,0
462540,"tolerance","paper",0,49,0
462540,"democracy","ideal",75,79,59.25
462540,"equality","ideal",25,65,16.25
462540,"freedom","ideal",0,67,0
462540,"individualism","ideal",0,87,0
462540,"justice","ideal",0,62,0
462540,"happiness","ideal",0,72,0
462540,"arms","ideal",0,51,0
462540,"tolerance","ideal",0,49,0
160108,"democracy","paper",15,81,12.15
160108,"equality","paper",15,75,11.25
160108,"freedom","paper",20,82,16.4
160108,"individualism","paper",10,95,9.5
160108,"justice","paper",10,66,6.6
160108,"happiness","paper",10,67,6.7
160108,"arms","paper",10,52,5.2
160108,"tolerance","paper",10,40,4
160108,"democracy","ideal",15,81,12.15
160108,"equality","ideal",20,75,15
160108,"freedom","ideal",15,82,12.3
160108,"individualism","ideal",10,95,9.5
160108,"justice","ideal",10,66,6.6
160108,"happiness","ideal",20,67,13.4
160108,"arms","ideal",0,52,0
160108,"tolerance","ideal",10,40,4
940526,"democracy","paper",30,30,9
940526,"equality","paper",6,4,0.24
940526,"freedom","paper",20,25,5
940526,"individualism","paper",2,80,1.6
940526,"justice","paper",20,7,1.4
940526,"happiness","paper",10,12,1.2
940526,"arms","paper",5,86,4.3
940526,"tolerance","paper",7,6,0.42
940526,"democracy","ideal",30,30,9
940526,"equality","ideal",8,4,0.32
940526,"freedom","ideal",13,25,3.25
940526,"individualism","ideal",4,80,3.2
940526,"justice","ideal",17,7,1.19
940526,"happiness","ideal",13,12,1.56
940526,"arms","ideal",5,86,4.3
940526,"tolerance","ideal",10,6,0.6
351490,"democracy","paper",7,67,4.69
351490,"equality","paper",21,80,16.8
351490,"freedom","paper",21,78,16.38
351490,"individualism","paper",6,73,4.38
351490,"justice","paper",27,83,22.41
351490,"happiness","paper",14,78,10.92
351490,"arms","paper",2,88,1.76
351490,"tolerance","paper",2,70,1.4
351490,"democracy","ideal",13,67,8.71
351490,"equality","ideal",17,80,13.6
351490,"freedom","ideal",17,78,13.26
351490,"individualism","ideal",3,73,2.19
351490,"justice","ideal",18,83,14.94
351490,"happiness","ideal",15,78,11.7
351490,"arms","ideal",10,88,8.8
351490,"tolerance","ideal",7,70,4.9
392644,"democracy","paper",8,10,0.8
392644,"equality","paper",0,25,0
392644,"freedom","paper",51,25,12.75
392644,"individualism","paper",0,26,0
392644,"justice","paper",13,11,1.43
392644,"happiness","paper",25,32,8
392644,"arms","paper",3,40,1.2
392644,"tolerance","paper",0,22,0
392644,"democracy","ideal",26,10,2.6
392644,"equality","ideal",44,25,11
392644,"freedom","ideal",16,25,4
392644,"individualism","ideal",0,26,0
392644,"justice","ideal",9,11,0.99
392644,"happiness","ideal",5,32,1.6
392644,"arms","ideal",0,40,0
392644,"tolerance","ideal",0,22,0
165911,"democracy","paper",20,10,2
165911,"equality","paper",30,15,4.5
165911,"freedom","paper",20,20,4
165911,"individualism","paper",8,30,2.4
165911,"justice","paper",9,4,0.36
165911,"happiness","paper",10,15,1.5
165911,"arms","paper",0,80,0
165911,"tolerance","paper",3,50,1.5
165911,"democracy","ideal",12,10,1.2
165911,"equality","ideal",30,15,4.5
165911,"freedom","ideal",27,20,5.4
165911,"individualism","ideal",3,30,0.9
165911,"justice","ideal",14,4,0.56
165911,"happiness","ideal",14,15,2.1
165911,"arms","ideal",0,80,0
165911,"tolerance","ideal",0,50,0
713212,"democracy","paper",0,0,0
713212,"equality","paper",0,0,0
713212,"freedom","paper",3,4,0.12
713212,"individualism","paper",0,1,0
713212,"justice","paper",0,1,0
713212,"happiness","paper",0,1,0
713212,"arms","paper",97,98,95.06
713212,"tolerance","paper",0,1,0
713212,"democracy","ideal",26,0,0
713212,"equality","ideal",28,0,0
713212,"freedom","ideal",12,4,0.48
713212,"individualism","ideal",8,1,0.08
713212,"justice","ideal",9,1,0.09
713212,"happiness","ideal",6,1,0.06
713212,"arms","ideal",4,98,3.92
713212,"tolerance","ideal",7,1,0.07
454663,"democracy","paper",38,46,17.48
454663,"equality","paper",0,87,0
454663,"freedom","paper",29,100,29
454663,"individualism","paper",0,64,0
454663,"justice","paper",0,47,0
454663,"happiness","paper",0,35,0
454663,"arms","paper",33,85,28.05
454663,"tolerance","paper",0,30,0
454663,"democracy","ideal",59,46,27.14
454663,"equality","ideal",0,87,0
454663,"freedom","ideal",35,100,35
454663,"individualism","ideal",0,64,0
454663,"justice","ideal",0,47,0
454663,"happiness","ideal",6,35,2.1
454663,"arms","ideal",0,85,0
454663,"tolerance","ideal",0,30,0
176577,"democracy","paper",30,65,19.5
176577,"equality","paper",15,80,12
176577,"freedom","paper",10,75,7.5
176577,"individualism","paper",6,85,5.1
176577,"justice","paper",15,86,12.9
176577,"happiness","paper",15,39,5.85
176577,"arms","paper",4,96,3.84
176577,"tolerance","paper",5,80,4
176577,"democracy","ideal",24,65,15.6
176577,"equality","ideal",10,80,8
176577,"freedom","ideal",24,75,18
176577,"individualism","ideal",10,85,8.5
176577,"justice","ideal",10,86,8.6
176577,"happiness","ideal",10,39,3.9
176577,"arms","ideal",10,96,9.6
176577,"tolerance","ideal",2,80,1.6
261618,"democracy","paper",20,80,16
261618,"equality","paper",15,74,11.1
261618,"freedom","paper",15,70,10.5
261618,"individualism","paper",7,89,6.23
261618,"justice","paper",12,79,9.48
261618,"happiness","paper",12,93,11.16
261618,"arms","paper",10,51,5.1
261618,"tolerance","paper",9,63,5.67
261618,"democracy","ideal",18,80,14.4
261618,"equality","ideal",15,74,11.1
261618,"freedom","ideal",13,70,9.1
261618,"individualism","ideal",12,89,10.68
261618,"justice","ideal",15,79,11.85
261618,"happiness","ideal",12,93,11.16
261618,"arms","ideal",5,51,2.55
261618,"tolerance","ideal",10,63,6.3
617896,"democracy","paper",20,87,17.4
617896,"equality","paper",15,71,10.65
617896,"freedom","paper",12,75,9
617896,"individualism","paper",7,75,5.25
617896,"justice","paper",12,65,7.8
617896,"happiness","paper",12,76,9.12
617896,"arms","paper",13,30,3.9
617896,"tolerance","paper",9,65,5.85
617896,"democracy","ideal",18,87,15.66
617896,"equality","ideal",15,71,10.65
617896,"freedom","ideal",13,75,9.75
617896,"individualism","ideal",12,75,9
617896,"justice","ideal",15,65,9.75
617896,"happiness","ideal",12,76,9.12
617896,"arms","ideal",5,30,1.5
617896,"tolerance","ideal",10,65,6.5
610022,"democracy","paper",18,31,5.58
610022,"equality","paper",10,37,3.7
610022,"freedom","paper",25,78,19.5
610022,"individualism","paper",3,91,2.73
610022,"justice","paper",12,48,5.76
610022,"happiness","paper",17,37,6.29
610022,"arms","paper",10,75,7.5
610022,"tolerance","paper",5,26,1.3
610022,"democracy","ideal",16,31,4.96
610022,"equality","ideal",17,37,6.29
610022,"freedom","ideal",7,78,5.46
610022,"individualism","ideal",0,91,0
610022,"justice","ideal",20,48,9.6
610022,"happiness","ideal",20,37,7.4
610022,"arms","ideal",0,75,0
610022,"tolerance","ideal",20,26,5.2
181734,"democracy","paper",0,1,0
181734,"equality","paper",0,5,0
181734,"freedom","paper",0,0,0
181734,"individualism","paper",70,30,21
181734,"justice","paper",0,0,0
181734,"happiness","paper",0,0,0
181734,"arms","paper",30,50,15
181734,"tolerance","paper",0,10,0
181734,"democracy","ideal",0,1,0
181734,"equality","ideal",20,5,1
181734,"freedom","ideal",0,0,0
181734,"individualism","ideal",10,30,3
181734,"justice","ideal",20,0,0
181734,"happiness","ideal",40,0,0
181734,"arms","ideal",0,50,0
181734,"tolerance","ideal",10,10,1
811935,"democracy","paper",34,39,13.26
811935,"equality","paper",9,10,0.9
811935,"freedom","paper",23,17,3.91
811935,"individualism","paper",4,9,0.36
811935,"justice","paper",19,22,4.18
811935,"happiness","paper",4,31,1.24
811935,"arms","paper",6,34,2.04
811935,"tolerance","paper",1,4,0.04
811935,"democracy","ideal",15,39,5.85
811935,"equality","ideal",5,10,0.5
811935,"freedom","ideal",25,17,4.25
811935,"individualism","ideal",10,9,0.9
811935,"justice","ideal",30,22,6.6
811935,"happiness","ideal",10,31,3.1
811935,"arms","ideal",5,34,1.7
811935,"tolerance","ideal",0,4,0
747260,"democracy","paper",15,6,0.9
747260,"equality","paper",5,3,0.15
747260,"freedom","paper",5,1,0.05
747260,"individualism","paper",10,9,0.9
747260,"justice","paper",5,9,0.45
747260,"happiness","paper",30,4,1.2
747260,"arms","paper",10,5,0.5
747260,"tolerance","paper",20,6,1.2
747260,"democracy","ideal",10,6,0.6
747260,"equality","ideal",15,3,0.45
747260,"freedom","ideal",20,1,0.2
747260,"individualism","ideal",5,9,0.45
747260,"justice","ideal",15,9,1.35
747260,"happiness","ideal",10,4,0.4
747260,"arms","ideal",15,5,0.75
747260,"tolerance","ideal",10,6,0.6
302818,"democracy","paper",26,73,18.98
302818,"equality","paper",26,48,12.48
302818,"freedom","paper",30,68,20.4
302818,"individualism","paper",0,78,0
302818,"justice","paper",18,60,10.8
302818,"happiness","paper",0,72,0
302818,"arms","paper",0,48,0
302818,"tolerance","paper",0,72,0
302818,"democracy","ideal",29,73,21.17
302818,"equality","ideal",23,48,11.04
302818,"freedom","ideal",16,68,10.88
302818,"individualism","ideal",18,78,14.04
302818,"justice","ideal",14,60,8.4
302818,"happiness","ideal",0,72,0
302818,"arms","ideal",0,48,0
302818,"tolerance","ideal",0,72,0
864570,"democracy","paper",8,8,0.64
864570,"equality","paper",7,19,1.33
864570,"freedom","paper",12,5,0.6
864570,"individualism","paper",37,37,13.69
864570,"justice","paper",0,6,0
864570,"happiness","paper",0,16,0
864570,"arms","paper",18,40,7.2
864570,"tolerance","paper",18,12,2.16
864570,"democracy","ideal",8,8,0.64
864570,"equality","ideal",20,19,3.8
864570,"freedom","ideal",17,5,0.85
864570,"individualism","ideal",4,37,1.48
864570,"justice","ideal",16,6,0.96
864570,"happiness","ideal",13,16,2.08
864570,"arms","ideal",20,40,8
864570,"tolerance","ideal",2,12,0.24
688952,"democracy","paper",14,85,11.9
688952,"equality","paper",13,42,5.46
688952,"freedom","paper",22,52,11.44
688952,"individualism","paper",3,26,0.78
688952,"justice","paper",16,84,13.44
688952,"happiness","paper",8,57,4.56
688952,"arms","paper",18,100,18
688952,"tolerance","paper",6,34,2.04
688952,"democracy","ideal",19,85,16.15
688952,"equality","ideal",15,42,6.3
688952,"freedom","ideal",17,52,8.84
688952,"individualism","ideal",9,26,2.34
688952,"justice","ideal",18,84,15.12
688952,"happiness","ideal",10,57,5.7
688952,"arms","ideal",0,100,0
688952,"tolerance","ideal",12,34,4.08
355518,"democracy","paper",21,28,5.88
355518,"equality","paper",11,9,0.99
355518,"freedom","paper",11,15,1.65
355518,"individualism","paper",7,11,0.77
355518,"justice","paper",17,13,2.21
355518,"happiness","paper",12,7,0.84
355518,"arms","paper",10,12,1.2
355518,"tolerance","paper",11,9,0.99
355518,"democracy","ideal",15,28,4.2
355518,"equality","ideal",14,9,1.26
355518,"freedom","ideal",15,15,2.25
355518,"individualism","ideal",11,11,1.21
355518,"justice","ideal",11,13,1.43
355518,"happiness","ideal",11,7,0.77
355518,"arms","ideal",11,12,1.32
355518,"tolerance","ideal",12,9,1.08
317699,"democracy","paper",5,39,1.95
317699,"equality","paper",10,50,5
317699,"freedom","paper",20,12,2.4
317699,"individualism","paper",5,79,3.95
317699,"justice","paper",30,9,2.7
317699,"happiness","paper",20,10,2
317699,"arms","paper",5,49,2.45
317699,"tolerance","paper",5,88,4.4
317699,"democracy","ideal",5,39,1.95
317699,"equality","ideal",5,50,2.5
317699,"freedom","ideal",15,12,1.8
317699,"individualism","ideal",5,79,3.95
317699,"justice","ideal",25,9,2.25
317699,"happiness","ideal",20,10,2
317699,"arms","ideal",25,49,12.25
317699,"tolerance","ideal",0,88,0
390680,"democracy","paper",19,62,11.78
390680,"equality","paper",21,32,6.72
390680,"freedom","paper",33,56,18.48
390680,"individualism","paper",0,69,0
390680,"justice","paper",22,89,19.58
390680,"happiness","paper",2,81,1.62
390680,"arms","paper",2,100,2
390680,"tolerance","paper",1,81,0.81
390680,"democracy","ideal",9,62,5.58
390680,"equality","ideal",20,32,6.4
390680,"freedom","ideal",32,56,17.92
390680,"individualism","ideal",11,69,7.59
390680,"justice","ideal",17,89,15.13
390680,"happiness","ideal",3,81,2.43
390680,"arms","ideal",0,100,0
390680,"tolerance","ideal",8,81,6.48
559573,"democracy","paper",15,64,9.6
559573,"equality","paper",2,35,0.7
559573,"freedom","paper",38,30,11.4
559573,"individualism","paper",12,14,1.68
559573,"justice","paper",12,25,3
559573,"happiness","paper",8,50,4
559573,"arms","paper",6,2,0.12
559573,"tolerance","paper",7,9,0.63
559573,"democracy","ideal",11,64,7.04
559573,"equality","ideal",18,35,6.3
559573,"freedom","ideal",14,30,4.2
559573,"individualism","ideal",16,14,2.24
559573,"justice","ideal",17,25,4.25
559573,"happiness","ideal",15,50,7.5
559573,"arms","ideal",0,2,0
559573,"tolerance","ideal",9,9,0.81
563590,"democracy","paper",20,72,14.4
563590,"equality","paper",5,22,1.1
563590,"freedom","paper",15,63,9.45
563590,"individualism","paper",10,20,2
563590,"justice","paper",10,74,7.4
563590,"happiness","paper",15,64,9.6
563590,"arms","paper",20,91,18.2
563590,"tolerance","paper",5,22,1.1
563590,"democracy","ideal",20,72,14.4
563590,"equality","ideal",20,22,4.4
563590,"freedom","ideal",15,63,9.45
563590,"individualism","ideal",5,20,1
563590,"justice","ideal",20,74,14.8
563590,"happiness","ideal",5,64,3.2
563590,"arms","ideal",5,91,4.55
563590,"tolerance","ideal",10,22,2.2
957186,"democracy","paper",7,46,3.22
957186,"equality","paper",1,59,0.59
957186,"freedom","paper",8,54,4.32
957186,"individualism","paper",5,50,2.5
957186,"justice","paper",43,38,16.34
957186,"happiness","paper",11,40,4.4
957186,"arms","paper",16,49,7.84
957186,"tolerance","paper",9,41,3.69
957186,"democracy","ideal",21,46,9.66
957186,"equality","ideal",6,59,3.54
957186,"freedom","ideal",13,54,7.02
957186,"individualism","ideal",14,50,7
957186,"justice","ideal",23,38,8.74
957186,"happiness","ideal",10,40,4
957186,"arms","ideal",10,49,4.9
957186,"tolerance","ideal",3,41,1.23
668795,"democracy","paper",5,20,1
668795,"equality","paper",5,11,0.55
668795,"freedom","paper",2,18,0.36
668795,"individualism","paper",3,18,0.54
668795,"justice","paper",5,10,0.5
668795,"happiness","paper",5,21,1.05
668795,"arms","paper",70,93,65.1
668795,"tolerance","paper",5,23,1.15
668795,"democracy","ideal",15,20,3
668795,"equality","ideal",30,11,3.3
668795,"freedom","ideal",15,18,2.7
668795,"individualism","ideal",5,18,0.9
668795,"justice","ideal",20,10,2
668795,"happiness","ideal",5,21,1.05
668795,"arms","ideal",5,93,4.65
668795,"tolerance","ideal",5,23,1.15
115381,"democracy","paper",14,47,6.58
115381,"equality","paper",12,62,7.44
115381,"freedom","paper",14,73,10.22
115381,"individualism","paper",11,52,5.72
115381,"justice","paper",12,20,2.4
115381,"happiness","paper",12,55,6.6
115381,"arms","paper",14,69,9.66
115381,"tolerance","paper",11,38,4.18
115381,"democracy","ideal",13,47,6.11
115381,"equality","ideal",12,62,7.44
115381,"freedom","ideal",13,73,9.49
115381,"individualism","ideal",12,52,6.24
115381,"justice","ideal",13,20,2.6
115381,"happiness","ideal",12,55,6.6
115381,"arms","ideal",13,69,8.97
115381,"tolerance","ideal",12,38,4.56
396293,"democracy","paper",20,35,7
396293,"equality","paper",20,52,10.4
396293,"freedom","paper",20,42,8.4
396293,"individualism","paper",10,44,4.4
396293,"justice","paper",10,56,5.6
396293,"happiness","paper",10,42,4.2
396293,"arms","paper",0,25,0
396293,"tolerance","paper",10,47,4.7
396293,"democracy","ideal",20,35,7
396293,"equality","ideal",20,52,10.4
396293,"freedom","ideal",20,42,8.4
396293,"individualism","ideal",10,44,4.4
396293,"justice","ideal",10,56,5.6
396293,"happiness","ideal",10,42,4.2
396293,"arms","ideal",0,25,0
396293,"tolerance","ideal",10,47,4.7
648942,"democracy","paper",36,20,7.2
648942,"equality","paper",5,6,0.3
648942,"freedom","paper",39,15,5.85
648942,"individualism","paper",5,20,1
648942,"justice","paper",5,5,0.25
648942,"happiness","paper",5,5,0.25
648942,"arms","paper",0,30,0
648942,"tolerance","paper",5,12,0.6
648942,"democracy","ideal",40,20,8
648942,"equality","ideal",10,6,0.6
648942,"freedom","ideal",15,15,2.25
648942,"individualism","ideal",10,20,2
648942,"justice","ideal",5,5,0.25
648942,"happiness","ideal",5,5,0.25
648942,"arms","ideal",0,30,0
648942,"tolerance","ideal",15,12,1.8
383209,"democracy","paper",30,39,11.7
383209,"equality","paper",20,10,2
383209,"freedom","paper",20,30,6
383209,"individualism","paper",5,11,0.55
383209,"justice","paper",10,25,2.5
383209,"happiness","paper",5,26,1.3
383209,"arms","paper",5,18,0.9
383209,"tolerance","paper",5,9,0.45
383209,"democracy","ideal",35,39,13.65
383209,"equality","ideal",10,10,1
383209,"freedom","ideal",15,30,4.5
383209,"individualism","ideal",5,11,0.55
383209,"justice","ideal",10,25,2.5
383209,"happiness","ideal",10,26,2.6
383209,"arms","ideal",10,18,1.8
383209,"tolerance","ideal",5,9,0.45
962073,"democracy","paper",52,98,50.96
962073,"equality","paper",10,88,8.8
962073,"freedom","paper",6,87,5.22
962073,"individualism","paper",7,87,6.09
962073,"justice","paper",6,89,5.34
962073,"happiness","paper",6,87,5.22
962073,"arms","paper",6,87,5.22
962073,"tolerance","paper",7,87,6.09
962073,"democracy","ideal",49,98,48.02
962073,"equality","ideal",7,88,6.16
962073,"freedom","ideal",8,87,6.96
962073,"individualism","ideal",9,87,7.83
962073,"justice","ideal",9,89,8.01
962073,"happiness","ideal",9,87,7.83
962073,"arms","ideal",5,87,4.35
962073,"tolerance","ideal",4,87,3.48
403502,"democracy","paper",15,10,1.5
403502,"equality","paper",20,10,2
403502,"freedom","paper",20,20,4
403502,"individualism","paper",5,30,1.5
403502,"justice","paper",30,20,6
403502,"happiness","paper",4,30,1.2
403502,"arms","paper",2,10,0.2
403502,"tolerance","paper",4,3,0.12
403502,"democracy","ideal",17,10,1.7
403502,"equality","ideal",19,10,1.9
403502,"freedom","ideal",14,20,2.8
403502,"individualism","ideal",16,30,4.8
403502,"justice","ideal",11,20,2.2
403502,"happiness","ideal",13,30,3.9
403502,"arms","ideal",0,10,0
403502,"tolerance","ideal",10,3,0.3
155472,"democracy","paper",25,90,22.5
155472,"equality","paper",15,60,9
155472,"freedom","paper",20,70,14
155472,"individualism","paper",7,75,5.25
155472,"justice","paper",10,70,7
155472,"happiness","paper",10,55,5.5
155472,"arms","paper",5,80,4
155472,"tolerance","paper",8,70,5.6
155472,"democracy","ideal",14,90,12.6
155472,"equality","ideal",14,60,8.4
155472,"freedom","ideal",14,70,9.8
155472,"individualism","ideal",11,75,8.25
155472,"justice","ideal",14,70,9.8
155472,"happiness","ideal",14,55,7.7
155472,"arms","ideal",5,80,4
155472,"tolerance","ideal",14,70,9.8
697765,"democracy","paper",25,9,2.25
697765,"equality","paper",5,3,0.15
697765,"freedom","paper",15,22,3.3
697765,"individualism","paper",15,60,9
697765,"justice","paper",10,3,0.3
697765,"happiness","paper",15,50,7.5
697765,"arms","paper",10,33,3.3
697765,"tolerance","paper",5,14,0.7
697765,"democracy","ideal",10,9,0.9
697765,"equality","ideal",20,3,0.6
697765,"freedom","ideal",15,22,3.3
697765,"individualism","ideal",15,60,9
697765,"justice","ideal",23,3,0.69
697765,"happiness","ideal",7,50,3.5
697765,"arms","ideal",10,33,3.3
697765,"tolerance","ideal",0,14,0
724867,"democracy","paper",11,38,4.18
724867,"equality","paper",15,12,1.8
724867,"freedom","paper",2,17,0.34
724867,"individualism","paper",30,24,7.2
724867,"justice","paper",10,7,0.7
724867,"happiness","paper",22,13,2.86
724867,"arms","paper",6,20,1.2
724867,"tolerance","paper",4,21,0.84
724867,"democracy","ideal",0,38,0
724867,"equality","ideal",26,12,3.12
724867,"freedom","ideal",18,17,3.06
724867,"individualism","ideal",0,24,0
724867,"justice","ideal",39,7,2.73
724867,"happiness","ideal",13,13,1.69
724867,"arms","ideal",4,20,0.8
724867,"tolerance","ideal",0,21,0
913577,"democracy","paper",32,37,11.84
913577,"equality","paper",17,15,2.55
913577,"freedom","paper",12,9,1.08
913577,"individualism","paper",7,61,4.27
913577,"justice","paper",0,9,0
913577,"happiness","paper",9,9,0.81
913577,"arms","paper",10,17,1.7
913577,"tolerance","paper",13,12,1.56
913577,"democracy","ideal",20,37,7.4
913577,"equality","ideal",0,15,0
913577,"freedom","ideal",2,9,0.18
913577,"individualism","ideal",4,61,2.44
913577,"justice","ideal",15,9,1.35
913577,"happiness","ideal",16,9,1.44
913577,"arms","ideal",26,17,4.42
913577,"tolerance","ideal",17,12,2.04
120410,"democracy","paper",24,54,12.96
120410,"equality","paper",13,40,5.2
120410,"freedom","paper",28,40,11.2
120410,"individualism","paper",3,66,1.98
120410,"justice","paper",16,25,4
120410,"happiness","paper",9,22,1.98
120410,"arms","paper",0,86,0
120410,"tolerance","paper",7,18,1.26
120410,"democracy","ideal",15,54,8.1
120410,"equality","ideal",18,40,7.2
120410,"freedom","ideal",20,40,8
120410,"individualism","ideal",9,66,5.94
120410,"justice","ideal",13,25,3.25
120410,"happiness","ideal",9,22,1.98
120410,"arms","ideal",0,86,0
120410,"tolerance","ideal",16,18,2.88
224897,"democracy","paper",20,82,16.4
224897,"equality","paper",18,62,11.16
224897,"freedom","paper",14,93,13.02
224897,"individualism","paper",12,71,8.52
224897,"justice","paper",12,67,8.04
224897,"happiness","paper",14,80,11.2
224897,"arms","paper",0,93,0
224897,"tolerance","paper",10,30,3
224897,"democracy","ideal",20,82,16.4
224897,"equality","ideal",19,62,11.78
224897,"freedom","ideal",19,93,17.67
224897,"individualism","ideal",13,71,9.23
224897,"justice","ideal",17,67,11.39
224897,"happiness","ideal",8,80,6.4
224897,"arms","ideal",0,93,0
224897,"tolerance","ideal",4,30,1.2
911611,"democracy","paper",33,26,8.58
911611,"equality","paper",14,14,1.96
911611,"freedom","paper",25,21,5.25
911611,"individualism","paper",9,5,0.45
911611,"justice","paper",4,7,0.28
911611,"happiness","paper",4,11,0.44
911611,"arms","paper",7,54,3.78
911611,"tolerance","paper",4,15,0.6
911611,"democracy","ideal",17,26,4.42
911611,"equality","ideal",17,14,2.38
911611,"freedom","ideal",17,21,3.57
911611,"individualism","ideal",11,5,0.55
911611,"justice","ideal",12,7,0.84
911611,"happiness","ideal",9,11,0.99
911611,"arms","ideal",3,54,1.62
911611,"tolerance","ideal",14,15,2.1
841435,"democracy","paper",23,62,14.26
841435,"equality","paper",9,58,5.22
841435,"freedom","paper",0,65,0
841435,"individualism","paper",0,61,0
841435,"justice","paper",20,66,13.2
841435,"happiness","paper",18,65,11.7
841435,"arms","paper",27,79,21.33
841435,"tolerance","paper",3,59,1.77
841435,"democracy","ideal",20,62,12.4
841435,"equality","ideal",10,58,5.8
841435,"freedom","ideal",8,65,5.2
841435,"individualism","ideal",0,61,0
841435,"justice","ideal",30,66,19.8
841435,"happiness","ideal",6,65,3.9
841435,"arms","ideal",20,79,15.8
841435,"tolerance","ideal",6,59,3.54
504524,"democracy","paper",18,46,8.28
504524,"equality","paper",18,28,5.04
504524,"freedom","paper",18,25,4.5
504524,"individualism","paper",12,16,1.92
504524,"justice","paper",13,14,1.82
504524,"happiness","paper",10,13,1.3
504524,"arms","paper",4,19,0.76
504524,"tolerance","paper",7,14,0.98
504524,"democracy","ideal",26,46,11.96
504524,"equality","ideal",17,28,4.76
504524,"freedom","ideal",12,25,3
504524,"individualism","ideal",17,16,2.72
504524,"justice","ideal",11,14,1.54
504524,"happiness","ideal",10,13,1.3
504524,"arms","ideal",1,19,0.19
504524,"tolerance","ideal",6,14,0.84
308439,"democracy","paper",19,14,2.66
308439,"equality","paper",5,3,0.15
308439,"freedom","paper",39,35,13.65
308439,"individualism","paper",24,16,3.84
308439,"justice","paper",3,4,0.12
308439,"happiness","paper",4,5,0.2
308439,"arms","paper",2,14,0.28
308439,"tolerance","paper",4,5,0.2
308439,"democracy","ideal",23,14,3.22
308439,"equality","ideal",22,3,0.66
308439,"freedom","ideal",15,35,5.25
308439,"individualism","ideal",9,16,1.44
308439,"justice","ideal",10,4,0.4
308439,"happiness","ideal",7,5,0.35
308439,"arms","ideal",0,14,0
308439,"tolerance","ideal",14,5,0.7
445472,"democracy","paper",23,97,22.31
445472,"equality","paper",7,79,5.53
445472,"freedom","paper",18,90,16.2
445472,"individualism","paper",6,65,3.9
445472,"justice","paper",14,71,9.94
445472,"happiness","paper",14,57,7.98
445472,"arms","paper",10,56,5.6
445472,"tolerance","paper",8,65,5.2
445472,"democracy","ideal",15,97,14.55
445472,"equality","ideal",10,79,7.9
445472,"freedom","ideal",16,90,14.4
445472,"individualism","ideal",10,65,6.5
445472,"justice","ideal",15,71,10.65
445472,"happiness","ideal",19,57,10.83
445472,"arms","ideal",10,56,5.6
445472,"tolerance","ideal",5,65,3.25
885920,"democracy","paper",12,60,7.2
885920,"equality","paper",9,32,2.88
885920,"freedom","paper",8,59,4.72
885920,"individualism","paper",33,93,30.69
885920,"justice","paper",6,15,0.9
885920,"happiness","paper",9,14,1.26
885920,"arms","paper",16,73,11.68
885920,"tolerance","paper",7,33,2.31
885920,"democracy","ideal",13,60,7.8
885920,"equality","ideal",15,32,4.8
885920,"freedom","ideal",13,59,7.67
885920,"individualism","ideal",6,93,5.58
885920,"justice","ideal",21,15,3.15
885920,"happiness","ideal",18,14,2.52
885920,"arms","ideal",7,73,5.11
885920,"tolerance","ideal",7,33,2.31
510591,"democracy","paper",15,67,10.05
510591,"equality","paper",10,45,4.5
510591,"freedom","paper",10,33,3.3
510591,"individualism","paper",10,19,1.9
510591,"justice","paper",10,36,3.6
510591,"happiness","paper",10,21,2.1
510591,"arms","paper",30,60,18
510591,"tolerance","paper",5,9,0.45
510591,"democracy","ideal",25,67,16.75
510591,"equality","ideal",15,45,6.75
510591,"freedom","ideal",15,33,4.95
510591,"individualism","ideal",5,19,0.95
510591,"justice","ideal",15,36,5.4
510591,"happiness","ideal",15,21,3.15
510591,"arms","ideal",5,60,3
510591,"tolerance","ideal",5,9,0.45
562442,"democracy","paper",40,50,20
562442,"equality","paper",25,10,2.5
562442,"freedom","paper",10,60,6
562442,"individualism","paper",5,15,0.75
562442,"justice","paper",10,1,0.1
562442,"happiness","paper",5,5,0.25
562442,"arms","paper",0,90,0
562442,"tolerance","paper",5,1,0.05
562442,"democracy","ideal",10,50,5
562442,"equality","ideal",20,10,2
562442,"freedom","ideal",10,60,6
562442,"individualism","ideal",5,15,0.75
562442,"justice","ideal",20,1,0.2
562442,"happiness","ideal",5,5,0.25
562442,"arms","ideal",0,90,0
562442,"tolerance","ideal",30,1,0.3
303744,"democracy","paper",15,82,12.3
303744,"equality","paper",15,60,9
303744,"freedom","paper",16,78,12.48
303744,"individualism","paper",16,60,9.6
303744,"justice","paper",13,64,8.32
303744,"happiness","paper",15,64,9.6
303744,"arms","paper",10,65,6.5
303744,"tolerance","paper",0,53,0
303744,"democracy","ideal",13,82,10.66
303744,"equality","ideal",14,60,8.4
303744,"freedom","ideal",14,78,10.92
303744,"individualism","ideal",13,60,7.8
303744,"justice","ideal",13,64,8.32
303744,"happiness","ideal",13,64,8.32
303744,"arms","ideal",12,65,7.8
303744,"tolerance","ideal",8,53,4.24
634422,"democracy","paper",5,30,1.5
634422,"equality","paper",5,20,1
634422,"freedom","paper",10,50,5
634422,"individualism","paper",5,35,1.75
634422,"justice","paper",10,25,2.5
634422,"happiness","paper",10,15,1.5
634422,"arms","paper",50,85,42.5
634422,"tolerance","paper",5,20,1
634422,"democracy","ideal",15,30,4.5
634422,"equality","ideal",15,20,3
634422,"freedom","ideal",10,50,5
634422,"individualism","ideal",10,35,3.5
634422,"justice","ideal",15,25,3.75
634422,"happiness","ideal",15,15,2.25
634422,"arms","ideal",5,85,4.25
634422,"tolerance","ideal",15,20,3
167995,"democracy","paper",15,10,1.5
167995,"equality","paper",15,10,1.5
167995,"freedom","paper",15,5,0.75
167995,"individualism","paper",10,10,1
167995,"justice","paper",15,5,0.75
167995,"happiness","paper",15,5,0.75
167995,"arms","paper",0,20,0
167995,"tolerance","paper",15,15,2.25
167995,"democracy","ideal",14,10,1.4
167995,"equality","ideal",14,10,1.4
167995,"freedom","ideal",14,5,0.7
167995,"individualism","ideal",11,10,1.1
167995,"justice","ideal",14,5,0.7
167995,"happiness","ideal",14,5,0.7
167995,"arms","ideal",5,20,1
167995,"tolerance","ideal",14,15,2.1
773336,"democracy","paper",34,30,10.2
773336,"equality","paper",20,42,8.4
773336,"freedom","paper",30,50,15
773336,"individualism","paper",9,93,8.37
773336,"justice","paper",3,30,0.9
773336,"happiness","paper",2,14,0.28
773336,"arms","paper",1,77,0.77
773336,"tolerance","paper",1,53,0.53
773336,"democracy","ideal",28,30,8.4
773336,"equality","ideal",30,42,12.6
773336,"freedom","ideal",16,50,8
773336,"individualism","ideal",2,93,1.86
773336,"justice","ideal",4,30,1.2
773336,"happiness","ideal",10,14,1.4
773336,"arms","ideal",0,77,0
773336,"tolerance","ideal",10,53,5.3
649375,"democracy","paper",27,76,20.52
649375,"equality","paper",18,65,11.7
649375,"freedom","paper",31,83,25.73
649375,"individualism","paper",8,66,5.28
649375,"justice","paper",16,81,12.96
649375,"happiness","paper",0,70,0
649375,"arms","paper",0,54,0
649375,"tolerance","paper",0,63,0
649375,"democracy","ideal",18,76,13.68
649375,"equality","ideal",26,65,16.9
649375,"freedom","ideal",18,83,14.94
649375,"individualism","ideal",17,66,11.22
649375,"justice","ideal",6,81,4.86
649375,"happiness","ideal",7,70,4.9
649375,"arms","ideal",0,54,0
649375,"tolerance","ideal",8,63,5.04
675465,"democracy","paper",15,40,6
675465,"equality","paper",10,80,8
675465,"freedom","paper",25,60,15
675465,"individualism","paper",10,90,9
675465,"justice","paper",10,50,5
675465,"happiness","paper",10,40,4
675465,"arms","paper",10,60,6
675465,"tolerance","paper",10,70,7
675465,"democracy","ideal",13,40,5.2
675465,"equality","ideal",10,80,8
675465,"freedom","ideal",25,60,15
675465,"individualism","ideal",10,90,9
675465,"justice","ideal",10,50,5
675465,"happiness","ideal",12,40,4.8
675465,"arms","ideal",11,60,6.6
675465,"tolerance","ideal",9,70,6.3
661449,"democracy","paper",14,58,8.12
661449,"equality","paper",13,49,6.37
661449,"freedom","paper",14,50,7
661449,"individualism","paper",14,62,8.68
661449,"justice","paper",12,47,5.64
661449,"happiness","paper",12,53,6.36
661449,"arms","paper",10,65,6.5
661449,"tolerance","paper",11,49,5.39
661449,"democracy","ideal",15,58,8.7
661449,"equality","ideal",15,49,7.35
661449,"freedom","ideal",14,50,7
661449,"individualism","ideal",14,62,8.68
661449,"justice","ideal",14,47,6.58
661449,"happiness","ideal",14,53,7.42
661449,"arms","ideal",0,65,0
661449,"tolerance","ideal",14,49,6.86
286288,"democracy","paper",38,70,26.6
286288,"equality","paper",24,50,12
286288,"freedom","paper",31,39,12.09
286288,"individualism","paper",7,20,1.4
286288,"justice","paper",0,29,0
286288,"happiness","paper",0,36,0
286288,"arms","paper",0,52,0
286288,"tolerance","paper",0,35,0
286288,"democracy","ideal",39,70,27.3
286288,"equality","ideal",43,50,21.5
286288,"freedom","ideal",18,39,7.02
286288,"individualism","ideal",0,20,0
286288,"justice","ideal",0,29,0
286288,"happiness","ideal",0,36,0
286288,"arms","ideal",0,52,0
286288,"tolerance","ideal",0,35,0
274872,"democracy","paper",10,85,8.5
274872,"equality","paper",5,65,3.25
274872,"freedom","paper",50,90,45
274872,"individualism","paper",4,50,2
274872,"justice","paper",10,65,6.5
274872,"happiness","paper",7,45,3.15
274872,"arms","paper",10,95,9.5
274872,"tolerance","paper",4,60,2.4
274872,"democracy","ideal",20,85,17
274872,"equality","ideal",20,65,13
274872,"freedom","ideal",20,90,18
274872,"individualism","ideal",10,50,5
274872,"justice","ideal",10,65,6.5
274872,"happiness","ideal",8,45,3.6
274872,"arms","ideal",2,95,1.9
274872,"tolerance","ideal",10,60,6
708612,"democracy","paper",10,85,8.5
708612,"equality","paper",20,75,15
708612,"freedom","paper",20,87,17.4
708612,"individualism","paper",10,80,8
708612,"justice","paper",10,87,8.7
708612,"happiness","paper",10,87,8.7
708612,"arms","paper",10,91,9.1
708612,"tolerance","paper",10,86,8.6
708612,"democracy","ideal",20,85,17
708612,"equality","ideal",10,75,7.5
708612,"freedom","ideal",20,87,17.4
708612,"individualism","ideal",10,80,8
708612,"justice","ideal",10,87,8.7
708612,"happiness","ideal",10,87,8.7
708612,"arms","ideal",10,91,9.1
708612,"tolerance","ideal",10,86,8.6
277851,"democracy","paper",13,50,6.5
277851,"equality","paper",19,88,16.72
277851,"freedom","paper",24,24,5.76
277851,"individualism","paper",8,96,7.68
277851,"justice","paper",11,51,5.61
277851,"happiness","paper",13,23,2.99
277851,"arms","paper",10,1,0.1
277851,"tolerance","paper",2,100,2
277851,"democracy","ideal",5,50,2.5
277851,"equality","ideal",10,88,8.8
277851,"freedom","ideal",20,24,4.8
277851,"individualism","ideal",10,96,9.6
277851,"justice","ideal",20,51,10.2
277851,"happiness","ideal",20,23,4.6
277851,"arms","ideal",10,1,0.1
277851,"tolerance","ideal",5,100,5
307213,"democracy","paper",20,70,14
307213,"equality","paper",7,20,1.4
307213,"freedom","paper",10,50,5
307213,"individualism","paper",10,62,6.2
307213,"justice","paper",10,50,5
307213,"happiness","paper",18,50,9
307213,"arms","paper",25,70,17.5
307213,"tolerance","paper",0,50,0
307213,"democracy","ideal",19,70,13.3
307213,"equality","ideal",19,20,3.8
307213,"freedom","ideal",16,50,8
307213,"individualism","ideal",11,62,6.82
307213,"justice","ideal",11,50,5.5
307213,"happiness","ideal",14,50,7
307213,"arms","ideal",5,70,3.5
307213,"tolerance","ideal",5,50,2.5
566343,"democracy","paper",40,10,4
566343,"equality","paper",10,5,0.5
566343,"freedom","paper",30,15,4.5
566343,"individualism","paper",2,15,0.3
566343,"justice","paper",0,1,0
566343,"happiness","paper",0,1,0
566343,"arms","paper",18,100,18
566343,"tolerance","paper",0,3,0
566343,"democracy","ideal",35,10,3.5
566343,"equality","ideal",35,5,1.75
566343,"freedom","ideal",10,15,1.5
566343,"individualism","ideal",0,15,0
566343,"justice","ideal",10,1,0.1
566343,"happiness","ideal",5,1,0.05
566343,"arms","ideal",0,100,0
566343,"tolerance","ideal",5,3,0.15
607444,"democracy","paper",17,10,1.7
607444,"equality","paper",18,23,4.14
607444,"freedom","paper",9,40,3.6
607444,"individualism","paper",17,33,5.61
607444,"justice","paper",16,17,2.72
607444,"happiness","paper",3,28,0.84
607444,"arms","paper",15,52,7.8
607444,"tolerance","paper",5,6,0.3
607444,"democracy","ideal",10,10,1
607444,"equality","ideal",25,23,5.75
607444,"freedom","ideal",25,40,10
607444,"individualism","ideal",5,33,1.65
607444,"justice","ideal",10,17,1.7
607444,"happiness","ideal",15,28,4.2
607444,"arms","ideal",5,52,2.6
607444,"tolerance","ideal",5,6,0.3
222399,"democracy","paper",10,38,3.8
222399,"equality","paper",20,49,9.8
222399,"freedom","paper",20,52,10.4
222399,"individualism","paper",10,54,5.4
222399,"justice","paper",10,58,5.8
222399,"happiness","paper",10,54,5.4
222399,"arms","paper",10,55,5.5
222399,"tolerance","paper",10,63,6.3
222399,"democracy","ideal",10,38,3.8
222399,"equality","ideal",10,49,4.9
222399,"freedom","ideal",40,52,20.8
222399,"individualism","ideal",10,54,5.4
222399,"justice","ideal",10,58,5.8
222399,"happiness","ideal",10,54,5.4
222399,"arms","ideal",5,55,2.75
222399,"tolerance","ideal",5,63,3.15
123004,"democracy","paper",20,70,14
123004,"equality","paper",18,40,7.2
123004,"freedom","paper",22,80,17.6
123004,"individualism","paper",10,85,8.5
123004,"justice","paper",15,50,7.5
123004,"happiness","paper",8,61,4.88
123004,"arms","paper",5,91,4.55
123004,"tolerance","paper",2,32,0.64
123004,"democracy","ideal",25,70,17.5
123004,"equality","ideal",25,40,10
123004,"freedom","ideal",20,80,16
123004,"individualism","ideal",5,85,4.25
123004,"justice","ideal",15,50,7.5
123004,"happiness","ideal",5,61,3.05
123004,"arms","ideal",0,91,0
123004,"tolerance","ideal",5,32,1.6
874000,"democracy","paper",28,60,16.8
874000,"equality","paper",15,30,4.5
874000,"freedom","paper",16,35,5.6
874000,"individualism","paper",9,40,3.6
874000,"justice","paper",17,40,6.8
874000,"happiness","paper",2,25,0.5
874000,"arms","paper",9,48,4.32
874000,"tolerance","paper",4,30,1.2
874000,"democracy","ideal",13,60,7.8
874000,"equality","ideal",13,30,3.9
874000,"freedom","ideal",13,35,4.55
874000,"individualism","ideal",13,40,5.2
874000,"justice","ideal",13,40,5.2
874000,"happiness","ideal",13,25,3.25
874000,"arms","ideal",9,48,4.32
874000,"tolerance","ideal",13,30,3.9
712478,"democracy","paper",30,1,0.3
712478,"equality","paper",0,1,0
712478,"freedom","paper",0,1,0
712478,"individualism","paper",0,1,0
712478,"justice","paper",0,1,0
712478,"happiness","paper",0,1,0
712478,"arms","paper",50,100,50
712478,"tolerance","paper",20,3,0.6
712478,"democracy","ideal",5,1,0.05
712478,"equality","ideal",25,1,0.25
712478,"freedom","ideal",25,1,0.25
712478,"individualism","ideal",10,1,0.1
712478,"justice","ideal",25,1,0.25
712478,"happiness","ideal",0,1,0
712478,"arms","ideal",5,100,5
712478,"tolerance","ideal",5,3,0.15
283617,"democracy","paper",19,80,15.2
283617,"equality","paper",36,70,25.2
283617,"freedom","paper",24,75,18
283617,"individualism","paper",0,92,0
283617,"justice","paper",8,75,6
283617,"happiness","paper",13,65,8.45
283617,"arms","paper",0,94,0
283617,"tolerance","paper",0,84,0
283617,"democracy","ideal",23,80,18.4
283617,"equality","ideal",25,70,17.5
283617,"freedom","ideal",35,75,26.25
283617,"individualism","ideal",0,92,0
283617,"justice","ideal",5,75,3.75
283617,"happiness","ideal",12,65,7.8
283617,"arms","ideal",0,94,0
283617,"tolerance","ideal",0,84,0
503094,"democracy","paper",20,73,14.6
503094,"equality","paper",15,75,11.25
503094,"freedom","paper",15,85,12.75
503094,"individualism","paper",5,62,3.1
503094,"justice","paper",20,84,16.8
503094,"happiness","paper",5,50,2.5
503094,"arms","paper",15,80,12
503094,"tolerance","paper",5,51,2.55
503094,"democracy","ideal",15,73,10.95
503094,"equality","ideal",15,75,11.25
503094,"freedom","ideal",10,85,8.5
503094,"individualism","ideal",10,62,6.2
503094,"justice","ideal",15,84,12.6
503094,"happiness","ideal",15,50,7.5
503094,"arms","ideal",10,80,8
503094,"tolerance","ideal",10,51,5.1
594094,"democracy","paper",20,13,2.6
594094,"equality","paper",33,20,6.6
594094,"freedom","paper",20,10,2
594094,"individualism","paper",16,27,4.32
594094,"justice","paper",3,14,0.42
594094,"happiness","paper",0,9,0
594094,"arms","paper",0,100,0
594094,"tolerance","paper",8,10,0.8
594094,"democracy","ideal",20,13,2.6
594094,"equality","ideal",16,20,3.2
594094,"freedom","ideal",18,10,1.8
594094,"individualism","ideal",17,27,4.59
594094,"justice","ideal",17,14,2.38
594094,"happiness","ideal",12,9,1.08
594094,"arms","ideal",0,100,0
594094,"tolerance","ideal",0,10,0
189665,"democracy","paper",15,81,12.15
189665,"equality","paper",10,83,8.3
189665,"freedom","paper",15,100,15
189665,"individualism","paper",10,83,8.3
189665,"justice","paper",15,92,13.8
189665,"happiness","paper",10,84,8.4
189665,"arms","paper",15,65,9.75
189665,"tolerance","paper",10,60,6
189665,"democracy","ideal",10,81,8.1
189665,"equality","ideal",10,83,8.3
189665,"freedom","ideal",20,100,20
189665,"individualism","ideal",10,83,8.3
189665,"justice","ideal",10,92,9.2
189665,"happiness","ideal",10,84,8.4
189665,"arms","ideal",20,65,13
189665,"tolerance","ideal",10,60,6
502561,"democracy","paper",7,1,0.07
502561,"equality","paper",24,1,0.24
502561,"freedom","paper",16,1,0.16
502561,"individualism","paper",14,3,0.42
502561,"justice","paper",6,3,0.18
502561,"happiness","paper",20,3,0.6
502561,"arms","paper",8,2,0.16
502561,"tolerance","paper",5,5,0.25
502561,"democracy","ideal",7,1,0.07
502561,"equality","ideal",1,1,0.01
502561,"freedom","ideal",8,1,0.08
502561,"individualism","ideal",9,3,0.27
502561,"justice","ideal",3,3,0.09
502561,"happiness","ideal",5,3,0.15
502561,"arms","ideal",33,2,0.66
502561,"tolerance","ideal",34,5,1.7
399193,"democracy","paper",24,40,9.6
399193,"equality","paper",20,35,7
399193,"freedom","paper",13,35,4.55
399193,"individualism","paper",16,75,12
399193,"justice","paper",10,30,3
399193,"happiness","paper",6,30,1.8
399193,"arms","paper",6,50,3
399193,"tolerance","paper",5,30,1.5
399193,"democracy","ideal",100,40,40
399193,"equality","ideal",0,35,0
399193,"freedom","ideal",0,35,0
399193,"individualism","ideal",0,75,0
399193,"justice","ideal",0,30,0
399193,"happiness","ideal",0,30,0
399193,"arms","ideal",0,50,0
399193,"tolerance","ideal",0,30,0
636925,"democracy","paper",20,42,8.4
636925,"equality","paper",12,36,4.32
636925,"freedom","paper",15,28,4.2
636925,"individualism","paper",10,18,1.8
636925,"justice","paper",15,27,4.05
636925,"happiness","paper",10,19,1.9
636925,"arms","paper",8,57,4.56
636925,"tolerance","paper",10,34,3.4
636925,"democracy","ideal",17,42,7.14
636925,"equality","ideal",14,36,5.04
636925,"freedom","ideal",18,28,5.04
636925,"individualism","ideal",14,18,2.52
636925,"justice","ideal",13,27,3.51
636925,"happiness","ideal",14,19,2.66
636925,"arms","ideal",0,57,0
636925,"tolerance","ideal",10,34,3.4
702254,"democracy","paper",15,64,9.6
702254,"equality","paper",15,53,7.95
702254,"freedom","paper",15,64,9.6
702254,"individualism","paper",13,49,6.37
702254,"justice","paper",14,53,7.42
702254,"happiness","paper",14,63,8.82
702254,"arms","paper",4,83,3.32
702254,"tolerance","paper",10,62,6.2
702254,"democracy","ideal",17,64,10.88
702254,"equality","ideal",16,53,8.48
702254,"freedom","ideal",20,64,12.8
702254,"individualism","ideal",10,49,4.9
702254,"justice","ideal",15,53,7.95
702254,"happiness","ideal",14,63,8.82
702254,"arms","ideal",3,83,2.49
702254,"tolerance","ideal",5,62,3.1
856945,"democracy","paper",6,40,2.4
856945,"equality","paper",19,43,8.17
856945,"freedom","paper",21,37,7.77
856945,"individualism","paper",10,26,2.6
856945,"justice","paper",22,25,5.5
856945,"happiness","paper",13,26,3.38
856945,"arms","paper",9,27,2.43
856945,"tolerance","paper",0,25,0
856945,"democracy","ideal",12,40,4.8
856945,"equality","ideal",13,43,5.59
856945,"freedom","ideal",13,37,4.81
856945,"individualism","ideal",13,26,3.38
856945,"justice","ideal",13,25,3.25
856945,"happiness","ideal",12,26,3.12
856945,"arms","ideal",13,27,3.51
856945,"tolerance","ideal",11,25,2.75
879936,"democracy","paper",7,8,0.56
879936,"equality","paper",7,7,0.49
879936,"freedom","paper",49,14,6.86
879936,"individualism","paper",7,5,0.35
879936,"justice","paper",18,4,0.72
879936,"happiness","paper",0,0,0
879936,"arms","paper",6,30,1.8
879936,"tolerance","paper",6,0,0
879936,"democracy","ideal",11,8,0.88
879936,"equality","ideal",6,7,0.42
879936,"freedom","ideal",32,14,4.48
879936,"individualism","ideal",5,5,0.25
879936,"justice","ideal",35,4,1.4
879936,"happiness","ideal",0,0,0
879936,"arms","ideal",4,30,1.2
879936,"tolerance","ideal",7,0,0
623378,"democracy","paper",4,10,0.4
623378,"equality","paper",4,30,1.2
623378,"freedom","paper",20,20,4
623378,"individualism","paper",22,40,8.8
623378,"justice","paper",5,20,1
623378,"happiness","paper",20,10,2
623378,"arms","paper",20,80,16
623378,"tolerance","paper",5,25,1.25
623378,"democracy","ideal",20,10,2
623378,"equality","ideal",20,30,6
623378,"freedom","ideal",15,20,3
623378,"individualism","ideal",5,40,2
623378,"justice","ideal",20,20,4
623378,"happiness","ideal",5,10,0.5
623378,"arms","ideal",0,80,0
623378,"tolerance","ideal",15,25,3.75
109653,"democracy","paper",35,70,24.5
109653,"equality","paper",5,50,2.5
109653,"freedom","paper",25,25,6.25
109653,"individualism","paper",3,86,2.58
109653,"justice","paper",20,30,6
109653,"happiness","paper",7,50,3.5
109653,"arms","paper",3,100,3
109653,"tolerance","paper",2,40,0.8
109653,"democracy","ideal",25,70,17.5
109653,"equality","ideal",25,50,12.5
109653,"freedom","ideal",20,25,5
109653,"individualism","ideal",3,86,2.58
109653,"justice","ideal",15,30,4.5
109653,"happiness","ideal",5,50,2.5
109653,"arms","ideal",1,100,1
109653,"tolerance","ideal",6,40,2.4
940438,"democracy","paper",10,47,4.7
940438,"equality","paper",25,62,15.5
940438,"freedom","paper",20,64,12.8
940438,"individualism","paper",10,36,3.6
940438,"justice","paper",10,70,7
940438,"happiness","paper",10,50,5
940438,"arms","paper",5,32,1.6
940438,"tolerance","paper",10,54,5.4
940438,"democracy","ideal",7,47,3.29
940438,"equality","ideal",35,62,21.7
940438,"freedom","ideal",19,64,12.16
940438,"individualism","ideal",23,36,8.28
940438,"justice","ideal",12,70,8.4
940438,"happiness","ideal",0,50,0
940438,"arms","ideal",4,32,1.28
940438,"tolerance","ideal",0,54,0
148235,"democracy","paper",20,3,0.6
148235,"equality","paper",5,2,0.1
148235,"freedom","paper",10,7,0.7
148235,"individualism","paper",5,1,0.05
148235,"justice","paper",15,8,1.2
148235,"happiness","paper",15,12,1.8
148235,"arms","paper",25,97,24.25
148235,"tolerance","paper",5,3,0.15
148235,"democracy","ideal",20,3,0.6
148235,"equality","ideal",15,2,0.3
148235,"freedom","ideal",28,7,1.96
148235,"individualism","ideal",10,1,0.1
148235,"justice","ideal",8,8,0.64
148235,"happiness","ideal",9,12,1.08
148235,"arms","ideal",1,97,0.97
148235,"tolerance","ideal",9,3,0.27
434801,"democracy","paper",21,25,5.25
434801,"equality","paper",13,17,2.21
434801,"freedom","paper",16,58,9.28
434801,"individualism","paper",11,20,2.2
434801,"justice","paper",16,21,3.36
434801,"happiness","paper",11,28,3.08
434801,"arms","paper",4,30,1.2
434801,"tolerance","paper",8,26,2.08
434801,"democracy","ideal",18,25,4.5
434801,"equality","ideal",19,17,3.23
434801,"freedom","ideal",18,58,10.44
434801,"individualism","ideal",8,20,1.6
434801,"justice","ideal",17,21,3.57
434801,"happiness","ideal",9,28,2.52
434801,"arms","ideal",3,30,0.9
434801,"tolerance","ideal",8,26,2.08
593791,"democracy","paper",10,23,2.3
593791,"equality","paper",10,16,1.6
593791,"freedom","paper",16,4,0.64
593791,"individualism","paper",5,26,1.3
593791,"justice","paper",18,0,0
593791,"happiness","paper",19,5,0.95
593791,"arms","paper",16,13,2.08
593791,"tolerance","paper",6,18,1.08
593791,"democracy","ideal",17,23,3.91
593791,"equality","ideal",11,16,1.76
593791,"freedom","ideal",17,4,0.68
593791,"individualism","ideal",2,26,0.52
593791,"justice","ideal",17,0,0
593791,"happiness","ideal",14,5,0.7
593791,"arms","ideal",18,13,2.34
593791,"tolerance","ideal",4,18,0.72
286195,"democracy","paper",20,65,13
286195,"equality","paper",20,55,11
286195,"freedom","paper",20,52,10.4
286195,"individualism","paper",20,40,8
286195,"justice","paper",0,20,0
286195,"happiness","paper",20,23,4.6
286195,"arms","paper",0,81,0
286195,"tolerance","paper",0,25,0
286195,"democracy","ideal",15,65,9.75
286195,"equality","ideal",25,55,13.75
286195,"freedom","ideal",10,52,5.2
286195,"individualism","ideal",10,40,4
286195,"justice","ideal",5,20,1
286195,"happiness","ideal",15,23,3.45
286195,"arms","ideal",0,81,0
286195,"tolerance","ideal",20,25,5
441582,"democracy","paper",16,100,16
441582,"equality","paper",17,100,17
441582,"freedom","paper",25,100,25
441582,"individualism","paper",10,63,6.3
441582,"justice","paper",2,47,0.94
441582,"happiness","paper",11,71,7.81
441582,"arms","paper",13,76,9.88
441582,"tolerance","paper",6,100,6
441582,"democracy","ideal",16,100,16
441582,"equality","ideal",6,100,6
441582,"freedom","ideal",9,100,9
441582,"individualism","ideal",12,63,7.56
441582,"justice","ideal",12,47,5.64
441582,"happiness","ideal",11,71,7.81
441582,"arms","ideal",18,76,13.68
441582,"tolerance","ideal",16,100,16
292174,"democracy","paper",0,15,0
292174,"equality","paper",30,33,9.9
292174,"freedom","paper",20,33,6.6
292174,"individualism","paper",0,22,0
292174,"justice","paper",0,33,0
292174,"happiness","paper",50,33,16.5
292174,"arms","paper",0,80,0
292174,"tolerance","paper",0,37,0
292174,"democracy","ideal",24,15,3.6
292174,"equality","ideal",40,33,13.2
292174,"freedom","ideal",36,33,11.88
292174,"individualism","ideal",0,22,0
292174,"justice","ideal",0,33,0
292174,"happiness","ideal",0,33,0
292174,"arms","ideal",0,80,0
292174,"tolerance","ideal",0,37,0
109548,"democracy","paper",100,53,53
109548,"equality","paper",0,19,0
109548,"freedom","paper",0,49,0
109548,"individualism","paper",0,51,0
109548,"justice","paper",0,19,0
109548,"happiness","paper",0,23,0
109548,"arms","paper",0,97,0
109548,"tolerance","paper",0,17,0
109548,"democracy","ideal",100,53,53
109548,"equality","ideal",0,19,0
109548,"freedom","ideal",0,49,0
109548,"individualism","ideal",0,51,0
109548,"justice","ideal",0,19,0
109548,"happiness","ideal",0,23,0
109548,"arms","ideal",0,97,0
109548,"tolerance","ideal",0,17,0
710655,"democracy","paper",34,29,9.86
710655,"equality","paper",22,2,0.44
710655,"freedom","paper",14,2,0.28
710655,"individualism","paper",1,2,0.02
710655,"justice","paper",4,0,0
710655,"happiness","paper",2,0,0
710655,"arms","paper",11,87,9.57
710655,"tolerance","paper",12,3,0.36
710655,"democracy","ideal",40,29,11.6
710655,"equality","ideal",6,2,0.12
710655,"freedom","ideal",9,2,0.18
710655,"individualism","ideal",3,2,0.06
710655,"justice","ideal",5,0,0
710655,"happiness","ideal",17,0,0
710655,"arms","ideal",7,87,6.09
710655,"tolerance","ideal",13,3,0.39
455197,"democracy","paper",30,14,4.2
455197,"equality","paper",5,3,0.15
455197,"freedom","paper",35,47,16.45
455197,"individualism","paper",4,48,1.92
455197,"justice","paper",11,92,10.12
455197,"happiness","paper",5,100,5
455197,"arms","paper",1,100,1
455197,"tolerance","paper",9,51,4.59
455197,"democracy","ideal",24,14,3.36
455197,"equality","ideal",10,3,0.3
455197,"freedom","ideal",15,47,7.05
455197,"individualism","ideal",0,48,0
455197,"justice","ideal",12,92,11.04
455197,"happiness","ideal",14,100,14
455197,"arms","ideal",13,100,13
455197,"tolerance","ideal",12,51,6.12
890873,"democracy","paper",20,32,6.4
890873,"equality","paper",20,20,4
890873,"freedom","paper",20,30,6
890873,"individualism","paper",5,71,3.55
890873,"justice","paper",20,19,3.8
890873,"happiness","paper",5,47,2.35
890873,"arms","paper",5,93,4.65
890873,"tolerance","paper",5,30,1.5
890873,"democracy","ideal",17,32,5.44
890873,"equality","ideal",17,20,3.4
890873,"freedom","ideal",17,30,5.1
890873,"individualism","ideal",7,71,4.97
890873,"justice","ideal",15,19,2.85
890873,"happiness","ideal",8,47,3.76
890873,"arms","ideal",0,93,0
890873,"tolerance","ideal",19,30,5.7
320676,"democracy","paper",30,25,7.5
320676,"equality","paper",15,10,1.5
320676,"freedom","paper",15,10,1.5
320676,"individualism","paper",0,100,0
320676,"justice","paper",25,5,1.25
320676,"happiness","paper",5,73,3.65
320676,"arms","paper",0,100,0
320676,"tolerance","paper",10,5,0.5
320676,"democracy","ideal",30,25,7.5
320676,"equality","ideal",12,10,1.2
320676,"freedom","ideal",12,10,1.2
320676,"individualism","ideal",0,100,0
320676,"justice","ideal",30,5,1.5
320676,"happiness","ideal",6,73,4.38
320676,"arms","ideal",0,100,0
320676,"tolerance","ideal",10,5,0.5
477348,"democracy","paper",30,65,19.5
477348,"equality","paper",20,49,9.8
477348,"freedom","paper",20,75,15
477348,"individualism","paper",5,55,2.75
477348,"justice","paper",10,44,4.4
477348,"happiness","paper",5,50,2.5
477348,"arms","paper",5,75,3.75
477348,"tolerance","paper",5,34,1.7
477348,"democracy","ideal",30,65,19.5
477348,"equality","ideal",20,49,9.8
477348,"freedom","ideal",20,75,15
477348,"individualism","ideal",5,55,2.75
477348,"justice","ideal",10,44,4.4
477348,"happiness","ideal",5,50,2.5
477348,"arms","ideal",5,75,3.75
477348,"tolerance","ideal",5,34,1.7
912208,"democracy","paper",20,85,17
912208,"equality","paper",7,85,5.95
912208,"freedom","paper",20,75,15
912208,"individualism","paper",7,65,4.55
912208,"justice","paper",7,65,4.55
912208,"happiness","paper",8,75,6
912208,"arms","paper",21,75,15.75
912208,"tolerance","paper",10,95,9.5
912208,"democracy","ideal",10,85,8.5
912208,"equality","ideal",10,85,8.5
912208,"freedom","ideal",15,75,11.25
912208,"individualism","ideal",5,65,3.25
912208,"justice","ideal",15,65,9.75
912208,"happiness","ideal",10,75,7.5
912208,"arms","ideal",20,75,15
912208,"tolerance","ideal",15,95,14.25
677813,"democracy","paper",25,70,17.5
677813,"equality","paper",10,50,5
677813,"freedom","paper",20,70,14
677813,"individualism","paper",10,59,5.9
677813,"justice","paper",5,40,2
677813,"happiness","paper",5,28,1.4
677813,"arms","paper",20,79,15.8
677813,"tolerance","paper",5,28,1.4
677813,"democracy","ideal",25,70,17.5
677813,"equality","ideal",30,50,15
677813,"freedom","ideal",25,70,17.5
677813,"individualism","ideal",0,59,0
677813,"justice","ideal",0,40,0
677813,"happiness","ideal",20,28,5.6
677813,"arms","ideal",0,79,0
677813,"tolerance","ideal",0,28,0
651177,"democracy","paper",16,81,12.96
651177,"equality","paper",12,69,8.28
651177,"freedom","paper",12,83,9.96
651177,"individualism","paper",12,91,10.92
651177,"justice","paper",12,81,9.72
651177,"happiness","paper",12,66,7.92
651177,"arms","paper",12,74,8.88
651177,"tolerance","paper",12,55,6.6
651177,"democracy","ideal",14,81,11.34
651177,"equality","ideal",15,69,10.35
651177,"freedom","ideal",16,83,13.28
651177,"individualism","ideal",12,91,10.92
651177,"justice","ideal",14,81,11.34
651177,"happiness","ideal",12,66,7.92
651177,"arms","ideal",5,74,3.7
651177,"tolerance","ideal",12,55,6.6
383165,"democracy","paper",50,60,30
383165,"equality","paper",5,5,0.25
383165,"freedom","paper",10,20,2
383165,"individualism","paper",10,10,1
383165,"justice","paper",5,10,0.5
383165,"happiness","paper",5,3,0.15
383165,"arms","paper",10,10,1
383165,"tolerance","paper",5,5,0.25
383165,"democracy","ideal",35,60,21
383165,"equality","ideal",34,5,1.7
383165,"freedom","ideal",0,20,0
383165,"individualism","ideal",0,10,0
383165,"justice","ideal",0,10,0
383165,"happiness","ideal",0,3,0
383165,"arms","ideal",0,10,0
383165,"tolerance","ideal",31,5,1.55
583611,"democracy","paper",21,21,4.41
583611,"equality","paper",4,10,0.4
583611,"freedom","paper",21,50,10.5
583611,"individualism","paper",4,10,0.4
583611,"justice","paper",21,20,4.2
583611,"happiness","paper",4,10,0.4
583611,"arms","paper",21,100,21
583611,"tolerance","paper",4,20,0.8
583611,"democracy","ideal",17,21,3.57
583611,"equality","ideal",17,10,1.7
583611,"freedom","ideal",17,50,8.5
583611,"individualism","ideal",8,10,0.8
583611,"justice","ideal",20,20,4
583611,"happiness","ideal",5,10,0.5
583611,"arms","ideal",0,100,0
583611,"tolerance","ideal",16,20,3.2
240654,"democracy","paper",15,50,7.5
240654,"equality","paper",15,0,0
240654,"freedom","paper",15,0,0
240654,"individualism","paper",10,0,0
240654,"justice","paper",15,30,4.5
240654,"happiness","paper",10,0,0
240654,"arms","paper",20,50,10
240654,"tolerance","paper",0,0,0
240654,"democracy","ideal",15,50,7.5
240654,"equality","ideal",15,0,0
240654,"freedom","ideal",15,0,0
240654,"individualism","ideal",10,0,0
240654,"justice","ideal",15,30,4.5
240654,"happiness","ideal",15,0,0
240654,"arms","ideal",0,50,0
240654,"tolerance","ideal",15,0,0
571353,"democracy","paper",36,70,25.2
571353,"equality","paper",4,79,3.16
571353,"freedom","paper",39,91,35.49
571353,"individualism","paper",0,41,0
571353,"justice","paper",0,56,0
571353,"happiness","paper",0,72,0
571353,"arms","paper",18,77,13.86
571353,"tolerance","paper",3,53,1.59
571353,"democracy","ideal",24,70,16.8
571353,"equality","ideal",10,79,7.9
571353,"freedom","ideal",53,91,48.23
571353,"individualism","ideal",0,41,0
571353,"justice","ideal",2,56,1.12
571353,"happiness","ideal",0,72,0
571353,"arms","ideal",11,77,8.47
571353,"tolerance","ideal",0,53,0
879179,"democracy","paper",20,10,2
879179,"equality","paper",20,30,6
879179,"freedom","paper",25,30,7.5
879179,"individualism","paper",5,5,0.25
879179,"justice","paper",5,5,0.25
879179,"happiness","paper",10,3,0.3
879179,"arms","paper",10,30,3
879179,"tolerance","paper",5,20,1
879179,"democracy","ideal",20,10,2
879179,"equality","ideal",20,30,6
879179,"freedom","ideal",20,30,6
879179,"individualism","ideal",5,5,0.25
879179,"justice","ideal",15,5,0.75
879179,"happiness","ideal",10,3,0.3
879179,"arms","ideal",10,30,3
879179,"tolerance","ideal",0,20,0
631373,"democracy","paper",21,90,18.9
631373,"equality","paper",13,52,6.76
631373,"freedom","paper",19,26,4.94
631373,"individualism","paper",9,20,1.8
631373,"justice","paper",19,70,13.3
631373,"happiness","paper",10,20,2
631373,"arms","paper",3,89,2.67
631373,"tolerance","paper",6,20,1.2
631373,"democracy","ideal",20,90,18
631373,"equality","ideal",20,52,10.4
631373,"freedom","ideal",19,26,4.94
631373,"individualism","ideal",0,20,0
631373,"justice","ideal",19,70,13.3
631373,"happiness","ideal",0,20,0
631373,"arms","ideal",0,89,0
631373,"tolerance","ideal",22,20,4.4
162810,"democracy","paper",13,28,3.64
162810,"equality","paper",2,36,0.72
162810,"freedom","paper",27,51,13.77
162810,"individualism","paper",5,24,1.2
162810,"justice","paper",27,25,6.75
162810,"happiness","paper",5,25,1.25
162810,"arms","paper",18,50,9
162810,"tolerance","paper",3,16,0.48
162810,"democracy","ideal",26,28,7.28
162810,"equality","ideal",0,36,0
162810,"freedom","ideal",28,51,14.28
162810,"individualism","ideal",0,24,0
162810,"justice","ideal",7,25,1.75
162810,"happiness","ideal",0,25,0
162810,"arms","ideal",39,50,19.5
162810,"tolerance","ideal",0,16,0
541651,"democracy","paper",10,2,0.2
541651,"equality","paper",5,2,0.1
541651,"freedom","paper",35,15,5.25
541651,"individualism","paper",0,1,0
541651,"justice","paper",10,1,0.1
541651,"happiness","paper",10,3,0.3
541651,"arms","paper",28,2,0.56
541651,"tolerance","paper",2,1,0.02
541651,"democracy","ideal",5,2,0.1
541651,"equality","ideal",5,2,0.1
541651,"freedom","ideal",30,15,4.5
541651,"individualism","ideal",0,1,0
541651,"justice","ideal",25,1,0.25
541651,"happiness","ideal",5,3,0.15
541651,"arms","ideal",25,2,0.5
541651,"tolerance","ideal",5,1,0.05
808792,"democracy","paper",10,70,7
808792,"equality","paper",15,40,6
808792,"freedom","paper",25,40,10
808792,"individualism","paper",10,50,5
808792,"justice","paper",10,50,5
808792,"happiness","paper",10,50,5
808792,"arms","paper",10,75,7.5
808792,"tolerance","paper",10,30,3
808792,"democracy","ideal",15,70,10.5
808792,"equality","ideal",20,40,8
808792,"freedom","ideal",20,40,8
808792,"individualism","ideal",10,50,5
808792,"justice","ideal",10,50,5
808792,"happiness","ideal",10,50,5
808792,"arms","ideal",5,75,3.75
808792,"tolerance","ideal",10,30,3
728945,"democracy","paper",32,50,16
728945,"equality","paper",12,71,8.52
728945,"freedom","paper",9,85,7.65
728945,"individualism","paper",2,85,1.7
728945,"justice","paper",29,52,15.08
728945,"happiness","paper",1,58,0.58
728945,"arms","paper",5,73,3.65
728945,"tolerance","paper",10,39,3.9
728945,"democracy","ideal",29,50,14.5
728945,"equality","ideal",20,71,14.2
728945,"freedom","ideal",20,85,17
728945,"individualism","ideal",0,85,0
728945,"justice","ideal",20,52,10.4
728945,"happiness","ideal",2,58,1.16
728945,"arms","ideal",7,73,5.11
728945,"tolerance","ideal",2,39,0.78
333452,"democracy","paper",28,71,19.88
333452,"equality","paper",19,60,11.4
333452,"freedom","paper",20,85,17
333452,"individualism","paper",6,77,4.62
333452,"justice","paper",11,68,7.48
333452,"happiness","paper",2,82,1.64
333452,"arms","paper",2,89,1.78
333452,"tolerance","paper",12,57,6.84
333452,"democracy","ideal",22,71,15.62
333452,"equality","ideal",21,60,12.6
333452,"freedom","ideal",20,85,17
333452,"individualism","ideal",18,77,13.86
333452,"justice","ideal",8,68,5.44
333452,"happiness","ideal",6,82,4.92
333452,"arms","ideal",0,89,0
333452,"tolerance","ideal",5,57,2.85
278887,"democracy","paper",14,12,1.68
278887,"equality","paper",5,9,0.45
278887,"freedom","paper",32,20,6.4
278887,"individualism","paper",23,38,8.74
278887,"justice","paper",6,15,0.9
278887,"happiness","paper",8,13,1.04
278887,"arms","paper",3,6,0.18
278887,"tolerance","paper",9,23,2.07
278887,"democracy","ideal",18,12,2.16
278887,"equality","ideal",7,9,0.63
278887,"freedom","ideal",20,20,4
278887,"individualism","ideal",18,38,6.84
278887,"justice","ideal",10,15,1.5
278887,"happiness","ideal",17,13,2.21
278887,"arms","ideal",4,6,0.24
278887,"tolerance","ideal",6,23,1.38
350835,"democracy","paper",14,37,5.18
350835,"equality","paper",9,80,7.2
350835,"freedom","paper",19,50,9.5
350835,"individualism","paper",20,90,18
350835,"justice","paper",14,75,10.5
350835,"happiness","paper",5,70,3.5
350835,"arms","paper",10,60,6
350835,"tolerance","paper",9,86,7.74
350835,"democracy","ideal",7,37,2.59
350835,"equality","ideal",7,80,5.6
350835,"freedom","ideal",26,50,13
350835,"individualism","ideal",21,90,18.9
350835,"justice","ideal",9,75,6.75
350835,"happiness","ideal",6,70,4.2
350835,"arms","ideal",17,60,10.2
350835,"tolerance","ideal",7,86,6.02
908118,"democracy","paper",20,81,16.2
908118,"equality","paper",5,87,4.35
908118,"freedom","paper",20,81,16.2
908118,"individualism","paper",10,85,8.5
908118,"justice","paper",15,54,8.1
908118,"happiness","paper",15,86,12.9
908118,"arms","paper",10,100,10
908118,"tolerance","paper",5,87,4.35
908118,"democracy","ideal",20,81,16.2
908118,"equality","ideal",10,87,8.7
908118,"freedom","ideal",25,81,20.25
908118,"individualism","ideal",0,85,0
908118,"justice","ideal",20,54,10.8
908118,"happiness","ideal",10,86,8.6
908118,"arms","ideal",5,100,5
908118,"tolerance","ideal",10,87,8.7
378471,"democracy","paper",5,16,0.8
378471,"equality","paper",4,20,0.8
378471,"freedom","paper",24,21,5.04
378471,"individualism","paper",25,58,14.5
378471,"justice","paper",5,20,1
378471,"happiness","paper",6,41,2.46
378471,"arms","paper",26,54,14.04
378471,"tolerance","paper",5,28,1.4
378471,"democracy","ideal",18,16,2.88
378471,"equality","ideal",20,20,4
378471,"freedom","ideal",13,21,2.73
378471,"individualism","ideal",18,58,10.44
378471,"justice","ideal",15,20,3
378471,"happiness","ideal",3,41,1.23
378471,"arms","ideal",0,54,0
378471,"tolerance","ideal",13,28,3.64
344990,"democracy","paper",10,10,1
344990,"equality","paper",12,70,8.4
344990,"freedom","paper",34,75,25.5
344990,"individualism","paper",9,90,8.1
344990,"justice","paper",10,65,6.5
344990,"happiness","paper",15,75,11.25
344990,"arms","paper",5,60,3
344990,"tolerance","paper",5,40,2
344990,"democracy","ideal",5,10,0.5
344990,"equality","ideal",20,70,14
344990,"freedom","ideal",20,75,15
344990,"individualism","ideal",10,90,9
344990,"justice","ideal",20,65,13
344990,"happiness","ideal",5,75,3.75
344990,"arms","ideal",0,60,0
344990,"tolerance","ideal",20,40,8
319166,"democracy","paper",17,65,11.05
319166,"equality","paper",16,100,16
319166,"freedom","paper",20,69,13.8
319166,"individualism","paper",15,85,12.75
319166,"justice","paper",14,49,6.86
319166,"happiness","paper",11,67,7.37
319166,"arms","paper",2,67,1.34
319166,"tolerance","paper",5,83,4.15
319166,"democracy","ideal",17,65,11.05
319166,"equality","ideal",12,100,12
319166,"freedom","ideal",18,69,12.42
319166,"individualism","ideal",16,85,13.6
319166,"justice","ideal",18,49,8.82
319166,"happiness","ideal",7,67,4.69
319166,"arms","ideal",12,67,8.04
319166,"tolerance","ideal",0,83,0
820113,"democracy","paper",10,71,7.1
820113,"equality","paper",10,60,6
820113,"freedom","paper",40,83,33.2
820113,"individualism","paper",10,83,8.3
820113,"justice","paper",10,72,7.2
820113,"happiness","paper",5,64,3.2
820113,"arms","paper",10,56,5.6
820113,"tolerance","paper",5,45,2.25
820113,"democracy","ideal",10,71,7.1
820113,"equality","ideal",10,60,6
820113,"freedom","ideal",10,83,8.3
820113,"individualism","ideal",21,83,17.43
820113,"justice","ideal",20,72,14.4
820113,"happiness","ideal",14,64,8.96
820113,"arms","ideal",5,56,2.8
820113,"tolerance","ideal",10,45,4.5
574105,"democracy","paper",17,24,4.08
574105,"equality","paper",14,20,2.8
574105,"freedom","paper",16,20,3.2
574105,"individualism","paper",13,18,2.34
574105,"justice","paper",10,23,2.3
574105,"happiness","paper",8,20,1.6
574105,"arms","paper",12,35,4.2
574105,"tolerance","paper",10,18,1.8
574105,"democracy","ideal",11,24,2.64
574105,"equality","ideal",17,20,3.4
574105,"freedom","ideal",17,20,3.4
574105,"individualism","ideal",15,18,2.7
574105,"justice","ideal",16,23,3.68
574105,"happiness","ideal",12,20,2.4
574105,"arms","ideal",4,35,1.4
574105,"tolerance","ideal",8,18,1.44
642349,"democracy","paper",30,50,15
642349,"equality","paper",15,15,2.25
642349,"freedom","paper",32,70,22.4
642349,"individualism","paper",2,70,1.4
642349,"justice","paper",12,65,7.8
642349,"happiness","paper",2,75,1.5
642349,"arms","paper",5,90,4.5
642349,"tolerance","paper",2,15,0.3
642349,"democracy","ideal",20,50,10
642349,"equality","ideal",20,15,3
642349,"freedom","ideal",20,70,14
642349,"individualism","ideal",10,70,7
642349,"justice","ideal",10,65,6.5
642349,"happiness","ideal",10,75,7.5
642349,"arms","ideal",0,90,0
642349,"tolerance","ideal",10,15,1.5
520288,"democracy","paper",30,91,27.3
520288,"equality","paper",15,40,6
520288,"freedom","paper",10,40,4
520288,"individualism","paper",10,40,4
520288,"justice","paper",10,20,2
520288,"happiness","paper",15,40,6
520288,"arms","paper",0,90,0
520288,"tolerance","paper",10,40,4
520288,"democracy","ideal",40,91,36.4
520288,"equality","ideal",10,40,4
520288,"freedom","ideal",10,40,4
520288,"individualism","ideal",10,40,4
520288,"justice","ideal",10,20,2
520288,"happiness","ideal",10,40,4
520288,"arms","ideal",0,90,0
520288,"tolerance","ideal",10,40,4
174386,"democracy","paper",29,70,20.3
174386,"equality","paper",19,45,8.55
174386,"freedom","paper",21,55,11.55
174386,"individualism","paper",0,60,0
174386,"justice","paper",8,45,3.6
174386,"happiness","paper",13,62,8.06
174386,"arms","paper",0,85,0
174386,"tolerance","paper",10,21,2.1
174386,"democracy","ideal",20,70,14
174386,"equality","ideal",31,45,13.95
174386,"freedom","ideal",22,55,12.1
174386,"individualism","ideal",0,60,0
174386,"justice","ideal",6,45,2.7
174386,"happiness","ideal",6,62,3.72
174386,"arms","ideal",0,85,0
174386,"tolerance","ideal",15,21,3.15
602641,"democracy","paper",35,20,7
602641,"equality","paper",5,10,0.5
602641,"freedom","paper",25,15,3.75
602641,"individualism","paper",5,5,0.25
602641,"justice","paper",10,5,0.5
602641,"happiness","paper",5,1,0.05
602641,"arms","paper",10,5,0.5
602641,"tolerance","paper",5,5,0.25
602641,"democracy","ideal",4,20,0.8
602641,"equality","ideal",6,10,0.6
602641,"freedom","ideal",25,15,3.75
602641,"individualism","ideal",15,5,0.75
602641,"justice","ideal",15,5,0.75
602641,"happiness","ideal",20,1,0.2
602641,"arms","ideal",10,5,0.5
602641,"tolerance","ideal",5,5,0.25
759643,"democracy","paper",50,91,45.5
759643,"equality","paper",11,66,7.26
759643,"freedom","paper",13,100,13
759643,"individualism","paper",0,52,0
759643,"justice","paper",25,52,13
759643,"happiness","paper",0,26,0
759643,"arms","paper",1,52,0.52
759643,"tolerance","paper",0,71,0
759643,"democracy","ideal",50,91,45.5
759643,"equality","ideal",25,66,16.5
759643,"freedom","ideal",0,100,0
759643,"individualism","ideal",0,52,0
759643,"justice","ideal",25,52,13
759643,"happiness","ideal",0,26,0
759643,"arms","ideal",0,52,0
759643,"tolerance","ideal",0,71,0
374593,"democracy","paper",32,40,12.8
374593,"equality","paper",27,42,11.34
374593,"freedom","paper",7,60,4.2
374593,"individualism","paper",3,39,1.17
374593,"justice","paper",13,25,3.25
374593,"happiness","paper",8,21,1.68
374593,"arms","paper",2,93,1.86
374593,"tolerance","paper",8,15,1.2
374593,"democracy","ideal",22,40,8.8
374593,"equality","ideal",22,42,9.24
374593,"freedom","ideal",10,60,6
374593,"individualism","ideal",4,39,1.56
374593,"justice","ideal",22,25,5.5
374593,"happiness","ideal",6,21,1.26
374593,"arms","ideal",0,93,0
374593,"tolerance","ideal",14,15,2.1
817239,"democracy","paper",29,71,20.59
817239,"equality","paper",20,42,8.4
817239,"freedom","paper",30,40,12
817239,"individualism","paper",0,10,0
817239,"justice","paper",8,34,2.72
817239,"happiness","paper",9,34,3.06
817239,"arms","paper",4,55,2.2
817239,"tolerance","paper",0,45,0
817239,"democracy","ideal",18,71,12.78
817239,"equality","ideal",19,42,7.98
817239,"freedom","ideal",18,40,7.2
817239,"individualism","ideal",0,10,0
817239,"justice","ideal",15,34,5.1
817239,"happiness","ideal",9,34,3.06
817239,"arms","ideal",0,55,0
817239,"tolerance","ideal",21,45,9.45
566513,"democracy","paper",10,50,5
566513,"equality","paper",10,20,2
566513,"freedom","paper",30,50,15
566513,"individualism","paper",5,100,5
566513,"justice","paper",10,20,2
566513,"happiness","paper",10,1,0.1
566513,"arms","paper",15,80,12
566513,"tolerance","paper",10,50,5
566513,"democracy","ideal",5,50,2.5
566513,"equality","ideal",20,20,4
566513,"freedom","ideal",20,50,10
566513,"individualism","ideal",5,100,5
566513,"justice","ideal",20,20,4
566513,"happiness","ideal",20,1,0.2
566513,"arms","ideal",5,80,4
566513,"tolerance","ideal",5,50,2.5
791420,"democracy","paper",10,15,1.5
791420,"equality","paper",50,10,5
791420,"freedom","paper",30,50,15
791420,"individualism","paper",0,10,0
791420,"justice","paper",10,2,0.2
791420,"happiness","paper",0,10,0
791420,"arms","paper",0,5,0
791420,"tolerance","paper",0,5,0
791420,"democracy","ideal",10,15,1.5
791420,"equality","ideal",40,10,4
791420,"freedom","ideal",40,50,20
791420,"individualism","ideal",0,10,0
791420,"justice","ideal",10,2,0.2
791420,"happiness","ideal",0,10,0
791420,"arms","ideal",0,5,0
791420,"tolerance","ideal",0,5,0
232255,"democracy","paper",30,90,27
232255,"equality","paper",20,65,13
232255,"freedom","paper",18,80,14.4
232255,"individualism","paper",1,100,1
232255,"justice","paper",20,60,12
232255,"happiness","paper",2,100,2
232255,"arms","paper",1,100,1
232255,"tolerance","paper",8,50,4
232255,"democracy","ideal",30,90,27
232255,"equality","ideal",30,65,19.5
232255,"freedom","ideal",15,80,12
232255,"individualism","ideal",0,100,0
232255,"justice","ideal",20,60,12
232255,"happiness","ideal",2,100,2
232255,"arms","ideal",1,100,1
232255,"tolerance","ideal",2,50,1
321999,"democracy","paper",20,27,5.4
321999,"equality","paper",10,38,3.8
321999,"freedom","paper",15,60,9
321999,"individualism","paper",0,25,0
321999,"justice","paper",23,35,8.05
321999,"happiness","paper",32,30,9.6
321999,"arms","paper",0,12,0
321999,"tolerance","paper",0,14,0
321999,"democracy","ideal",18,27,4.86
321999,"equality","ideal",57,38,21.66
321999,"freedom","ideal",24,60,14.4
321999,"individualism","ideal",0,25,0
321999,"justice","ideal",1,35,0.35
321999,"happiness","ideal",0,30,0
321999,"arms","ideal",0,12,0
321999,"tolerance","ideal",0,14,0
216138,"democracy","paper",25,20,5
216138,"equality","paper",5,18,0.9
216138,"freedom","paper",18,21,3.78
216138,"individualism","paper",4,20,0.8
216138,"justice","paper",20,19,3.8
216138,"happiness","paper",3,16,0.48
216138,"arms","paper",20,20,4
216138,"tolerance","paper",5,18,0.9
216138,"democracy","ideal",25,20,5
216138,"equality","ideal",5,18,0.9
216138,"freedom","ideal",20,21,4.2
216138,"individualism","ideal",3,20,0.6
216138,"justice","ideal",20,19,3.8
216138,"happiness","ideal",3,16,0.48
216138,"arms","ideal",20,20,4
216138,"tolerance","ideal",4,18,0.72
330261,"democracy","paper",20,91,18.2
330261,"equality","paper",20,81,16.2
330261,"freedom","paper",10,74,7.4
330261,"individualism","paper",10,82,8.2
330261,"justice","paper",10,73,7.3
330261,"happiness","paper",10,66,6.6
330261,"arms","paper",10,56,5.6
330261,"tolerance","paper",10,56,5.6
330261,"democracy","ideal",20,91,18.2
330261,"equality","ideal",20,81,16.2
330261,"freedom","ideal",10,74,7.4
330261,"individualism","ideal",10,82,8.2
330261,"justice","ideal",10,73,7.3
330261,"happiness","ideal",10,66,6.6
330261,"arms","ideal",10,56,5.6
330261,"tolerance","ideal",10,56,5.6
169515,"democracy","paper",10,60,6
169515,"equality","paper",10,60,6
169515,"freedom","paper",25,50,12.5
169515,"individualism","paper",5,40,2
169515,"justice","paper",15,70,10.5
169515,"happiness","paper",5,20,1
169515,"arms","paper",25,100,25
169515,"tolerance","paper",5,60,3
169515,"democracy","ideal",10,60,6
169515,"equality","ideal",20,60,12
169515,"freedom","ideal",20,50,10
169515,"individualism","ideal",5,40,2
169515,"justice","ideal",20,70,14
169515,"happiness","ideal",15,20,3
169515,"arms","ideal",0,100,0
169515,"tolerance","ideal",10,60,6
461921,"democracy","paper",15,42,6.3
461921,"equality","paper",2,27,0.54
461921,"freedom","paper",40,12,4.8
461921,"individualism","paper",5,25,1.25
461921,"justice","paper",10,70,7
461921,"happiness","paper",11,37,4.07
461921,"arms","paper",10,89,8.9
461921,"tolerance","paper",7,74,5.18
461921,"democracy","ideal",18,42,7.56
461921,"equality","ideal",9,27,2.43
461921,"freedom","ideal",48,12,5.76
461921,"individualism","ideal",0,25,0
461921,"justice","ideal",16,70,11.2
461921,"happiness","ideal",5,37,1.85
461921,"arms","ideal",4,89,3.56
461921,"tolerance","ideal",0,74,0
458253,"democracy","paper",35,80,28
458253,"equality","paper",30,60,18
458253,"freedom","paper",10,80,8
458253,"individualism","paper",5,70,3.5
458253,"justice","paper",5,40,2
458253,"happiness","paper",0,25,0
458253,"arms","paper",5,50,2.5
458253,"tolerance","paper",10,40,4
458253,"democracy","ideal",32,80,25.6
458253,"equality","ideal",20,60,12
458253,"freedom","ideal",6,80,4.8
458253,"individualism","ideal",5,70,3.5
458253,"justice","ideal",3,40,1.2
458253,"happiness","ideal",11,25,2.75
458253,"arms","ideal",3,50,1.5
458253,"tolerance","ideal",20,40,8
367866,"democracy","paper",18,11,1.98
367866,"equality","paper",24,20,4.8
367866,"freedom","paper",24,12,2.88
367866,"individualism","paper",3,3,0.09
367866,"justice","paper",2,5,0.1
367866,"happiness","paper",6,2,0.12
367866,"arms","paper",20,7,1.4
367866,"tolerance","paper",3,2,0.06
367866,"democracy","ideal",100,11,11
367866,"equality","ideal",0,20,0
367866,"freedom","ideal",0,12,0
367866,"individualism","ideal",0,3,0
367866,"justice","ideal",0,5,0
367866,"happiness","ideal",0,2,0
367866,"arms","ideal",0,7,0
367866,"tolerance","ideal",0,2,0
151981,"democracy","paper",1,20,0.2
151981,"equality","paper",5,20,1
151981,"freedom","paper",50,71,35.5
151981,"individualism","paper",9,9,0.81
151981,"justice","paper",11,21,2.31
151981,"happiness","paper",4,73,2.92
151981,"arms","paper",20,22,4.4
151981,"tolerance","paper",0,10,0
151981,"democracy","ideal",0,20,0
151981,"equality","ideal",0,20,0
151981,"freedom","ideal",52,71,36.92
151981,"individualism","ideal",0,9,0
151981,"justice","ideal",22,21,4.62
151981,"happiness","ideal",0,73,0
151981,"arms","ideal",26,22,5.72
151981,"tolerance","ideal",0,10,0
704086,"democracy","paper",35,20,7
704086,"equality","paper",10,2,0.2
704086,"freedom","paper",21,9,1.89
704086,"individualism","paper",4,2,0.08
704086,"justice","paper",4,9,0.36
704086,"happiness","paper",2,2,0.04
704086,"arms","paper",20,15,3
704086,"tolerance","paper",4,8,0.32
704086,"democracy","ideal",10,20,2
704086,"equality","ideal",15,2,0.3
704086,"freedom","ideal",15,9,1.35
704086,"individualism","ideal",15,2,0.3
704086,"justice","ideal",10,9,0.9
704086,"happiness","ideal",15,2,0.3
704086,"arms","ideal",5,15,0.75
704086,"tolerance","ideal",15,8,1.2
717912,"democracy","paper",10,0,0
717912,"equality","paper",0,0,0
717912,"freedom","paper",50,10,5
717912,"individualism","paper",0,0,0
717912,"justice","paper",10,2,0.2
717912,"happiness","paper",10,2,0.2
717912,"arms","paper",20,8,1.6
717912,"tolerance","paper",0,0,0
717912,"democracy","ideal",0,0,0
717912,"equality","ideal",0,0,0
717912,"freedom","ideal",50,10,5
717912,"individualism","ideal",0,0,0
717912,"justice","ideal",10,2,0.2
717912,"happiness","ideal",20,2,0.4
717912,"arms","ideal",20,8,1.6
717912,"tolerance","ideal",0,0,0
308108,"democracy","paper",10,20,2
308108,"equality","paper",5,4,0.2
308108,"freedom","paper",0,15,0
308108,"individualism","paper",5,0,0
308108,"justice","paper",35,25,8.75
308108,"happiness","paper",15,15,2.25
308108,"arms","paper",25,25,6.25
308108,"tolerance","paper",5,0,0
308108,"democracy","ideal",30,20,6
308108,"equality","ideal",15,4,0.6
308108,"freedom","ideal",25,15,3.75
308108,"individualism","ideal",5,0,0
308108,"justice","ideal",15,25,3.75
308108,"happiness","ideal",5,15,0.75
308108,"arms","ideal",0,25,0
308108,"tolerance","ideal",5,0,0
577963,"democracy","paper",19,51,9.69
577963,"equality","paper",15,55,8.25
577963,"freedom","paper",22,43,9.46
577963,"individualism","paper",7,45,3.15
577963,"justice","paper",16,59,9.44
577963,"happiness","paper",10,53,5.3
577963,"arms","paper",5,32,1.6
577963,"tolerance","paper",6,22,1.32
577963,"democracy","ideal",21,51,10.71
577963,"equality","ideal",13,55,7.15
577963,"freedom","ideal",8,43,3.44
577963,"individualism","ideal",1,45,0.45
577963,"justice","ideal",23,59,13.57
577963,"happiness","ideal",11,53,5.83
577963,"arms","ideal",16,32,5.12
577963,"tolerance","ideal",7,22,1.54
297277,"democracy","paper",25,9,2.25
297277,"equality","paper",10,51,5.1
297277,"freedom","paper",36,39,14.04
297277,"individualism","paper",20,39,7.8
297277,"justice","paper",9,46,4.14
297277,"happiness","paper",0,20,0
297277,"arms","paper",0,90,0
297277,"tolerance","paper",0,3,0
297277,"democracy","ideal",13,9,1.17
297277,"equality","ideal",25,51,12.75
297277,"freedom","ideal",21,39,8.19
297277,"individualism","ideal",0,39,0
297277,"justice","ideal",18,46,8.28
297277,"happiness","ideal",8,20,1.6
297277,"arms","ideal",0,90,0
297277,"tolerance","ideal",15,3,0.45
641062,"democracy","paper",10,5,0.5
641062,"equality","paper",30,0,0
641062,"freedom","paper",20,0,0
641062,"individualism","paper",10,0,0
641062,"justice","paper",10,0,0
641062,"happiness","paper",10,0,0
641062,"arms","paper",0,68,0
641062,"tolerance","paper",10,0,0
641062,"democracy","ideal",10,5,0.5
641062,"equality","ideal",30,0,0
641062,"freedom","ideal",20,0,0
641062,"individualism","ideal",10,0,0
641062,"justice","ideal",10,0,0
641062,"happiness","ideal",10,0,0
641062,"arms","ideal",0,68,0
641062,"tolerance","ideal",10,0,0
251237,"democracy","paper",10,51,5.1
251237,"equality","paper",10,58,5.8
251237,"freedom","paper",10,70,7
251237,"individualism","paper",5,39,1.95
251237,"justice","paper",15,58,8.7
251237,"happiness","paper",10,35,3.5
251237,"arms","paper",30,84,25.2
251237,"tolerance","paper",10,28,2.8
251237,"democracy","ideal",18,51,9.18
251237,"equality","ideal",28,58,16.24
251237,"freedom","ideal",12,70,8.4
251237,"individualism","ideal",7,39,2.73
251237,"justice","ideal",28,58,16.24
251237,"happiness","ideal",3,35,1.05
251237,"arms","ideal",0,84,0
251237,"tolerance","ideal",4,28,1.12
468876,"democracy","paper",0,0,0
468876,"equality","paper",10,80,8
468876,"freedom","paper",0,50,0
468876,"individualism","paper",10,80,8
468876,"justice","paper",0,50,0
468876,"happiness","paper",20,80,16
468876,"arms","paper",40,100,40
468876,"tolerance","paper",20,80,16
468876,"democracy","ideal",10,0,0
468876,"equality","ideal",0,80,0
468876,"freedom","ideal",20,50,10
468876,"individualism","ideal",20,80,16
468876,"justice","ideal",0,50,0
468876,"happiness","ideal",50,80,40
468876,"arms","ideal",0,100,0
468876,"tolerance","ideal",0,80,0
944197,"democracy","paper",19,8,1.52
944197,"equality","paper",16,2,0.32
944197,"freedom","paper",31,11,3.41
944197,"individualism","paper",2,8,0.16
944197,"justice","paper",3,6,0.18
944197,"happiness","paper",8,4,0.32
944197,"arms","paper",6,2,0.12
944197,"tolerance","paper",15,2,0.3
944197,"democracy","ideal",21,8,1.68
944197,"equality","ideal",22,2,0.44
944197,"freedom","ideal",21,11,2.31
944197,"individualism","ideal",5,8,0.4
944197,"justice","ideal",3,6,0.18
944197,"happiness","ideal",22,4,0.88
944197,"arms","ideal",1,2,0.02
944197,"tolerance","ideal",5,2,0.1
277428,"democracy","paper",5,10,0.5
277428,"equality","paper",7,20,1.4
277428,"freedom","paper",27,47,12.69
277428,"individualism","paper",5,10,0.5
277428,"justice","paper",22,10,2.2
277428,"happiness","paper",0,10,0
277428,"arms","paper",30,40,12
277428,"tolerance","paper",4,10,0.4
277428,"democracy","ideal",5,10,0.5
277428,"equality","ideal",10,20,2
277428,"freedom","ideal",27,47,12.69
277428,"individualism","ideal",5,10,0.5
277428,"justice","ideal",11,10,1.1
277428,"happiness","ideal",7,10,0.7
277428,"arms","ideal",30,40,12
277428,"tolerance","ideal",5,10,0.5
702814,"democracy","paper",14,70,9.8
702814,"equality","paper",9,55,4.95
702814,"freedom","paper",28,81,22.68
702814,"individualism","paper",12,81,9.72
702814,"justice","paper",19,61,11.59
702814,"happiness","paper",8,60,4.8
702814,"arms","paper",6,75,4.5
702814,"tolerance","paper",4,57,2.28
702814,"democracy","ideal",25,70,17.5
702814,"equality","ideal",0,55,0
702814,"freedom","ideal",11,81,8.91
702814,"individualism","ideal",16,81,12.96
702814,"justice","ideal",22,61,13.42
702814,"happiness","ideal",26,60,15.6
702814,"arms","ideal",0,75,0
702814,"tolerance","ideal",0,57,0
945642,"democracy","paper",22,41,9.02
945642,"equality","paper",17,88,14.96
945642,"freedom","paper",16,82,13.12
945642,"individualism","paper",6,82,4.92
945642,"justice","paper",6,30,1.8
945642,"happiness","paper",1,39,0.39
945642,"arms","paper",14,60,8.4
945642,"tolerance","paper",18,72,12.96
945642,"democracy","ideal",21,41,8.61
945642,"equality","ideal",18,88,15.84
945642,"freedom","ideal",26,82,21.32
945642,"individualism","ideal",9,82,7.38
945642,"justice","ideal",13,30,3.9
945642,"happiness","ideal",10,39,3.9
945642,"arms","ideal",0,60,0
945642,"tolerance","ideal",3,72,2.16
896596,"democracy","paper",21,82,17.22
896596,"equality","paper",2,72,1.44
896596,"freedom","paper",3,71,2.13
896596,"individualism","paper",8,6,0.48
896596,"justice","paper",7,67,4.69
896596,"happiness","paper",18,48,8.64
896596,"arms","paper",25,64,16
896596,"tolerance","paper",16,7,1.12
896596,"democracy","ideal",21,82,17.22
896596,"equality","ideal",14,72,10.08
896596,"freedom","ideal",8,71,5.68
896596,"individualism","ideal",4,6,0.24
896596,"justice","ideal",13,67,8.71
896596,"happiness","ideal",13,48,6.24
896596,"arms","ideal",10,64,6.4
896596,"tolerance","ideal",17,7,1.19
656159,"democracy","paper",20,51,10.2
656159,"equality","paper",20,76,15.2
656159,"freedom","paper",30,36,10.8
656159,"individualism","paper",0,100,0
656159,"justice","paper",10,45,4.5
656159,"happiness","paper",0,48,0
656159,"arms","paper",20,13,2.6
656159,"tolerance","paper",0,72,0
656159,"democracy","ideal",20,51,10.2
656159,"equality","ideal",20,76,15.2
656159,"freedom","ideal",20,36,7.2
656159,"individualism","ideal",0,100,0
656159,"justice","ideal",20,45,9
656159,"happiness","ideal",0,48,0
656159,"arms","ideal",20,13,2.6
656159,"tolerance","ideal",0,72,0
348407,"democracy","paper",16,60,9.6
348407,"equality","paper",7,50,3.5
348407,"freedom","paper",17,67,11.39
348407,"individualism","paper",7,72,5.04
348407,"justice","paper",14,58,8.12
348407,"happiness","paper",15,46,6.9
348407,"arms","paper",20,94,18.8
348407,"tolerance","paper",4,59,2.36
348407,"democracy","ideal",5,60,3
348407,"equality","ideal",10,50,5
348407,"freedom","ideal",20,67,13.4
348407,"individualism","ideal",5,72,3.6
348407,"justice","ideal",20,58,11.6
348407,"happiness","ideal",25,46,11.5
348407,"arms","ideal",5,94,4.7
348407,"tolerance","ideal",10,59,5.9
724311,"democracy","paper",60,45,27
724311,"equality","paper",5,15,0.75
724311,"freedom","paper",5,99,4.95
724311,"individualism","paper",5,95,4.75
724311,"justice","paper",5,50,2.5
724311,"happiness","paper",5,70,3.5
724311,"arms","paper",10,50,5
724311,"tolerance","paper",5,20,1
724311,"democracy","ideal",25,45,11.25
724311,"equality","ideal",25,15,3.75
724311,"freedom","ideal",10,99,9.9
724311,"individualism","ideal",5,95,4.75
724311,"justice","ideal",15,50,7.5
724311,"happiness","ideal",5,70,3.5
724311,"arms","ideal",10,50,5
724311,"tolerance","ideal",5,20,1
494236,"democracy","paper",10,8,0.8
494236,"equality","paper",5,18,0.9
494236,"freedom","paper",40,40,16
494236,"individualism","paper",5,83,4.15
494236,"justice","paper",10,50,5
494236,"happiness","paper",15,84,12.6
494236,"arms","paper",10,77,7.7
494236,"tolerance","paper",5,89,4.45
494236,"democracy","ideal",5,8,0.4
494236,"equality","ideal",5,18,0.9
494236,"freedom","ideal",45,40,18
494236,"individualism","ideal",5,83,4.15
494236,"justice","ideal",5,50,2.5
494236,"happiness","ideal",15,84,12.6
494236,"arms","ideal",15,77,11.55
494236,"tolerance","ideal",5,89,4.45
797000,"democracy","paper",24,39,9.36
797000,"equality","paper",18,43,7.74
797000,"freedom","paper",33,71,23.43
797000,"individualism","paper",2,63,1.26
797000,"justice","paper",6,32,1.92
797000,"happiness","paper",2,3,0.06
797000,"arms","paper",14,94,13.16
797000,"tolerance","paper",1,6,0.06
797000,"democracy","ideal",19,39,7.41
797000,"equality","ideal",8,43,3.44
797000,"freedom","ideal",19,71,13.49
797000,"individualism","ideal",11,63,6.93
797000,"justice","ideal",16,32,5.12
797000,"happiness","ideal",6,3,0.18
797000,"arms","ideal",14,94,13.16
797000,"tolerance","ideal",7,6,0.42
289120,"democracy","paper",15,0,0
289120,"equality","paper",0,20,0
289120,"freedom","paper",30,0,0
289120,"individualism","paper",5,0,0
289120,"justice","paper",10,0,0
289120,"happiness","paper",10,0,0
289120,"arms","paper",30,0,0
289120,"tolerance","paper",0,0,0
289120,"democracy","ideal",10,0,0
289120,"equality","ideal",0,20,0
289120,"freedom","ideal",30,0,0
289120,"individualism","ideal",0,0,0
289120,"justice","ideal",30,0,0
289120,"happiness","ideal",0,0,0
289120,"arms","ideal",30,0,0
289120,"tolerance","ideal",0,0,0
575129,"democracy","paper",15,70,10.5
575129,"equality","paper",5,40,2
575129,"freedom","paper",30,30,9
575129,"individualism","paper",0,50,0
575129,"justice","paper",10,30,3
575129,"happiness","paper",20,0,0
575129,"arms","paper",20,90,18
575129,"tolerance","paper",0,50,0
575129,"democracy","ideal",15,70,10.5
575129,"equality","ideal",20,40,8
575129,"freedom","ideal",20,30,6
575129,"individualism","ideal",5,50,2.5
575129,"justice","ideal",20,30,6
575129,"happiness","ideal",15,0,0
575129,"arms","ideal",0,90,0
575129,"tolerance","ideal",5,50,2.5
542688,"democracy","paper",49,6,2.94
542688,"equality","paper",27,35,9.45
542688,"freedom","paper",20,61,12.2
542688,"individualism","paper",0,100,0
542688,"justice","paper",4,20,0.8
542688,"happiness","paper",0,6,0
542688,"arms","paper",0,100,0
542688,"tolerance","paper",0,8,0
542688,"democracy","ideal",34,6,2.04
542688,"equality","ideal",61,35,21.35
542688,"freedom","ideal",0,61,0
542688,"individualism","ideal",0,100,0
542688,"justice","ideal",0,20,0
542688,"happiness","ideal",5,6,0.3
542688,"arms","ideal",0,100,0
542688,"tolerance","ideal",0,8,0
896171,"democracy","paper",20,70,14
896171,"equality","paper",20,60,12
896171,"freedom","paper",20,60,12
896171,"individualism","paper",6,75,4.5
896171,"justice","paper",20,40,8
896171,"happiness","paper",6,50,3
896171,"arms","paper",4,81,3.24
896171,"tolerance","paper",4,55,2.2
896171,"democracy","ideal",16,70,11.2
896171,"equality","ideal",16,60,9.6
896171,"freedom","ideal",16,60,9.6
896171,"individualism","ideal",10,75,7.5
896171,"justice","ideal",15,40,6
896171,"happiness","ideal",10,50,5
896171,"arms","ideal",1,81,0.81
896171,"tolerance","ideal",16,55,8.8
153918,"democracy","paper",24,29,6.96
153918,"equality","paper",23,30,6.9
153918,"freedom","paper",26,50,13
153918,"individualism","paper",0,90,0
153918,"justice","paper",18,30,5.4
153918,"happiness","paper",0,100,0
153918,"arms","paper",0,100,0
153918,"tolerance","paper",9,20,1.8
153918,"democracy","ideal",19,29,5.51
153918,"equality","ideal",27,30,8.1
153918,"freedom","ideal",36,50,18
153918,"individualism","ideal",9,90,8.1
153918,"justice","ideal",9,30,2.7
153918,"happiness","ideal",0,100,0
153918,"arms","ideal",0,100,0
153918,"tolerance","ideal",0,20,0
599140,"democracy","paper",25,65,16.25
599140,"equality","paper",10,50,5
599140,"freedom","paper",20,62,12.4
599140,"individualism","paper",5,57,2.85
599140,"justice","paper",15,21,3.15
599140,"happiness","paper",15,50,7.5
599140,"arms","paper",10,59,5.9
599140,"tolerance","paper",0,54,0
599140,"democracy","ideal",20,65,13
599140,"equality","ideal",15,50,7.5
599140,"freedom","ideal",15,62,9.3
599140,"individualism","ideal",5,57,2.85
599140,"justice","ideal",15,21,3.15
599140,"happiness","ideal",10,50,5
599140,"arms","ideal",10,59,5.9
599140,"tolerance","ideal",10,54,5.4
853927,"democracy","paper",5,20,1
853927,"equality","paper",8,30,2.4
853927,"freedom","paper",4,56,2.24
853927,"individualism","paper",30,58,17.4
853927,"justice","paper",4,20,0.8
853927,"happiness","paper",39,68,26.52
853927,"arms","paper",8,75,6
853927,"tolerance","paper",2,23,0.46
853927,"democracy","ideal",0,20,0
853927,"equality","ideal",25,30,7.5
853927,"freedom","ideal",9,56,5.04
853927,"individualism","ideal",0,58,0
853927,"justice","ideal",32,20,6.4
853927,"happiness","ideal",34,68,23.12
853927,"arms","ideal",0,75,0
853927,"tolerance","ideal",0,23,0
180577,"democracy","paper",20,2,0.4
180577,"equality","paper",25,2,0.5
180577,"freedom","paper",12,1,0.12
180577,"individualism","paper",0,4,0
180577,"justice","paper",25,3,0.75
180577,"happiness","paper",10,2,0.2
180577,"arms","paper",5,63,3.15
180577,"tolerance","paper",3,3,0.09
180577,"democracy","ideal",15,2,0.3
180577,"equality","ideal",20,2,0.4
180577,"freedom","ideal",20,1,0.2
180577,"individualism","ideal",10,4,0.4
180577,"justice","ideal",19,3,0.57
180577,"happiness","ideal",8,2,0.16
180577,"arms","ideal",5,63,3.15
180577,"tolerance","ideal",3,3,0.09
817675,"democracy","paper",14,75,10.5
817675,"equality","paper",14,45,6.3
817675,"freedom","paper",14,84,11.76
817675,"individualism","paper",14,85,11.9
817675,"justice","paper",14,65,9.1
817675,"happiness","paper",14,73,10.22
817675,"arms","paper",2,82,1.64
817675,"tolerance","paper",14,76,10.64
817675,"democracy","ideal",14,75,10.5
817675,"equality","ideal",14,45,6.3
817675,"freedom","ideal",15,84,12.6
817675,"individualism","ideal",14,85,11.9
817675,"justice","ideal",14,65,9.1
817675,"happiness","ideal",14,73,10.22
817675,"arms","ideal",1,82,0.82
817675,"tolerance","ideal",14,76,10.64
717866,"democracy","paper",15,60,9
717866,"equality","paper",15,50,7.5
717866,"freedom","paper",20,65,13
717866,"individualism","paper",5,60,3
717866,"justice","paper",15,55,8.25
717866,"happiness","paper",15,55,8.25
717866,"arms","paper",10,85,8.5
717866,"tolerance","paper",5,50,2.5
717866,"democracy","ideal",25,60,15
717866,"equality","ideal",30,50,15
717866,"freedom","ideal",10,65,6.5
717866,"individualism","ideal",0,60,0
717866,"justice","ideal",25,55,13.75
717866,"happiness","ideal",0,55,0
717866,"arms","ideal",0,85,0
717866,"tolerance","ideal",10,50,5
464330,"democracy","paper",15,98,14.7
464330,"equality","paper",15,70,10.5
464330,"freedom","paper",15,95,14.25
464330,"individualism","paper",12,79,9.48
464330,"justice","paper",15,75,11.25
464330,"happiness","paper",12,90,10.8
464330,"arms","paper",1,100,1
464330,"tolerance","paper",15,51,7.65
464330,"democracy","ideal",17,98,16.66
464330,"equality","ideal",15,70,10.5
464330,"freedom","ideal",17,95,16.15
464330,"individualism","ideal",10,79,7.9
464330,"justice","ideal",17,75,12.75
464330,"happiness","ideal",11,90,9.9
464330,"arms","ideal",1,100,1
464330,"tolerance","ideal",12,51,6.12
980586,"democracy","paper",20,71,14.2
980586,"equality","paper",18,17,3.06
980586,"freedom","paper",19,67,12.73
980586,"individualism","paper",7,13,0.91
980586,"justice","paper",32,66,21.12
980586,"happiness","paper",0,13,0
980586,"arms","paper",0,57,0
980586,"tolerance","paper",4,37,1.48
980586,"democracy","ideal",28,71,19.88
980586,"equality","ideal",29,17,4.93
980586,"freedom","ideal",0,67,0
980586,"individualism","ideal",0,13,0
980586,"justice","ideal",29,66,19.14
980586,"happiness","ideal",0,13,0
980586,"arms","ideal",0,57,0
980586,"tolerance","ideal",14,37,5.18
769023,"democracy","paper",10,60,6
769023,"equality","paper",15,30,4.5
769023,"freedom","paper",15,80,12
769023,"individualism","paper",10,90,9
769023,"justice","paper",15,50,7.5
769023,"happiness","paper",10,70,7
769023,"arms","paper",10,100,10
769023,"tolerance","paper",15,50,7.5
769023,"democracy","ideal",15,60,9
769023,"equality","ideal",15,30,4.5
769023,"freedom","ideal",15,80,12
769023,"individualism","ideal",15,90,13.5
769023,"justice","ideal",15,50,7.5
769023,"happiness","ideal",15,70,10.5
769023,"arms","ideal",0,100,0
769023,"tolerance","ideal",10,50,5
689436,"democracy","paper",9,15,1.35
689436,"equality","paper",20,10,2
689436,"freedom","paper",20,75,15
689436,"individualism","paper",5,20,1
689436,"justice","paper",20,30,6
689436,"happiness","paper",10,5,0.5
689436,"arms","paper",11,90,9.9
689436,"tolerance","paper",5,5,0.25
689436,"democracy","ideal",0,15,0
689436,"equality","ideal",20,10,2
689436,"freedom","ideal",10,75,7.5
689436,"individualism","ideal",10,20,2
689436,"justice","ideal",20,30,6
689436,"happiness","ideal",20,5,1
689436,"arms","ideal",0,90,0
689436,"tolerance","ideal",20,5,1
715382,"democracy","paper",15,81,12.15
715382,"equality","paper",30,41,12.3
715382,"freedom","paper",10,100,10
715382,"individualism","paper",5,64,3.2
715382,"justice","paper",20,96,19.2
715382,"happiness","paper",10,80,8
715382,"arms","paper",0,32,0
715382,"tolerance","paper",10,77,7.7
715382,"democracy","ideal",19,81,15.39
715382,"equality","ideal",30,41,12.3
715382,"freedom","ideal",20,100,20
715382,"individualism","ideal",10,64,6.4
715382,"justice","ideal",11,96,10.56
715382,"happiness","ideal",6,80,4.8
715382,"arms","ideal",0,32,0
715382,"tolerance","ideal",4,77,3.08
809184,"democracy","paper",10,65,6.5
809184,"equality","paper",5,40,2
809184,"freedom","paper",30,50,15
809184,"individualism","paper",0,65,0
809184,"justice","paper",15,60,9
809184,"happiness","paper",25,70,17.5
809184,"arms","paper",10,78,7.8
809184,"tolerance","paper",5,55,2.75
809184,"democracy","ideal",10,65,6.5
809184,"equality","ideal",35,40,14
809184,"freedom","ideal",25,50,12.5
809184,"individualism","ideal",0,65,0
809184,"justice","ideal",30,60,18
809184,"happiness","ideal",0,70,0
809184,"arms","ideal",0,78,0
809184,"tolerance","ideal",0,55,0
568672,"democracy","paper",20,25,5
568672,"equality","paper",20,20,4
568672,"freedom","paper",20,20,4
568672,"individualism","paper",0,10,0
568672,"justice","paper",20,10,2
568672,"happiness","paper",20,10,2
568672,"arms","paper",0,30,0
568672,"tolerance","paper",0,10,0
568672,"democracy","ideal",30,25,7.5
568672,"equality","ideal",30,20,6
568672,"freedom","ideal",20,20,4
568672,"individualism","ideal",0,10,0
568672,"justice","ideal",5,10,0.5
568672,"happiness","ideal",5,10,0.5
568672,"arms","ideal",0,30,0
568672,"tolerance","ideal",10,10,1
921760,"democracy","paper",25,15,3.75
921760,"equality","paper",19,14,2.66
921760,"freedom","paper",10,13,1.3
921760,"individualism","paper",15,9,1.35
921760,"justice","paper",12,0,0
921760,"happiness","paper",6,0,0
921760,"arms","paper",0,9,0
921760,"tolerance","paper",13,11,1.43
921760,"democracy","ideal",12,15,1.8
921760,"equality","ideal",46,14,6.44
921760,"freedom","ideal",10,13,1.3
921760,"individualism","ideal",6,9,0.54
921760,"justice","ideal",6,0,0
921760,"happiness","ideal",5,0,0
921760,"arms","ideal",0,9,0
921760,"tolerance","ideal",15,11,1.65
369700,"democracy","paper",5,20,1
369700,"equality","paper",15,10,1.5
369700,"freedom","paper",20,10,2
369700,"individualism","paper",20,5,1
369700,"justice","paper",10,5,0.5
369700,"happiness","paper",10,10,1
369700,"arms","paper",15,10,1.5
369700,"tolerance","paper",5,5,0.25
369700,"democracy","ideal",0,20,0
369700,"equality","ideal",0,10,0
369700,"freedom","ideal",30,10,3
369700,"individualism","ideal",30,5,1.5
369700,"justice","ideal",30,5,1.5
369700,"happiness","ideal",0,10,0
369700,"arms","ideal",10,10,1
369700,"tolerance","ideal",0,5,0
318771,"democracy","paper",25,90,22.5
318771,"equality","paper",0,20,0
318771,"freedom","paper",30,85,25.5
318771,"individualism","paper",0,1,0
318771,"justice","paper",15,50,7.5
318771,"happiness","paper",0,1,0
318771,"arms","paper",30,90,27
318771,"tolerance","paper",0,1,0
318771,"democracy","ideal",15,90,13.5
318771,"equality","ideal",5,20,1
318771,"freedom","ideal",15,85,12.75
318771,"individualism","ideal",5,1,0.05
318771,"justice","ideal",15,50,7.5
318771,"happiness","ideal",15,1,0.15
318771,"arms","ideal",15,90,13.5
318771,"tolerance","ideal",15,1,0.15
271678,"democracy","paper",16,70,11.2
271678,"equality","paper",10,50,5
271678,"freedom","paper",15,40,6
271678,"individualism","paper",15,40,6
271678,"justice","paper",10,52,5.2
271678,"happiness","paper",12,23,2.76
271678,"arms","paper",12,74,8.88
271678,"tolerance","paper",10,41,4.1
271678,"democracy","ideal",15,70,10.5
271678,"equality","ideal",15,50,7.5
271678,"freedom","ideal",15,40,6
271678,"individualism","ideal",15,40,6
271678,"justice","ideal",11,52,5.72
271678,"happiness","ideal",12,23,2.76
271678,"arms","ideal",2,74,1.48
271678,"tolerance","ideal",15,41,6.15
703288,"democracy","paper",27,51,13.77
703288,"equality","paper",19,44,8.36
703288,"freedom","paper",13,53,6.89
703288,"individualism","paper",7,83,5.81
703288,"justice","paper",21,54,11.34
703288,"happiness","paper",6,55,3.3
703288,"arms","paper",0,79,0
703288,"tolerance","paper",7,36,2.52
703288,"democracy","ideal",25,51,12.75
703288,"equality","ideal",14,44,6.16
703288,"freedom","ideal",13,53,6.89
703288,"individualism","ideal",9,83,7.47
703288,"justice","ideal",9,54,4.86
703288,"happiness","ideal",10,55,5.5
703288,"arms","ideal",8,79,6.32
703288,"tolerance","ideal",12,36,4.32
201862,"democracy","paper",20,27,5.4
201862,"equality","paper",7,19,1.33
201862,"freedom","paper",25,25,6.25
201862,"individualism","paper",17,27,4.59
201862,"justice","paper",16,21,3.36
201862,"happiness","paper",13,10,1.3
201862,"arms","paper",0,7,0
201862,"tolerance","paper",2,8,0.16
201862,"democracy","ideal",12,27,3.24
201862,"equality","ideal",25,19,4.75
201862,"freedom","ideal",9,25,2.25
201862,"individualism","ideal",15,27,4.05
201862,"justice","ideal",20,21,4.2
201862,"happiness","ideal",14,10,1.4
201862,"arms","ideal",0,7,0
201862,"tolerance","ideal",5,8,0.4
343950,"democracy","paper",8,6,0.48
343950,"equality","paper",16,14,2.24
343950,"freedom","paper",19,3,0.57
343950,"individualism","paper",9,50,4.5
343950,"justice","paper",39,8,3.12
343950,"happiness","paper",0,42,0
343950,"arms","paper",9,4,0.36
343950,"tolerance","paper",0,11,0
343950,"democracy","ideal",28,6,1.68
343950,"equality","ideal",7,14,0.98
343950,"freedom","ideal",7,3,0.21
343950,"individualism","ideal",0,50,0
343950,"justice","ideal",31,8,2.48
343950,"happiness","ideal",9,42,3.78
343950,"arms","ideal",18,4,0.72
343950,"tolerance","ideal",0,11,0
692641,"democracy","paper",33,75,24.75
692641,"equality","paper",10,60,6
692641,"freedom","paper",10,80,8
692641,"individualism","paper",10,90,9
692641,"justice","paper",20,35,7
692641,"happiness","paper",5,95,4.75
692641,"arms","paper",2,100,2
692641,"tolerance","paper",10,50,5
692641,"democracy","ideal",20,75,15
692641,"equality","ideal",20,60,12
692641,"freedom","ideal",10,80,8
692641,"individualism","ideal",5,90,4.5
692641,"justice","ideal",20,35,7
692641,"happiness","ideal",5,95,4.75
692641,"arms","ideal",0,100,0
692641,"tolerance","ideal",20,50,10
564992,"democracy","paper",20,20,4
564992,"equality","paper",20,10,2
564992,"freedom","paper",20,30,6
564992,"individualism","paper",0,10,0
564992,"justice","paper",20,20,4
564992,"happiness","paper",10,20,2
564992,"arms","paper",10,10,1
564992,"tolerance","paper",0,10,0
564992,"democracy","ideal",30,20,6
564992,"equality","ideal",10,10,1
564992,"freedom","ideal",20,30,6
564992,"individualism","ideal",0,10,0
564992,"justice","ideal",20,20,4
564992,"happiness","ideal",10,20,2
564992,"arms","ideal",10,10,1
564992,"tolerance","ideal",0,10,0
816270,"democracy","paper",11,15,1.65
816270,"equality","paper",6,6,0.36
816270,"freedom","paper",18,31,5.58
816270,"individualism","paper",13,23,2.99
816270,"justice","paper",15,3,0.45
816270,"happiness","paper",12,54,6.48
816270,"arms","paper",21,40,8.4
816270,"tolerance","paper",4,10,0.4
816270,"democracy","ideal",9,15,1.35
816270,"equality","ideal",0,6,0
816270,"freedom","ideal",23,31,7.13
816270,"individualism","ideal",11,23,2.53
816270,"justice","ideal",27,3,0.81
816270,"happiness","ideal",10,54,5.4
816270,"arms","ideal",18,40,7.2
816270,"tolerance","ideal",2,10,0.2
960375,"democracy","paper",50,30,15
960375,"equality","paper",20,10,2
960375,"freedom","paper",16,50,8
960375,"individualism","paper",1,70,0.7
960375,"justice","paper",2,15,0.3
960375,"happiness","paper",8,10,0.8
960375,"arms","paper",2,70,1.4
960375,"tolerance","paper",1,10,0.1
960375,"democracy","ideal",40,30,12
960375,"equality","ideal",25,10,2.5
960375,"freedom","ideal",15,50,7.5
960375,"individualism","ideal",5,70,3.5
960375,"justice","ideal",4,15,0.6
960375,"happiness","ideal",5,10,0.5
960375,"arms","ideal",2,70,1.4
960375,"tolerance","ideal",4,10,0.4
602765,"democracy","paper",7,0,0
602765,"equality","paper",0,0,0
602765,"freedom","paper",0,20,0
602765,"individualism","paper",29,39,11.31
602765,"justice","paper",0,0,0
602765,"happiness","paper",0,0,0
602765,"arms","paper",64,100,64
602765,"tolerance","paper",0,0,0
602765,"democracy","ideal",2,0,0
602765,"equality","ideal",19,0,0
602765,"freedom","ideal",13,20,2.6
602765,"individualism","ideal",9,39,3.51
602765,"justice","ideal",39,0,0
602765,"happiness","ideal",10,0,0
602765,"arms","ideal",0,100,0
602765,"tolerance","ideal",8,0,0
614475,"democracy","paper",30,75,22.5
614475,"equality","paper",20,70,14
614475,"freedom","paper",20,70,14
614475,"individualism","paper",5,50,2.5
614475,"justice","paper",15,65,9.75
614475,"happiness","paper",5,70,3.5
614475,"arms","paper",2,75,1.5
614475,"tolerance","paper",3,75,2.25
614475,"democracy","ideal",16,75,12
614475,"equality","ideal",12,70,8.4
614475,"freedom","ideal",12,70,8.4
614475,"individualism","ideal",12,50,6
614475,"justice","ideal",12,65,7.8
614475,"happiness","ideal",12,70,8.4
614475,"arms","ideal",12,75,9
614475,"tolerance","ideal",12,75,9
901703,"democracy","paper",11,45,4.95
901703,"equality","paper",10,45,4.5
901703,"freedom","paper",14,51,7.14
901703,"individualism","paper",15,26,3.9
901703,"justice","paper",17,43,7.31
901703,"happiness","paper",19,45,8.55
901703,"arms","paper",8,53,4.24
901703,"tolerance","paper",6,57,3.42
901703,"democracy","ideal",16,45,7.2
901703,"equality","ideal",18,45,8.1
901703,"freedom","ideal",9,51,4.59
901703,"individualism","ideal",19,26,4.94
901703,"justice","ideal",17,43,7.31
901703,"happiness","ideal",21,45,9.45
901703,"arms","ideal",0,53,0
901703,"tolerance","ideal",0,57,0
184210,"democracy","paper",17,71,12.07
184210,"equality","paper",15,69,10.35
184210,"freedom","paper",21,78,16.38
184210,"individualism","paper",4,76,3.04
184210,"justice","paper",15,55,8.25
184210,"happiness","paper",12,70,8.4
184210,"arms","paper",5,71,3.55
184210,"tolerance","paper",11,42,4.62
184210,"democracy","ideal",18,71,12.78
184210,"equality","ideal",10,69,6.9
184210,"freedom","ideal",28,78,21.84
184210,"individualism","ideal",10,76,7.6
184210,"justice","ideal",10,55,5.5
184210,"happiness","ideal",5,70,3.5
184210,"arms","ideal",9,71,6.39
184210,"tolerance","ideal",10,42,4.2
872456,"democracy","paper",40,91,36.4
872456,"equality","paper",25,29,7.25
872456,"freedom","paper",12,90,10.8
872456,"individualism","paper",7,29,2.03
872456,"justice","paper",5,29,1.45
872456,"happiness","paper",6,58,3.48
872456,"arms","paper",2,86,1.72
872456,"tolerance","paper",3,52,1.56
872456,"democracy","ideal",25,91,22.75
872456,"equality","ideal",19,29,5.51
872456,"freedom","ideal",18,90,16.2
872456,"individualism","ideal",3,29,0.87
872456,"justice","ideal",20,29,5.8
872456,"happiness","ideal",10,58,5.8
872456,"arms","ideal",0,86,0
872456,"tolerance","ideal",5,52,2.6
249618,"democracy","paper",11,100,11
249618,"equality","paper",12,44,5.28
249618,"freedom","paper",24,47,11.28
249618,"individualism","paper",5,36,1.8
249618,"justice","paper",17,80,13.6
249618,"happiness","paper",7,33,2.31
249618,"arms","paper",24,65,15.6
249618,"tolerance","paper",0,24,0
249618,"democracy","ideal",11,100,11
249618,"equality","ideal",13,44,5.72
249618,"freedom","ideal",24,47,11.28
249618,"individualism","ideal",9,36,3.24
249618,"justice","ideal",15,80,12
249618,"happiness","ideal",14,33,4.62
249618,"arms","ideal",8,65,5.2
249618,"tolerance","ideal",6,24,1.44
903614,"democracy","paper",10,39,3.9
903614,"equality","paper",15,100,15
903614,"freedom","paper",15,100,15
903614,"individualism","paper",10,100,10
903614,"justice","paper",15,68,10.2
903614,"happiness","paper",15,100,15
903614,"arms","paper",10,100,10
903614,"tolerance","paper",10,100,10
903614,"democracy","ideal",30,39,11.7
903614,"equality","ideal",10,100,10
903614,"freedom","ideal",10,100,10
903614,"individualism","ideal",10,100,10
903614,"justice","ideal",10,68,6.8
903614,"happiness","ideal",10,100,10
903614,"arms","ideal",10,100,10
903614,"tolerance","ideal",10,100,10
563084,"democracy","paper",15,30,4.5
563084,"equality","paper",30,20,6
563084,"freedom","paper",15,40,6
563084,"individualism","paper",10,25,2.5
563084,"justice","paper",5,29,1.45
563084,"happiness","paper",10,15,1.5
563084,"arms","paper",10,53,5.3
563084,"tolerance","paper",5,20,1
563084,"democracy","ideal",15,30,4.5
563084,"equality","ideal",15,20,3
563084,"freedom","ideal",10,40,4
563084,"individualism","ideal",20,25,5
563084,"justice","ideal",10,29,2.9
563084,"happiness","ideal",15,15,2.25
563084,"arms","ideal",5,53,2.65
563084,"tolerance","ideal",10,20,2
188696,"democracy","paper",30,30,9
188696,"equality","paper",17,18,3.06
188696,"freedom","paper",17,18,3.06
188696,"individualism","paper",7,10,0.7
188696,"justice","paper",6,5,0.3
188696,"happiness","paper",5,11,0.55
188696,"arms","paper",15,27,4.05
188696,"tolerance","paper",3,5,0.15
188696,"democracy","ideal",6,30,1.8
188696,"equality","ideal",20,18,3.6
188696,"freedom","ideal",20,18,3.6
188696,"individualism","ideal",11,10,1.1
188696,"justice","ideal",18,5,0.9
188696,"happiness","ideal",18,11,1.98
188696,"arms","ideal",0,27,0
188696,"tolerance","ideal",7,5,0.35
445671,"democracy","paper",34,32,10.88
445671,"equality","paper",7,4,0.28
445671,"freedom","paper",33,52,17.16
445671,"individualism","paper",7,54,3.78
445671,"justice","paper",12,9,1.08
445671,"happiness","paper",0,7,0
445671,"arms","paper",4,40,1.6
445671,"tolerance","paper",3,73,2.19
445671,"democracy","ideal",30,32,9.6
445671,"equality","ideal",1,4,0.04
445671,"freedom","ideal",30,52,15.6
445671,"individualism","ideal",9,54,4.86
445671,"justice","ideal",24,9,2.16
445671,"happiness","ideal",3,7,0.21
445671,"arms","ideal",3,40,1.2
445671,"tolerance","ideal",0,73,0
949639,"democracy","paper",10,72,7.2
949639,"equality","paper",0,72,0
949639,"freedom","paper",39,84,32.76
949639,"individualism","paper",0,53,0
949639,"justice","paper",3,66,1.98
949639,"happiness","paper",39,84,32.76
949639,"arms","paper",9,68,6.12
949639,"tolerance","paper",0,77,0
949639,"democracy","ideal",27,72,19.44
949639,"equality","ideal",0,72,0
949639,"freedom","ideal",27,84,22.68
949639,"individualism","ideal",0,53,0
949639,"justice","ideal",27,66,17.82
949639,"happiness","ideal",11,84,9.24
949639,"arms","ideal",8,68,5.44
949639,"tolerance","ideal",0,77,0
506018,"democracy","paper",20,70,14
506018,"equality","paper",5,50,2.5
506018,"freedom","paper",20,70,14
506018,"individualism","paper",15,80,12
506018,"justice","paper",15,45,6.75
506018,"happiness","paper",15,60,9
506018,"arms","paper",5,100,5
506018,"tolerance","paper",5,45,2.25
506018,"democracy","ideal",15,70,10.5
506018,"equality","ideal",15,50,7.5
506018,"freedom","ideal",15,70,10.5
506018,"individualism","ideal",10,80,8
506018,"justice","ideal",15,45,6.75
506018,"happiness","ideal",15,60,9
506018,"arms","ideal",0,100,0
506018,"tolerance","ideal",15,45,6.75
732386,"democracy","paper",0,0,0
732386,"equality","paper",0,30,0
732386,"freedom","paper",100,50,50
732386,"individualism","paper",0,100,0
732386,"justice","paper",0,100,0
732386,"happiness","paper",0,100,0
732386,"arms","paper",0,0,0
732386,"tolerance","paper",0,100,0
732386,"democracy","ideal",0,0,0
732386,"equality","ideal",0,30,0
732386,"freedom","ideal",0,50,0
732386,"individualism","ideal",0,100,0
732386,"justice","ideal",40,100,40
732386,"happiness","ideal",40,100,40
732386,"arms","ideal",0,0,0
732386,"tolerance","ideal",20,100,20
652460,"democracy","paper",14,75,10.5
652460,"equality","paper",19,55,10.45
652460,"freedom","paper",19,75,14.25
652460,"individualism","paper",15,65,9.75
652460,"justice","paper",10,40,4
652460,"happiness","paper",9,70,6.3
652460,"arms","paper",5,55,2.75
652460,"tolerance","paper",9,45,4.05
652460,"democracy","ideal",20,75,15
652460,"equality","ideal",20,55,11
652460,"freedom","ideal",20,75,15
652460,"individualism","ideal",10,65,6.5
652460,"justice","ideal",14,40,5.6
652460,"happiness","ideal",6,70,4.2
652460,"arms","ideal",0,55,0
652460,"tolerance","ideal",10,45,4.5
811650,"democracy","paper",20,60,12
811650,"equality","paper",5,70,3.5
811650,"freedom","paper",25,75,18.75
811650,"individualism","paper",5,85,4.25
811650,"justice","paper",20,70,14
811650,"happiness","paper",10,70,7
811650,"arms","paper",10,60,6
811650,"tolerance","paper",5,65,3.25
811650,"democracy","ideal",22,60,13.2
811650,"equality","ideal",10,70,7
811650,"freedom","ideal",23,75,17.25
811650,"individualism","ideal",0,85,0
811650,"justice","ideal",20,70,14
811650,"happiness","ideal",10,70,7
811650,"arms","ideal",5,60,3
811650,"tolerance","ideal",10,65,6.5
346052,"democracy","paper",21,49,10.29
346052,"equality","paper",20,40,8
346052,"freedom","paper",20,39,7.8
346052,"individualism","paper",1,48,0.48
346052,"justice","paper",20,11,2.2
346052,"happiness","paper",1,59,0.59
346052,"arms","paper",1,100,1
346052,"tolerance","paper",16,35,5.6
346052,"democracy","ideal",19,49,9.31
346052,"equality","ideal",19,40,7.6
346052,"freedom","ideal",19,39,7.41
346052,"individualism","ideal",1,48,0.48
346052,"justice","ideal",21,11,2.31
346052,"happiness","ideal",1,59,0.59
346052,"arms","ideal",0,100,0
346052,"tolerance","ideal",20,35,7
739141,"democracy","paper",20,20,4
739141,"equality","paper",15,15,2.25
739141,"freedom","paper",20,15,3
739141,"individualism","paper",5,25,1.25
739141,"justice","paper",10,15,1.5
739141,"happiness","paper",5,10,0.5
739141,"arms","paper",15,20,3
739141,"tolerance","paper",10,5,0.5
739141,"democracy","ideal",30,20,6
739141,"equality","ideal",18,15,2.7
739141,"freedom","ideal",26,15,3.9
739141,"individualism","ideal",5,25,1.25
739141,"justice","ideal",10,15,1.5
739141,"happiness","ideal",5,10,0.5
739141,"arms","ideal",2,20,0.4
739141,"tolerance","ideal",4,5,0.2
727587,"democracy","paper",18,75,13.5
727587,"equality","paper",16,70,11.2
727587,"freedom","paper",16,88,14.08
727587,"individualism","paper",16,73,11.68
727587,"justice","paper",16,50,8
727587,"happiness","paper",4,78,3.12
727587,"arms","paper",0,100,0
727587,"tolerance","paper",14,25,3.5
727587,"democracy","ideal",15,75,11.25
727587,"equality","ideal",16,70,11.2
727587,"freedom","ideal",16,88,14.08
727587,"individualism","ideal",15,73,10.95
727587,"justice","ideal",13,50,6.5
727587,"happiness","ideal",14,78,10.92
727587,"arms","ideal",0,100,0
727587,"tolerance","ideal",11,25,2.75
294731,"democracy","paper",15,51,7.65
294731,"equality","paper",15,50,7.5
294731,"freedom","paper",15,55,8.25
294731,"individualism","paper",13,60,7.8
294731,"justice","paper",15,50,7.5
294731,"happiness","paper",13,70,9.1
294731,"arms","paper",4,71,2.84
294731,"tolerance","paper",10,69,6.9
294731,"democracy","ideal",15,51,7.65
294731,"equality","ideal",15,50,7.5
294731,"freedom","ideal",10,55,5.5
294731,"individualism","ideal",10,60,6
294731,"justice","ideal",15,50,7.5
294731,"happiness","ideal",15,70,10.5
294731,"arms","ideal",10,71,7.1
294731,"tolerance","ideal",10,69,6.9
781575,"democracy","paper",0,70,0
781575,"equality","paper",0,68,0
781575,"freedom","paper",25,40,10
781575,"individualism","paper",0,36,0
781575,"justice","paper",25,40,10
781575,"happiness","paper",25,40,10
781575,"arms","paper",25,40,10
781575,"tolerance","paper",0,67,0
781575,"democracy","ideal",0,70,0
781575,"equality","ideal",0,68,0
781575,"freedom","ideal",25,40,10
781575,"individualism","ideal",0,36,0
781575,"justice","ideal",25,40,10
781575,"happiness","ideal",25,40,10
781575,"arms","ideal",25,40,10
781575,"tolerance","ideal",0,67,0
872631,"democracy","paper",6,75,4.5
872631,"equality","paper",17,47,7.99
872631,"freedom","paper",24,82,19.68
872631,"individualism","paper",15,77,11.55
872631,"justice","paper",15,48,7.2
872631,"happiness","paper",21,63,13.23
872631,"arms","paper",2,84,1.68
872631,"tolerance","paper",0,48,0
872631,"democracy","ideal",12,75,9
872631,"equality","ideal",23,47,10.81
872631,"freedom","ideal",26,82,21.32
872631,"individualism","ideal",20,77,15.4
872631,"justice","ideal",13,48,6.24
872631,"happiness","ideal",6,63,3.78
872631,"arms","ideal",0,84,0
872631,"tolerance","ideal",0,48,0
313567,"democracy","paper",2,0,0
313567,"equality","paper",2,0,0
313567,"freedom","paper",41,0,0
313567,"individualism","paper",22,0,0
313567,"justice","paper",10,0,0
313567,"happiness","paper",7,0,0
313567,"arms","paper",16,0,0
313567,"tolerance","paper",0,0,0
313567,"democracy","ideal",1,0,0
313567,"equality","ideal",0,0,0
313567,"freedom","ideal",39,0,0
313567,"individualism","ideal",19,0,0
313567,"justice","ideal",10,0,0
313567,"happiness","ideal",10,0,0
313567,"arms","ideal",21,0,0
313567,"tolerance","ideal",0,0,0
656018,"democracy","paper",14,87,12.18
656018,"equality","paper",16,78,12.48
656018,"freedom","paper",18,73,13.14
656018,"individualism","paper",10,81,8.1
656018,"justice","paper",14,68,9.52
656018,"happiness","paper",13,70,9.1
656018,"arms","paper",12,78,9.36
656018,"tolerance","paper",3,70,2.1
656018,"democracy","ideal",15,87,13.05
656018,"equality","ideal",14,78,10.92
656018,"freedom","ideal",17,73,12.41
656018,"individualism","ideal",7,81,5.67
656018,"justice","ideal",14,68,9.52
656018,"happiness","ideal",7,70,4.9
656018,"arms","ideal",9,78,7.02
656018,"tolerance","ideal",17,70,11.9
276120,"democracy","paper",15,30,4.5
276120,"equality","paper",0,40,0
276120,"freedom","paper",5,5,0.25
276120,"individualism","paper",30,70,21
276120,"justice","paper",0,10,0
276120,"happiness","paper",5,15,0.75
276120,"arms","paper",45,80,36
276120,"tolerance","paper",0,6,0
276120,"democracy","ideal",25,30,7.5
276120,"equality","ideal",25,40,10
276120,"freedom","ideal",0,5,0
276120,"individualism","ideal",0,70,0
276120,"justice","ideal",19,10,1.9
276120,"happiness","ideal",0,15,0
276120,"arms","ideal",0,80,0
276120,"tolerance","ideal",31,6,1.86
775475,"democracy","paper",20,70,14
775475,"equality","paper",20,16,3.2
775475,"freedom","paper",30,53,15.9
775475,"individualism","paper",15,72,10.8
775475,"justice","paper",10,1,0.1
775475,"happiness","paper",0,51,0
775475,"arms","paper",0,100,0
775475,"tolerance","paper",5,100,5
775475,"democracy","ideal",20,70,14
775475,"equality","ideal",20,16,3.2
775475,"freedom","ideal",20,53,10.6
775475,"individualism","ideal",20,72,14.4
775475,"justice","ideal",5,1,0.05
775475,"happiness","ideal",5,51,2.55
775475,"arms","ideal",5,100,5
775475,"tolerance","ideal",5,100,5
170227,"democracy","paper",20,75,15
170227,"equality","paper",20,35,7
170227,"freedom","paper",20,63,12.6
170227,"individualism","paper",5,40,2
170227,"justice","paper",20,45,9
170227,"happiness","paper",10,13,1.3
170227,"arms","paper",0,45,0
170227,"tolerance","paper",5,10,0.5
170227,"democracy","ideal",25,75,18.75
170227,"equality","ideal",25,35,8.75
170227,"freedom","ideal",25,63,15.75
170227,"individualism","ideal",10,40,4
170227,"justice","ideal",10,45,4.5
170227,"happiness","ideal",0,13,0
170227,"arms","ideal",0,45,0
170227,"tolerance","ideal",5,10,0.5
447126,"democracy","paper",19,34,6.46
447126,"equality","paper",9,34,3.06
447126,"freedom","paper",19,66,12.54
447126,"individualism","paper",8,76,6.08
447126,"justice","paper",19,35,6.65
447126,"happiness","paper",10,76,7.6
447126,"arms","paper",5,100,5
447126,"tolerance","paper",11,31,3.41
447126,"democracy","ideal",17,34,5.78
447126,"equality","ideal",13,34,4.42
447126,"freedom","ideal",15,66,9.9
447126,"individualism","ideal",9,76,6.84
447126,"justice","ideal",15,35,5.25
447126,"happiness","ideal",11,76,8.36
447126,"arms","ideal",2,100,2
447126,"tolerance","ideal",18,31,5.58
509235,"democracy","paper",10,60,6
509235,"equality","paper",5,35,1.75
509235,"freedom","paper",30,75,22.5
509235,"individualism","paper",10,80,8
509235,"justice","paper",20,65,13
509235,"happiness","paper",20,75,15
509235,"arms","paper",5,100,5
509235,"tolerance","paper",0,30,0
509235,"democracy","ideal",0,60,0
509235,"equality","ideal",20,35,7
509235,"freedom","ideal",20,75,15
509235,"individualism","ideal",20,80,16
509235,"justice","ideal",0,65,0
509235,"happiness","ideal",20,75,15
509235,"arms","ideal",0,100,0
509235,"tolerance","ideal",20,30,6
277381,"democracy","paper",18,33,5.94
277381,"equality","paper",30,43,12.9
277381,"freedom","paper",16,51,8.16
277381,"individualism","paper",0,42,0
277381,"justice","paper",0,40,0
277381,"happiness","paper",0,47,0
277381,"arms","paper",36,59,21.24
277381,"tolerance","paper",0,48,0
277381,"democracy","ideal",0,33,0
277381,"equality","ideal",28,43,12.04
277381,"freedom","ideal",0,51,0
277381,"individualism","ideal",0,42,0
277381,"justice","ideal",35,40,14
277381,"happiness","ideal",37,47,17.39
277381,"arms","ideal",0,59,0
277381,"tolerance","ideal",0,48,0
204117,"democracy","paper",25,70,17.5
204117,"equality","paper",25,50,12.5
204117,"freedom","paper",4,82,3.28
204117,"individualism","paper",0,82,0
204117,"justice","paper",25,50,12.5
204117,"happiness","paper",0,81,0
204117,"arms","paper",0,81,0
204117,"tolerance","paper",21,7,1.47
204117,"democracy","ideal",25,70,17.5
204117,"equality","ideal",25,50,12.5
204117,"freedom","ideal",6,82,4.92
204117,"individualism","ideal",0,82,0
204117,"justice","ideal",25,50,12.5
204117,"happiness","ideal",0,81,0
204117,"arms","ideal",0,81,0
204117,"tolerance","ideal",19,7,1.33
792624,"democracy","paper",23,60,13.8
792624,"equality","paper",20,50,10
792624,"freedom","paper",23,40,9.2
792624,"individualism","paper",5,58,2.9
792624,"justice","paper",20,64,12.8
792624,"happiness","paper",0,21,0
792624,"arms","paper",9,41,3.69
792624,"tolerance","paper",0,18,0
792624,"democracy","ideal",20,60,12
792624,"equality","ideal",22,50,11
792624,"freedom","ideal",20,40,8
792624,"individualism","ideal",4,58,2.32
792624,"justice","ideal",22,64,14.08
792624,"happiness","ideal",5,21,1.05
792624,"arms","ideal",0,41,0
792624,"tolerance","ideal",7,18,1.26
664742,"democracy","paper",10,75,7.5
664742,"equality","paper",25,62,15.5
664742,"freedom","paper",25,83,20.75
664742,"individualism","paper",1,92,0.92
664742,"justice","paper",21,63,13.23
664742,"happiness","paper",8,72,5.76
664742,"arms","paper",5,82,4.1
664742,"tolerance","paper",5,62,3.1
664742,"democracy","ideal",2,75,1.5
664742,"equality","ideal",2,62,1.24
664742,"freedom","ideal",37,83,30.71
664742,"individualism","ideal",6,92,5.52
664742,"justice","ideal",2,63,1.26
664742,"happiness","ideal",30,72,21.6
664742,"arms","ideal",3,82,2.46
664742,"tolerance","ideal",18,62,11.16
431732,"democracy","paper",20,50,10
431732,"equality","paper",7,5,0.35
431732,"freedom","paper",29,68,19.72
431732,"individualism","paper",0,84,0
431732,"justice","paper",29,25,7.25
431732,"happiness","paper",0,36,0
431732,"arms","paper",15,85,12.75
431732,"tolerance","paper",0,5,0
431732,"democracy","ideal",24,50,12
431732,"equality","ideal",20,5,1
431732,"freedom","ideal",10,68,6.8
431732,"individualism","ideal",10,84,8.4
431732,"justice","ideal",8,25,2
431732,"happiness","ideal",8,36,2.88
431732,"arms","ideal",0,85,0
431732,"tolerance","ideal",20,5,1
424212,"democracy","paper",11,55,6.05
424212,"equality","paper",10,41,4.1
424212,"freedom","paper",19,61,11.59
424212,"individualism","paper",0,59,0
424212,"justice","paper",20,35,7
424212,"happiness","paper",0,53,0
424212,"arms","paper",40,14,5.6
424212,"tolerance","paper",0,16,0
424212,"democracy","ideal",24,55,13.2
424212,"equality","ideal",26,41,10.66
424212,"freedom","ideal",0,61,0
424212,"individualism","ideal",0,59,0
424212,"justice","ideal",25,35,8.75
424212,"happiness","ideal",0,53,0
424212,"arms","ideal",0,14,0
424212,"tolerance","ideal",25,16,4
646499,"democracy","paper",20,100,20
646499,"equality","paper",20,75,15
646499,"freedom","paper",20,100,20
646499,"individualism","paper",0,50,0
646499,"justice","paper",15,80,12
646499,"happiness","paper",15,100,15
646499,"arms","paper",10,100,10
646499,"tolerance","paper",0,40,0
646499,"democracy","ideal",15,100,15
646499,"equality","ideal",20,75,15
646499,"freedom","ideal",20,100,20
646499,"individualism","ideal",0,50,0
646499,"justice","ideal",20,80,16
646499,"happiness","ideal",20,100,20
646499,"arms","ideal",5,100,5
646499,"tolerance","ideal",0,40,0
200346,"democracy","paper",30,48,14.4
200346,"equality","paper",10,11,1.1
200346,"freedom","paper",32,33,10.56
200346,"individualism","paper",0,18,0
200346,"justice","paper",7,6,0.42
200346,"happiness","paper",14,74,10.36
200346,"arms","paper",7,51,3.57
200346,"tolerance","paper",0,13,0
200346,"democracy","ideal",15,48,7.2
200346,"equality","ideal",20,11,2.2
200346,"freedom","ideal",19,33,6.27
200346,"individualism","ideal",14,18,2.52
200346,"justice","ideal",6,6,0.36
200346,"happiness","ideal",19,74,14.06
200346,"arms","ideal",0,51,0
200346,"tolerance","ideal",7,13,0.91
467838,"democracy","paper",19,93,17.67
467838,"equality","paper",19,29,5.51
467838,"freedom","paper",27,89,24.03
467838,"individualism","paper",4,49,1.96
467838,"justice","paper",14,81,11.34
467838,"happiness","paper",9,81,7.29
467838,"arms","paper",4,81,3.24
467838,"tolerance","paper",4,28,1.12
467838,"democracy","ideal",20,93,18.6
467838,"equality","ideal",18,29,5.22
467838,"freedom","ideal",18,89,16.02
467838,"individualism","ideal",8,49,3.92
467838,"justice","ideal",17,81,13.77
467838,"happiness","ideal",8,81,6.48
467838,"arms","ideal",0,81,0
467838,"tolerance","ideal",11,28,3.08
449533,"democracy","paper",25,30,7.5
449533,"equality","paper",15,10,1.5
449533,"freedom","paper",15,12,1.8
449533,"individualism","paper",0,100,0
449533,"justice","paper",15,10,1.5
449533,"happiness","paper",10,5,0.5
449533,"arms","paper",0,100,0
449533,"tolerance","paper",20,1,0.2
449533,"democracy","ideal",25,30,7.5
449533,"equality","ideal",25,10,2.5
449533,"freedom","ideal",25,12,3
449533,"individualism","ideal",0,100,0
449533,"justice","ideal",5,10,0.5
449533,"happiness","ideal",0,5,0
449533,"arms","ideal",0,100,0
449533,"tolerance","ideal",20,1,0.2
622931,"democracy","paper",5,10,0.5
622931,"equality","paper",5,40,2
622931,"freedom","paper",5,30,1.5
622931,"individualism","paper",30,9,2.7
622931,"justice","paper",5,39,1.95
622931,"happiness","paper",5,32,1.6
622931,"arms","paper",40,6,2.4
622931,"tolerance","paper",5,30,1.5
622931,"democracy","ideal",30,10,3
622931,"equality","ideal",10,40,4
622931,"freedom","ideal",20,30,6
622931,"individualism","ideal",10,9,0.9
622931,"justice","ideal",15,39,5.85
622931,"happiness","ideal",10,32,3.2
622931,"arms","ideal",0,6,0
622931,"tolerance","ideal",5,30,1.5
655948,"democracy","paper",33,95,31.35
655948,"equality","paper",20,26,5.2
655948,"freedom","paper",20,79,15.8
655948,"individualism","paper",3,72,2.16
655948,"justice","paper",8,78,6.24
655948,"happiness","paper",5,85,4.25
655948,"arms","paper",7,87,6.09
655948,"tolerance","paper",4,78,3.12
655948,"democracy","ideal",30,95,28.5
655948,"equality","ideal",14,26,3.64
655948,"freedom","ideal",7,79,5.53
655948,"individualism","ideal",3,72,2.16
655948,"justice","ideal",23,78,17.94
655948,"happiness","ideal",23,85,19.55
655948,"arms","ideal",0,87,0
655948,"tolerance","ideal",0,78,0
691678,"democracy","paper",18,48,8.64
691678,"equality","paper",20,90,18
691678,"freedom","paper",17,80,13.6
691678,"individualism","paper",8,35,2.8
691678,"justice","paper",13,45,5.85
691678,"happiness","paper",13,65,8.45
691678,"arms","paper",9,55,4.95
691678,"tolerance","paper",2,30,0.6
691678,"democracy","ideal",15,48,7.2
691678,"equality","ideal",15,90,13.5
691678,"freedom","ideal",16,80,12.8
691678,"individualism","ideal",8,35,2.8
691678,"justice","ideal",17,45,7.65
691678,"happiness","ideal",14,65,9.1
691678,"arms","ideal",6,55,3.3
691678,"tolerance","ideal",9,30,2.7
976228,"democracy","paper",14,51,7.14
976228,"equality","paper",14,51,7.14
976228,"freedom","paper",14,50,7
976228,"individualism","paper",13,52,6.76
976228,"justice","paper",13,51,6.63
976228,"happiness","paper",13,50,6.5
976228,"arms","paper",10,51,5.1
976228,"tolerance","paper",9,51,4.59
976228,"democracy","ideal",10,51,5.1
976228,"equality","ideal",13,51,6.63
976228,"freedom","ideal",16,50,8
976228,"individualism","ideal",10,52,5.2
976228,"justice","ideal",16,51,8.16
976228,"happiness","ideal",11,50,5.5
976228,"arms","ideal",13,51,6.63
976228,"tolerance","ideal",11,51,5.61
828801,"democracy","paper",12,60,7.2
828801,"equality","paper",12,90,10.8
828801,"freedom","paper",12,70,8.4
828801,"individualism","paper",12,90,10.8
828801,"justice","paper",13,51,6.63
828801,"happiness","paper",13,95,12.35
828801,"arms","paper",13,20,2.6
828801,"tolerance","paper",13,95,12.35
828801,"democracy","ideal",13,60,7.8
828801,"equality","ideal",13,90,11.7
828801,"freedom","ideal",20,70,14
828801,"individualism","ideal",5,90,4.5
828801,"justice","ideal",11,51,5.61
828801,"happiness","ideal",11,95,10.45
828801,"arms","ideal",17,20,3.4
828801,"tolerance","ideal",10,95,9.5
700100,"democracy","paper",20,100,20
700100,"equality","paper",10,100,10
700100,"freedom","paper",10,100,10
700100,"individualism","paper",20,100,20
700100,"justice","paper",10,100,10
700100,"happiness","paper",10,100,10
700100,"arms","paper",10,1,0.1
700100,"tolerance","paper",10,100,10
700100,"democracy","ideal",20,100,20
700100,"equality","ideal",10,100,10
700100,"freedom","ideal",10,100,10
700100,"individualism","ideal",10,100,10
700100,"justice","ideal",20,100,20
700100,"happiness","ideal",20,100,20
700100,"arms","ideal",0,1,0
700100,"tolerance","ideal",10,100,10
574099,"democracy","paper",30,70,21
574099,"equality","paper",20,50,10
574099,"freedom","paper",30,80,24
574099,"individualism","paper",0,30,0
574099,"justice","paper",5,30,1.5
574099,"happiness","paper",5,30,1.5
574099,"arms","paper",5,40,2
574099,"tolerance","paper",5,19,0.95
574099,"democracy","ideal",20,70,14
574099,"equality","ideal",25,50,12.5
574099,"freedom","ideal",25,80,20
574099,"individualism","ideal",5,30,1.5
574099,"justice","ideal",10,30,3
574099,"happiness","ideal",5,30,1.5
574099,"arms","ideal",5,40,2
574099,"tolerance","ideal",5,19,0.95
738843,"democracy","paper",25,30,7.5
738843,"equality","paper",10,80,8
738843,"freedom","paper",10,57,5.7
738843,"individualism","paper",5,100,5
738843,"justice","paper",10,21,2.1
738843,"happiness","paper",10,57,5.7
738843,"arms","paper",20,84,16.8
738843,"tolerance","paper",10,84,8.4
738843,"democracy","ideal",30,30,9
738843,"equality","ideal",10,80,8
738843,"freedom","ideal",10,57,5.7
738843,"individualism","ideal",10,100,10
738843,"justice","ideal",10,21,2.1
738843,"happiness","ideal",5,57,2.85
738843,"arms","ideal",15,84,12.6
738843,"tolerance","ideal",10,84,8.4
588108,"democracy","paper",10,44,4.4
588108,"equality","paper",17,49,8.33
588108,"freedom","paper",26,45,11.7
588108,"individualism","paper",12,38,4.56
588108,"justice","paper",17,43,7.31
588108,"happiness","paper",5,30,1.5
588108,"arms","paper",10,50,5
588108,"tolerance","paper",3,30,0.9
588108,"democracy","ideal",10,44,4.4
588108,"equality","ideal",13,49,6.37
588108,"freedom","ideal",18,45,8.1
588108,"individualism","ideal",12,38,4.56
588108,"justice","ideal",17,43,7.31
588108,"happiness","ideal",11,30,3.3
588108,"arms","ideal",11,50,5.5
588108,"tolerance","ideal",8,30,2.4
101885,"democracy","paper",23,60,13.8
101885,"equality","paper",0,30,0
101885,"freedom","paper",39,46,17.94
101885,"individualism","paper",0,32,0
101885,"justice","paper",0,29,0
101885,"happiness","paper",7,34,2.38
101885,"arms","paper",0,47,0
101885,"tolerance","paper",31,21,6.51
101885,"democracy","ideal",25,60,15
101885,"equality","ideal",6,30,1.8
101885,"freedom","ideal",0,46,0
101885,"individualism","ideal",0,32,0
101885,"justice","ideal",10,29,2.9
101885,"happiness","ideal",29,34,9.86
101885,"arms","ideal",5,47,2.35
101885,"tolerance","ideal",25,21,5.25
325337,"democracy","paper",30,75,22.5
325337,"equality","paper",2,35,0.7
325337,"freedom","paper",25,80,20
325337,"individualism","paper",6,85,5.1
325337,"justice","paper",10,50,5
325337,"happiness","paper",5,85,4.25
325337,"arms","paper",20,90,18
325337,"tolerance","paper",2,45,0.9
325337,"democracy","ideal",20,75,15
325337,"equality","ideal",30,35,10.5
325337,"freedom","ideal",0,80,0
325337,"individualism","ideal",0,85,0
325337,"justice","ideal",30,50,15
325337,"happiness","ideal",0,85,0
325337,"arms","ideal",0,90,0
325337,"tolerance","ideal",20,45,9
999810,"democracy","paper",7,81,5.67
999810,"equality","paper",9,62,5.58
999810,"freedom","paper",17,92,15.64
999810,"individualism","paper",3,18,0.54
999810,"justice","paper",13,75,9.75
999810,"happiness","paper",6,41,2.46
999810,"arms","paper",22,60,13.2
999810,"tolerance","paper",23,20,4.6
999810,"democracy","ideal",15,81,12.15
999810,"equality","ideal",17,62,10.54
999810,"freedom","ideal",22,92,20.24
999810,"individualism","ideal",5,18,0.9
999810,"justice","ideal",16,75,12
999810,"happiness","ideal",3,41,1.23
999810,"arms","ideal",18,60,10.8
999810,"tolerance","ideal",4,20,0.8
718355,"democracy","paper",28,42,11.76
718355,"equality","paper",11,19,2.09
718355,"freedom","paper",15,45,6.75
718355,"individualism","paper",10,70,7
718355,"justice","paper",10,41,4.1
718355,"happiness","paper",10,58,5.8
718355,"arms","paper",10,70,7
718355,"tolerance","paper",6,55,3.3
718355,"democracy","ideal",50,42,21
718355,"equality","ideal",10,19,1.9
718355,"freedom","ideal",10,45,4.5
718355,"individualism","ideal",0,70,0
718355,"justice","ideal",15,41,6.15
718355,"happiness","ideal",5,58,2.9
718355,"arms","ideal",10,70,7
718355,"tolerance","ideal",0,55,0
407343,"democracy","paper",49,30,14.7
407343,"equality","paper",0,41,0
407343,"freedom","paper",51,53,27.03
407343,"individualism","paper",0,7,0
407343,"justice","paper",0,28,0
407343,"happiness","paper",0,49,0
407343,"arms","paper",0,82,0
407343,"tolerance","paper",0,38,0
407343,"democracy","ideal",51,30,15.3
407343,"equality","ideal",0,41,0
407343,"freedom","ideal",49,53,25.97
407343,"individualism","ideal",0,7,0
407343,"justice","ideal",0,28,0
407343,"happiness","ideal",0,49,0
407343,"arms","ideal",0,82,0
407343,"tolerance","ideal",0,38,0
215056,"democracy","paper",0,0,0
215056,"equality","paper",15,70,10.5
215056,"freedom","paper",15,50,7.5
215056,"individualism","paper",15,50,7.5
215056,"justice","paper",15,70,10.5
215056,"happiness","paper",15,50,7.5
215056,"arms","paper",15,85,12.75
215056,"tolerance","paper",10,50,5
215056,"democracy","ideal",0,0,0
215056,"equality","ideal",20,70,14
215056,"freedom","ideal",20,50,10
215056,"individualism","ideal",20,50,10
215056,"justice","ideal",20,70,14
215056,"happiness","ideal",0,50,0
215056,"arms","ideal",20,85,17
215056,"tolerance","ideal",0,50,0
997440,"democracy","paper",26,20,5.2
997440,"equality","paper",13,21,2.73
997440,"freedom","paper",12,53,6.36
997440,"individualism","paper",0,57,0
997440,"justice","paper",14,16,2.24
997440,"happiness","paper",11,17,1.87
997440,"arms","paper",0,NA,NA
997440,"tolerance","paper",24,0,0
997440,"democracy","ideal",20,20,4
997440,"equality","ideal",17,21,3.57
997440,"freedom","ideal",16,53,8.48
997440,"individualism","ideal",9,57,5.13
997440,"justice","ideal",12,16,1.92
997440,"happiness","ideal",13,17,2.21
997440,"arms","ideal",0,NA,NA
997440,"tolerance","ideal",13,0,0
680826,"democracy","paper",25,5,1.25
680826,"equality","paper",25,1,0.25
680826,"freedom","paper",25,20,5
680826,"individualism","paper",0,33,0
680826,"justice","paper",25,2,0.5
680826,"happiness","paper",0,2,0
680826,"arms","paper",0,50,0
680826,"tolerance","paper",0,1,0
680826,"democracy","ideal",20,5,1
680826,"equality","ideal",20,1,0.2
680826,"freedom","ideal",20,20,4
680826,"individualism","ideal",0,33,0
680826,"justice","ideal",20,2,0.4
680826,"happiness","ideal",0,2,0
680826,"arms","ideal",0,50,0
680826,"tolerance","ideal",20,1,0.2
412023,"democracy","paper",23,75,17.25
412023,"equality","paper",15,50,7.5
412023,"freedom","paper",25,76,19
412023,"individualism","paper",5,30,1.5
412023,"justice","paper",9,50,4.5
412023,"happiness","paper",15,75,11.25
412023,"arms","paper",4,85,3.4
412023,"tolerance","paper",4,30,1.2
412023,"democracy","ideal",20,75,15
412023,"equality","ideal",11,50,5.5
412023,"freedom","ideal",11,76,8.36
412023,"individualism","ideal",10,30,3
412023,"justice","ideal",19,50,9.5
412023,"happiness","ideal",11,75,8.25
412023,"arms","ideal",0,85,0
412023,"tolerance","ideal",18,30,5.4
873749,"democracy","paper",15,70,10.5
873749,"equality","paper",20,70,14
873749,"freedom","paper",20,70,14
873749,"individualism","paper",5,70,3.5
873749,"justice","paper",20,50,10
873749,"happiness","paper",5,60,3
873749,"arms","paper",5,81,4.05
873749,"tolerance","paper",10,50,5
873749,"democracy","ideal",15,70,10.5
873749,"equality","ideal",20,70,14
873749,"freedom","ideal",15,70,10.5
873749,"individualism","ideal",10,70,7
873749,"justice","ideal",20,50,10
873749,"happiness","ideal",10,60,6
873749,"arms","ideal",5,81,4.05
873749,"tolerance","ideal",5,50,2.5
682249,"democracy","paper",15,45,6.75
682249,"equality","paper",5,70,3.5
682249,"freedom","paper",25,65,16.25
682249,"individualism","paper",10,90,9
682249,"justice","paper",15,40,6
682249,"happiness","paper",15,50,7.5
682249,"arms","paper",10,90,9
682249,"tolerance","paper",5,40,2
682249,"democracy","ideal",15,45,6.75
682249,"equality","ideal",12,70,8.4
682249,"freedom","ideal",15,65,9.75
682249,"individualism","ideal",5,90,4.5
682249,"justice","ideal",20,40,8
682249,"happiness","ideal",16,50,8
682249,"arms","ideal",5,90,4.5
682249,"tolerance","ideal",12,40,4.8
373158,"democracy","paper",5,70,3.5
373158,"equality","paper",5,95,4.75
373158,"freedom","paper",30,95,28.5
373158,"individualism","paper",5,95,4.75
373158,"justice","paper",5,90,4.5
373158,"happiness","paper",10,50,5
373158,"arms","paper",35,80,28
373158,"tolerance","paper",5,70,3.5
373158,"democracy","ideal",5,70,3.5
373158,"equality","ideal",0,95,0
373158,"freedom","ideal",25,95,23.75
373158,"individualism","ideal",5,95,4.75
373158,"justice","ideal",5,90,4.5
373158,"happiness","ideal",20,50,10
373158,"arms","ideal",35,80,28
373158,"tolerance","ideal",5,70,3.5
691895,"democracy","paper",40,40,16
691895,"equality","paper",10,20,2
691895,"freedom","paper",30,10,3
691895,"individualism","paper",0,90,0
691895,"justice","paper",10,10,1
691895,"happiness","paper",5,90,4.5
691895,"arms","paper",5,40,2
691895,"tolerance","paper",0,100,0
691895,"democracy","ideal",20,40,8
691895,"equality","ideal",0,20,0
691895,"freedom","ideal",30,10,3
691895,"individualism","ideal",0,90,0
691895,"justice","ideal",40,10,4
691895,"happiness","ideal",5,90,4.5
691895,"arms","ideal",5,40,2
691895,"tolerance","ideal",0,100,0
271398,"democracy","paper",48,40,19.2
271398,"equality","paper",9,22,1.98
271398,"freedom","paper",17,34,5.78
271398,"individualism","paper",0,5,0
271398,"justice","paper",17,41,6.97
271398,"happiness","paper",6,30,1.8
271398,"arms","paper",1,59,0.59
271398,"tolerance","paper",2,20,0.4
271398,"democracy","ideal",33,40,13.2
271398,"equality","ideal",10,22,2.2
271398,"freedom","ideal",14,34,4.76
271398,"individualism","ideal",0,5,0
271398,"justice","ideal",28,41,11.48
271398,"happiness","ideal",5,30,1.5
271398,"arms","ideal",0,59,0
271398,"tolerance","ideal",10,20,2
775677,"democracy","paper",5,71,3.55
775677,"equality","paper",27,69,18.63
775677,"freedom","paper",27,85,22.95
775677,"individualism","paper",6,67,4.02
775677,"justice","paper",15,45,6.75
775677,"happiness","paper",20,90,18
775677,"arms","paper",0,11,0
775677,"tolerance","paper",0,23,0
775677,"democracy","ideal",3,71,2.13
775677,"equality","ideal",29,69,20.01
775677,"freedom","ideal",43,85,36.55
775677,"individualism","ideal",14,67,9.38
775677,"justice","ideal",0,45,0
775677,"happiness","ideal",11,90,9.9
775677,"arms","ideal",0,11,0
775677,"tolerance","ideal",0,23,0
491376,"democracy","paper",20,19,3.8
491376,"equality","paper",20,9,1.8
491376,"freedom","paper",20,40,8
491376,"individualism","paper",0,8,0
491376,"justice","paper",20,10,2
491376,"happiness","paper",20,10,2
491376,"arms","paper",0,89,0
491376,"tolerance","paper",0,9,0
491376,"democracy","ideal",20,19,3.8
491376,"equality","ideal",20,9,1.8
491376,"freedom","ideal",40,40,16
491376,"individualism","ideal",0,8,0
491376,"justice","ideal",0,10,0
491376,"happiness","ideal",20,10,2
491376,"arms","ideal",0,89,0
491376,"tolerance","ideal",0,9,0
922403,"democracy","paper",20,50,10
922403,"equality","paper",10,10,1
922403,"freedom","paper",20,11,2.2
922403,"individualism","paper",10,51,5.1
922403,"justice","paper",11,16,1.76
922403,"happiness","paper",15,17,2.55
922403,"arms","paper",3,92,2.76
922403,"tolerance","paper",11,14,1.54
922403,"democracy","ideal",20,50,10
922403,"equality","ideal",20,10,2
922403,"freedom","ideal",20,11,2.2
922403,"individualism","ideal",0,51,0
922403,"justice","ideal",20,16,3.2
922403,"happiness","ideal",0,17,0
922403,"arms","ideal",0,92,0
922403,"tolerance","ideal",20,14,2.8
500097,"democracy","paper",30,77,23.1
500097,"equality","paper",30,62,18.6
500097,"freedom","paper",14,73,10.22
500097,"individualism","paper",1,90,0.9
500097,"justice","paper",7,71,4.97
500097,"happiness","paper",14,76,10.64
500097,"arms","paper",4,54,2.16
500097,"tolerance","paper",0,39,0
500097,"democracy","ideal",34,77,26.18
500097,"equality","ideal",0,62,0
500097,"freedom","ideal",0,73,0
500097,"individualism","ideal",0,90,0
500097,"justice","ideal",0,71,0
500097,"happiness","ideal",66,76,50.16
500097,"arms","ideal",0,54,0
500097,"tolerance","ideal",0,39,0
706834,"democracy","paper",18,45,8.1
706834,"equality","paper",9,20,1.8
706834,"freedom","paper",18,30,5.4
706834,"individualism","paper",14,40,5.6
706834,"justice","paper",11,60,6.6
706834,"happiness","paper",9,60,5.4
706834,"arms","paper",13,67,8.71
706834,"tolerance","paper",8,45,3.6
706834,"democracy","ideal",17,45,7.65
706834,"equality","ideal",15,20,3
706834,"freedom","ideal",10,30,3
706834,"individualism","ideal",12,40,4.8
706834,"justice","ideal",15,60,9
706834,"happiness","ideal",11,60,6.6
706834,"arms","ideal",10,67,6.7
706834,"tolerance","ideal",10,45,4.5
818027,"democracy","paper",20,70,14
818027,"equality","paper",25,75,18.75
818027,"freedom","paper",20,60,12
818027,"individualism","paper",10,75,7.5
818027,"justice","paper",9,50,4.5
818027,"happiness","paper",10,85,8.5
818027,"arms","paper",4,40,1.6
818027,"tolerance","paper",2,55,1.1
818027,"democracy","ideal",25,70,17.5
818027,"equality","ideal",20,75,15
818027,"freedom","ideal",20,60,12
818027,"individualism","ideal",10,75,7.5
818027,"justice","ideal",9,50,4.5
818027,"happiness","ideal",10,85,8.5
818027,"arms","ideal",5,40,2
818027,"tolerance","ideal",1,55,0.55
597841,"democracy","paper",30,70,21
597841,"equality","paper",0,70,0
597841,"freedom","paper",10,60,6
597841,"individualism","paper",5,60,3
597841,"justice","paper",10,50,5
597841,"happiness","paper",10,50,5
597841,"arms","paper",35,75,26.25
597841,"tolerance","paper",0,50,0
597841,"democracy","ideal",19,70,13.3
597841,"equality","ideal",0,70,0
597841,"freedom","ideal",18,60,10.8
597841,"individualism","ideal",0,60,0
597841,"justice","ideal",18,50,9
597841,"happiness","ideal",5,50,2.5
597841,"arms","ideal",40,75,30
597841,"tolerance","ideal",0,50,0
477042,"democracy","paper",12,22,2.64
477042,"equality","paper",3,61,1.83
477042,"freedom","paper",19,71,13.49
477042,"individualism","paper",6,34,2.04
477042,"justice","paper",18,49,8.82
477042,"happiness","paper",14,41,5.74
477042,"arms","paper",22,68,14.96
477042,"tolerance","paper",6,21,1.26
477042,"democracy","ideal",19,22,4.18
477042,"equality","ideal",9,61,5.49
477042,"freedom","ideal",20,71,14.2
477042,"individualism","ideal",10,34,3.4
477042,"justice","ideal",15,49,7.35
477042,"happiness","ideal",6,41,2.46
477042,"arms","ideal",14,68,9.52
477042,"tolerance","ideal",7,21,1.47
196956,"democracy","paper",15,65,9.75
196956,"equality","paper",20,60,12
196956,"freedom","paper",15,60,9
196956,"individualism","paper",15,40,6
196956,"justice","paper",10,25,2.5
196956,"happiness","paper",10,45,4.5
196956,"arms","paper",0,65,0
196956,"tolerance","paper",15,45,6.75
196956,"democracy","ideal",15,65,9.75
196956,"equality","ideal",20,60,12
196956,"freedom","ideal",15,60,9
196956,"individualism","ideal",20,40,8
196956,"justice","ideal",10,25,2.5
196956,"happiness","ideal",10,45,4.5
196956,"arms","ideal",0,65,0
196956,"tolerance","ideal",10,45,4.5
989080,"democracy","paper",20,73,14.6
989080,"equality","paper",20,71,14.2
989080,"freedom","paper",20,58,11.6
989080,"individualism","paper",0,96,0
989080,"justice","paper",20,69,13.8
989080,"happiness","paper",0,60,0
989080,"arms","paper",0,100,0
989080,"tolerance","paper",20,27,5.4
989080,"democracy","ideal",55,73,40.15
989080,"equality","ideal",25,71,17.75
989080,"freedom","ideal",0,58,0
989080,"individualism","ideal",20,96,19.2
989080,"justice","ideal",0,69,0
989080,"happiness","ideal",0,60,0
989080,"arms","ideal",0,100,0
989080,"tolerance","ideal",0,27,0
170289,"democracy","paper",19,51,9.69
170289,"equality","paper",13,33,4.29
170289,"freedom","paper",7,35,2.45
170289,"individualism","paper",13,22,2.86
170289,"justice","paper",20,94,18.8
170289,"happiness","paper",11,9,0.99
170289,"arms","paper",3,65,1.95
170289,"tolerance","paper",14,22,3.08
170289,"democracy","ideal",4,51,2.04
170289,"equality","ideal",27,33,8.91
170289,"freedom","ideal",8,35,2.8
170289,"individualism","ideal",6,22,1.32
170289,"justice","ideal",27,94,25.38
170289,"happiness","ideal",3,9,0.27
170289,"arms","ideal",0,65,0
170289,"tolerance","ideal",25,22,5.5
406442,"democracy","paper",0,0,0
406442,"equality","paper",5,0,0
406442,"freedom","paper",0,0,0
406442,"individualism","paper",91,100,91
406442,"justice","paper",0,0,0
406442,"happiness","paper",0,0,0
406442,"arms","paper",4,41,1.64
406442,"tolerance","paper",0,0,0
406442,"democracy","ideal",18,0,0
406442,"equality","ideal",20,0,0
406442,"freedom","ideal",5,0,0
406442,"individualism","ideal",2,100,2
406442,"justice","ideal",15,0,0
406442,"happiness","ideal",20,0,0
406442,"arms","ideal",0,41,0
406442,"tolerance","ideal",20,0,0
474178,"democracy","paper",21,69,14.49
474178,"equality","paper",13,53,6.89
474178,"freedom","paper",14,61,8.54
474178,"individualism","paper",17,44,7.48
474178,"justice","paper",12,39,4.68
474178,"happiness","paper",13,25,3.25
474178,"arms","paper",7,56,3.92
474178,"tolerance","paper",3,38,1.14
474178,"democracy","ideal",13,69,8.97
474178,"equality","ideal",16,53,8.48
474178,"freedom","ideal",19,61,11.59
474178,"individualism","ideal",8,44,3.52
474178,"justice","ideal",18,39,7.02
474178,"happiness","ideal",13,25,3.25
474178,"arms","ideal",0,56,0
474178,"tolerance","ideal",13,38,4.94
825735,"democracy","paper",41,41,16.81
825735,"equality","paper",10,41,4.1
825735,"freedom","paper",23,38,8.74
825735,"individualism","paper",10,37,3.7
825735,"justice","paper",0,36,0
825735,"happiness","paper",8,36,2.88
825735,"arms","paper",0,86,0
825735,"tolerance","paper",8,35,2.8
825735,"democracy","ideal",15,41,6.15
825735,"equality","ideal",20,41,8.2
825735,"freedom","ideal",20,38,7.6
825735,"individualism","ideal",10,37,3.7
825735,"justice","ideal",20,36,7.2
825735,"happiness","ideal",5,36,1.8
825735,"arms","ideal",0,86,0
825735,"tolerance","ideal",10,35,3.5
170713,"democracy","paper",20,18,3.6
170713,"equality","paper",4,19,0.76
170713,"freedom","paper",6,10,0.6
170713,"individualism","paper",0,4,0
170713,"justice","paper",40,4,1.6
170713,"happiness","paper",0,2,0
170713,"arms","paper",30,80,24
170713,"tolerance","paper",0,2,0
170713,"democracy","ideal",50,18,9
170713,"equality","ideal",0,19,0
170713,"freedom","ideal",50,10,5
170713,"individualism","ideal",0,4,0
170713,"justice","ideal",0,4,0
170713,"happiness","ideal",0,2,0
170713,"arms","ideal",0,80,0
170713,"tolerance","ideal",0,2,0
258753,"democracy","paper",5,19,0.95
258753,"equality","paper",5,20,1
258753,"freedom","paper",10,19,1.9
258753,"individualism","paper",50,52,26
258753,"justice","paper",5,16,0.8
258753,"happiness","paper",10,32,3.2
258753,"arms","paper",10,53,5.3
258753,"tolerance","paper",5,16,0.8
258753,"democracy","ideal",20,19,3.8
258753,"equality","ideal",20,20,4
258753,"freedom","ideal",10,19,1.9
258753,"individualism","ideal",5,52,2.6
258753,"justice","ideal",20,16,3.2
258753,"happiness","ideal",0,32,0
258753,"arms","ideal",5,53,2.65
258753,"tolerance","ideal",20,16,3.2
520258,"democracy","paper",25,60,15
520258,"equality","paper",20,30,6
520258,"freedom","paper",20,70,14
520258,"individualism","paper",20,100,20
520258,"justice","paper",5,20,1
520258,"happiness","paper",0,10,0
520258,"arms","paper",10,100,10
520258,"tolerance","paper",0,90,0
520258,"democracy","ideal",8,60,4.8
520258,"equality","ideal",20,30,6
520258,"freedom","ideal",18,70,12.6
520258,"individualism","ideal",14,100,14
520258,"justice","ideal",20,20,4
520258,"happiness","ideal",15,10,1.5
520258,"arms","ideal",0,100,0
520258,"tolerance","ideal",5,90,4.5
969281,"democracy","paper",40,44,17.6
969281,"equality","paper",29,16,4.64
969281,"freedom","paper",9,31,2.79
969281,"individualism","paper",2,13,0.26
969281,"justice","paper",10,4,0.4
969281,"happiness","paper",7,3,0.21
969281,"arms","paper",1,100,1
969281,"tolerance","paper",2,3,0.06
969281,"democracy","ideal",30,44,13.2
969281,"equality","ideal",30,16,4.8
969281,"freedom","ideal",9,31,2.79
969281,"individualism","ideal",9,13,1.17
969281,"justice","ideal",10,4,0.4
969281,"happiness","ideal",6,3,0.18
969281,"arms","ideal",0,100,0
969281,"tolerance","ideal",6,3,0.18
477576,"democracy","paper",24,74,17.76
477576,"equality","paper",20,21,4.2
477576,"freedom","paper",24,30,7.2
477576,"individualism","paper",4,81,3.24
477576,"justice","paper",0,48,0
477576,"happiness","paper",9,60,5.4
477576,"arms","paper",19,96,18.24
477576,"tolerance","paper",0,24,0
477576,"democracy","ideal",23,74,17.02
477576,"equality","ideal",30,21,6.3
477576,"freedom","ideal",7,30,2.1
477576,"individualism","ideal",6,81,4.86
477576,"justice","ideal",0,48,0
477576,"happiness","ideal",21,60,12.6
477576,"arms","ideal",0,96,0
477576,"tolerance","ideal",13,24,3.12
550377,"democracy","paper",15,9,1.35
550377,"equality","paper",16,8,1.28
550377,"freedom","paper",23,72,16.56
550377,"individualism","paper",6,45,2.7
550377,"justice","paper",15,39,5.85
550377,"happiness","paper",12,73,8.76
550377,"arms","paper",8,89,7.12
550377,"tolerance","paper",5,31,1.55
550377,"democracy","ideal",8,9,0.72
550377,"equality","ideal",18,8,1.44
550377,"freedom","ideal",25,72,18
550377,"individualism","ideal",10,45,4.5
550377,"justice","ideal",22,39,8.58
550377,"happiness","ideal",10,73,7.3
550377,"arms","ideal",0,89,0
550377,"tolerance","ideal",7,31,2.17
820780,"democracy","paper",20,10,2
820780,"equality","paper",20,0,0
820780,"freedom","paper",5,5,0.25
820780,"individualism","paper",10,5,0.5
820780,"justice","paper",25,10,2.5
820780,"happiness","paper",5,5,0.25
820780,"arms","paper",5,5,0.25
820780,"tolerance","paper",10,0,0
820780,"democracy","ideal",10,10,1
820780,"equality","ideal",5,0,0
820780,"freedom","ideal",20,5,1
820780,"individualism","ideal",20,5,1
820780,"justice","ideal",20,10,2
820780,"happiness","ideal",20,5,1
820780,"arms","ideal",0,5,0
820780,"tolerance","ideal",5,0,0
504217,"democracy","paper",19,70,13.3
504217,"equality","paper",16,60,9.6
504217,"freedom","paper",16,85,13.6
504217,"individualism","paper",18,30,5.4
504217,"justice","paper",9,40,3.6
504217,"happiness","paper",9,47,4.23
504217,"arms","paper",9,89,8.01
504217,"tolerance","paper",4,39,1.56
504217,"democracy","ideal",20,70,14
504217,"equality","ideal",15,60,9
504217,"freedom","ideal",15,85,12.75
504217,"individualism","ideal",14,30,4.2
504217,"justice","ideal",15,40,6
504217,"happiness","ideal",12,47,5.64
504217,"arms","ideal",0,89,0
504217,"tolerance","ideal",9,39,3.51
813265,"democracy","paper",36,92,33.12
813265,"equality","paper",6,49,2.94
813265,"freedom","paper",22,25,5.5
813265,"individualism","paper",11,43,4.73
813265,"justice","paper",9,68,6.12
813265,"happiness","paper",8,57,4.56
813265,"arms","paper",4,42,1.68
813265,"tolerance","paper",4,74,2.96
813265,"democracy","ideal",10,92,9.2
813265,"equality","ideal",6,49,2.94
813265,"freedom","ideal",7,25,1.75
813265,"individualism","ideal",8,43,3.44
813265,"justice","ideal",9,68,6.12
813265,"happiness","ideal",17,57,9.69
813265,"arms","ideal",10,42,4.2
813265,"tolerance","ideal",33,74,24.42
881454,"democracy","paper",34,22,7.48
881454,"equality","paper",38,43,16.34
881454,"freedom","paper",0,22,0
881454,"individualism","paper",0,0,0
881454,"justice","paper",0,45,0
881454,"happiness","paper",28,54,15.12
881454,"arms","paper",0,67,0
881454,"tolerance","paper",0,70,0
881454,"democracy","ideal",100,22,22
881454,"equality","ideal",0,43,0
881454,"freedom","ideal",0,22,0
881454,"individualism","ideal",0,0,0
881454,"justice","ideal",0,45,0
881454,"happiness","ideal",0,54,0
881454,"arms","ideal",0,67,0
881454,"tolerance","ideal",0,70,0
341763,"democracy","paper",0,41,0
341763,"equality","paper",0,41,0
341763,"freedom","paper",34,78,26.52
341763,"individualism","paper",0,38,0
341763,"justice","paper",0,48,0
341763,"happiness","paper",30,60,18
341763,"arms","paper",20,22,4.4
341763,"tolerance","paper",16,64,10.24
341763,"democracy","ideal",38,41,15.58
341763,"equality","ideal",0,41,0
341763,"freedom","ideal",35,78,27.3
341763,"individualism","ideal",0,38,0
341763,"justice","ideal",27,48,12.96
341763,"happiness","ideal",0,60,0
341763,"arms","ideal",0,22,0
341763,"tolerance","ideal",0,64,0
179152,"democracy","paper",50,80,40
179152,"equality","paper",20,50,10
179152,"freedom","paper",20,90,18
179152,"individualism","paper",0,50,0
179152,"justice","paper",10,40,4
179152,"happiness","paper",0,51,0
179152,"arms","paper",0,90,0
179152,"tolerance","paper",0,20,0
179152,"democracy","ideal",50,80,40
179152,"equality","ideal",50,50,25
179152,"freedom","ideal",0,90,0
179152,"individualism","ideal",0,50,0
179152,"justice","ideal",0,40,0
179152,"happiness","ideal",0,51,0
179152,"arms","ideal",0,90,0
179152,"tolerance","ideal",0,20,0
766619,"democracy","paper",40,60,24
766619,"equality","paper",10,10,1
766619,"freedom","paper",10,10,1
766619,"individualism","paper",5,50,2.5
766619,"justice","paper",10,10,1
766619,"happiness","paper",10,40,4
766619,"arms","paper",0,100,0
766619,"tolerance","paper",15,5,0.75
766619,"democracy","ideal",40,60,24
766619,"equality","ideal",10,10,1
766619,"freedom","ideal",10,10,1
766619,"individualism","ideal",5,50,2.5
766619,"justice","ideal",15,10,1.5
766619,"happiness","ideal",10,40,4
766619,"arms","ideal",0,100,0
766619,"tolerance","ideal",10,5,0.5
786484,"democracy","paper",31,71,22.01
786484,"equality","paper",31,23,7.13
786484,"freedom","paper",30,72,21.6
786484,"individualism","paper",0,72,0
786484,"justice","paper",4,17,0.68
786484,"happiness","paper",1,1,0.01
786484,"arms","paper",3,76,2.28
786484,"tolerance","paper",0,1,0
786484,"democracy","ideal",19,71,13.49
786484,"equality","ideal",19,23,4.37
786484,"freedom","ideal",20,72,14.4
786484,"individualism","ideal",11,72,7.92
786484,"justice","ideal",10,17,1.7
786484,"happiness","ideal",11,1,0.11
786484,"arms","ideal",0,76,0
786484,"tolerance","ideal",10,1,0.1
584579,"democracy","paper",26,74,19.24
584579,"equality","paper",21,43,9.03
584579,"freedom","paper",21,63,13.23
584579,"individualism","paper",6,85,5.1
584579,"justice","paper",11,46,5.06
584579,"happiness","paper",7,53,3.71
584579,"arms","paper",2,90,1.8
584579,"tolerance","paper",6,36,2.16
584579,"democracy","ideal",20,74,14.8
584579,"equality","ideal",20,43,8.6
584579,"freedom","ideal",20,63,12.6
584579,"individualism","ideal",5,85,4.25
584579,"justice","ideal",5,46,2.3
584579,"happiness","ideal",15,53,7.95
584579,"arms","ideal",0,90,0
584579,"tolerance","ideal",15,36,5.4
394965,"democracy","paper",1,0,0
394965,"equality","paper",31,0,0
394965,"freedom","paper",1,0,0
394965,"individualism","paper",26,100,26
394965,"justice","paper",5,0,0
394965,"happiness","paper",10,90,9
394965,"arms","paper",1,0,0
394965,"tolerance","paper",25,0,0
394965,"democracy","ideal",20,0,0
394965,"equality","ideal",0,0,0
394965,"freedom","ideal",20,0,0
394965,"individualism","ideal",10,100,10
394965,"justice","ideal",20,0,0
394965,"happiness","ideal",15,90,13.5
394965,"arms","ideal",14,0,0
394965,"tolerance","ideal",1,0,0
116190,"democracy","paper",25,80,20
116190,"equality","paper",8,10,0.8
116190,"freedom","paper",20,25,5
116190,"individualism","paper",5,30,1.5
116190,"justice","paper",13,35,4.55
116190,"happiness","paper",21,60,12.6
116190,"arms","paper",4,50,2
116190,"tolerance","paper",4,45,1.8
116190,"democracy","ideal",17,80,13.6
116190,"equality","ideal",24,10,2.4
116190,"freedom","ideal",36,25,9
116190,"individualism","ideal",7,30,2.1
116190,"justice","ideal",5,35,1.75
116190,"happiness","ideal",11,60,6.6
116190,"arms","ideal",0,50,0
116190,"tolerance","ideal",0,45,0
289779,"democracy","paper",26,61,15.86
289779,"equality","paper",16,39,6.24
289779,"freedom","paper",21,31,6.51
289779,"individualism","paper",0,68,0
289779,"justice","paper",3,47,1.41
289779,"happiness","paper",18,27,4.86
289779,"arms","paper",8,52,4.16
289779,"tolerance","paper",8,20,1.6
289779,"democracy","ideal",21,61,12.81
289779,"equality","ideal",17,39,6.63
289779,"freedom","ideal",19,31,5.89
289779,"individualism","ideal",1,68,0.68
289779,"justice","ideal",16,47,7.52
289779,"happiness","ideal",9,27,2.43
289779,"arms","ideal",8,52,4.16
289779,"tolerance","ideal",9,20,1.8
539805,"democracy","paper",15,70,10.5
539805,"equality","paper",10,55,5.5
539805,"freedom","paper",10,55,5.5
539805,"individualism","paper",15,60,9
539805,"justice","paper",15,65,9.75
539805,"happiness","paper",15,60,9
539805,"arms","paper",10,100,10
539805,"tolerance","paper",10,55,5.5
539805,"democracy","ideal",70,70,49
539805,"equality","ideal",0,55,0
539805,"freedom","ideal",26,55,14.3
539805,"individualism","ideal",0,60,0
539805,"justice","ideal",0,65,0
539805,"happiness","ideal",0,60,0
539805,"arms","ideal",0,100,0
539805,"tolerance","ideal",4,55,2.2
287001,"democracy","paper",23,74,17.02
287001,"equality","paper",16,76,12.16
287001,"freedom","paper",26,79,20.54
287001,"individualism","paper",5,68,3.4
287001,"justice","paper",11,77,8.47
287001,"happiness","paper",6,53,3.18
287001,"arms","paper",4,66,2.64
287001,"tolerance","paper",9,58,5.22
287001,"democracy","ideal",22,74,16.28
287001,"equality","ideal",18,76,13.68
287001,"freedom","ideal",15,79,11.85
287001,"individualism","ideal",6,68,4.08
287001,"justice","ideal",13,77,10.01
287001,"happiness","ideal",15,53,7.95
287001,"arms","ideal",2,66,1.32
287001,"tolerance","ideal",9,58,5.22
422945,"democracy","paper",12,30,3.6
422945,"equality","paper",2,32,0.64
422945,"freedom","paper",20,45,9
422945,"individualism","paper",26,68,17.68
422945,"justice","paper",9,51,4.59
422945,"happiness","paper",24,63,15.12
422945,"arms","paper",1,58,0.58
422945,"tolerance","paper",6,51,3.06
422945,"democracy","ideal",17,30,5.1
422945,"equality","ideal",16,32,5.12
422945,"freedom","ideal",9,45,4.05
422945,"individualism","ideal",7,68,4.76
422945,"justice","ideal",15,51,7.65
422945,"happiness","ideal",20,63,12.6
422945,"arms","ideal",0,58,0
422945,"tolerance","ideal",16,51,8.16
114800,"democracy","paper",20,50,10
114800,"equality","paper",18,80,14.4
114800,"freedom","paper",18,80,14.4
114800,"individualism","paper",2,90,1.8
114800,"justice","paper",18,60,10.8
114800,"happiness","paper",18,70,12.6
114800,"arms","paper",6,90,5.4
114800,"tolerance","paper",0,75,0
114800,"democracy","ideal",18,50,9
114800,"equality","ideal",18,80,14.4
114800,"freedom","ideal",18,80,14.4
114800,"individualism","ideal",7,90,6.3
114800,"justice","ideal",18,60,10.8
114800,"happiness","ideal",18,70,12.6
114800,"arms","ideal",3,90,2.7
114800,"tolerance","ideal",0,75,0
170170,"democracy","paper",30,20,6
170170,"equality","paper",5,10,0.5
170170,"freedom","paper",50,80,40
170170,"individualism","paper",2,60,1.2
170170,"justice","paper",5,60,3
170170,"happiness","paper",2,30,0.6
170170,"arms","paper",5,95,4.75
170170,"tolerance","paper",1,5,0.05
170170,"democracy","ideal",10,20,2
170170,"equality","ideal",20,10,2
170170,"freedom","ideal",30,80,24
170170,"individualism","ideal",5,60,3
170170,"justice","ideal",20,60,12
170170,"happiness","ideal",15,30,4.5
170170,"arms","ideal",0,95,0
170170,"tolerance","ideal",0,5,0
415320,"democracy","paper",14,70,9.8
415320,"equality","paper",14,50,7
415320,"freedom","paper",14,56,7.84
415320,"individualism","paper",8,46,3.68
415320,"justice","paper",14,53,7.42
415320,"happiness","paper",14,79,11.06
415320,"arms","paper",8,84,6.72
415320,"tolerance","paper",14,48,6.72
415320,"democracy","ideal",14,70,9.8
415320,"equality","ideal",17,50,8.5
415320,"freedom","ideal",16,56,8.96
415320,"individualism","ideal",10,46,4.6
415320,"justice","ideal",15,53,7.95
415320,"happiness","ideal",12,79,9.48
415320,"arms","ideal",5,84,4.2
415320,"tolerance","ideal",11,48,5.28
663669,"democracy","paper",30,70,21
663669,"equality","paper",10,60,6
663669,"freedom","paper",23,80,18.4
663669,"individualism","paper",15,60,9
663669,"justice","paper",10,70,7
663669,"happiness","paper",6,80,4.8
663669,"arms","paper",2,60,1.2
663669,"tolerance","paper",4,51,2.04
663669,"democracy","ideal",40,70,28
663669,"equality","ideal",10,60,6
663669,"freedom","ideal",20,80,16
663669,"individualism","ideal",10,60,6
663669,"justice","ideal",10,70,7
663669,"happiness","ideal",5,80,4
663669,"arms","ideal",2,60,1.2
663669,"tolerance","ideal",3,51,1.53
985769,"democracy","paper",20,60,12
985769,"equality","paper",17,55,9.35
985769,"freedom","paper",23,75,17.25
985769,"individualism","paper",4,80,3.2
985769,"justice","paper",17,35,5.95
985769,"happiness","paper",12,90,10.8
985769,"arms","paper",2,99,1.98
985769,"tolerance","paper",5,20,1
985769,"democracy","ideal",20,60,12
985769,"equality","ideal",20,55,11
985769,"freedom","ideal",20,75,15
985769,"individualism","ideal",5,80,4
985769,"justice","ideal",20,35,7
985769,"happiness","ideal",5,90,4.5
985769,"arms","ideal",1,99,0.99
985769,"tolerance","ideal",9,20,1.8
587730,"democracy","paper",25,15,3.75
587730,"equality","paper",8,5,0.4
587730,"freedom","paper",14,10,1.4
587730,"individualism","paper",5,25,1.25
587730,"justice","paper",10,15,1.5
587730,"happiness","paper",18,5,0.9
587730,"arms","paper",10,35,3.5
587730,"tolerance","paper",10,5,0.5
587730,"democracy","ideal",19,15,2.85
587730,"equality","ideal",16,5,0.8
587730,"freedom","ideal",10,10,1
587730,"individualism","ideal",10,25,2.5
587730,"justice","ideal",12,15,1.8
587730,"happiness","ideal",15,5,0.75
587730,"arms","ideal",3,35,1.05
587730,"tolerance","ideal",15,5,0.75
148834,"democracy","paper",22,45,9.9
148834,"equality","paper",23,34,7.82
148834,"freedom","paper",21,37,7.77
148834,"individualism","paper",10,46,4.6
148834,"justice","paper",5,31,1.55
148834,"happiness","paper",5,25,1.25
148834,"arms","paper",1,75,0.75
148834,"tolerance","paper",13,30,3.9
148834,"democracy","ideal",17,45,7.65
148834,"equality","ideal",16,34,5.44
148834,"freedom","ideal",15,37,5.55
148834,"individualism","ideal",15,46,6.9
148834,"justice","ideal",5,31,1.55
148834,"happiness","ideal",15,25,3.75
148834,"arms","ideal",2,75,1.5
148834,"tolerance","ideal",15,30,4.5
900011,"democracy","paper",33,45,14.85
900011,"equality","paper",33,32,10.56
900011,"freedom","paper",34,30,10.2
900011,"individualism","paper",0,0,0
900011,"justice","paper",0,30,0
900011,"happiness","paper",0,0,0
900011,"arms","paper",0,100,0
900011,"tolerance","paper",0,30,0
900011,"democracy","ideal",25,45,11.25
900011,"equality","ideal",25,32,8
900011,"freedom","ideal",25,30,7.5
900011,"individualism","ideal",0,0,0
900011,"justice","ideal",25,30,7.5
900011,"happiness","ideal",0,0,0
900011,"arms","ideal",0,100,0
900011,"tolerance","ideal",0,30,0
332327,"democracy","paper",60,0,0
332327,"equality","paper",0,0,0
332327,"freedom","paper",10,20,2
332327,"individualism","paper",0,1,0
332327,"justice","paper",15,35,5.25
332327,"happiness","paper",15,1,0.15
332327,"arms","paper",0,90,0
332327,"tolerance","paper",0,1,0
332327,"democracy","ideal",15,0,0
332327,"equality","ideal",30,0,0
332327,"freedom","ideal",15,20,3
332327,"individualism","ideal",0,1,0
332327,"justice","ideal",0,35,0
332327,"happiness","ideal",10,1,0.1
332327,"arms","ideal",0,90,0
332327,"tolerance","ideal",30,1,0.3
884245,"democracy","paper",10,24,2.4
884245,"equality","paper",5,5,0.25
884245,"freedom","paper",7,6,0.42
884245,"individualism","paper",10,11,1.1
884245,"justice","paper",20,26,5.2
884245,"happiness","paper",10,10,1
884245,"arms","paper",30,54,16.2
884245,"tolerance","paper",8,6,0.48
884245,"democracy","ideal",15,24,3.6
884245,"equality","ideal",15,5,0.75
884245,"freedom","ideal",15,6,0.9
884245,"individualism","ideal",15,11,1.65
884245,"justice","ideal",15,26,3.9
884245,"happiness","ideal",15,10,1.5
884245,"arms","ideal",0,54,0
884245,"tolerance","ideal",10,6,0.6
883269,"democracy","paper",20,40,8
883269,"equality","paper",20,30,6
883269,"freedom","paper",20,45,9
883269,"individualism","paper",5,30,1.5
883269,"justice","paper",10,30,3
883269,"happiness","paper",10,30,3
883269,"arms","paper",10,40,4
883269,"tolerance","paper",5,15,0.75
883269,"democracy","ideal",15,40,6
883269,"equality","ideal",15,30,4.5
883269,"freedom","ideal",25,45,11.25
883269,"individualism","ideal",5,30,1.5
883269,"justice","ideal",10,30,3
883269,"happiness","ideal",10,30,3
883269,"arms","ideal",10,40,4
883269,"tolerance","ideal",10,15,1.5
593095,"democracy","paper",3,10,0.3
593095,"equality","paper",1,4,0.04
593095,"freedom","paper",2,11,0.22
593095,"individualism","paper",50,72,36
593095,"justice","paper",2,6,0.12
593095,"happiness","paper",15,9,1.35
593095,"arms","paper",25,39,9.75
593095,"tolerance","paper",2,4,0.08
593095,"democracy","ideal",15,10,1.5
593095,"equality","ideal",25,4,1
593095,"freedom","ideal",15,11,1.65
593095,"individualism","ideal",0,72,0
593095,"justice","ideal",15,6,0.9
593095,"happiness","ideal",15,9,1.35
593095,"arms","ideal",0,39,0
593095,"tolerance","ideal",15,4,0.6
743532,"democracy","paper",10,48,4.8
743532,"equality","paper",10,14,1.4
743532,"freedom","paper",30,61,18.3
743532,"individualism","paper",10,59,5.9
743532,"justice","paper",10,33,3.3
743532,"happiness","paper",10,45,4.5
743532,"arms","paper",10,50,5
743532,"tolerance","paper",10,20,2
743532,"democracy","ideal",20,48,9.6
743532,"equality","ideal",20,14,2.8
743532,"freedom","ideal",20,61,12.2
743532,"individualism","ideal",5,59,2.95
743532,"justice","ideal",9,33,2.97
743532,"happiness","ideal",12,45,5.4
743532,"arms","ideal",12,50,6
743532,"tolerance","ideal",2,20,0.4
188345,"democracy","paper",20,58,11.6
188345,"equality","paper",21,36,7.56
188345,"freedom","paper",8,58,4.64
188345,"individualism","paper",3,81,2.43
188345,"justice","paper",10,54,5.4
188345,"happiness","paper",23,55,12.65
188345,"arms","paper",0,100,0
188345,"tolerance","paper",15,27,4.05
188345,"democracy","ideal",21,58,12.18
188345,"equality","ideal",20,36,7.2
188345,"freedom","ideal",14,58,8.12
188345,"individualism","ideal",4,81,3.24
188345,"justice","ideal",2,54,1.08
188345,"happiness","ideal",23,55,12.65
188345,"arms","ideal",0,100,0
188345,"tolerance","ideal",16,27,4.32
533444,"democracy","paper",16,78,12.48
533444,"equality","paper",16,73,11.68
533444,"freedom","paper",16,69,11.04
533444,"individualism","paper",10,67,6.7
533444,"justice","paper",16,73,11.68
533444,"happiness","paper",16,72,11.52
533444,"arms","paper",0,75,0
533444,"tolerance","paper",10,76,7.6
533444,"democracy","ideal",17,78,13.26
533444,"equality","ideal",17,73,12.41
533444,"freedom","ideal",17,69,11.73
533444,"individualism","ideal",11,67,7.37
533444,"justice","ideal",17,73,12.41
533444,"happiness","ideal",17,72,12.24
533444,"arms","ideal",0,75,0
533444,"tolerance","ideal",4,76,3.04
392602,"democracy","paper",25,80,20
392602,"equality","paper",15,70,10.5
392602,"freedom","paper",15,80,12
392602,"individualism","paper",5,70,3.5
392602,"justice","paper",15,70,10.5
392602,"happiness","paper",10,65,6.5
392602,"arms","paper",5,90,4.5
392602,"tolerance","paper",10,65,6.5
392602,"democracy","ideal",15,80,12
392602,"equality","ideal",20,70,14
392602,"freedom","ideal",20,80,16
392602,"individualism","ideal",5,70,3.5
392602,"justice","ideal",10,70,7
392602,"happiness","ideal",20,65,13
392602,"arms","ideal",0,90,0
392602,"tolerance","ideal",10,65,6.5
704323,"democracy","paper",26,53,13.78
704323,"equality","paper",19,17,3.23
704323,"freedom","paper",18,28,5.04
704323,"individualism","paper",18,27,4.86
704323,"justice","paper",15,20,3
704323,"happiness","paper",4,29,1.16
704323,"arms","paper",0,16,0
704323,"tolerance","paper",0,22,0
704323,"democracy","ideal",25,53,13.25
704323,"equality","ideal",33,17,5.61
704323,"freedom","ideal",11,28,3.08
704323,"individualism","ideal",10,27,2.7
704323,"justice","ideal",7,20,1.4
704323,"happiness","ideal",4,29,1.16
704323,"arms","ideal",10,16,1.6
704323,"tolerance","ideal",0,22,0
991269,"democracy","paper",15,60,9
991269,"equality","paper",20,40,8
991269,"freedom","paper",25,70,17.5
991269,"individualism","paper",5,65,3.25
991269,"justice","paper",10,60,6
991269,"happiness","paper",10,65,6.5
991269,"arms","paper",10,75,7.5
991269,"tolerance","paper",5,60,3
991269,"democracy","ideal",11,60,6.6
991269,"equality","ideal",14,40,5.6
991269,"freedom","ideal",18,70,12.6
991269,"individualism","ideal",13,65,8.45
991269,"justice","ideal",16,60,9.6
991269,"happiness","ideal",8,65,5.2
991269,"arms","ideal",5,75,3.75
991269,"tolerance","ideal",15,60,9
641618,"democracy","paper",29,31,8.99
641618,"equality","paper",7,31,2.17
641618,"freedom","paper",17,42,7.14
641618,"individualism","paper",3,37,1.11
641618,"justice","paper",16,37,5.92
641618,"happiness","paper",15,31,4.65
641618,"arms","paper",7,55,3.85
641618,"tolerance","paper",6,29,1.74
641618,"democracy","ideal",39,31,12.09
641618,"equality","ideal",28,31,8.68
641618,"freedom","ideal",8,42,3.36
641618,"individualism","ideal",1,37,0.37
641618,"justice","ideal",11,37,4.07
641618,"happiness","ideal",10,31,3.1
641618,"arms","ideal",0,55,0
641618,"tolerance","ideal",3,29,0.87
218576,"democracy","paper",20,90,18
218576,"equality","paper",25,85,21.25
218576,"freedom","paper",20,90,18
218576,"individualism","paper",10,80,8
218576,"justice","paper",3,50,1.5
218576,"happiness","paper",18,50,9
218576,"arms","paper",1,50,0.5
218576,"tolerance","paper",3,30,0.9
218576,"democracy","ideal",20,90,18
218576,"equality","ideal",30,85,25.5
218576,"freedom","ideal",20,90,18
218576,"individualism","ideal",10,80,8
218576,"justice","ideal",0,50,0
218576,"happiness","ideal",20,50,10
218576,"arms","ideal",0,50,0
218576,"tolerance","ideal",0,30,0
924895,"democracy","paper",30,70,21
924895,"equality","paper",20,41,8.2
924895,"freedom","paper",35,100,35
924895,"individualism","paper",0,32,0
924895,"justice","paper",10,71,7.1
924895,"happiness","paper",0,63,0
924895,"arms","paper",5,91,4.55
924895,"tolerance","paper",0,58,0
924895,"democracy","ideal",30,70,21
924895,"equality","ideal",20,41,8.2
924895,"freedom","ideal",30,100,30
924895,"individualism","ideal",0,32,0
924895,"justice","ideal",20,71,14.2
924895,"happiness","ideal",0,63,0
924895,"arms","ideal",0,91,0
924895,"tolerance","ideal",0,58,0
461594,"democracy","paper",17,99,16.83
461594,"equality","paper",17,100,17
461594,"freedom","paper",15,100,15
461594,"individualism","paper",12,100,12
461594,"justice","paper",10,100,10
461594,"happiness","paper",10,100,10
461594,"arms","paper",10,20,2
461594,"tolerance","paper",9,100,9
461594,"democracy","ideal",15,99,14.85
461594,"equality","ideal",15,100,15
461594,"freedom","ideal",15,100,15
461594,"individualism","ideal",8,100,8
461594,"justice","ideal",14,100,14
461594,"happiness","ideal",14,100,14
461594,"arms","ideal",5,20,1
461594,"tolerance","ideal",14,100,14
642515,"democracy","paper",23,33,7.59
642515,"equality","paper",11,46,5.06
642515,"freedom","paper",14,44,6.16
642515,"individualism","paper",13,42,5.46
642515,"justice","paper",17,28,4.76
642515,"happiness","paper",10,18,1.8
642515,"arms","paper",5,55,2.75
642515,"tolerance","paper",7,15,1.05
642515,"democracy","ideal",9,33,2.97
642515,"equality","ideal",13,46,5.98
642515,"freedom","ideal",18,44,7.92
642515,"individualism","ideal",18,42,7.56
642515,"justice","ideal",14,28,3.92
642515,"happiness","ideal",10,18,1.8
642515,"arms","ideal",0,55,0
642515,"tolerance","ideal",18,15,2.7
560758,"democracy","paper",22,71,15.62
560758,"equality","paper",19,71,13.49
560758,"freedom","paper",17,69,11.73
560758,"individualism","paper",12,70,8.4
560758,"justice","paper",11,70,7.7
560758,"happiness","paper",8,70,5.6
560758,"arms","paper",5,50,2.5
560758,"tolerance","paper",6,71,4.26
560758,"democracy","ideal",18,71,12.78
560758,"equality","ideal",17,71,12.07
560758,"freedom","ideal",17,69,11.73
560758,"individualism","ideal",13,70,9.1
560758,"justice","ideal",15,70,10.5
560758,"happiness","ideal",7,70,4.9
560758,"arms","ideal",4,50,2
560758,"tolerance","ideal",9,71,6.39
608370,"democracy","paper",20,70,14
608370,"equality","paper",5,60,3
608370,"freedom","paper",20,70,14
608370,"individualism","paper",15,90,13.5
608370,"justice","paper",15,70,10.5
608370,"happiness","paper",10,70,7
608370,"arms","paper",10,80,8
608370,"tolerance","paper",5,20,1
608370,"democracy","ideal",20,70,14
608370,"equality","ideal",10,60,6
608370,"freedom","ideal",20,70,14
608370,"individualism","ideal",10,90,9
608370,"justice","ideal",20,70,14
608370,"happiness","ideal",10,70,7
608370,"arms","ideal",5,80,4
608370,"tolerance","ideal",5,20,1
340229,"democracy","paper",9,0,0
340229,"equality","paper",10,0,0
340229,"freedom","paper",11,1,0.11
340229,"individualism","paper",12,1,0.12
340229,"justice","paper",10,1,0.1
340229,"happiness","paper",9,1,0.09
340229,"arms","paper",30,1,0.3
340229,"tolerance","paper",9,1,0.09
340229,"democracy","ideal",25,0,0
340229,"equality","ideal",25,0,0
340229,"freedom","ideal",25,1,0.25
340229,"individualism","ideal",0,1,0
340229,"justice","ideal",0,1,0
340229,"happiness","ideal",25,1,0.25
340229,"arms","ideal",0,1,0
340229,"tolerance","ideal",0,1,0
664710,"democracy","paper",12,70,8.4
664710,"equality","paper",11,60,6.6
664710,"freedom","paper",16,85,13.6
664710,"individualism","paper",21,85,17.85
664710,"justice","paper",15,70,10.5
664710,"happiness","paper",8,70,5.6
664710,"arms","paper",7,90,6.3
664710,"tolerance","paper",10,75,7.5
664710,"democracy","ideal",14,70,9.8
664710,"equality","ideal",20,60,12
664710,"freedom","ideal",16,85,13.6
664710,"individualism","ideal",10,85,8.5
664710,"justice","ideal",20,70,14
664710,"happiness","ideal",9,70,6.3
664710,"arms","ideal",3,90,2.7
664710,"tolerance","ideal",8,75,6
958278,"democracy","paper",20,64,12.8
958278,"equality","paper",12,72,8.64
958278,"freedom","paper",13,53,6.89
958278,"individualism","paper",20,16,3.2
958278,"justice","paper",12,35,4.2
958278,"happiness","paper",16,28,4.48
958278,"arms","paper",4,31,1.24
958278,"tolerance","paper",3,25,0.75
958278,"democracy","ideal",18,64,11.52
958278,"equality","ideal",13,72,9.36
958278,"freedom","ideal",15,53,7.95
958278,"individualism","ideal",7,16,1.12
958278,"justice","ideal",8,35,2.8
958278,"happiness","ideal",19,28,5.32
958278,"arms","ideal",11,31,3.41
958278,"tolerance","ideal",9,25,2.25
569212,"democracy","paper",16,50,8
569212,"equality","paper",12,30,3.6
569212,"freedom","paper",12,30,3.6
569212,"individualism","paper",12,25,3
569212,"justice","paper",12,50,6
569212,"happiness","paper",12,25,3
569212,"arms","paper",12,70,8.4
569212,"tolerance","paper",12,30,3.6
569212,"democracy","ideal",40,50,20
569212,"equality","ideal",10,30,3
569212,"freedom","ideal",10,30,3
569212,"individualism","ideal",10,25,2.5
569212,"justice","ideal",10,50,5
569212,"happiness","ideal",10,25,2.5
569212,"arms","ideal",0,70,0
569212,"tolerance","ideal",10,30,3
607315,"democracy","paper",25,65,16.25
607315,"equality","paper",15,45,6.75
607315,"freedom","paper",15,40,6
607315,"individualism","paper",10,70,7
607315,"justice","paper",10,45,4.5
607315,"happiness","paper",15,55,8.25
607315,"arms","paper",5,95,4.75
607315,"tolerance","paper",5,40,2
607315,"democracy","ideal",25,65,16.25
607315,"equality","ideal",15,45,6.75
607315,"freedom","ideal",10,40,4
607315,"individualism","ideal",10,70,7
607315,"justice","ideal",10,45,4.5
607315,"happiness","ideal",15,55,8.25
607315,"arms","ideal",5,95,4.75
607315,"tolerance","ideal",10,40,4
441009,"democracy","paper",20,81,16.2
441009,"equality","paper",5,19,0.95
441009,"freedom","paper",5,40,2
441009,"individualism","paper",20,73,14.6
441009,"justice","paper",20,58,11.6
441009,"happiness","paper",5,8,0.4
441009,"arms","paper",20,96,19.2
441009,"tolerance","paper",5,8,0.4
441009,"democracy","ideal",20,81,16.2
441009,"equality","ideal",20,19,3.8
441009,"freedom","ideal",20,40,8
441009,"individualism","ideal",5,73,3.65
441009,"justice","ideal",5,58,2.9
441009,"happiness","ideal",10,8,0.8
441009,"arms","ideal",0,96,0
441009,"tolerance","ideal",20,8,1.6
482029,"democracy","paper",9,10,0.9
482029,"equality","paper",13,9,1.17
482029,"freedom","paper",14,1,0.14
482029,"individualism","paper",12,2,0.24
482029,"justice","paper",13,1,0.13
482029,"happiness","paper",14,2,0.28
482029,"arms","paper",10,14,1.4
482029,"tolerance","paper",15,1,0.15
482029,"democracy","ideal",5,10,0.5
482029,"equality","ideal",15,9,1.35
482029,"freedom","ideal",16,1,0.16
482029,"individualism","ideal",15,2,0.3
482029,"justice","ideal",18,1,0.18
482029,"happiness","ideal",16,2,0.32
482029,"arms","ideal",5,14,0.7
482029,"tolerance","ideal",10,1,0.1
377626,"democracy","paper",10,53,5.3
377626,"equality","paper",8,44,3.52
377626,"freedom","paper",9,45,4.05
377626,"individualism","paper",12,56,6.72
377626,"justice","paper",22,62,13.64
377626,"happiness","paper",16,52,8.32
377626,"arms","paper",11,50,5.5
377626,"tolerance","paper",12,47,5.64
377626,"democracy","ideal",9,53,4.77
377626,"equality","ideal",11,44,4.84
377626,"freedom","ideal",14,45,6.3
377626,"individualism","ideal",9,56,5.04
377626,"justice","ideal",12,62,7.44
377626,"happiness","ideal",16,52,8.32
377626,"arms","ideal",14,50,7
377626,"tolerance","ideal",15,47,7.05
275655,"democracy","paper",15,81,12.15
275655,"equality","paper",15,71,10.65
275655,"freedom","paper",30,84,25.2
275655,"individualism","paper",5,71,3.55
275655,"justice","paper",5,62,3.1
275655,"happiness","paper",10,21,2.1
275655,"arms","paper",5,100,5
275655,"tolerance","paper",15,31,4.65
275655,"democracy","ideal",20,81,16.2
275655,"equality","ideal",10,71,7.1
275655,"freedom","ideal",20,84,16.8
275655,"individualism","ideal",5,71,3.55
275655,"justice","ideal",10,62,6.2
275655,"happiness","ideal",20,21,4.2
275655,"arms","ideal",0,100,0
275655,"tolerance","ideal",15,31,4.65
296329,"democracy","paper",36,61,21.96
296329,"equality","paper",1,4,0.04
296329,"freedom","paper",18,50,9
296329,"individualism","paper",1,21,0.21
296329,"justice","paper",16,50,8
296329,"happiness","paper",26,29,7.54
296329,"arms","paper",1,93,0.93
296329,"tolerance","paper",1,45,0.45
296329,"democracy","ideal",19,61,11.59
296329,"equality","ideal",9,4,0.36
296329,"freedom","ideal",11,50,5.5
296329,"individualism","ideal",0,21,0
296329,"justice","ideal",20,50,10
296329,"happiness","ideal",20,29,5.8
296329,"arms","ideal",0,93,0
296329,"tolerance","ideal",21,45,9.45
311544,"democracy","paper",30,75,22.5
311544,"equality","paper",5,25,1.25
311544,"freedom","paper",30,55,16.5
311544,"individualism","paper",5,60,3
311544,"justice","paper",5,10,0.5
311544,"happiness","paper",10,20,2
311544,"arms","paper",10,90,9
311544,"tolerance","paper",5,20,1
311544,"democracy","ideal",24,75,18
311544,"equality","ideal",15,25,3.75
311544,"freedom","ideal",15,55,8.25
311544,"individualism","ideal",5,60,3
311544,"justice","ideal",10,10,1
311544,"happiness","ideal",15,20,3
311544,"arms","ideal",1,90,0.9
311544,"tolerance","ideal",15,20,3
882606,"democracy","paper",20,50,10
882606,"equality","paper",2,20,0.4
882606,"freedom","paper",25,70,17.5
882606,"individualism","paper",0,10,0
882606,"justice","paper",13,32,4.16
882606,"happiness","paper",13,25,3.25
882606,"arms","paper",27,58,15.66
882606,"tolerance","paper",0,21,0
882606,"democracy","ideal",20,50,10
882606,"equality","ideal",20,20,4
882606,"freedom","ideal",20,70,14
882606,"individualism","ideal",4,10,0.4
882606,"justice","ideal",20,32,6.4
882606,"happiness","ideal",4,25,1
882606,"arms","ideal",2,58,1.16
882606,"tolerance","ideal",10,21,2.1
630678,"democracy","paper",21,87,18.27
630678,"equality","paper",14,49,6.86
630678,"freedom","paper",14,50,7
630678,"individualism","paper",16,58,9.28
630678,"justice","paper",10,65,6.5
630678,"happiness","paper",10,39,3.9
630678,"arms","paper",6,33,1.98
630678,"tolerance","paper",9,79,7.11
630678,"democracy","ideal",18,87,15.66
630678,"equality","ideal",19,49,9.31
630678,"freedom","ideal",11,50,5.5
630678,"individualism","ideal",10,58,5.8
630678,"justice","ideal",11,65,7.15
630678,"happiness","ideal",11,39,4.29
630678,"arms","ideal",4,33,1.32
630678,"tolerance","ideal",16,79,12.64
582672,"democracy","paper",26,63,16.38
582672,"equality","paper",16,25,4
582672,"freedom","paper",10,33,3.3
582672,"individualism","paper",11,35,3.85
582672,"justice","paper",15,54,8.1
582672,"happiness","paper",8,26,2.08
582672,"arms","paper",0,76,0
582672,"tolerance","paper",14,25,3.5
582672,"democracy","ideal",30,63,18.9
582672,"equality","ideal",21,25,5.25
582672,"freedom","ideal",3,33,0.99
582672,"individualism","ideal",2,35,0.7
582672,"justice","ideal",24,54,12.96
582672,"happiness","ideal",7,26,1.82
582672,"arms","ideal",0,76,0
582672,"tolerance","ideal",13,25,3.25
772931,"democracy","paper",24,81,19.44
772931,"equality","paper",19,67,12.73
772931,"freedom","paper",16,67,10.72
772931,"individualism","paper",6,57,3.42
772931,"justice","paper",17,48,8.16
772931,"happiness","paper",6,45,2.7
772931,"arms","paper",5,58,2.9
772931,"tolerance","paper",7,42,2.94
772931,"democracy","ideal",21,81,17.01
772931,"equality","ideal",19,67,12.73
772931,"freedom","ideal",17,67,11.39
772931,"individualism","ideal",8,57,4.56
772931,"justice","ideal",13,48,6.24
772931,"happiness","ideal",9,45,4.05
772931,"arms","ideal",10,58,5.8
772931,"tolerance","ideal",3,42,1.26
432745,"democracy","paper",15,75,11.25
432745,"equality","paper",15,55,8.25
432745,"freedom","paper",20,75,15
432745,"individualism","paper",10,75,7.5
432745,"justice","paper",10,70,7
432745,"happiness","paper",10,75,7.5
432745,"arms","paper",10,80,8
432745,"tolerance","paper",10,65,6.5
432745,"democracy","ideal",10,75,7.5
432745,"equality","ideal",10,55,5.5
432745,"freedom","ideal",15,75,11.25
432745,"individualism","ideal",10,75,7.5
432745,"justice","ideal",10,70,7
432745,"happiness","ideal",15,75,11.25
432745,"arms","ideal",10,80,8
432745,"tolerance","ideal",20,65,13
422365,"democracy","paper",24,45,10.8
422365,"equality","paper",22,18,3.96
422365,"freedom","paper",22,90,19.8
422365,"individualism","paper",5,63,3.15
422365,"justice","paper",17,21,3.57
422365,"happiness","paper",5,51,2.55
422365,"arms","paper",0,100,0
422365,"tolerance","paper",5,27,1.35
422365,"democracy","ideal",20,45,9
422365,"equality","ideal",20,18,3.6
422365,"freedom","ideal",20,90,18
422365,"individualism","ideal",20,63,12.6
422365,"justice","ideal",20,21,4.2
422365,"happiness","ideal",0,51,0
422365,"arms","ideal",0,100,0
422365,"tolerance","ideal",0,27,0
111978,"democracy","paper",31,91,28.21
111978,"equality","paper",13,74,9.62
111978,"freedom","paper",15,85,12.75
111978,"individualism","paper",6,46,2.76
111978,"justice","paper",13,71,9.23
111978,"happiness","paper",9,84,7.56
111978,"arms","paper",6,28,1.68
111978,"tolerance","paper",7,44,3.08
111978,"democracy","ideal",33,91,30.03
111978,"equality","ideal",19,74,14.06
111978,"freedom","ideal",11,85,9.35
111978,"individualism","ideal",8,46,3.68
111978,"justice","ideal",17,71,12.07
111978,"happiness","ideal",9,84,7.56
111978,"arms","ideal",3,28,0.84
111978,"tolerance","ideal",0,44,0
919504,"democracy","paper",22,55,12.1
919504,"equality","paper",11,35,3.85
919504,"freedom","paper",21,53,11.13
919504,"individualism","paper",15,69,10.35
919504,"justice","paper",10,31,3.1
919504,"happiness","paper",8,43,3.44
919504,"arms","paper",8,89,7.12
919504,"tolerance","paper",5,21,1.05
919504,"democracy","ideal",5,55,2.75
919504,"equality","ideal",31,35,10.85
919504,"freedom","ideal",15,53,7.95
919504,"individualism","ideal",11,69,7.59
919504,"justice","ideal",14,31,4.34
919504,"happiness","ideal",9,43,3.87
919504,"arms","ideal",1,89,0.89
919504,"tolerance","ideal",14,21,2.94
525612,"democracy","paper",21,40,8.4
525612,"equality","paper",7,19,1.33
525612,"freedom","paper",18,32,5.76
525612,"individualism","paper",8,12,0.96
525612,"justice","paper",17,40,6.8
525612,"happiness","paper",10,17,1.7
525612,"arms","paper",4,11,0.44
525612,"tolerance","paper",15,15,2.25
525612,"democracy","ideal",18,40,7.2
525612,"equality","ideal",20,19,3.8
525612,"freedom","ideal",14,32,4.48
525612,"individualism","ideal",6,12,0.72
525612,"justice","ideal",21,40,8.4
525612,"happiness","ideal",18,17,3.06
525612,"arms","ideal",0,11,0
525612,"tolerance","ideal",3,15,0.45
392942,"democracy","paper",3,50,1.5
392942,"equality","paper",11,81,8.91
392942,"freedom","paper",20,40,8
392942,"individualism","paper",15,75,11.25
392942,"justice","paper",1,55,0.55
392942,"happiness","paper",20,35,7
392942,"arms","paper",26,10,2.6
392942,"tolerance","paper",4,5,0.2
392942,"democracy","ideal",3,50,1.5
392942,"equality","ideal",4,81,3.24
392942,"freedom","ideal",23,40,9.2
392942,"individualism","ideal",11,75,8.25
392942,"justice","ideal",6,55,3.3
392942,"happiness","ideal",20,35,7
392942,"arms","ideal",25,10,2.5
392942,"tolerance","ideal",8,5,0.4
557119,"democracy","paper",11,45,4.95
557119,"equality","paper",7,67,4.69
557119,"freedom","paper",23,75,17.25
557119,"individualism","paper",2,38,0.76
557119,"justice","paper",10,64,6.4
557119,"happiness","paper",13,84,10.92
557119,"arms","paper",13,81,10.53
557119,"tolerance","paper",21,76,15.96
557119,"democracy","ideal",21,45,9.45
557119,"equality","ideal",29,67,19.43
557119,"freedom","ideal",37,75,27.75
557119,"individualism","ideal",4,38,1.52
557119,"justice","ideal",9,64,5.76
557119,"happiness","ideal",0,84,0
557119,"arms","ideal",0,81,0
557119,"tolerance","ideal",0,76,0
415287,"democracy","paper",20,15,3
415287,"equality","paper",11,18,1.98
415287,"freedom","paper",25,26,6.5
415287,"individualism","paper",7,6,0.42
415287,"justice","paper",16,1,0.16
415287,"happiness","paper",6,20,1.2
415287,"arms","paper",13,6,0.78
415287,"tolerance","paper",2,2,0.04
415287,"democracy","ideal",20,15,3
415287,"equality","ideal",7,18,1.26
415287,"freedom","ideal",20,26,5.2
415287,"individualism","ideal",10,6,0.6
415287,"justice","ideal",15,1,0.15
415287,"happiness","ideal",15,20,3
415287,"arms","ideal",8,6,0.48
415287,"tolerance","ideal",5,2,0.1
351470,"democracy","paper",25,66,16.5
351470,"equality","paper",19,90,17.1
351470,"freedom","paper",17,77,13.09
351470,"individualism","paper",8,50,4
351470,"justice","paper",15,73,10.95
351470,"happiness","paper",4,90,3.6
351470,"arms","paper",1,80,0.8
351470,"tolerance","paper",11,85,9.35
351470,"democracy","ideal",22,66,14.52
351470,"equality","ideal",15,90,13.5
351470,"freedom","ideal",10,77,7.7
351470,"individualism","ideal",15,50,7.5
351470,"justice","ideal",16,73,11.68
351470,"happiness","ideal",8,90,7.2
351470,"arms","ideal",1,80,0.8
351470,"tolerance","ideal",13,85,11.05
905512,"democracy","paper",15,40,6
905512,"equality","paper",20,60,12
905512,"freedom","paper",25,50,12.5
905512,"individualism","paper",5,40,2
905512,"justice","paper",10,55,5.5
905512,"happiness","paper",15,50,7.5
905512,"arms","paper",5,40,2
905512,"tolerance","paper",5,50,2.5
905512,"democracy","ideal",10,40,4
905512,"equality","ideal",10,60,6
905512,"freedom","ideal",20,50,10
905512,"individualism","ideal",10,40,4
905512,"justice","ideal",20,55,11
905512,"happiness","ideal",15,50,7.5
905512,"arms","ideal",5,40,2
905512,"tolerance","ideal",10,50,5
190077,"democracy","paper",20,80,16
190077,"equality","paper",3,60,1.8
190077,"freedom","paper",20,85,17
190077,"individualism","paper",15,100,15
190077,"justice","paper",15,80,12
190077,"happiness","paper",8,100,8
190077,"arms","paper",13,70,9.1
190077,"tolerance","paper",6,90,5.4
190077,"democracy","ideal",20,80,16
190077,"equality","ideal",20,60,12
190077,"freedom","ideal",20,85,17
190077,"individualism","ideal",5,100,5
190077,"justice","ideal",20,80,16
190077,"happiness","ideal",5,100,5
190077,"arms","ideal",5,70,3.5
190077,"tolerance","ideal",5,90,4.5
395306,"democracy","paper",40,25,10
395306,"equality","paper",13,2,0.26
395306,"freedom","paper",15,40,6
395306,"individualism","paper",12,65,7.8
395306,"justice","paper",8,10,0.8
395306,"happiness","paper",5,30,1.5
395306,"arms","paper",2,98,1.96
395306,"tolerance","paper",5,5,0.25
395306,"democracy","ideal",20,25,5
395306,"equality","ideal",25,2,0.5
395306,"freedom","ideal",5,40,2
395306,"individualism","ideal",5,65,3.25
395306,"justice","ideal",5,10,0.5
395306,"happiness","ideal",15,30,4.5
395306,"arms","ideal",0,98,0
395306,"tolerance","ideal",25,5,1.25
963502,"democracy","paper",10,30,3
963502,"equality","paper",15,80,12
963502,"freedom","paper",15,80,12
963502,"individualism","paper",10,86,8.6
963502,"justice","paper",10,54,5.4
963502,"happiness","paper",15,59,8.85
963502,"arms","paper",15,65,9.75
963502,"tolerance","paper",10,61,6.1
963502,"democracy","ideal",10,30,3
963502,"equality","ideal",10,80,8
963502,"freedom","ideal",20,80,16
963502,"individualism","ideal",10,86,8.6
963502,"justice","ideal",15,54,8.1
963502,"happiness","ideal",15,59,8.85
963502,"arms","ideal",15,65,9.75
963502,"tolerance","ideal",5,61,3.05
988604,"democracy","paper",20,40,8
988604,"equality","paper",0,91,0
988604,"freedom","paper",30,54,16.2
988604,"individualism","paper",0,93,0
988604,"justice","paper",20,56,11.2
988604,"happiness","paper",20,66,13.2
988604,"arms","paper",5,39,1.95
988604,"tolerance","paper",5,98,4.9
988604,"democracy","ideal",20,40,8
988604,"equality","ideal",0,91,0
988604,"freedom","ideal",25,54,13.5
988604,"individualism","ideal",0,93,0
988604,"justice","ideal",40,56,22.4
988604,"happiness","ideal",5,66,3.3
988604,"arms","ideal",10,39,3.9
988604,"tolerance","ideal",0,98,0
464266,"democracy","paper",25,64,16
464266,"equality","paper",25,59,14.75
464266,"freedom","paper",25,90,22.5
464266,"individualism","paper",6,63,3.78
464266,"justice","paper",8,53,4.24
464266,"happiness","paper",4,30,1.2
464266,"arms","paper",3,79,2.37
464266,"tolerance","paper",4,31,1.24
464266,"democracy","ideal",14,64,8.96
464266,"equality","ideal",14,59,8.26
464266,"freedom","ideal",14,90,12.6
464266,"individualism","ideal",10,63,6.3
464266,"justice","ideal",14,53,7.42
464266,"happiness","ideal",18,30,5.4
464266,"arms","ideal",9,79,7.11
464266,"tolerance","ideal",7,31,2.17
603931,"democracy","paper",25,75,18.75
603931,"equality","paper",5,50,2.5
603931,"freedom","paper",25,75,18.75
603931,"individualism","paper",4,65,2.6
603931,"justice","paper",20,50,10
603931,"happiness","paper",1,40,0.4
603931,"arms","paper",5,95,4.75
603931,"tolerance","paper",15,50,7.5
603931,"democracy","ideal",12,75,9
603931,"equality","ideal",25,50,12.5
603931,"freedom","ideal",16,75,12
603931,"individualism","ideal",4,65,2.6
603931,"justice","ideal",26,50,13
603931,"happiness","ideal",0,40,0
603931,"arms","ideal",0,95,0
603931,"tolerance","ideal",17,50,8.5
156941,"democracy","paper",25,52,13
156941,"equality","paper",20,30,6
156941,"freedom","paper",15,40,6
156941,"individualism","paper",9,65,5.85
156941,"justice","paper",20,25,5
156941,"happiness","paper",5,25,1.25
156941,"arms","paper",1,91,0.91
156941,"tolerance","paper",5,35,1.75
156941,"democracy","ideal",20,52,10.4
156941,"equality","ideal",20,30,6
156941,"freedom","ideal",8,40,3.2
156941,"individualism","ideal",4,65,2.6
156941,"justice","ideal",25,25,6.25
156941,"happiness","ideal",2,25,0.5
156941,"arms","ideal",1,91,0.91
156941,"tolerance","ideal",20,35,7
799749,"democracy","paper",12,24,2.88
799749,"equality","paper",17,34,5.78
799749,"freedom","paper",5,33,1.65
799749,"individualism","paper",13,29,3.77
799749,"justice","paper",7,25,1.75
799749,"happiness","paper",14,9,1.26
799749,"arms","paper",32,85,27.2
799749,"tolerance","paper",0,31,0
799749,"democracy","ideal",14,24,3.36
799749,"equality","ideal",17,34,5.78
799749,"freedom","ideal",11,33,3.63
799749,"individualism","ideal",19,29,5.51
799749,"justice","ideal",7,25,1.75
799749,"happiness","ideal",8,9,0.72
799749,"arms","ideal",3,85,2.55
799749,"tolerance","ideal",21,31,6.51
226679,"democracy","paper",13,68,8.84
226679,"equality","paper",32,31,9.92
226679,"freedom","paper",15,46,6.9
226679,"individualism","paper",11,53,5.83
226679,"justice","paper",7,67,4.69
226679,"happiness","paper",14,30,4.2
226679,"arms","paper",0,75,0
226679,"tolerance","paper",8,24,1.92
226679,"democracy","ideal",11,68,7.48
226679,"equality","ideal",9,31,2.79
226679,"freedom","ideal",20,46,9.2
226679,"individualism","ideal",11,53,5.83
226679,"justice","ideal",3,67,2.01
226679,"happiness","ideal",44,30,13.2
226679,"arms","ideal",0,75,0
226679,"tolerance","ideal",2,24,0.48
167311,"democracy","paper",40,80,32
167311,"equality","paper",5,50,2.5
167311,"freedom","paper",15,95,14.25
167311,"individualism","paper",5,55,2.75
167311,"justice","paper",15,75,11.25
167311,"happiness","paper",5,80,4
167311,"arms","paper",5,50,2.5
167311,"tolerance","paper",10,60,6
167311,"democracy","ideal",20,80,16
167311,"equality","ideal",5,50,2.5
167311,"freedom","ideal",20,95,19
167311,"individualism","ideal",5,55,2.75
167311,"justice","ideal",20,75,15
167311,"happiness","ideal",10,80,8
167311,"arms","ideal",0,50,0
167311,"tolerance","ideal",20,60,12
227704,"democracy","paper",12,100,12
227704,"equality","paper",12,75,9
227704,"freedom","paper",16,60,9.6
227704,"individualism","paper",12,85,10.2
227704,"justice","paper",12,65,7.8
227704,"happiness","paper",12,80,9.6
227704,"arms","paper",12,50,6
227704,"tolerance","paper",12,75,9
227704,"democracy","ideal",17,100,17
227704,"equality","ideal",12,75,9
227704,"freedom","ideal",13,60,7.8
227704,"individualism","ideal",12,85,10.2
227704,"justice","ideal",12,65,7.8
227704,"happiness","ideal",12,80,9.6
227704,"arms","ideal",10,50,5
227704,"tolerance","ideal",12,75,9
248052,"democracy","paper",20,39,7.8
248052,"equality","paper",15,20,3
248052,"freedom","paper",15,40,6
248052,"individualism","paper",10,20,2
248052,"justice","paper",15,20,3
248052,"happiness","paper",10,10,1
248052,"arms","paper",5,84,4.2
248052,"tolerance","paper",10,12,1.2
248052,"democracy","ideal",15,39,5.85
248052,"equality","ideal",15,20,3
248052,"freedom","ideal",15,40,6
248052,"individualism","ideal",15,20,3
248052,"justice","ideal",15,20,3
248052,"happiness","ideal",15,10,1.5
248052,"arms","ideal",0,84,0
248052,"tolerance","ideal",10,12,1.2
938153,"democracy","paper",15,39,5.85
938153,"equality","paper",9,9,0.81
938153,"freedom","paper",43,50,21.5
938153,"individualism","paper",19,47,8.93
938153,"justice","paper",5,8,0.4
938153,"happiness","paper",1,27,0.27
938153,"arms","paper",5,16,0.8
938153,"tolerance","paper",3,22,0.66
938153,"democracy","ideal",19,39,7.41
938153,"equality","ideal",21,9,1.89
938153,"freedom","ideal",19,50,9.5
938153,"individualism","ideal",8,47,3.76
938153,"justice","ideal",4,8,0.32
938153,"happiness","ideal",8,27,2.16
938153,"arms","ideal",0,16,0
938153,"tolerance","ideal",21,22,4.62
307219,"democracy","paper",10,90,9
307219,"equality","paper",20,75,15
307219,"freedom","paper",20,95,19
307219,"individualism","paper",10,100,10
307219,"justice","paper",10,80,8
307219,"happiness","paper",20,90,18
307219,"arms","paper",5,85,4.25
307219,"tolerance","paper",5,65,3.25
307219,"democracy","ideal",10,90,9
307219,"equality","ideal",30,75,22.5
307219,"freedom","ideal",30,95,28.5
307219,"individualism","ideal",10,100,10
307219,"justice","ideal",2,80,1.6
307219,"happiness","ideal",5,90,4.5
307219,"arms","ideal",4,85,3.4
307219,"tolerance","ideal",9,65,5.85
642828,"democracy","paper",20,25,5
642828,"equality","paper",15,25,3.75
642828,"freedom","paper",20,25,5
642828,"individualism","paper",5,50,2.5
642828,"justice","paper",20,40,8
642828,"happiness","paper",10,25,2.5
642828,"arms","paper",5,25,1.25
642828,"tolerance","paper",5,25,1.25
642828,"democracy","ideal",20,25,5
642828,"equality","ideal",15,25,3.75
642828,"freedom","ideal",20,25,5
642828,"individualism","ideal",5,50,2.5
642828,"justice","ideal",20,40,8
642828,"happiness","ideal",10,25,2.5
642828,"arms","ideal",5,25,1.25
642828,"tolerance","ideal",5,25,1.25
619138,"democracy","paper",25,75,18.75
619138,"equality","paper",10,65,6.5
619138,"freedom","paper",20,80,16
619138,"individualism","paper",10,90,9
619138,"justice","paper",10,70,7
619138,"happiness","paper",15,75,11.25
619138,"arms","paper",5,85,4.25
619138,"tolerance","paper",5,75,3.75
619138,"democracy","ideal",20,75,15
619138,"equality","ideal",25,65,16.25
619138,"freedom","ideal",10,80,8
619138,"individualism","ideal",10,90,9
619138,"justice","ideal",10,70,7
619138,"happiness","ideal",15,75,11.25
619138,"arms","ideal",0,85,0
619138,"tolerance","ideal",10,75,7.5
224564,"democracy","paper",20,60,12
224564,"equality","paper",25,30,7.5
224564,"freedom","paper",15,55,8.25
224564,"individualism","paper",5,70,3.5
224564,"justice","paper",20,30,6
224564,"happiness","paper",5,20,1
224564,"arms","paper",5,90,4.5
224564,"tolerance","paper",5,40,2
224564,"democracy","ideal",20,60,12
224564,"equality","ideal",20,30,6
224564,"freedom","ideal",10,55,5.5
224564,"individualism","ideal",10,70,7
224564,"justice","ideal",20,30,6
224564,"happiness","ideal",10,20,2
224564,"arms","ideal",0,90,0
224564,"tolerance","ideal",10,40,4
172576,"democracy","paper",18,100,18
172576,"equality","paper",22,76,16.72
172576,"freedom","paper",17,86,14.62
172576,"individualism","paper",13,78,10.14
172576,"justice","paper",8,100,8
172576,"happiness","paper",17,77,13.09
172576,"arms","paper",1,86,0.86
172576,"tolerance","paper",4,78,3.12
172576,"democracy","ideal",11,100,11
172576,"equality","ideal",26,76,19.76
172576,"freedom","ideal",21,86,18.06
172576,"individualism","ideal",15,78,11.7
172576,"justice","ideal",4,100,4
172576,"happiness","ideal",14,77,10.78
172576,"arms","ideal",3,86,2.58
172576,"tolerance","ideal",6,78,4.68
142278,"democracy","paper",20,61,12.2
142278,"equality","paper",21,67,14.07
142278,"freedom","paper",20,54,10.8
142278,"individualism","paper",1,34,0.34
142278,"justice","paper",18,59,10.62
142278,"happiness","paper",4,77,3.08
142278,"arms","paper",7,46,3.22
142278,"tolerance","paper",9,61,5.49
142278,"democracy","ideal",18,61,10.98
142278,"equality","ideal",18,67,12.06
142278,"freedom","ideal",16,54,8.64
142278,"individualism","ideal",8,34,2.72
142278,"justice","ideal",21,59,12.39
142278,"happiness","ideal",8,77,6.16
142278,"arms","ideal",5,46,2.3
142278,"tolerance","ideal",6,61,3.66
445330,"democracy","paper",20,91,18.2
445330,"equality","paper",15,87,13.05
445330,"freedom","paper",20,92,18.4
445330,"individualism","paper",10,89,8.9
445330,"justice","paper",15,70,10.5
445330,"happiness","paper",10,84,8.4
445330,"arms","paper",5,44,2.2
445330,"tolerance","paper",5,62,3.1
445330,"democracy","ideal",20,91,18.2
445330,"equality","ideal",15,87,13.05
445330,"freedom","ideal",25,92,23
445330,"individualism","ideal",10,89,8.9
445330,"justice","ideal",15,70,10.5
445330,"happiness","ideal",10,84,8.4
445330,"arms","ideal",2,44,0.88
445330,"tolerance","ideal",3,62,1.86
616329,"democracy","paper",20,80,16
616329,"equality","paper",15,60,9
616329,"freedom","paper",25,100,25
616329,"individualism","paper",10,85,8.5
616329,"justice","paper",10,70,7
616329,"happiness","paper",10,85,8.5
616329,"arms","paper",5,50,2.5
616329,"tolerance","paper",5,60,3
616329,"democracy","ideal",15,80,12
616329,"equality","ideal",15,60,9
616329,"freedom","ideal",15,100,15
616329,"individualism","ideal",11,85,9.35
616329,"justice","ideal",13,70,9.1
616329,"happiness","ideal",12,85,10.2
616329,"arms","ideal",4,50,2
616329,"tolerance","ideal",15,60,9
333403,"democracy","paper",20,70,14
333403,"equality","paper",20,80,16
333403,"freedom","paper",20,60,12
333403,"individualism","paper",10,100,10
333403,"justice","paper",15,70,10.5
333403,"happiness","paper",5,40,2
333403,"arms","paper",5,90,4.5
333403,"tolerance","paper",5,80,4
333403,"democracy","ideal",15,70,10.5
333403,"equality","ideal",15,80,12
333403,"freedom","ideal",15,60,9
333403,"individualism","ideal",5,100,5
333403,"justice","ideal",15,70,10.5
333403,"happiness","ideal",20,40,8
333403,"arms","ideal",0,90,0
333403,"tolerance","ideal",15,80,12
174438,"democracy","paper",22,73,16.06
174438,"equality","paper",9,23,2.07
174438,"freedom","paper",24,26,6.24
174438,"individualism","paper",13,46,5.98
174438,"justice","paper",5,61,3.05
174438,"happiness","paper",8,19,1.52
174438,"arms","paper",12,75,9
174438,"tolerance","paper",7,25,1.75
174438,"democracy","ideal",12,73,8.76
174438,"equality","ideal",8,23,1.84
174438,"freedom","ideal",15,26,3.9
174438,"individualism","ideal",15,46,6.9
174438,"justice","ideal",24,61,14.64
174438,"happiness","ideal",14,19,2.66
174438,"arms","ideal",8,75,6
174438,"tolerance","ideal",4,25,1
701583,"democracy","paper",27,37,9.99
701583,"equality","paper",25,16,4
701583,"freedom","paper",11,44,4.84
701583,"individualism","paper",6,38,2.28
701583,"justice","paper",9,5,0.45
701583,"happiness","paper",8,8,0.64
701583,"arms","paper",7,37,2.59
701583,"tolerance","paper",7,10,0.7
701583,"democracy","ideal",30,37,11.1
701583,"equality","ideal",25,16,4
701583,"freedom","ideal",12,44,5.28
701583,"individualism","ideal",4,38,1.52
701583,"justice","ideal",8,5,0.4
701583,"happiness","ideal",6,8,0.48
701583,"arms","ideal",8,37,2.96
701583,"tolerance","ideal",7,10,0.7
214671,"democracy","paper",13,21,2.73
214671,"equality","paper",10,22,2.2
214671,"freedom","paper",15,51,7.65
214671,"individualism","paper",13,1,0.13
214671,"justice","paper",11,3,0.33
214671,"happiness","paper",13,11,1.43
214671,"arms","paper",13,75,9.75
214671,"tolerance","paper",12,16,1.92
214671,"democracy","ideal",13,21,2.73
214671,"equality","ideal",12,22,2.64
214671,"freedom","ideal",12,51,6.12
214671,"individualism","ideal",12,1,0.12
214671,"justice","ideal",13,3,0.39
214671,"happiness","ideal",13,11,1.43
214671,"arms","ideal",13,75,9.75
214671,"tolerance","ideal",12,16,1.92
727531,"democracy","paper",15,60,9
727531,"equality","paper",10,35,3.5
727531,"freedom","paper",15,40,6
727531,"individualism","paper",10,20,2
727531,"justice","paper",15,50,7.5
727531,"happiness","paper",10,20,2
727531,"arms","paper",15,55,8.25
727531,"tolerance","paper",10,30,3
727531,"democracy","ideal",15,60,9
727531,"equality","ideal",15,35,5.25
727531,"freedom","ideal",15,40,6
727531,"individualism","ideal",15,20,3
727531,"justice","ideal",10,50,5
727531,"happiness","ideal",15,20,3
727531,"arms","ideal",0,55,0
727531,"tolerance","ideal",15,30,4.5
762757,"democracy","paper",29,70,20.3
762757,"equality","paper",17,60,10.2
762757,"freedom","paper",26,60,15.6
762757,"individualism","paper",8,76,6.08
762757,"justice","paper",10,46,4.6
762757,"happiness","paper",2,23,0.46
762757,"arms","paper",2,83,1.66
762757,"tolerance","paper",6,18,1.08
762757,"democracy","ideal",23,70,16.1
762757,"equality","ideal",15,60,9
762757,"freedom","ideal",14,60,8.4
762757,"individualism","ideal",15,76,11.4
762757,"justice","ideal",11,46,5.06
762757,"happiness","ideal",13,23,2.99
762757,"arms","ideal",0,83,0
762757,"tolerance","ideal",9,18,1.62
949956,"democracy","paper",35,55,19.25
949956,"equality","paper",23,15,3.45
949956,"freedom","paper",18,70,12.6
949956,"individualism","paper",6,11,0.66
949956,"justice","paper",5,10,0.5
949956,"happiness","paper",11,11,1.21
949956,"arms","paper",2,72,1.44
949956,"tolerance","paper",0,25,0
949956,"democracy","ideal",39,55,21.45
949956,"equality","ideal",39,15,5.85
949956,"freedom","ideal",0,70,0
949956,"individualism","ideal",0,11,0
949956,"justice","ideal",0,10,0
949956,"happiness","ideal",22,11,2.42
949956,"arms","ideal",0,72,0
949956,"tolerance","ideal",0,25,0
123303,"democracy","paper",29,81,23.49
123303,"equality","paper",19,52,9.88
123303,"freedom","paper",8,52,4.16
123303,"individualism","paper",8,62,4.96
123303,"justice","paper",24,52,12.48
123303,"happiness","paper",6,20,1.2
123303,"arms","paper",2,75,1.5
123303,"tolerance","paper",4,27,1.08
123303,"democracy","ideal",19,81,15.39
123303,"equality","ideal",14,52,7.28
123303,"freedom","ideal",10,52,5.2
123303,"individualism","ideal",10,62,6.2
123303,"justice","ideal",17,52,8.84
123303,"happiness","ideal",17,20,3.4
123303,"arms","ideal",5,75,3.75
123303,"tolerance","ideal",8,27,2.16
409742,"democracy","paper",16,81,12.96
409742,"equality","paper",16,56,8.96
409742,"freedom","paper",16,69,11.04
409742,"individualism","paper",7,92,6.44
409742,"justice","paper",16,74,11.84
409742,"happiness","paper",16,90,14.4
409742,"arms","paper",6,46,2.76
409742,"tolerance","paper",7,46,3.22
409742,"democracy","ideal",15,81,12.15
409742,"equality","ideal",15,56,8.4
409742,"freedom","ideal",15,69,10.35
409742,"individualism","ideal",11,92,10.12
409742,"justice","ideal",15,74,11.1
409742,"happiness","ideal",14,90,12.6
409742,"arms","ideal",5,46,2.3
409742,"tolerance","ideal",10,46,4.6
919154,"democracy","paper",50,31,15.5
919154,"equality","paper",12,42,5.04
919154,"freedom","paper",29,88,25.52
919154,"individualism","paper",0,86,0
919154,"justice","paper",0,53,0
919154,"happiness","paper",0,43,0
919154,"arms","paper",9,21,1.89
919154,"tolerance","paper",0,59,0
919154,"democracy","ideal",40,31,12.4
919154,"equality","ideal",10,42,4.2
919154,"freedom","ideal",30,88,26.4
919154,"individualism","ideal",0,86,0
919154,"justice","ideal",10,53,5.3
919154,"happiness","ideal",0,43,0
919154,"arms","ideal",10,21,2.1
919154,"tolerance","ideal",0,59,0
183769,"democracy","paper",30,35,10.5
183769,"equality","paper",8,55,4.4
183769,"freedom","paper",20,35,7
183769,"individualism","paper",15,60,9
183769,"justice","paper",9,30,2.7
183769,"happiness","paper",15,40,6
183769,"arms","paper",2,80,1.6
183769,"tolerance","paper",1,35,0.35
183769,"democracy","ideal",6,35,2.1
183769,"equality","ideal",28,55,15.4
183769,"freedom","ideal",10,35,3.5
183769,"individualism","ideal",10,60,6
183769,"justice","ideal",22,30,6.6
183769,"happiness","ideal",16,40,6.4
183769,"arms","ideal",0,80,0
183769,"tolerance","ideal",8,35,2.8
227476,"democracy","paper",40,80,32
227476,"equality","paper",0,50,0
227476,"freedom","paper",45,100,45
227476,"individualism","paper",0,20,0
227476,"justice","paper",5,10,0.5
227476,"happiness","paper",5,45,2.25
227476,"arms","paper",5,75,3.75
227476,"tolerance","paper",0,25,0
227476,"democracy","ideal",30,80,24
227476,"equality","ideal",20,50,10
227476,"freedom","ideal",30,100,30
227476,"individualism","ideal",5,20,1
227476,"justice","ideal",10,10,1
227476,"happiness","ideal",5,45,2.25
227476,"arms","ideal",0,75,0
227476,"tolerance","ideal",0,25,0
490196,"democracy","paper",29,60,17.4
490196,"equality","paper",19,55,10.45
490196,"freedom","paper",23,65,14.95
490196,"individualism","paper",5,30,1.5
490196,"justice","paper",12,45,5.4
490196,"happiness","paper",3,20,0.6
490196,"arms","paper",6,10,0.6
490196,"tolerance","paper",3,50,1.5
490196,"democracy","ideal",8,60,4.8
490196,"equality","ideal",8,55,4.4
490196,"freedom","ideal",29,65,18.85
490196,"individualism","ideal",8,30,2.4
490196,"justice","ideal",29,45,13.05
490196,"happiness","ideal",11,20,2.2
490196,"arms","ideal",0,10,0
490196,"tolerance","ideal",7,50,3.5
664602,"democracy","paper",17,5,0.85
664602,"equality","paper",16,5,0.8
664602,"freedom","paper",7,3,0.21
664602,"individualism","paper",14,61,8.54
664602,"justice","paper",6,1,0.06
664602,"happiness","paper",9,13,1.17
664602,"arms","paper",18,89,16.02
664602,"tolerance","paper",13,70,9.1
664602,"democracy","ideal",29,5,1.45
664602,"equality","ideal",1,5,0.05
664602,"freedom","ideal",27,3,0.81
664602,"individualism","ideal",2,61,1.22
664602,"justice","ideal",25,1,0.25
664602,"happiness","ideal",16,13,2.08
664602,"arms","ideal",0,89,0
664602,"tolerance","ideal",0,70,0
611497,"democracy","paper",14,60,8.4
611497,"equality","paper",33,41,13.53
611497,"freedom","paper",11,43,4.73
611497,"individualism","paper",9,64,5.76
611497,"justice","paper",4,50,2
611497,"happiness","paper",13,7,0.91
611497,"arms","paper",0,88,0
611497,"tolerance","paper",16,25,4
611497,"democracy","ideal",20,60,12
611497,"equality","ideal",30,41,12.3
611497,"freedom","ideal",5,43,2.15
611497,"individualism","ideal",5,64,3.2
611497,"justice","ideal",5,50,2.5
611497,"happiness","ideal",15,7,1.05
611497,"arms","ideal",0,88,0
611497,"tolerance","ideal",20,25,5
824478,"democracy","paper",15,9,1.35
824478,"equality","paper",31,16,4.96
824478,"freedom","paper",39,9,3.51
824478,"individualism","paper",4,9,0.36
824478,"justice","paper",3,13,0.39
824478,"happiness","paper",5,6,0.3
824478,"arms","paper",2,15,0.3
824478,"tolerance","paper",1,13,0.13
824478,"democracy","ideal",7,9,0.63
824478,"equality","ideal",11,16,1.76
824478,"freedom","ideal",9,9,0.81
824478,"individualism","ideal",12,9,1.08
824478,"justice","ideal",10,13,1.3
824478,"happiness","ideal",42,6,2.52
824478,"arms","ideal",7,15,1.05
824478,"tolerance","ideal",2,13,0.26
760765,"democracy","paper",4,68,2.72
760765,"equality","paper",20,9,1.8
760765,"freedom","paper",30,51,15.3
760765,"individualism","paper",0,15,0
760765,"justice","paper",18,10,1.8
760765,"happiness","paper",10,27,2.7
760765,"arms","paper",10,77,7.7
760765,"tolerance","paper",8,8,0.64
760765,"democracy","ideal",3,68,2.04
760765,"equality","ideal",13,9,1.17
760765,"freedom","ideal",24,51,12.24
760765,"individualism","ideal",10,15,1.5
760765,"justice","ideal",22,10,2.2
760765,"happiness","ideal",12,27,3.24
760765,"arms","ideal",7,77,5.39
760765,"tolerance","ideal",9,8,0.72
694929,"democracy","paper",25,35,8.75
694929,"equality","paper",10,60,6
694929,"freedom","paper",25,68,17
694929,"individualism","paper",0,34,0
694929,"justice","paper",10,30,3
694929,"happiness","paper",15,31,4.65
694929,"arms","paper",15,20,3
694929,"tolerance","paper",0,18,0
694929,"democracy","ideal",30,35,10.5
694929,"equality","ideal",10,60,6
694929,"freedom","ideal",10,68,6.8
694929,"individualism","ideal",0,34,0
694929,"justice","ideal",10,30,3
694929,"happiness","ideal",30,31,9.3
694929,"arms","ideal",10,20,2
694929,"tolerance","ideal",0,18,0
255774,"democracy","paper",19,90,17.1
255774,"equality","paper",18,75,13.5
255774,"freedom","paper",16,89,14.24
255774,"individualism","paper",11,85,9.35
255774,"justice","paper",15,89,13.35
255774,"happiness","paper",12,95,11.4
255774,"arms","paper",0,0,0
255774,"tolerance","paper",9,84,7.56
255774,"democracy","ideal",22,90,19.8
255774,"equality","ideal",16,75,12
255774,"freedom","ideal",16,89,14.24
255774,"individualism","ideal",12,85,10.2
255774,"justice","ideal",16,89,14.24
255774,"happiness","ideal",11,95,10.45
255774,"arms","ideal",0,0,0
255774,"tolerance","ideal",7,84,5.88
229699,"democracy","paper",30,70,21
229699,"equality","paper",20,50,10
229699,"freedom","paper",25,60,15
229699,"individualism","paper",5,30,1.5
229699,"justice","paper",15,45,6.75
229699,"happiness","paper",5,25,1.25
229699,"arms","paper",0,30,0
229699,"tolerance","paper",0,40,0
229699,"democracy","ideal",25,70,17.5
229699,"equality","ideal",20,50,10
229699,"freedom","ideal",20,60,12
229699,"individualism","ideal",10,30,3
229699,"justice","ideal",15,45,6.75
229699,"happiness","ideal",5,25,1.25
229699,"arms","ideal",0,30,0
229699,"tolerance","ideal",5,40,2
474666,"democracy","paper",38,90,34.2
474666,"equality","paper",10,89,8.9
474666,"freedom","paper",10,100,10
474666,"individualism","paper",7,100,7
474666,"justice","paper",10,76,7.6
474666,"happiness","paper",10,100,10
474666,"arms","paper",6,87,5.22
474666,"tolerance","paper",9,82,7.38
474666,"democracy","ideal",19,90,17.1
474666,"equality","ideal",8,89,7.12
474666,"freedom","ideal",13,100,13
474666,"individualism","ideal",19,100,19
474666,"justice","ideal",10,76,7.6
474666,"happiness","ideal",12,100,12
474666,"arms","ideal",19,87,16.53
474666,"tolerance","ideal",0,82,0
994164,"democracy","paper",30,80,24
994164,"equality","paper",16,40,6.4
994164,"freedom","paper",23,80,18.4
994164,"individualism","paper",8,70,5.6
994164,"justice","paper",11,70,7.7
994164,"happiness","paper",0,43,0
994164,"arms","paper",0,90,0
994164,"tolerance","paper",12,50,6
994164,"democracy","ideal",24,80,19.2
994164,"equality","ideal",18,40,7.2
994164,"freedom","ideal",21,80,16.8
994164,"individualism","ideal",7,70,4.9
994164,"justice","ideal",17,70,11.9
994164,"happiness","ideal",5,43,2.15
994164,"arms","ideal",0,90,0
994164,"tolerance","ideal",8,50,4
474644,"democracy","paper",21,53,11.13
474644,"equality","paper",21,5,1.05
474644,"freedom","paper",20,9,1.8
474644,"individualism","paper",3,14,0.42
474644,"justice","paper",12,21,2.52
474644,"happiness","paper",10,36,3.6
474644,"arms","paper",10,57,5.7
474644,"tolerance","paper",3,22,0.66
474644,"democracy","ideal",14,53,7.42
474644,"equality","ideal",13,5,0.65
474644,"freedom","ideal",12,9,1.08
474644,"individualism","ideal",12,14,1.68
474644,"justice","ideal",12,21,2.52
474644,"happiness","ideal",13,36,4.68
474644,"arms","ideal",12,57,6.84
474644,"tolerance","ideal",12,22,2.64
134874,"democracy","paper",30,80,24
134874,"equality","paper",20,80,16
134874,"freedom","paper",20,95,19
134874,"individualism","paper",5,70,3.5
134874,"justice","paper",10,60,6
134874,"happiness","paper",5,40,2
134874,"arms","paper",1,100,1
134874,"tolerance","paper",9,55,4.95
134874,"democracy","ideal",20,80,16
134874,"equality","ideal",20,80,16
134874,"freedom","ideal",20,95,19
134874,"individualism","ideal",10,70,7
134874,"justice","ideal",10,60,6
134874,"happiness","ideal",10,40,4
134874,"arms","ideal",0,100,0
134874,"tolerance","ideal",10,55,5.5
268603,"democracy","paper",21,90,18.9
268603,"equality","paper",15,80,12
268603,"freedom","paper",16,99,15.84
268603,"individualism","paper",12,85,10.2
268603,"justice","paper",15,85,12.75
268603,"happiness","paper",10,95,9.5
268603,"arms","paper",1,95,0.95
268603,"tolerance","paper",10,80,8
268603,"democracy","ideal",20,90,18
268603,"equality","ideal",13,80,10.4
268603,"freedom","ideal",13,99,12.87
268603,"individualism","ideal",13,85,11.05
268603,"justice","ideal",19,85,16.15
268603,"happiness","ideal",12,95,11.4
268603,"arms","ideal",1,95,0.95
268603,"tolerance","ideal",9,80,7.2
609635,"democracy","paper",20,70,14
609635,"equality","paper",5,15,0.75
609635,"freedom","paper",30,30,9
609635,"individualism","paper",5,20,1
609635,"justice","paper",10,20,2
609635,"happiness","paper",5,35,1.75
609635,"arms","paper",20,100,20
609635,"tolerance","paper",5,15,0.75
609635,"democracy","ideal",20,70,14
609635,"equality","ideal",20,15,3
609635,"freedom","ideal",15,30,4.5
609635,"individualism","ideal",5,20,1
609635,"justice","ideal",15,20,3
609635,"happiness","ideal",20,35,7
609635,"arms","ideal",0,100,0
609635,"tolerance","ideal",5,15,0.75
475127,"democracy","paper",17,55,9.35
475127,"equality","paper",5,50,2.5
475127,"freedom","paper",15,36,5.4
475127,"individualism","paper",8,39,3.12
475127,"justice","paper",15,27,4.05
475127,"happiness","paper",13,25,3.25
475127,"arms","paper",17,54,9.18
475127,"tolerance","paper",10,25,2.5
475127,"democracy","ideal",15,55,8.25
475127,"equality","ideal",17,50,8.5
475127,"freedom","ideal",15,36,5.4
475127,"individualism","ideal",7,39,2.73
475127,"justice","ideal",13,27,3.51
475127,"happiness","ideal",11,25,2.75
475127,"arms","ideal",7,54,3.78
475127,"tolerance","ideal",15,25,3.75
551876,"democracy","paper",20,50,10
551876,"equality","paper",20,90,18
551876,"freedom","paper",20,85,17
551876,"individualism","paper",5,90,4.5
551876,"justice","paper",5,90,4.5
551876,"happiness","paper",15,100,15
551876,"arms","paper",5,100,5
551876,"tolerance","paper",10,50,5
551876,"democracy","ideal",20,50,10
551876,"equality","ideal",20,90,18
551876,"freedom","ideal",20,85,17
551876,"individualism","ideal",5,90,4.5
551876,"justice","ideal",5,90,4.5
551876,"happiness","ideal",10,100,10
551876,"arms","ideal",0,100,0
551876,"tolerance","ideal",20,50,10
513996,"democracy","paper",24,50,12
513996,"equality","paper",8,50,4
513996,"freedom","paper",18,47,8.46
513996,"individualism","paper",10,55,5.5
513996,"justice","paper",26,63,16.38
513996,"happiness","paper",7,49,3.43
513996,"arms","paper",7,45,3.15
513996,"tolerance","paper",0,31,0
513996,"democracy","ideal",13,50,6.5
513996,"equality","ideal",4,50,2
513996,"freedom","ideal",22,47,10.34
513996,"individualism","ideal",14,55,7.7
513996,"justice","ideal",21,63,13.23
513996,"happiness","ideal",8,49,3.92
513996,"arms","ideal",5,45,2.25
513996,"tolerance","ideal",13,31,4.03
736053,"democracy","paper",10,25,2.5
736053,"equality","paper",10,35,3.5
736053,"freedom","paper",10,25,2.5
736053,"individualism","paper",1,10,0.1
736053,"justice","paper",5,10,0.5
736053,"happiness","paper",46,95,43.7
736053,"arms","paper",15,100,15
736053,"tolerance","paper",3,15,0.45
736053,"democracy","ideal",5,25,1.25
736053,"equality","ideal",23,35,8.05
736053,"freedom","ideal",5,25,1.25
736053,"individualism","ideal",10,10,1
736053,"justice","ideal",23,10,2.3
736053,"happiness","ideal",10,95,9.5
736053,"arms","ideal",0,100,0
736053,"tolerance","ideal",24,15,3.6
174247,"democracy","paper",30,65,19.5
174247,"equality","paper",10,30,3
174247,"freedom","paper",34,73,24.82
174247,"individualism","paper",5,80,4
174247,"justice","paper",5,20,1
174247,"happiness","paper",8,90,7.2
174247,"arms","paper",3,25,0.75
174247,"tolerance","paper",5,91,4.55
174247,"democracy","ideal",10,65,6.5
174247,"equality","ideal",20,30,6
174247,"freedom","ideal",25,73,18.25
174247,"individualism","ideal",5,80,4
174247,"justice","ideal",20,20,4
174247,"happiness","ideal",5,90,4.5
174247,"arms","ideal",5,25,1.25
174247,"tolerance","ideal",10,91,9.1
579472,"democracy","paper",24,88,21.12
579472,"equality","paper",14,60,8.4
579472,"freedom","paper",7,69,4.83
579472,"individualism","paper",12,60,7.2
579472,"justice","paper",13,81,10.53
579472,"happiness","paper",13,78,10.14
579472,"arms","paper",6,46,2.76
579472,"tolerance","paper",11,82,9.02
579472,"democracy","ideal",16,88,14.08
579472,"equality","ideal",12,60,7.2
579472,"freedom","ideal",7,69,4.83
579472,"individualism","ideal",11,60,6.6
579472,"justice","ideal",21,81,17.01
579472,"happiness","ideal",13,78,10.14
579472,"arms","ideal",6,46,2.76
579472,"tolerance","ideal",14,82,11.48
221097,"democracy","paper",30,85,25.5
221097,"equality","paper",15,80,12
221097,"freedom","paper",10,75,7.5
221097,"individualism","paper",3,50,1.5
221097,"justice","paper",25,70,17.5
221097,"happiness","paper",10,65,6.5
221097,"arms","paper",2,60,1.2
221097,"tolerance","paper",5,80,4
221097,"democracy","ideal",23,85,19.55
221097,"equality","ideal",5,80,4
221097,"freedom","ideal",25,75,18.75
221097,"individualism","ideal",2,50,1
221097,"justice","ideal",10,70,7
221097,"happiness","ideal",25,65,16.25
221097,"arms","ideal",5,60,3
221097,"tolerance","ideal",5,80,4
873001,"democracy","paper",10,11,1.1
873001,"equality","paper",12,11,1.32
873001,"freedom","paper",13,0,0
873001,"individualism","paper",20,24,4.8
873001,"justice","paper",15,13,1.95
873001,"happiness","paper",18,3,0.54
873001,"arms","paper",0,100,0
873001,"tolerance","paper",12,14,1.68
873001,"democracy","ideal",0,11,0
873001,"equality","ideal",20,11,2.2
873001,"freedom","ideal",42,0,0
873001,"individualism","ideal",10,24,2.4
873001,"justice","ideal",11,13,1.43
873001,"happiness","ideal",9,3,0.27
873001,"arms","ideal",0,100,0
873001,"tolerance","ideal",8,14,1.12
650463,"democracy","paper",17,10,1.7
650463,"equality","paper",17,27,4.59
650463,"freedom","paper",34,5,1.7
650463,"individualism","paper",14,35,4.9
650463,"justice","paper",3,4,0.12
650463,"happiness","paper",12,23,2.76
650463,"arms","paper",2,76,1.52
650463,"tolerance","paper",1,22,0.22
650463,"democracy","ideal",16,10,1.6
650463,"equality","ideal",13,27,3.51
650463,"freedom","ideal",14,5,0.7
650463,"individualism","ideal",26,35,9.1
650463,"justice","ideal",3,4,0.12
650463,"happiness","ideal",17,23,3.91
650463,"arms","ideal",2,76,1.52
650463,"tolerance","ideal",9,22,1.98
265796,"democracy","paper",0,0,0
265796,"equality","paper",10,10,1
265796,"freedom","paper",25,10,2.5
265796,"individualism","paper",5,5,0.25
265796,"justice","paper",25,5,1.25
265796,"happiness","paper",20,5,1
265796,"arms","paper",10,5,0.5
265796,"tolerance","paper",5,5,0.25
265796,"democracy","ideal",0,0,0
265796,"equality","ideal",23,10,2.3
265796,"freedom","ideal",17,10,1.7
265796,"individualism","ideal",12,5,0.6
265796,"justice","ideal",12,5,0.6
265796,"happiness","ideal",12,5,0.6
265796,"arms","ideal",12,5,0.6
265796,"tolerance","ideal",12,5,0.6
450641,"democracy","paper",20,30,6
450641,"equality","paper",20,20,4
450641,"freedom","paper",15,16,2.4
450641,"individualism","paper",5,20,1
450641,"justice","paper",12,5,0.6
450641,"happiness","paper",20,30,6
450641,"arms","paper",3,95,2.85
450641,"tolerance","paper",5,10,0.5
450641,"democracy","ideal",25,30,7.5
450641,"equality","ideal",15,20,3
450641,"freedom","ideal",11,16,1.76
450641,"individualism","ideal",12,20,2.4
450641,"justice","ideal",16,5,0.8
450641,"happiness","ideal",12,30,3.6
450641,"arms","ideal",1,95,0.95
450641,"tolerance","ideal",8,10,0.8
736441,"democracy","paper",0,81,0
736441,"equality","paper",11,9,0.99
736441,"freedom","paper",12,10,1.2
736441,"individualism","paper",20,8,1.6
736441,"justice","paper",11,3,0.33
736441,"happiness","paper",33,5,1.65
736441,"arms","paper",9,10,0.9
736441,"tolerance","paper",4,20,0.8
736441,"democracy","ideal",5,81,4.05
736441,"equality","ideal",10,9,0.9
736441,"freedom","ideal",20,10,2
736441,"individualism","ideal",20,8,1.6
736441,"justice","ideal",15,3,0.45
736441,"happiness","ideal",15,5,0.75
736441,"arms","ideal",10,10,1
736441,"tolerance","ideal",5,20,1
538516,"democracy","paper",19,73,13.87
538516,"equality","paper",10,55,5.5
538516,"freedom","paper",17,72,12.24
538516,"individualism","paper",9,31,2.79
538516,"justice","paper",21,76,15.96
538516,"happiness","paper",19,63,11.97
538516,"arms","paper",0,15,0
538516,"tolerance","paper",5,45,2.25
538516,"democracy","ideal",11,73,8.03
538516,"equality","ideal",11,55,6.05
538516,"freedom","ideal",14,72,10.08
538516,"individualism","ideal",11,31,3.41
538516,"justice","ideal",25,76,19
538516,"happiness","ideal",14,63,8.82
538516,"arms","ideal",3,15,0.45
538516,"tolerance","ideal",11,45,4.95
765623,"democracy","paper",4,10,0.4
765623,"equality","paper",15,20,3
765623,"freedom","paper",20,10,2
765623,"individualism","paper",5,30,1.5
765623,"justice","paper",18,5,0.9
765623,"happiness","paper",18,5,0.9
765623,"arms","paper",20,10,2
765623,"tolerance","paper",0,30,0
765623,"democracy","ideal",5,10,0.5
765623,"equality","ideal",10,20,2
765623,"freedom","ideal",20,10,2
765623,"individualism","ideal",15,30,4.5
765623,"justice","ideal",20,5,1
765623,"happiness","ideal",10,5,0.5
765623,"arms","ideal",20,10,2
765623,"tolerance","ideal",0,30,0
375819,"democracy","paper",8,51,4.08
375819,"equality","paper",4,13,0.52
375819,"freedom","paper",48,20,9.6
375819,"individualism","paper",4,78,3.12
375819,"justice","paper",5,40,2
375819,"happiness","paper",4,43,1.72
375819,"arms","paper",15,17,2.55
375819,"tolerance","paper",12,31,3.72
375819,"democracy","ideal",5,51,2.55
375819,"equality","ideal",6,13,0.78
375819,"freedom","ideal",4,20,0.8
375819,"individualism","ideal",9,78,7.02
375819,"justice","ideal",0,40,0
375819,"happiness","ideal",9,43,3.87
375819,"arms","ideal",46,17,7.82
375819,"tolerance","ideal",21,31,6.51
772576,"democracy","paper",20,16,3.2
772576,"equality","paper",20,60,12
772576,"freedom","paper",20,86,17.2
772576,"individualism","paper",0,28,0
772576,"justice","paper",10,54,5.4
772576,"happiness","paper",10,99,9.9
772576,"arms","paper",10,71,7.1
772576,"tolerance","paper",10,63,6.3
772576,"democracy","ideal",15,16,2.4
772576,"equality","ideal",10,60,6
772576,"freedom","ideal",20,86,17.2
772576,"individualism","ideal",30,28,8.4
772576,"justice","ideal",5,54,2.7
772576,"happiness","ideal",5,99,4.95
772576,"arms","ideal",0,71,0
772576,"tolerance","ideal",15,63,9.45
490803,"democracy","paper",0,2,0
490803,"equality","paper",50,20,10
490803,"freedom","paper",50,50,25
490803,"individualism","paper",0,10,0
490803,"justice","paper",0,23,0
490803,"happiness","paper",0,50,0
490803,"arms","paper",0,52,0
490803,"tolerance","paper",0,43,0
490803,"democracy","ideal",0,2,0
490803,"equality","ideal",50,20,10
490803,"freedom","ideal",50,50,25
490803,"individualism","ideal",0,10,0
490803,"justice","ideal",0,23,0
490803,"happiness","ideal",0,50,0
490803,"arms","ideal",0,52,0
490803,"tolerance","ideal",0,43,0
667467,"democracy","paper",3,12,0.36
667467,"equality","paper",0,11,0
667467,"freedom","paper",71,54,38.34
667467,"individualism","paper",0,4,0
667467,"justice","paper",0,15,0
667467,"happiness","paper",3,NA,NA
667467,"arms","paper",20,60,12
667467,"tolerance","paper",3,11,0.33
667467,"democracy","ideal",19,12,2.28
667467,"equality","ideal",8,11,0.88
667467,"freedom","ideal",70,54,37.8
667467,"individualism","ideal",0,4,0
667467,"justice","ideal",3,15,0.45
667467,"happiness","ideal",0,NA,NA
667467,"arms","ideal",0,60,0
667467,"tolerance","ideal",0,11,0
146867,"democracy","paper",15,50,7.5
146867,"equality","paper",15,75,11.25
146867,"freedom","paper",15,85,12.75
146867,"individualism","paper",10,75,7.5
146867,"justice","paper",15,75,11.25
146867,"happiness","paper",10,60,6
146867,"arms","paper",10,60,6
146867,"tolerance","paper",10,50,5
146867,"democracy","ideal",1,50,0.5
146867,"equality","ideal",23,75,17.25
146867,"freedom","ideal",25,85,21.25
146867,"individualism","ideal",10,75,7.5
146867,"justice","ideal",24,75,18
146867,"happiness","ideal",9,60,5.4
146867,"arms","ideal",6,60,3.6
146867,"tolerance","ideal",2,50,1
708228,"democracy","paper",12,50,6
708228,"equality","paper",13,25,3.25
708228,"freedom","paper",13,25,3.25
708228,"individualism","paper",12,25,3
708228,"justice","paper",13,50,6.5
708228,"happiness","paper",12,25,3
708228,"arms","paper",12,50,6
708228,"tolerance","paper",13,25,3.25
708228,"democracy","ideal",13,50,6.5
708228,"equality","ideal",13,25,3.25
708228,"freedom","ideal",13,25,3.25
708228,"individualism","ideal",13,25,3.25
708228,"justice","ideal",12,50,6
708228,"happiness","ideal",12,25,3
708228,"arms","ideal",12,50,6
708228,"tolerance","ideal",12,25,3
139001,"democracy","paper",28,9,2.52
139001,"equality","paper",0,0,0
139001,"freedom","paper",31,4,1.24
139001,"individualism","paper",4,11,0.44
139001,"justice","paper",4,3,0.12
139001,"happiness","paper",25,5,1.25
139001,"arms","paper",8,21,1.68
139001,"tolerance","paper",0,0,0
139001,"democracy","ideal",25,9,2.25
139001,"equality","ideal",0,0,0
139001,"freedom","ideal",20,4,0.8
139001,"individualism","ideal",11,11,1.21
139001,"justice","ideal",14,3,0.42
139001,"happiness","ideal",26,5,1.3
139001,"arms","ideal",4,21,0.84
139001,"tolerance","ideal",0,0,0
829360,"democracy","paper",20,20,4
829360,"equality","paper",10,80,8
829360,"freedom","paper",50,70,35
829360,"individualism","paper",0,100,0
829360,"justice","paper",0,70,0
829360,"happiness","paper",0,50,0
829360,"arms","paper",20,50,10
829360,"tolerance","paper",0,10,0
829360,"democracy","ideal",20,20,4
829360,"equality","ideal",20,80,16
829360,"freedom","ideal",50,70,35
829360,"individualism","ideal",0,100,0
829360,"justice","ideal",0,70,0
829360,"happiness","ideal",0,50,0
829360,"arms","ideal",10,50,5
829360,"tolerance","ideal",0,10,0
247242,"democracy","paper",5,0,0
247242,"equality","paper",5,0,0
247242,"freedom","paper",50,70,35
247242,"individualism","paper",1,100,1
247242,"justice","paper",17,10,1.7
247242,"happiness","paper",5,100,5
247242,"arms","paper",16,50,8
247242,"tolerance","paper",1,10,0.1
247242,"democracy","ideal",0,0,0
247242,"equality","ideal",0,0,0
247242,"freedom","ideal",25,70,17.5
247242,"individualism","ideal",0,100,0
247242,"justice","ideal",25,10,2.5
247242,"happiness","ideal",25,100,25
247242,"arms","ideal",25,50,12.5
247242,"tolerance","ideal",0,10,0
598930,"democracy","paper",10,50,5
598930,"equality","paper",5,80,4
598930,"freedom","paper",30,70,21
598930,"individualism","paper",5,90,4.5
598930,"justice","paper",30,60,18
598930,"happiness","paper",5,50,2.5
598930,"arms","paper",10,80,8
598930,"tolerance","paper",5,85,4.25
598930,"democracy","ideal",15,50,7.5
598930,"equality","ideal",10,80,8
598930,"freedom","ideal",30,70,21
598930,"individualism","ideal",5,90,4.5
598930,"justice","ideal",20,60,12
598930,"happiness","ideal",5,50,2.5
598930,"arms","ideal",10,80,8
598930,"tolerance","ideal",5,85,4.25
564923,"democracy","paper",12,50,6
564923,"equality","paper",14,50,7
564923,"freedom","paper",12,50,6
564923,"individualism","paper",12,50,6
564923,"justice","paper",14,50,7
564923,"happiness","paper",12,50,6
564923,"arms","paper",12,50,6
564923,"tolerance","paper",12,50,6
564923,"democracy","ideal",2,50,1
564923,"equality","ideal",22,50,11
564923,"freedom","ideal",6,50,3
564923,"individualism","ideal",2,50,1
564923,"justice","ideal",24,50,12
564923,"happiness","ideal",25,50,12.5
564923,"arms","ideal",16,50,8
564923,"tolerance","ideal",3,50,1.5
464652,"democracy","paper",14,75,10.5
464652,"equality","paper",5,50,2.5
464652,"freedom","paper",16,70,11.2
464652,"individualism","paper",13,90,11.7
464652,"justice","paper",16,65,10.4
464652,"happiness","paper",15,85,12.75
464652,"arms","paper",13,65,8.45
464652,"tolerance","paper",8,85,6.8
464652,"democracy","ideal",12,75,9
464652,"equality","ideal",2,50,1
464652,"freedom","ideal",18,70,12.6
464652,"individualism","ideal",13,90,11.7
464652,"justice","ideal",15,65,9.75
464652,"happiness","ideal",16,85,13.6
464652,"arms","ideal",15,65,9.75
464652,"tolerance","ideal",9,85,7.65
209255,"democracy","paper",25,0,0
209255,"equality","paper",20,0,0
209255,"freedom","paper",25,0,0
209255,"individualism","paper",15,0,0
209255,"justice","paper",5,0,0
209255,"happiness","paper",5,0,0
209255,"arms","paper",0,0,0
209255,"tolerance","paper",5,0,0
209255,"democracy","ideal",20,0,0
209255,"equality","ideal",20,0,0
209255,"freedom","ideal",20,0,0
209255,"individualism","ideal",15,0,0
209255,"justice","ideal",10,0,0
209255,"happiness","ideal",10,0,0
209255,"arms","ideal",0,0,0
209255,"tolerance","ideal",5,0,0
896046,"democracy","paper",15,75,11.25
896046,"equality","paper",0,60,0
896046,"freedom","paper",35,85,29.75
896046,"individualism","paper",10,70,7
896046,"justice","paper",10,65,6.5
896046,"happiness","paper",15,70,10.5
896046,"arms","paper",15,85,12.75
896046,"tolerance","paper",0,65,0
896046,"democracy","ideal",15,75,11.25
896046,"equality","ideal",5,60,3
896046,"freedom","ideal",20,85,17
896046,"individualism","ideal",15,70,10.5
896046,"justice","ideal",15,65,9.75
896046,"happiness","ideal",15,70,10.5
896046,"arms","ideal",10,85,8.5
896046,"tolerance","ideal",5,65,3.25
399038,"democracy","paper",18,20,3.6
399038,"equality","paper",17,28,4.76
399038,"freedom","paper",24,32,7.68
399038,"individualism","paper",5,45,2.25
399038,"justice","paper",19,44,8.36
399038,"happiness","paper",13,31,4.03
399038,"arms","paper",1,21,0.21
399038,"tolerance","paper",3,15,0.45
399038,"democracy","ideal",22,20,4.4
399038,"equality","ideal",9,28,2.52
399038,"freedom","ideal",30,32,9.6
399038,"individualism","ideal",6,45,2.7
399038,"justice","ideal",8,44,3.52
399038,"happiness","ideal",25,31,7.75
399038,"arms","ideal",0,21,0
399038,"tolerance","ideal",0,15,0
702265,"democracy","paper",25,5,1.25
702265,"equality","paper",5,1,0.05
702265,"freedom","paper",25,10,2.5
702265,"individualism","paper",1,6,0.06
702265,"justice","paper",25,1,0.25
702265,"happiness","paper",10,4,0.4
702265,"arms","paper",8,1,0.08
702265,"tolerance","paper",1,6,0.06
702265,"democracy","ideal",20,5,1
702265,"equality","ideal",20,1,0.2
702265,"freedom","ideal",20,10,2
702265,"individualism","ideal",1,6,0.06
702265,"justice","ideal",20,1,0.2
702265,"happiness","ideal",2,4,0.08
702265,"arms","ideal",16,1,0.16
702265,"tolerance","ideal",1,6,0.06
723371,"democracy","paper",25,51,12.75
723371,"equality","paper",15,3,0.45
723371,"freedom","paper",13,23,2.99
723371,"individualism","paper",1,6,0.06
723371,"justice","paper",15,20,3
723371,"happiness","paper",15,14,2.1
723371,"arms","paper",15,80,12
723371,"tolerance","paper",1,3,0.03
723371,"democracy","ideal",20,51,10.2
723371,"equality","ideal",20,3,0.6
723371,"freedom","ideal",11,23,2.53
723371,"individualism","ideal",10,6,0.6
723371,"justice","ideal",20,20,4
723371,"happiness","ideal",10,14,1.4
723371,"arms","ideal",0,80,0
723371,"tolerance","ideal",9,3,0.27
517582,"democracy","paper",19,0,0
517582,"equality","paper",14,0,0
517582,"freedom","paper",19,0,0
517582,"individualism","paper",0,0,0
517582,"justice","paper",18,0,0
517582,"happiness","paper",18,0,0
517582,"arms","paper",12,0,0
517582,"tolerance","paper",0,0,0
517582,"democracy","ideal",15,0,0
517582,"equality","ideal",15,0,0
517582,"freedom","ideal",15,0,0
517582,"individualism","ideal",13,0,0
517582,"justice","ideal",14,0,0
517582,"happiness","ideal",13,0,0
517582,"arms","ideal",13,0,0
517582,"tolerance","ideal",2,0,0
259557,"democracy","paper",20,50,10
259557,"equality","paper",20,45,9
259557,"freedom","paper",20,90,18
259557,"individualism","paper",5,50,2.5
259557,"justice","paper",20,50,10
259557,"happiness","paper",5,50,2.5
259557,"arms","paper",5,10,0.5
259557,"tolerance","paper",5,50,2.5
259557,"democracy","ideal",20,50,10
259557,"equality","ideal",20,45,9
259557,"freedom","ideal",20,90,18
259557,"individualism","ideal",5,50,2.5
259557,"justice","ideal",20,50,10
259557,"happiness","ideal",5,50,2.5
259557,"arms","ideal",5,10,0.5
259557,"tolerance","ideal",5,50,2.5
482787,"democracy","paper",22,33,7.26
482787,"equality","paper",0,25,0
482787,"freedom","paper",29,50,14.5
482787,"individualism","paper",5,8,0.4
482787,"justice","paper",8,15,1.2
482787,"happiness","paper",6,10,0.6
482787,"arms","paper",30,75,22.5
482787,"tolerance","paper",0,0,0
482787,"democracy","ideal",16,33,5.28
482787,"equality","ideal",12,25,3
482787,"freedom","ideal",12,50,6
482787,"individualism","ideal",12,8,0.96
482787,"justice","ideal",12,15,1.8
482787,"happiness","ideal",12,10,1.2
482787,"arms","ideal",12,75,9
482787,"tolerance","ideal",12,0,0
176829,"democracy","paper",8,0,0
176829,"equality","paper",42,42,17.64
176829,"freedom","paper",50,40,20
176829,"individualism","paper",0,0,0
176829,"justice","paper",0,0,0
176829,"happiness","paper",0,38,0
176829,"arms","paper",0,12,0
176829,"tolerance","paper",0,0,0
176829,"democracy","ideal",0,0,0
176829,"equality","ideal",28,42,11.76
176829,"freedom","ideal",42,40,16.8
176829,"individualism","ideal",0,0,0
176829,"justice","ideal",0,0,0
176829,"happiness","ideal",20,38,7.6
176829,"arms","ideal",10,12,1.2
176829,"tolerance","ideal",0,0,0
200586,"democracy","paper",0,13,0
200586,"equality","paper",50,45,22.5
200586,"freedom","paper",20,20,4
200586,"individualism","paper",0,75,0
200586,"justice","paper",0,24,0
200586,"happiness","paper",0,24,0
200586,"arms","paper",30,25,7.5
200586,"tolerance","paper",0,46,0
200586,"democracy","ideal",0,13,0
200586,"equality","ideal",70,45,31.5
200586,"freedom","ideal",0,20,0
200586,"individualism","ideal",0,75,0
200586,"justice","ideal",0,24,0
200586,"happiness","ideal",0,24,0
200586,"arms","ideal",30,25,7.5
200586,"tolerance","ideal",0,46,0
442266,"democracy","paper",0,14,0
442266,"equality","paper",1,37,0.37
442266,"freedom","paper",29,0,0
442266,"individualism","paper",7,100,7
442266,"justice","paper",7,1,0.07
442266,"happiness","paper",40,100,40
442266,"arms","paper",16,1,0.16
442266,"tolerance","paper",0,100,0
442266,"democracy","ideal",5,14,0.7
442266,"equality","ideal",15,37,5.55
442266,"freedom","ideal",25,0,0
442266,"individualism","ideal",10,100,10
442266,"justice","ideal",10,1,0.1
442266,"happiness","ideal",10,100,10
442266,"arms","ideal",15,1,0.15
442266,"tolerance","ideal",10,100,10
614305,"democracy","paper",29,1,0.29
614305,"equality","paper",7,1,0.07
614305,"freedom","paper",45,1,0.45
614305,"individualism","paper",0,100,0
614305,"justice","paper",3,1,0.03
614305,"happiness","paper",16,1,0.16
614305,"arms","paper",0,1,0
614305,"tolerance","paper",0,1,0
614305,"democracy","ideal",0,1,0
614305,"equality","ideal",0,1,0
614305,"freedom","ideal",47,1,0.47
614305,"individualism","ideal",0,100,0
614305,"justice","ideal",20,1,0.2
614305,"happiness","ideal",33,1,0.33
614305,"arms","ideal",0,1,0
614305,"tolerance","ideal",0,1,0
372274,"democracy","paper",15,66,9.9
372274,"equality","paper",8,67,5.36
372274,"freedom","paper",21,47,9.87
372274,"individualism","paper",13,58,7.54
372274,"justice","paper",17,37,6.29
372274,"happiness","paper",14,58,8.12
372274,"arms","paper",7,68,4.76
372274,"tolerance","paper",5,73,3.65
372274,"democracy","ideal",12,66,7.92
372274,"equality","ideal",10,67,6.7
372274,"freedom","ideal",23,47,10.81
372274,"individualism","ideal",17,58,9.86
372274,"justice","ideal",16,37,5.92
372274,"happiness","ideal",5,58,2.9
372274,"arms","ideal",7,68,4.76
372274,"tolerance","ideal",10,73,7.3
948511,"democracy","paper",20,51,10.2
948511,"equality","paper",5,37,1.85
948511,"freedom","paper",25,78,19.5
948511,"individualism","paper",15,63,9.45
948511,"justice","paper",20,87,17.4
948511,"happiness","paper",10,80,8
948511,"arms","paper",5,81,4.05
948511,"tolerance","paper",0,70,0
948511,"democracy","ideal",10,51,5.1
948511,"equality","ideal",10,37,3.7
948511,"freedom","ideal",25,78,19.5
948511,"individualism","ideal",10,63,6.3
948511,"justice","ideal",15,87,13.05
948511,"happiness","ideal",15,80,12
948511,"arms","ideal",5,81,4.05
948511,"tolerance","ideal",10,70,7
533560,"democracy","paper",12,11,1.32
533560,"equality","paper",1,48,0.48
533560,"freedom","paper",50,30,15
533560,"individualism","paper",7,7,0.49
533560,"justice","paper",10,6,0.6
533560,"happiness","paper",6,3,0.18
533560,"arms","paper",12,46,5.52
533560,"tolerance","paper",2,79,1.58
533560,"democracy","ideal",12,11,1.32
533560,"equality","ideal",0,48,0
533560,"freedom","ideal",50,30,15
533560,"individualism","ideal",8,7,0.56
533560,"justice","ideal",15,6,0.9
533560,"happiness","ideal",5,3,0.15
533560,"arms","ideal",9,46,4.14
533560,"tolerance","ideal",1,79,0.79
795248,"democracy","paper",2,50,1
795248,"equality","paper",27,95,25.65
795248,"freedom","paper",27,20,5.4
795248,"individualism","paper",3,17,0.51
795248,"justice","paper",2,30,0.6
795248,"happiness","paper",27,1,0.27
795248,"arms","paper",10,34,3.4
795248,"tolerance","paper",2,86,1.72
795248,"democracy","ideal",1,50,0.5
795248,"equality","ideal",17,95,16.15
795248,"freedom","ideal",29,20,5.8
795248,"individualism","ideal",11,17,1.87
795248,"justice","ideal",10,30,3
795248,"happiness","ideal",19,1,0.19
795248,"arms","ideal",12,34,4.08
795248,"tolerance","ideal",1,86,0.86
345938,"democracy","paper",30,55,16.5
345938,"equality","paper",0,85,0
345938,"freedom","paper",30,85,25.5
345938,"individualism","paper",0,70,0
345938,"justice","paper",10,25,2.5
345938,"happiness","paper",15,45,6.75
345938,"arms","paper",15,75,11.25
345938,"tolerance","paper",0,50,0
345938,"democracy","ideal",28,55,15.4
345938,"equality","ideal",25,85,21.25
345938,"freedom","ideal",27,85,22.95
345938,"individualism","ideal",0,70,0
345938,"justice","ideal",0,25,0
345938,"happiness","ideal",20,45,9
345938,"arms","ideal",0,75,0
345938,"tolerance","ideal",0,50,0
917294,"democracy","paper",30,90,27
917294,"equality","paper",0,62,0
917294,"freedom","paper",30,90,27
917294,"individualism","paper",0,50,0
917294,"justice","paper",10,92,9.2
917294,"happiness","paper",10,93,9.3
917294,"arms","paper",20,65,13
917294,"tolerance","paper",0,52,0
917294,"democracy","ideal",25,90,22.5
917294,"equality","ideal",0,62,0
917294,"freedom","ideal",25,90,22.5
917294,"individualism","ideal",10,50,5
917294,"justice","ideal",20,92,18.4
917294,"happiness","ideal",10,93,9.3
917294,"arms","ideal",10,65,6.5
917294,"tolerance","ideal",0,52,0
833526,"democracy","paper",0,40,0
833526,"equality","paper",0,3,0
833526,"freedom","paper",29,35,10.15
833526,"individualism","paper",14,30,4.2
833526,"justice","paper",15,38,5.7
833526,"happiness","paper",14,70,9.8
833526,"arms","paper",28,71,19.88
833526,"tolerance","paper",0,82,0
833526,"democracy","ideal",0,40,0
833526,"equality","ideal",0,3,0
833526,"freedom","ideal",19,35,6.65
833526,"individualism","ideal",21,30,6.3
833526,"justice","ideal",18,38,6.84
833526,"happiness","ideal",18,70,12.6
833526,"arms","ideal",24,71,17.04
833526,"tolerance","ideal",0,82,0
202315,"democracy","paper",15,5,0.75
202315,"equality","paper",16,15,2.4
202315,"freedom","paper",10,5,0.5
202315,"individualism","paper",35,81,28.35
202315,"justice","paper",10,5,0.5
202315,"happiness","paper",14,60,8.4
202315,"arms","paper",0,3,0
202315,"tolerance","paper",0,51,0
202315,"democracy","ideal",0,5,0
202315,"equality","ideal",35,15,5.25
202315,"freedom","ideal",40,5,2
202315,"individualism","ideal",0,81,0
202315,"justice","ideal",0,5,0
202315,"happiness","ideal",25,60,15
202315,"arms","ideal",0,3,0
202315,"tolerance","ideal",0,51,0
140958,"democracy","paper",15,45,6.75
140958,"equality","paper",8,40,3.2
140958,"freedom","paper",21,44,9.24
140958,"individualism","paper",6,57,3.42
140958,"justice","paper",16,51,8.16
140958,"happiness","paper",11,31,3.41
140958,"arms","paper",19,75,14.25
140958,"tolerance","paper",4,38,1.52
140958,"democracy","ideal",15,45,6.75
140958,"equality","ideal",15,40,6
140958,"freedom","ideal",16,44,7.04
140958,"individualism","ideal",7,57,3.99
140958,"justice","ideal",20,51,10.2
140958,"happiness","ideal",21,31,6.51
140958,"arms","ideal",1,75,0.75
140958,"tolerance","ideal",5,38,1.9
458939,"democracy","paper",10,50,5
458939,"equality","paper",20,30,6
458939,"freedom","paper",20,30,6
458939,"individualism","paper",10,30,3
458939,"justice","paper",20,40,8
458939,"happiness","paper",5,30,1.5
458939,"arms","paper",5,60,3
458939,"tolerance","paper",10,30,3
458939,"democracy","ideal",20,50,10
458939,"equality","ideal",25,30,7.5
458939,"freedom","ideal",25,30,7.5
458939,"individualism","ideal",10,30,3
458939,"justice","ideal",10,40,4
458939,"happiness","ideal",5,30,1.5
458939,"arms","ideal",0,60,0
458939,"tolerance","ideal",5,30,1.5
292142,"democracy","paper",17,49,8.33
292142,"equality","paper",15,48,7.2
292142,"freedom","paper",16,46,7.36
292142,"individualism","paper",14,46,6.44
292142,"justice","paper",13,44,5.72
292142,"happiness","paper",12,47,5.64
292142,"arms","paper",13,48,6.24
292142,"tolerance","paper",0,42,0
292142,"democracy","ideal",15,49,7.35
292142,"equality","ideal",13,48,6.24
292142,"freedom","ideal",13,46,5.98
292142,"individualism","ideal",10,46,4.6
292142,"justice","ideal",15,44,6.6
292142,"happiness","ideal",11,47,5.17
292142,"arms","ideal",11,48,5.28
292142,"tolerance","ideal",12,42,5.04
305579,"democracy","paper",15,25,3.75
305579,"equality","paper",0,20,0
305579,"freedom","paper",49,71,34.79
305579,"individualism","paper",0,18,0
305579,"justice","paper",16,45,7.2
305579,"happiness","paper",0,50,0
305579,"arms","paper",13,51,6.63
305579,"tolerance","paper",7,51,3.57
305579,"democracy","ideal",0,25,0
305579,"equality","ideal",33,20,6.6
305579,"freedom","ideal",0,71,0
305579,"individualism","ideal",0,18,0
305579,"justice","ideal",37,45,16.65
305579,"happiness","ideal",0,50,0
305579,"arms","ideal",0,51,0
305579,"tolerance","ideal",30,51,15.3
106089,"democracy","paper",50,51,25.5
106089,"equality","paper",1,11,0.11
106089,"freedom","paper",22,50,11
106089,"individualism","paper",3,18,0.54
106089,"justice","paper",18,37,6.66
106089,"happiness","paper",3,18,0.54
106089,"arms","paper",3,41,1.23
106089,"tolerance","paper",0,22,0
106089,"democracy","ideal",49,51,24.99
106089,"equality","ideal",22,11,2.42
106089,"freedom","ideal",13,50,6.5
106089,"individualism","ideal",14,18,2.52
106089,"justice","ideal",2,37,0.74
106089,"happiness","ideal",0,18,0
106089,"arms","ideal",0,41,0
106089,"tolerance","ideal",0,22,0
779843,"democracy","paper",25,75,18.75
779843,"equality","paper",0,35,0
779843,"freedom","paper",35,90,31.5
779843,"individualism","paper",0,45,0
779843,"justice","paper",20,80,16
779843,"happiness","paper",0,70,0
779843,"arms","paper",20,90,18
779843,"tolerance","paper",0,45,0
779843,"democracy","ideal",20,75,15
779843,"equality","ideal",10,35,3.5
779843,"freedom","ideal",20,90,18
779843,"individualism","ideal",10,45,4.5
779843,"justice","ideal",20,80,16
779843,"happiness","ideal",5,70,3.5
779843,"arms","ideal",5,90,4.5
779843,"tolerance","ideal",10,45,4.5
229649,"democracy","paper",19,64,12.16
229649,"equality","paper",37,80,29.6
229649,"freedom","paper",41,35,14.35
229649,"individualism","paper",0,17,0
229649,"justice","paper",3,32,0.96
229649,"happiness","paper",0,18,0
229649,"arms","paper",0,17,0
229649,"tolerance","paper",0,86,0
229649,"democracy","ideal",34,64,21.76
229649,"equality","ideal",41,80,32.8
229649,"freedom","ideal",25,35,8.75
229649,"individualism","ideal",0,17,0
229649,"justice","ideal",0,32,0
229649,"happiness","ideal",0,18,0
229649,"arms","ideal",0,17,0
229649,"tolerance","ideal",0,86,0
321283,"democracy","paper",20,20,4
321283,"equality","paper",20,34,6.8
321283,"freedom","paper",20,18,3.6
321283,"individualism","paper",0,67,0
321283,"justice","paper",22,7,1.54
321283,"happiness","paper",7,5,0.35
321283,"arms","paper",11,82,9.02
321283,"tolerance","paper",0,100,0
321283,"democracy","ideal",15,20,3
321283,"equality","ideal",15,34,5.1
321283,"freedom","ideal",15,18,2.7
321283,"individualism","ideal",5,67,3.35
321283,"justice","ideal",25,7,1.75
321283,"happiness","ideal",15,5,0.75
321283,"arms","ideal",10,82,8.2
321283,"tolerance","ideal",0,100,0
362116,"democracy","paper",0,40,0
362116,"equality","paper",4,50,2
362116,"freedom","paper",27,50,13.5
362116,"individualism","paper",0,50,0
362116,"justice","paper",27,40,10.8
362116,"happiness","paper",18,100,18
362116,"arms","paper",24,70,16.8
362116,"tolerance","paper",0,50,0
362116,"democracy","ideal",0,40,0
362116,"equality","ideal",10,50,5
362116,"freedom","ideal",25,50,12.5
362116,"individualism","ideal",0,50,0
362116,"justice","ideal",20,40,8
362116,"happiness","ideal",20,100,20
362116,"arms","ideal",25,70,17.5
362116,"tolerance","ideal",0,50,0
311428,"democracy","paper",5,7,0.35
311428,"equality","paper",30,46,13.8
311428,"freedom","paper",30,32,9.6
311428,"individualism","paper",5,10,0.5
311428,"justice","paper",5,28,1.4
311428,"happiness","paper",15,28,4.2
311428,"arms","paper",5,18,0.9
311428,"tolerance","paper",5,7,0.35
311428,"democracy","ideal",3,7,0.21
311428,"equality","ideal",41,46,18.86
311428,"freedom","ideal",36,32,11.52
311428,"individualism","ideal",3,10,0.3
311428,"justice","ideal",6,28,1.68
311428,"happiness","ideal",5,28,1.4
311428,"arms","ideal",2,18,0.36
311428,"tolerance","ideal",4,7,0.28
141862,"democracy","paper",14,10,1.4
141862,"equality","paper",9,2,0.18
141862,"freedom","paper",39,3,1.17
141862,"individualism","paper",33,2,0.66
141862,"justice","paper",5,1,0.05
141862,"happiness","paper",0,19,0
141862,"arms","paper",0,27,0
141862,"tolerance","paper",0,10,0
141862,"democracy","ideal",19,10,1.9
141862,"equality","ideal",0,2,0
141862,"freedom","ideal",42,3,1.26
141862,"individualism","ideal",31,2,0.62
141862,"justice","ideal",8,1,0.08
141862,"happiness","ideal",0,19,0
141862,"arms","ideal",0,27,0
141862,"tolerance","ideal",0,10,0
827278,"democracy","paper",16,40,6.4
827278,"equality","paper",12,48,5.76
827278,"freedom","paper",15,55,8.25
827278,"individualism","paper",10,65,6.5
827278,"justice","paper",17,70,11.9
827278,"happiness","paper",15,74,11.1
827278,"arms","paper",8,84,6.72
827278,"tolerance","paper",7,44,3.08
827278,"democracy","ideal",16,40,6.4
827278,"equality","ideal",17,48,8.16
827278,"freedom","ideal",15,55,8.25
827278,"individualism","ideal",12,65,7.8
827278,"justice","ideal",11,70,7.7
827278,"happiness","ideal",10,74,7.4
827278,"arms","ideal",7,84,5.88
827278,"tolerance","ideal",12,44,5.28
322720,"democracy","paper",89,40,35.6
322720,"equality","paper",3,30,0.9
322720,"freedom","paper",3,30,0.9
322720,"individualism","paper",1,50,0.5
322720,"justice","paper",1,40,0.4
322720,"happiness","paper",1,20,0.2
322720,"arms","paper",1,80,0.8
322720,"tolerance","paper",1,50,0.5
322720,"democracy","ideal",0,40,0
322720,"equality","ideal",0,30,0
322720,"freedom","ideal",100,30,30
322720,"individualism","ideal",0,50,0
322720,"justice","ideal",0,40,0
322720,"happiness","ideal",0,20,0
322720,"arms","ideal",0,80,0
322720,"tolerance","ideal",0,50,0
915999,"democracy","paper",5,10,0.5
915999,"equality","paper",0,10,0
915999,"freedom","paper",25,45,11.25
915999,"individualism","paper",0,5,0
915999,"justice","paper",20,45,9
915999,"happiness","paper",25,25,6.25
915999,"arms","paper",25,50,12.5
915999,"tolerance","paper",0,20,0
915999,"democracy","ideal",20,10,2
915999,"equality","ideal",0,10,0
915999,"freedom","ideal",20,45,9
915999,"individualism","ideal",0,5,0
915999,"justice","ideal",20,45,9
915999,"happiness","ideal",20,25,5
915999,"arms","ideal",20,50,10
915999,"tolerance","ideal",0,20,0
337523,"democracy","paper",22,11,2.42
337523,"equality","paper",13,77,10.01
337523,"freedom","paper",13,92,11.96
337523,"individualism","paper",11,31,3.41
337523,"justice","paper",13,15,1.95
337523,"happiness","paper",13,50,6.5
337523,"arms","paper",12,66,7.92
337523,"tolerance","paper",3,2,0.06
337523,"democracy","ideal",24,11,2.64
337523,"equality","ideal",9,77,6.93
337523,"freedom","ideal",9,92,8.28
337523,"individualism","ideal",0,31,0
337523,"justice","ideal",23,15,3.45
337523,"happiness","ideal",8,50,4
337523,"arms","ideal",27,66,17.82
337523,"tolerance","ideal",0,2,0
934909,"democracy","paper",0,10,0
934909,"equality","paper",0,85,0
934909,"freedom","paper",0,5,0
934909,"individualism","paper",0,10,0
934909,"justice","paper",0,15,0
934909,"happiness","paper",0,20,0
934909,"arms","paper",100,40,40
934909,"tolerance","paper",0,80,0
934909,"democracy","ideal",0,10,0
934909,"equality","ideal",0,85,0
934909,"freedom","ideal",25,5,1.25
934909,"individualism","ideal",20,10,2
934909,"justice","ideal",20,15,3
934909,"happiness","ideal",0,20,0
934909,"arms","ideal",35,40,14
934909,"tolerance","ideal",0,80,0
217971,"democracy","paper",20,70,14
217971,"equality","paper",15,55,8.25
217971,"freedom","paper",26,80,20.8
217971,"individualism","paper",3,40,1.2
217971,"justice","paper",15,45,6.75
217971,"happiness","paper",7,50,3.5
217971,"arms","paper",10,75,7.5
217971,"tolerance","paper",4,45,1.8
217971,"democracy","ideal",16,70,11.2
217971,"equality","ideal",14,55,7.7
217971,"freedom","ideal",15,80,12
217971,"individualism","ideal",13,40,5.2
217971,"justice","ideal",11,45,4.95
217971,"happiness","ideal",10,50,5
217971,"arms","ideal",9,75,6.75
217971,"tolerance","ideal",12,45,5.4
657776,"democracy","paper",0,7,0
657776,"equality","paper",10,46,4.6
657776,"freedom","paper",40,75,30
657776,"individualism","paper",10,96,9.6
657776,"justice","paper",5,6,0.3
657776,"happiness","paper",15,42,6.3
657776,"arms","paper",20,100,20
657776,"tolerance","paper",0,37,0
657776,"democracy","ideal",5,7,0.35
657776,"equality","ideal",10,46,4.6
657776,"freedom","ideal",15,75,11.25
657776,"individualism","ideal",20,96,19.2
657776,"justice","ideal",10,6,0.6
657776,"happiness","ideal",10,42,4.2
657776,"arms","ideal",20,100,20
657776,"tolerance","ideal",10,37,3.7
372352,"democracy","paper",1,30,0.3
372352,"equality","paper",1,21,0.21
372352,"freedom","paper",35,45,15.75
372352,"individualism","paper",1,44,0.44
372352,"justice","paper",8,29,2.32
372352,"happiness","paper",2,29,0.58
372352,"arms","paper",50,50,25
372352,"tolerance","paper",2,26,0.52
372352,"democracy","ideal",0,30,0
372352,"equality","ideal",0,21,0
372352,"freedom","ideal",40,45,18
372352,"individualism","ideal",0,44,0
372352,"justice","ideal",10,29,2.9
372352,"happiness","ideal",0,29,0
372352,"arms","ideal",50,50,25
372352,"tolerance","ideal",0,26,0
370985,"democracy","paper",13,13,1.69
370985,"equality","paper",13,41,5.33
370985,"freedom","paper",32,44,14.08
370985,"individualism","paper",4,52,2.08
370985,"justice","paper",7,34,2.38
370985,"happiness","paper",0,24,0
370985,"arms","paper",31,52,16.12
370985,"tolerance","paper",0,39,0
370985,"democracy","ideal",20,13,2.6
370985,"equality","ideal",30,41,12.3
370985,"freedom","ideal",10,44,4.4
370985,"individualism","ideal",8,52,4.16
370985,"justice","ideal",2,34,0.68
370985,"happiness","ideal",2,24,0.48
370985,"arms","ideal",20,52,10.4
370985,"tolerance","ideal",8,39,3.12
532845,"democracy","paper",30,30,9
532845,"equality","paper",10,35,3.5
532845,"freedom","paper",12,50,6
532845,"individualism","paper",5,5,0.25
532845,"justice","paper",24,56,13.44
532845,"happiness","paper",7,46,3.22
532845,"arms","paper",5,15,0.75
532845,"tolerance","paper",7,14,0.98
532845,"democracy","ideal",8,30,2.4
532845,"equality","ideal",49,35,17.15
532845,"freedom","ideal",14,50,7
532845,"individualism","ideal",7,5,0.35
532845,"justice","ideal",17,56,9.52
532845,"happiness","ideal",5,46,2.3
532845,"arms","ideal",0,15,0
532845,"tolerance","ideal",0,14,0
412950,"democracy","paper",10,50,5
412950,"equality","paper",5,30,1.5
412950,"freedom","paper",20,60,12
412950,"individualism","paper",20,70,14
412950,"justice","paper",10,30,3
412950,"happiness","paper",10,39,3.9
412950,"arms","paper",20,100,20
412950,"tolerance","paper",5,40,2
412950,"democracy","ideal",10,50,5
412950,"equality","ideal",19,30,5.7
412950,"freedom","ideal",10,60,6
412950,"individualism","ideal",15,70,10.5
412950,"justice","ideal",20,30,6
412950,"happiness","ideal",15,39,5.85
412950,"arms","ideal",1,100,1
412950,"tolerance","ideal",10,40,4
967795,"democracy","paper",10,52,5.2
967795,"equality","paper",15,67,10.05
967795,"freedom","paper",15,66,9.9
967795,"individualism","paper",5,61,3.05
967795,"justice","paper",15,30,4.5
967795,"happiness","paper",15,60,9
967795,"arms","paper",20,70,14
967795,"tolerance","paper",5,50,2.5
967795,"democracy","ideal",0,52,0
967795,"equality","ideal",0,67,0
967795,"freedom","ideal",100,66,66
967795,"individualism","ideal",0,61,0
967795,"justice","ideal",0,30,0
967795,"happiness","ideal",0,60,0
967795,"arms","ideal",0,70,0
967795,"tolerance","ideal",0,50,0
148026,"democracy","paper",1,11,0.11
148026,"equality","paper",10,55,5.5
148026,"freedom","paper",50,99,49.5
148026,"individualism","paper",10,88,8.8
148026,"justice","paper",10,93,9.3
148026,"happiness","paper",9,87,7.83
148026,"arms","paper",5,86,4.3
148026,"tolerance","paper",5,88,4.4
148026,"democracy","ideal",1,11,0.11
148026,"equality","ideal",50,55,27.5
148026,"freedom","ideal",20,99,19.8
148026,"individualism","ideal",5,88,4.4
148026,"justice","ideal",5,93,4.65
148026,"happiness","ideal",10,87,8.7
148026,"arms","ideal",8,86,6.88
148026,"tolerance","ideal",1,88,0.88
135536,"democracy","paper",27,80,21.6
135536,"equality","paper",12,70,8.4
135536,"freedom","paper",24,99,23.76
135536,"individualism","paper",1,85,0.85
135536,"justice","paper",2,50,1
135536,"happiness","paper",20,66,13.2
135536,"arms","paper",12,100,12
135536,"tolerance","paper",2,50,1
135536,"democracy","ideal",14,80,11.2
135536,"equality","ideal",14,70,9.8
135536,"freedom","ideal",27,99,26.73
135536,"individualism","ideal",6,85,5.1
135536,"justice","ideal",6,50,3
135536,"happiness","ideal",14,66,9.24
135536,"arms","ideal",6,100,6
135536,"tolerance","ideal",13,50,6.5
696038,"democracy","paper",0,0,0
696038,"equality","paper",10,60,6
696038,"freedom","paper",25,75,18.75
696038,"individualism","paper",5,100,5
696038,"justice","paper",25,50,12.5
696038,"happiness","paper",10,50,5
696038,"arms","paper",20,80,16
696038,"tolerance","paper",5,80,4
696038,"democracy","ideal",0,0,0
696038,"equality","ideal",5,60,3
696038,"freedom","ideal",25,75,18.75
696038,"individualism","ideal",15,100,15
696038,"justice","ideal",20,50,10
696038,"happiness","ideal",15,50,7.5
696038,"arms","ideal",15,80,12
696038,"tolerance","ideal",5,80,4
854408,"democracy","paper",0,0,0
854408,"equality","paper",0,0,0
854408,"freedom","paper",100,0,0
854408,"individualism","paper",0,0,0
854408,"justice","paper",0,0,0
854408,"happiness","paper",0,0,0
854408,"arms","paper",0,25,0
854408,"tolerance","paper",0,0,0
854408,"democracy","ideal",0,0,0
854408,"equality","ideal",0,0,0
854408,"freedom","ideal",100,0,0
854408,"individualism","ideal",0,0,0
854408,"justice","ideal",0,0,0
854408,"happiness","ideal",0,0,0
854408,"arms","ideal",0,25,0
854408,"tolerance","ideal",0,0,0
597349,"democracy","paper",20,48,9.6
597349,"equality","paper",25,34,8.5
597349,"freedom","paper",0,21,0
597349,"individualism","paper",0,13,0
597349,"justice","paper",0,22,0
597349,"happiness","paper",35,23,8.05
597349,"arms","paper",0,20,0
597349,"tolerance","paper",20,36,7.2
597349,"democracy","ideal",14,48,6.72
597349,"equality","ideal",24,34,8.16
597349,"freedom","ideal",23,21,4.83
597349,"individualism","ideal",0,13,0
597349,"justice","ideal",21,22,4.62
597349,"happiness","ideal",0,23,0
597349,"arms","ideal",18,20,3.6
597349,"tolerance","ideal",0,36,0
194226,"democracy","paper",20,50,10
194226,"equality","paper",10,50,5
194226,"freedom","paper",40,70,28
194226,"individualism","paper",5,25,1.25
194226,"justice","paper",10,52,5.2
194226,"happiness","paper",10,65,6.5
194226,"arms","paper",2,25,0.5
194226,"tolerance","paper",3,30,0.9
194226,"democracy","ideal",20,50,10
194226,"equality","ideal",10,50,5
194226,"freedom","ideal",50,70,35
194226,"individualism","ideal",2,25,0.5
194226,"justice","ideal",10,52,5.2
194226,"happiness","ideal",6,65,3.9
194226,"arms","ideal",0,25,0
194226,"tolerance","ideal",2,30,0.6
996307,"democracy","paper",0,20,0
996307,"equality","paper",0,40,0
996307,"freedom","paper",50,30,15
996307,"individualism","paper",0,60,0
996307,"justice","paper",20,20,4
996307,"happiness","paper",0,30,0
996307,"arms","paper",30,50,15
996307,"tolerance","paper",0,50,0
996307,"democracy","ideal",0,20,0
996307,"equality","ideal",0,40,0
996307,"freedom","ideal",50,30,15
996307,"individualism","ideal",0,60,0
996307,"justice","ideal",20,20,4
996307,"happiness","ideal",0,30,0
996307,"arms","ideal",30,50,15
996307,"tolerance","ideal",0,50,0
214591,"democracy","paper",10,25,2.5
214591,"equality","paper",10,40,4
214591,"freedom","paper",20,40,8
214591,"individualism","paper",10,70,7
214591,"justice","paper",15,25,3.75
214591,"happiness","paper",25,50,12.5
214591,"arms","paper",10,40,4
214591,"tolerance","paper",0,70,0
214591,"democracy","ideal",0,25,0
214591,"equality","ideal",0,40,0
214591,"freedom","ideal",10,40,4
214591,"individualism","ideal",10,70,7
214591,"justice","ideal",25,25,6.25
214591,"happiness","ideal",35,50,17.5
214591,"arms","ideal",20,40,8
214591,"tolerance","ideal",0,70,0
587811,"democracy","paper",18,60,10.8
587811,"equality","paper",16,35,5.6
587811,"freedom","paper",23,51,11.73
587811,"individualism","paper",0,54,0
587811,"justice","paper",16,43,6.88
587811,"happiness","paper",10,43,4.3
587811,"arms","paper",17,66,11.22
587811,"tolerance","paper",0,25,0
587811,"democracy","ideal",9,60,5.4
587811,"equality","ideal",10,35,3.5
587811,"freedom","ideal",17,51,8.67
587811,"individualism","ideal",15,54,8.1
587811,"justice","ideal",15,43,6.45
587811,"happiness","ideal",15,43,6.45
587811,"arms","ideal",15,66,9.9
587811,"tolerance","ideal",4,25,1
396165,"democracy","paper",12,37,4.44
396165,"equality","paper",12,67,8.04
396165,"freedom","paper",16,23,3.68
396165,"individualism","paper",12,42,5.04
396165,"justice","paper",12,39,4.68
396165,"happiness","paper",12,51,6.12
396165,"arms","paper",12,55,6.6
396165,"tolerance","paper",12,65,7.8
396165,"democracy","ideal",11,37,4.07
396165,"equality","ideal",11,67,7.37
396165,"freedom","ideal",20,23,4.6
396165,"individualism","ideal",12,42,5.04
396165,"justice","ideal",18,39,7.02
396165,"happiness","ideal",13,51,6.63
396165,"arms","ideal",11,55,6.05
396165,"tolerance","ideal",4,65,2.6
765294,"democracy","paper",25,14,3.5
765294,"equality","paper",0,100,0
765294,"freedom","paper",25,17,4.25
765294,"individualism","paper",0,100,0
765294,"justice","paper",25,18,4.5
765294,"happiness","paper",0,19,0
765294,"arms","paper",25,20,5
765294,"tolerance","paper",0,100,0
765294,"democracy","ideal",25,14,3.5
765294,"equality","ideal",0,100,0
765294,"freedom","ideal",25,17,4.25
765294,"individualism","ideal",0,100,0
765294,"justice","ideal",25,18,4.5
765294,"happiness","ideal",0,19,0
765294,"arms","ideal",25,20,5
765294,"tolerance","ideal",0,100,0
966401,"democracy","paper",12,55,6.6
966401,"equality","paper",7,85,5.95
966401,"freedom","paper",15,70,10.5
966401,"individualism","paper",10,70,7
966401,"justice","paper",20,50,10
966401,"happiness","paper",6,45,2.7
966401,"arms","paper",18,70,12.6
966401,"tolerance","paper",12,80,9.6
966401,"democracy","ideal",10,55,5.5
966401,"equality","ideal",15,85,12.75
966401,"freedom","ideal",17,70,11.9
966401,"individualism","ideal",17,70,11.9
966401,"justice","ideal",15,50,7.5
966401,"happiness","ideal",10,45,4.5
966401,"arms","ideal",10,70,7
966401,"tolerance","ideal",6,80,4.8
359774,"democracy","paper",17,0,0
359774,"equality","paper",17,0,0
359774,"freedom","paper",0,0,0
359774,"individualism","paper",0,0,0
359774,"justice","paper",13,0,0
359774,"happiness","paper",18,0,0
359774,"arms","paper",35,29,10.15
359774,"tolerance","paper",0,0,0
359774,"democracy","ideal",41,0,0
359774,"equality","ideal",42,0,0
359774,"freedom","ideal",17,0,0
359774,"individualism","ideal",0,0,0
359774,"justice","ideal",0,0,0
359774,"happiness","ideal",0,0,0
359774,"arms","ideal",0,29,0
359774,"tolerance","ideal",0,0,0
635183,"democracy","paper",18,87,15.66
635183,"equality","paper",17,80,13.6
635183,"freedom","paper",26,84,21.84
635183,"individualism","paper",12,57,6.84
635183,"justice","paper",6,35,2.1
635183,"happiness","paper",6,16,0.96
635183,"arms","paper",15,43,6.45
635183,"tolerance","paper",0,19,0
635183,"democracy","ideal",12,87,10.44
635183,"equality","ideal",12,80,9.6
635183,"freedom","ideal",14,84,11.76
635183,"individualism","ideal",12,57,6.84
635183,"justice","ideal",12,35,4.2
635183,"happiness","ideal",14,16,2.24
635183,"arms","ideal",12,43,5.16
635183,"tolerance","ideal",12,19,2.28
579690,"democracy","paper",21,65,13.65
579690,"equality","paper",6,45,2.7
579690,"freedom","paper",20,25,5
579690,"individualism","paper",1,32,0.32
579690,"justice","paper",7,42,2.94
579690,"happiness","paper",17,12,2.04
579690,"arms","paper",21,70,14.7
579690,"tolerance","paper",7,45,3.15
579690,"democracy","ideal",30,65,19.5
579690,"equality","ideal",20,45,9
579690,"freedom","ideal",28,25,7
579690,"individualism","ideal",0,32,0
579690,"justice","ideal",2,42,0.84
579690,"happiness","ideal",20,12,2.4
579690,"arms","ideal",0,70,0
579690,"tolerance","ideal",0,45,0
294623,"democracy","paper",19,5,0.95
294623,"equality","paper",1,0,0
294623,"freedom","paper",41,10,4.1
294623,"individualism","paper",19,19,3.61
294623,"justice","paper",10,7,0.7
294623,"happiness","paper",5,2,0.1
294623,"arms","paper",5,30,1.5
294623,"tolerance","paper",0,7,0
294623,"democracy","ideal",15,5,0.75
294623,"equality","ideal",5,0,0
294623,"freedom","ideal",40,10,4
294623,"individualism","ideal",5,19,0.95
294623,"justice","ideal",20,7,1.4
294623,"happiness","ideal",5,2,0.1
294623,"arms","ideal",0,30,0
294623,"tolerance","ideal",10,7,0.7
650193,"democracy","paper",26,14,3.64
650193,"equality","paper",0,29,0
650193,"freedom","paper",0,16,0
650193,"individualism","paper",12,37,4.44
650193,"justice","paper",11,45,4.95
650193,"happiness","paper",26,28,7.28
650193,"arms","paper",25,26,6.5
650193,"tolerance","paper",0,46,0
650193,"democracy","ideal",43,14,6.02
650193,"equality","ideal",25,29,7.25
650193,"freedom","ideal",13,16,2.08
650193,"individualism","ideal",8,37,2.96
650193,"justice","ideal",11,45,4.95
650193,"happiness","ideal",0,28,0
650193,"arms","ideal",0,26,0
650193,"tolerance","ideal",0,46,0
563720,"democracy","paper",15,15,2.25
563720,"equality","paper",18,10,1.8
563720,"freedom","paper",18,10,1.8
563720,"individualism","paper",6,25,1.5
563720,"justice","paper",16,10,1.6
563720,"happiness","paper",8,20,1.6
563720,"arms","paper",6,4,0.24
563720,"tolerance","paper",13,14,1.82
563720,"democracy","ideal",21,15,3.15
563720,"equality","ideal",20,10,2
563720,"freedom","ideal",13,10,1.3
563720,"individualism","ideal",6,25,1.5
563720,"justice","ideal",11,10,1.1
563720,"happiness","ideal",9,20,1.8
563720,"arms","ideal",7,4,0.28
563720,"tolerance","ideal",13,14,1.82
265542,"democracy","paper",9,73,6.57
265542,"equality","paper",4,49,1.96
265542,"freedom","paper",22,73,16.06
265542,"individualism","paper",0,18,0
265542,"justice","paper",1,69,0.69
265542,"happiness","paper",4,7,0.28
265542,"arms","paper",60,89,53.4
265542,"tolerance","paper",0,6,0
265542,"democracy","ideal",0,73,0
265542,"equality","ideal",29,49,14.21
265542,"freedom","ideal",0,73,0
265542,"individualism","ideal",0,18,0
265542,"justice","ideal",0,69,0
265542,"happiness","ideal",30,7,2.1
265542,"arms","ideal",41,89,36.49
265542,"tolerance","ideal",0,6,0
751268,"democracy","paper",20,100,20
751268,"equality","paper",20,72,14.4
751268,"freedom","paper",20,51,10.2
751268,"individualism","paper",0,0,0
751268,"justice","paper",20,52,10.4
751268,"happiness","paper",0,0,0
751268,"arms","paper",20,100,20
751268,"tolerance","paper",0,0,0
751268,"democracy","ideal",10,100,10
751268,"equality","ideal",10,72,7.2
751268,"freedom","ideal",30,51,15.3
751268,"individualism","ideal",10,0,0
751268,"justice","ideal",10,52,5.2
751268,"happiness","ideal",10,0,0
751268,"arms","ideal",10,100,10
751268,"tolerance","ideal",10,0,0
312926,"democracy","paper",17,85,14.45
312926,"equality","paper",26,66,17.16
312926,"freedom","paper",28,92,25.76
312926,"individualism","paper",0,72,0
312926,"justice","paper",12,50,6
312926,"happiness","paper",4,57,2.28
312926,"arms","paper",0,93,0
312926,"tolerance","paper",13,46,5.98
312926,"democracy","ideal",9,85,7.65
312926,"equality","ideal",26,66,17.16
312926,"freedom","ideal",25,92,23
312926,"individualism","ideal",7,72,5.04
312926,"justice","ideal",11,50,5.5
312926,"happiness","ideal",10,57,5.7
312926,"arms","ideal",0,93,0
312926,"tolerance","ideal",12,46,5.52
285250,"democracy","paper",31,20,6.2
285250,"equality","paper",5,90,4.5
285250,"freedom","paper",43,40,17.2
285250,"individualism","paper",1,50,0.5
285250,"justice","paper",4,20,0.8
285250,"happiness","paper",1,50,0.5
285250,"arms","paper",10,50,5
285250,"tolerance","paper",5,60,3
285250,"democracy","ideal",29,20,5.8
285250,"equality","ideal",5,90,4.5
285250,"freedom","ideal",36,40,14.4
285250,"individualism","ideal",1,50,0.5
285250,"justice","ideal",8,20,1.6
285250,"happiness","ideal",3,50,1.5
285250,"arms","ideal",7,50,3.5
285250,"tolerance","ideal",11,60,6.6
593929,"democracy","paper",10,63,6.3
593929,"equality","paper",10,19,1.9
593929,"freedom","paper",40,41,16.4
593929,"individualism","paper",10,27,2.7
593929,"justice","paper",10,16,1.6
593929,"happiness","paper",0,79,0
593929,"arms","paper",10,100,10
593929,"tolerance","paper",10,64,6.4
593929,"democracy","ideal",22,63,13.86
593929,"equality","ideal",24,19,4.56
593929,"freedom","ideal",13,41,5.33
593929,"individualism","ideal",9,27,2.43
593929,"justice","ideal",13,16,2.08
593929,"happiness","ideal",2,79,1.58
593929,"arms","ideal",6,100,6
593929,"tolerance","ideal",11,64,7.04
323775,"democracy","paper",5,45,2.25
323775,"equality","paper",0,50,0
323775,"freedom","paper",20,70,14
323775,"individualism","paper",0,80,0
323775,"justice","paper",20,25,5
323775,"happiness","paper",20,53,10.6
323775,"arms","paper",25,20,5
323775,"tolerance","paper",10,70,7
323775,"democracy","ideal",51,45,22.95
323775,"equality","ideal",0,50,0
323775,"freedom","ideal",23,70,16.1
323775,"individualism","ideal",0,80,0
323775,"justice","ideal",26,25,6.5
323775,"happiness","ideal",0,53,0
323775,"arms","ideal",0,20,0
323775,"tolerance","ideal",0,70,0
901580,"democracy","paper",21,12,2.52
901580,"equality","paper",8,6,0.48
901580,"freedom","paper",11,29,3.19
901580,"individualism","paper",6,0,0
901580,"justice","paper",10,7,0.7
901580,"happiness","paper",13,7,0.91
901580,"arms","paper",25,26,6.5
901580,"tolerance","paper",6,8,0.48
901580,"democracy","ideal",10,12,1.2
901580,"equality","ideal",10,6,0.6
901580,"freedom","ideal",13,29,3.77
901580,"individualism","ideal",9,0,0
901580,"justice","ideal",29,7,2.03
901580,"happiness","ideal",11,7,0.77
901580,"arms","ideal",10,26,2.6
901580,"tolerance","ideal",8,8,0.64
181392,"democracy","paper",20,40,8
181392,"equality","paper",20,30,6
181392,"freedom","paper",40,25,10
181392,"individualism","paper",0,60,0
181392,"justice","paper",6,25,1.5
181392,"happiness","paper",10,9,0.9
181392,"arms","paper",4,73,2.92
181392,"tolerance","paper",0,8,0
181392,"democracy","ideal",0,40,0
181392,"equality","ideal",25,30,7.5
181392,"freedom","ideal",25,25,6.25
181392,"individualism","ideal",0,60,0
181392,"justice","ideal",25,25,6.25
181392,"happiness","ideal",25,9,2.25
181392,"arms","ideal",0,73,0
181392,"tolerance","ideal",0,8,0
792165,"democracy","paper",15,44,6.6
792165,"equality","paper",18,20,3.6
792165,"freedom","paper",7,79,5.53
792165,"individualism","paper",10,60,6
792165,"justice","paper",15,37,5.55
792165,"happiness","paper",22,73,16.06
792165,"arms","paper",8,85,6.8
792165,"tolerance","paper",5,82,4.1
792165,"democracy","ideal",9,44,3.96
792165,"equality","ideal",12,20,2.4
792165,"freedom","ideal",20,79,15.8
792165,"individualism","ideal",17,60,10.2
792165,"justice","ideal",12,37,4.44
792165,"happiness","ideal",11,73,8.03
792165,"arms","ideal",11,85,9.35
792165,"tolerance","ideal",8,82,6.56
418795,"democracy","paper",5,21,1.05
418795,"equality","paper",5,5,0.25
418795,"freedom","paper",40,NA,NA
418795,"individualism","paper",0,NA,NA
418795,"justice","paper",5,NA,NA
418795,"happiness","paper",5,NA,NA
418795,"arms","paper",40,26,10.4
418795,"tolerance","paper",0,NA,NA
418795,"democracy","ideal",6,21,1.26
418795,"equality","ideal",4,5,0.2
418795,"freedom","ideal",30,NA,NA
418795,"individualism","ideal",0,NA,NA
418795,"justice","ideal",30,NA,NA
418795,"happiness","ideal",2,NA,NA
418795,"arms","ideal",28,26,7.28
418795,"tolerance","ideal",0,NA,NA
791052,"democracy","paper",0,10,0
791052,"equality","paper",0,5,0
791052,"freedom","paper",40,20,8
791052,"individualism","paper",0,15,0
791052,"justice","paper",0,5,0
791052,"happiness","paper",10,0,0
791052,"arms","paper",50,20,10
791052,"tolerance","paper",0,0,0
791052,"democracy","ideal",0,10,0
791052,"equality","ideal",0,5,0
791052,"freedom","ideal",41,20,8.2
791052,"individualism","ideal",0,15,0
791052,"justice","ideal",0,5,0
791052,"happiness","ideal",9,0,0
791052,"arms","ideal",50,20,10
791052,"tolerance","ideal",0,0,0
695539,"democracy","paper",6,35,2.1
695539,"equality","paper",7,70,4.9
695539,"freedom","paper",15,10,1.5
695539,"individualism","paper",31,65,20.15
695539,"justice","paper",8,40,3.2
695539,"happiness","paper",11,20,2.2
695539,"arms","paper",18,51,9.18
695539,"tolerance","paper",4,50,2
695539,"democracy","ideal",20,35,7
695539,"equality","ideal",10,70,7
695539,"freedom","ideal",5,10,0.5
695539,"individualism","ideal",5,65,3.25
695539,"justice","ideal",15,40,6
695539,"happiness","ideal",30,20,6
695539,"arms","ideal",0,51,0
695539,"tolerance","ideal",15,50,7.5
605265,"democracy","paper",19,69,13.11
605265,"equality","paper",12,85,10.2
605265,"freedom","paper",15,91,13.65
605265,"individualism","paper",9,64,5.76
605265,"justice","paper",12,56,6.72
605265,"happiness","paper",12,83,9.96
605265,"arms","paper",18,89,16.02
605265,"tolerance","paper",3,63,1.89
605265,"democracy","ideal",12,69,8.28
605265,"equality","ideal",12,85,10.2
605265,"freedom","ideal",12,91,10.92
605265,"individualism","ideal",13,64,8.32
605265,"justice","ideal",13,56,7.28
605265,"happiness","ideal",18,83,14.94
605265,"arms","ideal",10,89,8.9
605265,"tolerance","ideal",10,63,6.3
870434,"democracy","paper",7,1,0.07
870434,"equality","paper",20,2,0.4
870434,"freedom","paper",26,12,3.12
870434,"individualism","paper",9,3,0.27
870434,"justice","paper",3,1,0.03
870434,"happiness","paper",31,2,0.62
870434,"arms","paper",0,18,0
870434,"tolerance","paper",4,1,0.04
870434,"democracy","ideal",18,1,0.18
870434,"equality","ideal",7,2,0.14
870434,"freedom","ideal",29,12,3.48
870434,"individualism","ideal",9,3,0.27
870434,"justice","ideal",3,1,0.03
870434,"happiness","ideal",31,2,0.62
870434,"arms","ideal",0,18,0
870434,"tolerance","ideal",3,1,0.03
847403,"democracy","paper",5,35,1.75
847403,"equality","paper",16,50,8
847403,"freedom","paper",14,50,7
847403,"individualism","paper",10,67,6.7
847403,"justice","paper",19,35,6.65
847403,"happiness","paper",22,30,6.6
847403,"arms","paper",4,45,1.8
847403,"tolerance","paper",10,34,3.4
847403,"democracy","ideal",15,35,5.25
847403,"equality","ideal",15,50,7.5
847403,"freedom","ideal",15,50,7.5
847403,"individualism","ideal",10,67,6.7
847403,"justice","ideal",15,35,5.25
847403,"happiness","ideal",15,30,4.5
847403,"arms","ideal",2,45,0.9
847403,"tolerance","ideal",13,34,4.42
189488,"democracy","paper",5,21,1.05
189488,"equality","paper",13,32,4.16
189488,"freedom","paper",30,30,9
189488,"individualism","paper",11,45,4.95
189488,"justice","paper",13,7,0.91
189488,"happiness","paper",12,29,3.48
189488,"arms","paper",3,40,1.2
189488,"tolerance","paper",13,19,2.47
189488,"democracy","ideal",20,21,4.2
189488,"equality","ideal",20,32,6.4
189488,"freedom","ideal",15,30,4.5
189488,"individualism","ideal",10,45,4.5
189488,"justice","ideal",20,7,1.4
189488,"happiness","ideal",10,29,2.9
189488,"arms","ideal",5,40,2
189488,"tolerance","ideal",0,19,0
852240,"democracy","paper",9,30,2.7
852240,"equality","paper",10,66,6.6
852240,"freedom","paper",32,3,0.96
852240,"individualism","paper",0,80,0
852240,"justice","paper",11,7,0.77
852240,"happiness","paper",4,8,0.32
852240,"arms","paper",32,13,4.16
852240,"tolerance","paper",2,33,0.66
852240,"democracy","ideal",18,30,5.4
852240,"equality","ideal",0,66,0
852240,"freedom","ideal",25,3,0.75
852240,"individualism","ideal",0,80,0
852240,"justice","ideal",25,7,1.75
852240,"happiness","ideal",10,8,0.8
852240,"arms","ideal",18,13,2.34
852240,"tolerance","ideal",4,33,1.32
351165,"democracy","paper",15,80,12
351165,"equality","paper",10,23,2.3
351165,"freedom","paper",28,70,19.6
351165,"individualism","paper",5,70,3.5
351165,"justice","paper",7,65,4.55
351165,"happiness","paper",15,75,11.25
351165,"arms","paper",12,80,9.6
351165,"tolerance","paper",8,70,5.6
351165,"democracy","ideal",15,80,12
351165,"equality","ideal",20,23,4.6
351165,"freedom","ideal",5,70,3.5
351165,"individualism","ideal",10,70,7
351165,"justice","ideal",20,65,13
351165,"happiness","ideal",10,75,7.5
351165,"arms","ideal",0,80,0
351165,"tolerance","ideal",20,70,14
324460,"democracy","paper",24,10,2.4
324460,"equality","paper",0,9,0
324460,"freedom","paper",28,14,3.92
324460,"individualism","paper",0,10,0
324460,"justice","paper",28,7,1.96
324460,"happiness","paper",10,16,1.6
324460,"arms","paper",10,15,1.5
324460,"tolerance","paper",0,13,0
324460,"democracy","ideal",0,10,0
324460,"equality","ideal",0,9,0
324460,"freedom","ideal",30,14,4.2
324460,"individualism","ideal",0,10,0
324460,"justice","ideal",20,7,1.4
324460,"happiness","ideal",30,16,4.8
324460,"arms","ideal",20,15,3
324460,"tolerance","ideal",0,13,0
291058,"democracy","paper",21,58,12.18
291058,"equality","paper",8,43,3.44
291058,"freedom","paper",20,62,12.4
291058,"individualism","paper",5,31,1.55
291058,"justice","paper",8,39,3.12
291058,"happiness","paper",10,34,3.4
291058,"arms","paper",18,56,10.08
291058,"tolerance","paper",10,31,3.1
291058,"democracy","ideal",20,58,11.6
291058,"equality","ideal",15,43,6.45
291058,"freedom","ideal",19,62,11.78
291058,"individualism","ideal",4,31,1.24
291058,"justice","ideal",19,39,7.41
291058,"happiness","ideal",10,34,3.4
291058,"arms","ideal",13,56,7.28
291058,"tolerance","ideal",0,31,0
775640,"democracy","paper",1,9,0.09
775640,"equality","paper",19,12,2.28
775640,"freedom","paper",30,15,4.5
775640,"individualism","paper",0,6,0
775640,"justice","paper",25,8,2
775640,"happiness","paper",16,13,2.08
775640,"arms","paper",9,92,8.28
775640,"tolerance","paper",0,31,0
775640,"democracy","ideal",0,9,0
775640,"equality","ideal",0,12,0
775640,"freedom","ideal",35,15,5.25
775640,"individualism","ideal",0,6,0
775640,"justice","ideal",27,8,2.16
775640,"happiness","ideal",0,13,0
775640,"arms","ideal",38,92,34.96
775640,"tolerance","ideal",0,31,0
663107,"democracy","paper",17,2,0.34
663107,"equality","paper",10,2,0.2
663107,"freedom","paper",23,4,0.92
663107,"individualism","paper",7,2,0.14
663107,"justice","paper",5,1,0.05
663107,"happiness","paper",4,3,0.12
663107,"arms","paper",20,3,0.6
663107,"tolerance","paper",14,3,0.42
663107,"democracy","ideal",20,2,0.4
663107,"equality","ideal",19,2,0.38
663107,"freedom","ideal",17,4,0.68
663107,"individualism","ideal",7,2,0.14
663107,"justice","ideal",16,1,0.16
663107,"happiness","ideal",9,3,0.27
663107,"arms","ideal",9,3,0.27
663107,"tolerance","ideal",3,3,0.09
736294,"democracy","paper",11,67,7.37
736294,"equality","paper",18,86,15.48
736294,"freedom","paper",19,74,14.06
736294,"individualism","paper",13,89,11.57
736294,"justice","paper",18,60,10.8
736294,"happiness","paper",11,60,6.6
736294,"arms","paper",10,50,5
736294,"tolerance","paper",0,50,0
736294,"democracy","ideal",1,67,0.67
736294,"equality","ideal",19,86,16.34
736294,"freedom","ideal",10,74,7.4
736294,"individualism","ideal",0,89,0
736294,"justice","ideal",30,60,18
736294,"happiness","ideal",10,60,6
736294,"arms","ideal",30,50,15
736294,"tolerance","ideal",0,50,0
190833,"democracy","paper",25,11,2.75
190833,"equality","paper",0,76,0
190833,"freedom","paper",25,30,7.5
190833,"individualism","paper",0,93,0
190833,"justice","paper",0,32,0
190833,"happiness","paper",25,13,3.25
190833,"arms","paper",25,23,5.75
190833,"tolerance","paper",0,90,0
190833,"democracy","ideal",25,11,2.75
190833,"equality","ideal",0,76,0
190833,"freedom","ideal",25,30,7.5
190833,"individualism","ideal",0,93,0
190833,"justice","ideal",0,32,0
190833,"happiness","ideal",25,13,3.25
190833,"arms","ideal",25,23,5.75
190833,"tolerance","ideal",0,90,0
851652,"democracy","paper",50,20,10
851652,"equality","paper",17,50,8.5
851652,"freedom","paper",33,10,3.3
851652,"individualism","paper",0,10,0
851652,"justice","paper",0,10,0
851652,"happiness","paper",0,1,0
851652,"arms","paper",0,1,0
851652,"tolerance","paper",0,1,0
851652,"democracy","ideal",20,20,4
851652,"equality","ideal",10,50,5
851652,"freedom","ideal",10,10,1
851652,"individualism","ideal",10,10,1
851652,"justice","ideal",30,10,3
851652,"happiness","ideal",20,1,0.2
851652,"arms","ideal",0,1,0
851652,"tolerance","ideal",0,1,0
240705,"democracy","paper",5,35,1.75
240705,"equality","paper",0,10,0
240705,"freedom","paper",10,10,1
240705,"individualism","paper",5,5,0.25
240705,"justice","paper",10,20,2
240705,"happiness","paper",20,20,4
240705,"arms","paper",40,85,34
240705,"tolerance","paper",10,10,1
240705,"democracy","ideal",15,35,5.25
240705,"equality","ideal",10,10,1
240705,"freedom","ideal",0,10,0
240705,"individualism","ideal",20,5,1
240705,"justice","ideal",20,20,4
240705,"happiness","ideal",20,20,4
240705,"arms","ideal",0,85,0
240705,"tolerance","ideal",15,10,1.5
103311,"democracy","paper",11,67,7.37
103311,"equality","paper",14,44,6.16
103311,"freedom","paper",21,37,7.77
103311,"individualism","paper",22,37,8.14
103311,"justice","paper",9,43,3.87
103311,"happiness","paper",9,29,2.61
103311,"arms","paper",0,18,0
103311,"tolerance","paper",14,14,1.96
103311,"democracy","ideal",0,67,0
103311,"equality","ideal",7,44,3.08
103311,"freedom","ideal",11,37,4.07
103311,"individualism","ideal",11,37,4.07
103311,"justice","ideal",16,43,6.88
103311,"happiness","ideal",22,29,6.38
103311,"arms","ideal",2,18,0.36
103311,"tolerance","ideal",31,14,4.34
343987,"democracy","paper",4,20,0.8
343987,"equality","paper",11,34,3.74
343987,"freedom","paper",19,46,8.74
343987,"individualism","paper",9,41,3.69
343987,"justice","paper",29,13,3.77
343987,"happiness","paper",7,10,0.7
343987,"arms","paper",12,15,1.8
343987,"tolerance","paper",9,18,1.62
343987,"democracy","ideal",15,20,3
343987,"equality","ideal",8,34,2.72
343987,"freedom","ideal",17,46,7.82
343987,"individualism","ideal",13,41,5.33
343987,"justice","ideal",14,13,1.82
343987,"happiness","ideal",11,10,1.1
343987,"arms","ideal",7,15,1.05
343987,"tolerance","ideal",15,18,2.7
881974,"democracy","paper",11,70,7.7
881974,"equality","paper",12,70,8.4
881974,"freedom","paper",17,80,13.6
881974,"individualism","paper",12,75,9
881974,"justice","paper",16,75,12
881974,"happiness","paper",11,85,9.35
881974,"arms","paper",9,81,7.29
881974,"tolerance","paper",12,70,8.4
881974,"democracy","ideal",13,70,9.1
881974,"equality","ideal",12,70,8.4
881974,"freedom","ideal",14,80,11.2
881974,"individualism","ideal",12,75,9
881974,"justice","ideal",14,75,10.5
881974,"happiness","ideal",13,85,11.05
881974,"arms","ideal",10,81,8.1
881974,"tolerance","ideal",12,70,8.4
409993,"democracy","paper",15,50,7.5
409993,"equality","paper",20,29,5.8
409993,"freedom","paper",20,40,8
409993,"individualism","paper",5,52,2.6
409993,"justice","paper",5,9,0.45
409993,"happiness","paper",20,19,3.8
409993,"arms","paper",10,83,8.3
409993,"tolerance","paper",5,26,1.3
409993,"democracy","ideal",10,50,5
409993,"equality","ideal",20,29,5.8
409993,"freedom","ideal",20,40,8
409993,"individualism","ideal",10,52,5.2
409993,"justice","ideal",10,9,0.9
409993,"happiness","ideal",15,19,2.85
409993,"arms","ideal",0,83,0
409993,"tolerance","ideal",15,26,3.9
801362,"democracy","paper",18,26,4.68
801362,"equality","paper",7,74,5.18
801362,"freedom","paper",9,68,6.12
801362,"individualism","paper",0,46,0
801362,"justice","paper",9,19,1.71
801362,"happiness","paper",37,78,28.86
801362,"arms","paper",6,100,6
801362,"tolerance","paper",14,51,7.14
801362,"democracy","ideal",13,26,3.38
801362,"equality","ideal",9,74,6.66
801362,"freedom","ideal",17,68,11.56
801362,"individualism","ideal",0,46,0
801362,"justice","ideal",31,19,5.89
801362,"happiness","ideal",16,78,12.48
801362,"arms","ideal",7,100,7
801362,"tolerance","ideal",7,51,3.57
641983,"democracy","paper",20,80,16
641983,"equality","paper",10,50,5
641983,"freedom","paper",25,85,21.25
641983,"individualism","paper",10,50,5
641983,"justice","paper",10,50,5
641983,"happiness","paper",10,60,6
641983,"arms","paper",10,70,7
641983,"tolerance","paper",5,70,3.5
641983,"democracy","ideal",20,80,16
641983,"equality","ideal",20,50,10
641983,"freedom","ideal",20,85,17
641983,"individualism","ideal",10,50,5
641983,"justice","ideal",5,50,2.5
641983,"happiness","ideal",15,60,9
641983,"arms","ideal",5,70,3.5
641983,"tolerance","ideal",5,70,3.5
191386,"democracy","paper",17,36,6.12
191386,"equality","paper",15,70,10.5
191386,"freedom","paper",35,48,16.8
191386,"individualism","paper",10,41,4.1
191386,"justice","paper",5,57,2.85
191386,"happiness","paper",5,50,2.5
191386,"arms","paper",10,71,7.1
191386,"tolerance","paper",3,63,1.89
191386,"democracy","ideal",10,36,3.6
191386,"equality","ideal",5,70,3.5
191386,"freedom","ideal",45,48,21.6
191386,"individualism","ideal",10,41,4.1
191386,"justice","ideal",10,57,5.7
191386,"happiness","ideal",10,50,5
191386,"arms","ideal",5,71,3.55
191386,"tolerance","ideal",5,63,3.15
867891,"democracy","paper",20,40,8
867891,"equality","paper",10,40,4
867891,"freedom","paper",20,70,14
867891,"individualism","paper",8,40,3.2
867891,"justice","paper",9,35,3.15
867891,"happiness","paper",8,30,2.4
867891,"arms","paper",20,85,17
867891,"tolerance","paper",5,30,1.5
867891,"democracy","ideal",14,40,5.6
867891,"equality","ideal",14,40,5.6
867891,"freedom","ideal",14,70,9.8
867891,"individualism","ideal",10,40,4
867891,"justice","ideal",14,35,4.9
867891,"happiness","ideal",14,30,4.2
867891,"arms","ideal",6,85,5.1
867891,"tolerance","ideal",14,30,4.2
258851,"democracy","paper",24,33,7.92
258851,"equality","paper",21,30,6.3
258851,"freedom","paper",21,42,8.82
258851,"individualism","paper",34,38,12.92
258851,"justice","paper",0,14,0
258851,"happiness","paper",0,21,0
258851,"arms","paper",0,3,0
258851,"tolerance","paper",0,62,0
258851,"democracy","ideal",51,33,16.83
258851,"equality","ideal",49,30,14.7
258851,"freedom","ideal",0,42,0
258851,"individualism","ideal",0,38,0
258851,"justice","ideal",0,14,0
258851,"happiness","ideal",0,21,0
258851,"arms","ideal",0,3,0
258851,"tolerance","ideal",0,62,0
742556,"democracy","paper",16,100,16
742556,"equality","paper",12,75,9
742556,"freedom","paper",12,100,12
742556,"individualism","paper",12,70,8.4
742556,"justice","paper",12,50,6
742556,"happiness","paper",12,50,6
742556,"arms","paper",12,100,12
742556,"tolerance","paper",12,50,6
742556,"democracy","ideal",40,100,40
742556,"equality","ideal",0,75,0
742556,"freedom","ideal",40,100,40
742556,"individualism","ideal",0,70,0
742556,"justice","ideal",20,50,10
742556,"happiness","ideal",0,50,0
742556,"arms","ideal",0,100,0
742556,"tolerance","ideal",0,50,0
761877,"democracy","paper",36,3,1.08
761877,"equality","paper",5,2,0.1
761877,"freedom","paper",26,4,1.04
761877,"individualism","paper",4,10,0.4
761877,"justice","paper",14,4,0.56
761877,"happiness","paper",3,2,0.06
761877,"arms","paper",10,26,2.6
761877,"tolerance","paper",2,3,0.06
761877,"democracy","ideal",29,3,0.87
761877,"equality","ideal",19,2,0.38
761877,"freedom","ideal",7,4,0.28
761877,"individualism","ideal",6,10,0.6
761877,"justice","ideal",7,4,0.28
761877,"happiness","ideal",9,2,0.18
761877,"arms","ideal",1,26,0.26
761877,"tolerance","ideal",22,3,0.66
815187,"democracy","paper",26,84,21.84
815187,"equality","paper",27,84,22.68
815187,"freedom","paper",13,79,10.27
815187,"individualism","paper",18,88,15.84
815187,"justice","paper",4,88,3.52
815187,"happiness","paper",3,80,2.4
815187,"arms","paper",4,85,3.4
815187,"tolerance","paper",5,99,4.95
815187,"democracy","ideal",35,84,29.4
815187,"equality","ideal",25,84,21
815187,"freedom","ideal",10,79,7.9
815187,"individualism","ideal",9,88,7.92
815187,"justice","ideal",15,88,13.2
815187,"happiness","ideal",6,80,4.8
815187,"arms","ideal",0,85,0
815187,"tolerance","ideal",0,99,0
683306,"democracy","paper",10,65,6.5
683306,"equality","paper",5,50,2.5
683306,"freedom","paper",30,70,21
683306,"individualism","paper",15,60,9
683306,"justice","paper",15,40,6
683306,"happiness","paper",5,35,1.75
683306,"arms","paper",10,80,8
683306,"tolerance","paper",10,35,3.5
683306,"democracy","ideal",20,65,13
683306,"equality","ideal",15,50,7.5
683306,"freedom","ideal",20,70,14
683306,"individualism","ideal",10,60,6
683306,"justice","ideal",10,40,4
683306,"happiness","ideal",10,35,3.5
683306,"arms","ideal",5,80,4
683306,"tolerance","ideal",10,35,3.5
810062,"democracy","paper",27,30,8.1
810062,"equality","paper",14,16,2.24
810062,"freedom","paper",29,20,5.8
810062,"individualism","paper",6,14,0.84
810062,"justice","paper",7,10,0.7
810062,"happiness","paper",6,4,0.24
810062,"arms","paper",11,40,4.4
810062,"tolerance","paper",0,2,0
810062,"democracy","ideal",22,30,6.6
810062,"equality","ideal",39,16,6.24
810062,"freedom","ideal",13,20,2.6
810062,"individualism","ideal",7,14,0.98
810062,"justice","ideal",0,10,0
810062,"happiness","ideal",12,4,0.48
810062,"arms","ideal",0,40,0
810062,"tolerance","ideal",7,2,0.14
429486,"democracy","paper",40,70,28
429486,"equality","paper",10,5,0.5
429486,"freedom","paper",20,60,12
429486,"individualism","paper",10,60,6
429486,"justice","paper",10,40,4
429486,"happiness","paper",3,25,0.75
429486,"arms","paper",3,100,3
429486,"tolerance","paper",4,5,0.2
429486,"democracy","ideal",50,70,35
429486,"equality","ideal",20,5,1
429486,"freedom","ideal",5,60,3
429486,"individualism","ideal",5,60,3
429486,"justice","ideal",10,40,4
429486,"happiness","ideal",4,25,1
429486,"arms","ideal",1,100,1
429486,"tolerance","ideal",5,5,0.25
841446,"democracy","paper",7,10,0.7
841446,"equality","paper",3,5,0.15
841446,"freedom","paper",44,11,4.84
841446,"individualism","paper",10,5,0.5
841446,"justice","paper",4,1,0.04
841446,"happiness","paper",17,11,1.87
841446,"arms","paper",11,9,0.99
841446,"tolerance","paper",4,20,0.8
841446,"democracy","ideal",6,10,0.6
841446,"equality","ideal",1,5,0.05
841446,"freedom","ideal",31,11,3.41
841446,"individualism","ideal",0,5,0
841446,"justice","ideal",0,1,0
841446,"happiness","ideal",31,11,3.41
841446,"arms","ideal",31,9,2.79
841446,"tolerance","ideal",0,20,0
458353,"democracy","paper",20,25,5
458353,"equality","paper",11,15,1.65
458353,"freedom","paper",32,58,18.56
458353,"individualism","paper",12,13,1.56
458353,"justice","paper",4,17,0.68
458353,"happiness","paper",4,24,0.96
458353,"arms","paper",8,53,4.24
458353,"tolerance","paper",9,38,3.42
458353,"democracy","ideal",12,25,3
458353,"equality","ideal",23,15,3.45
458353,"freedom","ideal",23,58,13.34
458353,"individualism","ideal",12,13,1.56
458353,"justice","ideal",6,17,1.02
458353,"happiness","ideal",5,24,1.2
458353,"arms","ideal",10,53,5.3
458353,"tolerance","ideal",9,38,3.42
681509,"democracy","paper",15,30,4.5
681509,"equality","paper",0,95,0
681509,"freedom","paper",25,50,12.5
681509,"individualism","paper",15,50,7.5
681509,"justice","paper",15,50,7.5
681509,"happiness","paper",20,40,8
681509,"arms","paper",10,70,7
681509,"tolerance","paper",0,30,0
681509,"democracy","ideal",5,30,1.5
681509,"equality","ideal",0,95,0
681509,"freedom","ideal",20,50,10
681509,"individualism","ideal",15,50,7.5
681509,"justice","ideal",10,50,5
681509,"happiness","ideal",35,40,14
681509,"arms","ideal",10,70,7
681509,"tolerance","ideal",5,30,1.5
517381,"democracy","paper",29,80,23.2
517381,"equality","paper",20,71,14.2
517381,"freedom","paper",21,95,19.95
517381,"individualism","paper",4,95,3.8
517381,"justice","paper",13,75,9.75
517381,"happiness","paper",5,90,4.5
517381,"arms","paper",5,70,3.5
517381,"tolerance","paper",3,80,2.4
517381,"democracy","ideal",14,80,11.2
517381,"equality","ideal",14,71,9.94
517381,"freedom","ideal",26,95,24.7
517381,"individualism","ideal",6,95,5.7
517381,"justice","ideal",13,75,9.75
517381,"happiness","ideal",17,90,15.3
517381,"arms","ideal",5,70,3.5
517381,"tolerance","ideal",5,80,4
128840,"democracy","paper",5,5,0.25
128840,"equality","paper",5,6,0.3
128840,"freedom","paper",5,5,0.25
128840,"individualism","paper",5,6,0.3
128840,"justice","paper",5,7,0.35
128840,"happiness","paper",5,0,0
128840,"arms","paper",65,100,65
128840,"tolerance","paper",5,7,0.35
128840,"democracy","ideal",20,5,1
128840,"equality","ideal",15,6,0.9
128840,"freedom","ideal",20,5,1
128840,"individualism","ideal",10,6,0.6
128840,"justice","ideal",10,7,0.7
128840,"happiness","ideal",10,0,0
128840,"arms","ideal",5,100,5
128840,"tolerance","ideal",10,7,0.7
863189,"democracy","paper",15,40,6
863189,"equality","paper",15,60,9
863189,"freedom","paper",15,50,7.5
863189,"individualism","paper",15,70,10.5
863189,"justice","paper",15,45,6.75
863189,"happiness","paper",10,70,7
863189,"arms","paper",5,50,2.5
863189,"tolerance","paper",10,20,2
863189,"democracy","ideal",10,40,4
863189,"equality","ideal",20,60,12
863189,"freedom","ideal",15,50,7.5
863189,"individualism","ideal",10,70,7
863189,"justice","ideal",20,45,9
863189,"happiness","ideal",5,70,3.5
863189,"arms","ideal",0,50,0
863189,"tolerance","ideal",20,20,4
959191,"democracy","paper",40,5,2
959191,"equality","paper",15,5,0.75
959191,"freedom","paper",10,2,0.2
959191,"individualism","paper",5,15,0.75
959191,"justice","paper",10,4,0.4
959191,"happiness","paper",5,5,0.25
959191,"arms","paper",5,20,1
959191,"tolerance","paper",10,5,0.5
959191,"democracy","ideal",30,5,1.5
959191,"equality","ideal",10,5,0.5
959191,"freedom","ideal",10,2,0.2
959191,"individualism","ideal",0,15,0
959191,"justice","ideal",20,4,0.8
959191,"happiness","ideal",10,5,0.5
959191,"arms","ideal",0,20,0
959191,"tolerance","ideal",20,5,1
900547,"democracy","paper",26,50,13
900547,"equality","paper",19,24,4.56
900547,"freedom","paper",23,65,14.95
900547,"individualism","paper",0,100,0
900547,"justice","paper",17,50,8.5
900547,"happiness","paper",13,65,8.45
900547,"arms","paper",1,80,0.8
900547,"tolerance","paper",1,30,0.3
900547,"democracy","ideal",16,50,8
900547,"equality","ideal",16,24,3.84
900547,"freedom","ideal",16,65,10.4
900547,"individualism","ideal",2,100,2
900547,"justice","ideal",16,50,8
900547,"happiness","ideal",16,65,10.4
900547,"arms","ideal",2,80,1.6
900547,"tolerance","ideal",16,30,4.8
624113,"democracy","paper",26,9,2.34
624113,"equality","paper",15,5,0.75
624113,"freedom","paper",22,2,0.44
624113,"individualism","paper",4,3,0.12
624113,"justice","paper",11,3,0.33
624113,"happiness","paper",6,1,0.06
624113,"arms","paper",0,1,0
624113,"tolerance","paper",16,1,0.16
624113,"democracy","ideal",8,9,0.72
624113,"equality","ideal",12,5,0.6
624113,"freedom","ideal",15,2,0.3
624113,"individualism","ideal",23,3,0.69
624113,"justice","ideal",13,3,0.39
624113,"happiness","ideal",15,1,0.15
624113,"arms","ideal",0,1,0
624113,"tolerance","ideal",14,1,0.14
907160,"democracy","paper",13,60,7.8
907160,"equality","paper",13,57,7.41
907160,"freedom","paper",13,85,11.05
907160,"individualism","paper",13,85,11.05
907160,"justice","paper",13,64,8.32
907160,"happiness","paper",13,80,10.4
907160,"arms","paper",11,79,8.69
907160,"tolerance","paper",11,12,1.32
907160,"democracy","ideal",13,60,7.8
907160,"equality","ideal",14,57,7.98
907160,"freedom","ideal",14,85,11.9
907160,"individualism","ideal",14,85,11.9
907160,"justice","ideal",15,64,9.6
907160,"happiness","ideal",13,80,10.4
907160,"arms","ideal",3,79,2.37
907160,"tolerance","ideal",14,12,1.68
872844,"democracy","paper",25,90,22.5
872844,"equality","paper",10,20,2
872844,"freedom","paper",25,95,23.75
872844,"individualism","paper",5,80,4
872844,"justice","paper",20,70,14
872844,"happiness","paper",5,75,3.75
872844,"arms","paper",5,85,4.25
872844,"tolerance","paper",5,35,1.75
872844,"democracy","ideal",10,90,9
872844,"equality","ideal",10,20,2
872844,"freedom","ideal",20,95,19
872844,"individualism","ideal",15,80,12
872844,"justice","ideal",25,70,17.5
872844,"happiness","ideal",5,75,3.75
872844,"arms","ideal",5,85,4.25
872844,"tolerance","ideal",10,35,3.5
632616,"democracy","paper",0,25,0
632616,"equality","paper",0,23,0
632616,"freedom","paper",50,79,39.5
632616,"individualism","paper",0,40,0
632616,"justice","paper",0,64,0
632616,"happiness","paper",50,92,46
632616,"arms","paper",0,83,0
632616,"tolerance","paper",0,48,0
632616,"democracy","ideal",0,25,0
632616,"equality","ideal",0,23,0
632616,"freedom","ideal",50,79,39.5
632616,"individualism","ideal",0,40,0
632616,"justice","ideal",25,64,16
632616,"happiness","ideal",25,92,23
632616,"arms","ideal",0,83,0
632616,"tolerance","ideal",0,48,0
846466,"democracy","paper",16,69,11.04
846466,"equality","paper",17,57,9.69
846466,"freedom","paper",20,67,13.4
846466,"individualism","paper",6,35,2.1
846466,"justice","paper",10,43,4.3
846466,"happiness","paper",14,58,8.12
846466,"arms","paper",1,45,0.45
846466,"tolerance","paper",16,46,7.36
846466,"democracy","ideal",19,69,13.11
846466,"equality","ideal",19,57,10.83
846466,"freedom","ideal",19,67,12.73
846466,"individualism","ideal",9,35,3.15
846466,"justice","ideal",12,43,5.16
846466,"happiness","ideal",13,58,7.54
846466,"arms","ideal",1,45,0.45
846466,"tolerance","ideal",8,46,3.68
334333,"democracy","paper",0,1,0
334333,"equality","paper",50,1,0.5
334333,"freedom","paper",0,1,0
334333,"individualism","paper",0,1,0
334333,"justice","paper",0,1,0
334333,"happiness","paper",0,1,0
334333,"arms","paper",0,1,0
334333,"tolerance","paper",50,1,0.5
334333,"democracy","ideal",40,1,0.4
334333,"equality","ideal",0,1,0
334333,"freedom","ideal",20,1,0.2
334333,"individualism","ideal",20,1,0.2
334333,"justice","ideal",0,1,0
334333,"happiness","ideal",0,1,0
334333,"arms","ideal",20,1,0.2
334333,"tolerance","ideal",0,1,0
662558,"democracy","paper",8,21,1.68
662558,"equality","paper",23,47,10.81
662558,"freedom","paper",15,60,9
662558,"individualism","paper",20,78,15.6
662558,"justice","paper",9,49,4.41
662558,"happiness","paper",9,69,6.21
662558,"arms","paper",2,96,1.92
662558,"tolerance","paper",14,58,8.12
662558,"democracy","ideal",8,21,1.68
662558,"equality","ideal",18,47,8.46
662558,"freedom","ideal",18,60,10.8
662558,"individualism","ideal",15,78,11.7
662558,"justice","ideal",19,49,9.31
662558,"happiness","ideal",16,69,11.04
662558,"arms","ideal",0,96,0
662558,"tolerance","ideal",6,58,3.48
976265,"democracy","paper",22,79,17.38
976265,"equality","paper",1,100,1
976265,"freedom","paper",19,79,15.01
976265,"individualism","paper",13,70,9.1
976265,"justice","paper",10,77,7.7
976265,"happiness","paper",11,82,9.02
976265,"arms","paper",14,11,1.54
976265,"tolerance","paper",10,88,8.8
976265,"democracy","ideal",17,79,13.43
976265,"equality","ideal",0,100,0
976265,"freedom","ideal",31,79,24.49
976265,"individualism","ideal",5,70,3.5
976265,"justice","ideal",11,77,8.47
976265,"happiness","ideal",12,82,9.84
976265,"arms","ideal",24,11,2.64
976265,"tolerance","ideal",0,88,0
559308,"democracy","paper",20,30,6
559308,"equality","paper",5,50,2.5
559308,"freedom","paper",20,50,10
559308,"individualism","paper",5,50,2.5
559308,"justice","paper",20,60,12
559308,"happiness","paper",20,50,10
559308,"arms","paper",5,30,1.5
559308,"tolerance","paper",5,50,2.5
559308,"democracy","ideal",20,30,6
559308,"equality","ideal",0,50,0
559308,"freedom","ideal",20,50,10
559308,"individualism","ideal",0,50,0
559308,"justice","ideal",20,60,12
559308,"happiness","ideal",30,50,15
559308,"arms","ideal",10,30,3
559308,"tolerance","ideal",0,50,0
491510,"democracy","paper",1,1,0.01
491510,"equality","paper",1,1,0.01
491510,"freedom","paper",1,1,0.01
491510,"individualism","paper",1,1,0.01
491510,"justice","paper",1,1,0.01
491510,"happiness","paper",1,1,0.01
491510,"arms","paper",93,100,93
491510,"tolerance","paper",1,1,0.01
491510,"democracy","ideal",5,1,0.05
491510,"equality","ideal",19,1,0.19
491510,"freedom","ideal",17,1,0.17
491510,"individualism","ideal",0,1,0
491510,"justice","ideal",29,1,0.29
491510,"happiness","ideal",30,1,0.3
491510,"arms","ideal",0,100,0
491510,"tolerance","ideal",0,1,0
259570,"democracy","paper",26,59,15.34
259570,"equality","paper",24,30,7.2
259570,"freedom","paper",11,31,3.41
259570,"individualism","paper",9,50,4.5
259570,"justice","paper",12,46,5.52
259570,"happiness","paper",3,30,0.9
259570,"arms","paper",11,61,6.71
259570,"tolerance","paper",4,40,1.6
259570,"democracy","ideal",15,59,8.85
259570,"equality","ideal",16,30,4.8
259570,"freedom","ideal",12,31,3.72
259570,"individualism","ideal",18,50,9
259570,"justice","ideal",5,46,2.3
259570,"happiness","ideal",11,30,3.3
259570,"arms","ideal",12,61,7.32
259570,"tolerance","ideal",11,40,4.4
756058,"democracy","paper",10,78,7.8
756058,"equality","paper",10,75,7.5
756058,"freedom","paper",35,84,29.4
756058,"individualism","paper",0,69,0
756058,"justice","paper",15,75,11.25
756058,"happiness","paper",5,58,2.9
756058,"arms","paper",20,84,16.8
756058,"tolerance","paper",5,66,3.3
756058,"democracy","ideal",20,78,15.6
756058,"equality","ideal",5,75,3.75
756058,"freedom","ideal",50,84,42
756058,"individualism","ideal",0,69,0
756058,"justice","ideal",5,75,3.75
756058,"happiness","ideal",0,58,0
756058,"arms","ideal",20,84,16.8
756058,"tolerance","ideal",0,66,0
352926,"democracy","paper",41,22,9.02
352926,"equality","paper",26,58,15.08
352926,"freedom","paper",13,8,1.04
352926,"individualism","paper",1,6,0.06
352926,"justice","paper",4,2,0.08
352926,"happiness","paper",2,2,0.04
352926,"arms","paper",12,70,8.4
352926,"tolerance","paper",1,42,0.42
352926,"democracy","ideal",18,22,3.96
352926,"equality","ideal",11,58,6.38
352926,"freedom","ideal",34,8,2.72
352926,"individualism","ideal",16,6,0.96
352926,"justice","ideal",5,2,0.1
352926,"happiness","ideal",11,2,0.22
352926,"arms","ideal",3,70,2.1
352926,"tolerance","ideal",2,42,0.84
299874,"democracy","paper",20,30,6
299874,"equality","paper",10,30,3
299874,"freedom","paper",20,20,4
299874,"individualism","paper",15,25,3.75
299874,"justice","paper",10,10,1
299874,"happiness","paper",5,10,0.5
299874,"arms","paper",15,10,1.5
299874,"tolerance","paper",5,10,0.5
299874,"democracy","ideal",20,30,6
299874,"equality","ideal",10,30,3
299874,"freedom","ideal",20,20,4
299874,"individualism","ideal",10,25,2.5
299874,"justice","ideal",10,10,1
299874,"happiness","ideal",10,10,1
299874,"arms","ideal",10,10,1
299874,"tolerance","ideal",10,10,1
143498,"democracy","paper",17,27,4.59
143498,"equality","paper",10,4,0.4
143498,"freedom","paper",28,23,6.44
143498,"individualism","paper",14,30,4.2
143498,"justice","paper",7,20,1.4
143498,"happiness","paper",6,9,0.54
143498,"arms","paper",4,29,1.16
143498,"tolerance","paper",14,7,0.98
143498,"democracy","ideal",23,27,6.21
143498,"equality","ideal",13,4,0.52
143498,"freedom","ideal",21,23,4.83
143498,"individualism","ideal",12,30,3.6
143498,"justice","ideal",15,20,3
143498,"happiness","ideal",4,9,0.36
143498,"arms","ideal",1,29,0.29
143498,"tolerance","ideal",11,7,0.77
978439,"democracy","paper",35,43,15.05
978439,"equality","paper",29,20,5.8
978439,"freedom","paper",27,24,6.48
978439,"individualism","paper",1,5,0.05
978439,"justice","paper",4,15,0.6
978439,"happiness","paper",3,4,0.12
978439,"arms","paper",0,12,0
978439,"tolerance","paper",1,5,0.05
978439,"democracy","ideal",29,43,12.47
978439,"equality","ideal",41,20,8.2
978439,"freedom","ideal",17,24,4.08
978439,"individualism","ideal",2,5,0.1
978439,"justice","ideal",10,15,1.5
978439,"happiness","ideal",1,4,0.04
978439,"arms","ideal",0,12,0
978439,"tolerance","ideal",0,5,0
704476,"democracy","paper",17,40,6.8
704476,"equality","paper",5,25,1.25
704476,"freedom","paper",9,38,3.42
704476,"individualism","paper",10,18,1.8
704476,"justice","paper",15,40,6
704476,"happiness","paper",15,49,7.35
704476,"arms","paper",19,64,12.16
704476,"tolerance","paper",10,19,1.9
704476,"democracy","ideal",18,40,7.2
704476,"equality","ideal",25,25,6.25
704476,"freedom","ideal",15,38,5.7
704476,"individualism","ideal",4,18,0.72
704476,"justice","ideal",11,40,4.4
704476,"happiness","ideal",10,49,4.9
704476,"arms","ideal",2,64,1.28
704476,"tolerance","ideal",15,19,2.85
159617,"democracy","paper",25,80,20
159617,"equality","paper",20,40,8
159617,"freedom","paper",14,95,13.3
159617,"individualism","paper",15,90,13.5
159617,"justice","paper",3,35,1.05
159617,"happiness","paper",14,80,11.2
159617,"arms","paper",4,95,3.8
159617,"tolerance","paper",5,50,2.5
159617,"democracy","ideal",20,80,16
159617,"equality","ideal",20,40,8
159617,"freedom","ideal",15,95,14.25
159617,"individualism","ideal",5,90,4.5
159617,"justice","ideal",10,35,3.5
159617,"happiness","ideal",20,80,16
159617,"arms","ideal",0,95,0
159617,"tolerance","ideal",10,50,5
197462,"democracy","paper",13,65,8.45
197462,"equality","paper",20,28,5.6
197462,"freedom","paper",27,11,2.97
197462,"individualism","paper",13,53,6.89
197462,"justice","paper",2,18,0.36
197462,"happiness","paper",14,11,1.54
197462,"arms","paper",3,52,1.56
197462,"tolerance","paper",8,2,0.16
197462,"democracy","ideal",16,65,10.4
197462,"equality","ideal",14,28,3.92
197462,"freedom","ideal",13,11,1.43
197462,"individualism","ideal",11,53,5.83
197462,"justice","ideal",14,18,2.52
197462,"happiness","ideal",14,11,1.54
197462,"arms","ideal",3,52,1.56
197462,"tolerance","ideal",15,2,0.3
634999,"democracy","paper",13,81,10.53
634999,"equality","paper",19,81,15.39
634999,"freedom","paper",23,80,18.4
634999,"individualism","paper",5,66,3.3
634999,"justice","paper",17,84,14.28
634999,"happiness","paper",12,85,10.2
634999,"arms","paper",2,34,0.68
634999,"tolerance","paper",9,85,7.65
634999,"democracy","ideal",20,81,16.2
634999,"equality","ideal",21,81,17.01
634999,"freedom","ideal",17,80,13.6
634999,"individualism","ideal",6,66,3.96
634999,"justice","ideal",13,84,10.92
634999,"happiness","ideal",11,85,9.35
634999,"arms","ideal",0,34,0
634999,"tolerance","ideal",12,85,10.2
467501,"democracy","paper",10,30,3
467501,"equality","paper",5,44,2.2
467501,"freedom","paper",30,80,24
467501,"individualism","paper",15,60,9
467501,"justice","paper",10,50,5
467501,"happiness","paper",10,45,4.5
467501,"arms","paper",10,53,5.3
467501,"tolerance","paper",10,51,5.1
467501,"democracy","ideal",5,30,1.5
467501,"equality","ideal",20,44,8.8
467501,"freedom","ideal",20,80,16
467501,"individualism","ideal",15,60,9
467501,"justice","ideal",15,50,7.5
467501,"happiness","ideal",10,45,4.5
467501,"arms","ideal",15,53,7.95
467501,"tolerance","ideal",0,51,0
631942,"democracy","paper",25,70,17.5
631942,"equality","paper",5,72,3.6
631942,"freedom","paper",15,72,10.8
631942,"individualism","paper",7,75,5.25
631942,"justice","paper",20,74,14.8
631942,"happiness","paper",18,60,10.8
631942,"arms","paper",5,86,4.3
631942,"tolerance","paper",5,53,2.65
631942,"democracy","ideal",13,70,9.1
631942,"equality","ideal",12,72,8.64
631942,"freedom","ideal",15,72,10.8
631942,"individualism","ideal",10,75,7.5
631942,"justice","ideal",15,74,11.1
631942,"happiness","ideal",15,60,9
631942,"arms","ideal",5,86,4.3
631942,"tolerance","ideal",15,53,7.95
616598,"democracy","paper",19,100,19
616598,"equality","paper",16,83,13.28
616598,"freedom","paper",19,95,18.05
616598,"individualism","paper",10,83,8.3
616598,"justice","paper",14,84,11.76
616598,"happiness","paper",2,74,1.48
616598,"arms","paper",12,86,10.32
616598,"tolerance","paper",8,86,6.88
616598,"democracy","ideal",14,100,14
616598,"equality","ideal",16,83,13.28
616598,"freedom","ideal",15,95,14.25
616598,"individualism","ideal",16,83,13.28
616598,"justice","ideal",12,84,10.08
616598,"happiness","ideal",13,74,9.62
616598,"arms","ideal",0,86,0
616598,"tolerance","ideal",14,86,12.04
669436,"democracy","paper",15,61,9.15
669436,"equality","paper",15,60,9
669436,"freedom","paper",15,61,9.15
669436,"individualism","paper",0,61,0
669436,"justice","paper",15,55,8.25
669436,"happiness","paper",15,62,9.3
669436,"arms","paper",15,84,12.6
669436,"tolerance","paper",10,53,5.3
669436,"democracy","ideal",30,61,18.3
669436,"equality","ideal",0,60,0
669436,"freedom","ideal",30,61,18.3
669436,"individualism","ideal",0,61,0
669436,"justice","ideal",30,55,16.5
669436,"happiness","ideal",0,62,0
669436,"arms","ideal",10,84,8.4
669436,"tolerance","ideal",0,53,0
641390,"democracy","paper",37,60,22.2
641390,"equality","paper",15,39,5.85
641390,"freedom","paper",15,34,5.1
641390,"individualism","paper",20,48,9.6
641390,"justice","paper",4,27,1.08
641390,"happiness","paper",5,22,1.1
641390,"arms","paper",3,33,0.99
641390,"tolerance","paper",1,40,0.4
641390,"democracy","ideal",27,60,16.2
641390,"equality","ideal",32,39,12.48
641390,"freedom","ideal",16,34,5.44
641390,"individualism","ideal",12,48,5.76
641390,"justice","ideal",5,27,1.35
641390,"happiness","ideal",6,22,1.32
641390,"arms","ideal",1,33,0.33
641390,"tolerance","ideal",1,40,0.4
509325,"democracy","paper",17,26,4.42
509325,"equality","paper",20,11,2.2
509325,"freedom","paper",10,10,1
509325,"individualism","paper",4,8,0.32
509325,"justice","paper",20,4,0.8
509325,"happiness","paper",21,6,1.26
509325,"arms","paper",1,30,0.3
509325,"tolerance","paper",7,8,0.56
509325,"democracy","ideal",11,26,2.86
509325,"equality","ideal",10,11,1.1
509325,"freedom","ideal",17,10,1.7
509325,"individualism","ideal",15,8,1.2
509325,"justice","ideal",18,4,0.72
509325,"happiness","ideal",19,6,1.14
509325,"arms","ideal",5,30,1.5
509325,"tolerance","ideal",5,8,0.4
519296,"democracy","paper",20,70,14
519296,"equality","paper",20,20,4
519296,"freedom","paper",20,50,10
519296,"individualism","paper",8,100,8
519296,"justice","paper",10,20,2
519296,"happiness","paper",10,30,3
519296,"arms","paper",5,49,2.45
519296,"tolerance","paper",7,15,1.05
519296,"democracy","ideal",18,70,12.6
519296,"equality","ideal",19,20,3.8
519296,"freedom","ideal",19,50,9.5
519296,"individualism","ideal",7,100,7
519296,"justice","ideal",15,20,3
519296,"happiness","ideal",6,30,1.8
519296,"arms","ideal",2,49,0.98
519296,"tolerance","ideal",14,15,2.1
679331,"democracy","paper",NA,NA,NA
679331,"equality","paper",NA,NA,NA
679331,"freedom","paper",NA,NA,NA
679331,"individualism","paper",NA,NA,NA
679331,"justice","paper",NA,NA,NA
679331,"happiness","paper",NA,NA,NA
679331,"arms","paper",NA,NA,NA
679331,"tolerance","paper",NA,NA,NA
679331,"democracy","ideal",NA,NA,NA
679331,"equality","ideal",NA,NA,NA
679331,"freedom","ideal",NA,NA,NA
679331,"individualism","ideal",NA,NA,NA
679331,"justice","ideal",NA,NA,NA
679331,"happiness","ideal",NA,NA,NA
679331,"arms","ideal",NA,NA,NA
679331,"tolerance","ideal",NA,NA,NA
308139,"democracy","paper",18,29,5.22
308139,"equality","paper",1,100,1
308139,"freedom","paper",17,17,2.89
308139,"individualism","paper",18,82,14.76
308139,"justice","paper",6,43,2.58
308139,"happiness","paper",18,9,1.62
308139,"arms","paper",22,22,4.84
308139,"tolerance","paper",0,78,0
308139,"democracy","ideal",20,29,5.8
308139,"equality","ideal",0,100,0
308139,"freedom","ideal",21,17,3.57
308139,"individualism","ideal",21,82,17.22
308139,"justice","ideal",17,43,7.31
308139,"happiness","ideal",0,9,0
308139,"arms","ideal",21,22,4.62
308139,"tolerance","ideal",0,78,0
284811,"democracy","paper",23,57,13.11
284811,"equality","paper",16,46,7.36
284811,"freedom","paper",21,69,14.49
284811,"individualism","paper",4,70,2.8
284811,"justice","paper",14,25,3.5
284811,"happiness","paper",9,17,1.53
284811,"arms","paper",12,32,3.84
284811,"tolerance","paper",1,26,0.26
284811,"democracy","ideal",21,57,11.97
284811,"equality","ideal",18,46,8.28
284811,"freedom","ideal",21,69,14.49
284811,"individualism","ideal",3,70,2.1
284811,"justice","ideal",12,25,3
284811,"happiness","ideal",14,17,2.38
284811,"arms","ideal",8,32,2.56
284811,"tolerance","ideal",3,26,0.78
390869,"democracy","paper",10,40,4
390869,"equality","paper",5,0,0
390869,"freedom","paper",40,41,16.4
390869,"individualism","paper",0,22,0
390869,"justice","paper",10,16,1.6
390869,"happiness","paper",10,30,3
390869,"arms","paper",20,4,0.8
390869,"tolerance","paper",5,26,1.3
390869,"democracy","ideal",10,40,4
390869,"equality","ideal",14,0,0
390869,"freedom","ideal",9,41,3.69
390869,"individualism","ideal",6,22,1.32
390869,"justice","ideal",9,16,1.44
390869,"happiness","ideal",27,30,8.1
390869,"arms","ideal",16,4,0.64
390869,"tolerance","ideal",9,26,2.34
497882,"democracy","paper",0,1,0
497882,"equality","paper",0,18,0
497882,"freedom","paper",44,31,13.64
497882,"individualism","paper",0,1,0
497882,"justice","paper",27,46,12.42
497882,"happiness","paper",0,1,0
497882,"arms","paper",8,33,2.64
497882,"tolerance","paper",21,67,14.07
497882,"democracy","ideal",0,1,0
497882,"equality","ideal",0,18,0
497882,"freedom","ideal",26,31,8.06
497882,"individualism","ideal",0,1,0
497882,"justice","ideal",56,46,25.76
497882,"happiness","ideal",0,1,0
497882,"arms","ideal",18,33,5.94
497882,"tolerance","ideal",0,67,0
149553,"democracy","paper",12,40,4.8
149553,"equality","paper",12,90,10.8
149553,"freedom","paper",16,75,12
149553,"individualism","paper",12,60,7.2
149553,"justice","paper",12,35,4.2
149553,"happiness","paper",12,65,7.8
149553,"arms","paper",12,90,10.8
149553,"tolerance","paper",12,75,9
149553,"democracy","ideal",12,40,4.8
149553,"equality","ideal",12,90,10.8
149553,"freedom","ideal",16,75,12
149553,"individualism","ideal",12,60,7.2
149553,"justice","ideal",12,35,4.2
149553,"happiness","ideal",12,65,7.8
149553,"arms","ideal",12,90,10.8
149553,"tolerance","ideal",12,75,9
423478,"democracy","paper",0,50,0
423478,"equality","paper",25,40,10
423478,"freedom","paper",25,0,0
423478,"individualism","paper",0,50,0
423478,"justice","paper",25,2,0.5
423478,"happiness","paper",0,54,0
423478,"arms","paper",25,0,0
423478,"tolerance","paper",0,51,0
423478,"democracy","ideal",0,50,0
423478,"equality","ideal",9,40,3.6
423478,"freedom","ideal",29,0,0
423478,"individualism","ideal",0,50,0
423478,"justice","ideal",17,2,0.34
423478,"happiness","ideal",10,54,5.4
423478,"arms","ideal",35,0,0
423478,"tolerance","ideal",0,51,0
214419,"democracy","paper",5,20,1
214419,"equality","paper",3,5,0.15
214419,"freedom","paper",40,40,16
214419,"individualism","paper",7,4,0.28
214419,"justice","paper",15,15,2.25
214419,"happiness","paper",20,20,4
214419,"arms","paper",5,30,1.5
214419,"tolerance","paper",5,5,0.25
214419,"democracy","ideal",10,20,2
214419,"equality","ideal",5,5,0.25
214419,"freedom","ideal",20,40,8
214419,"individualism","ideal",10,4,0.4
214419,"justice","ideal",20,15,3
214419,"happiness","ideal",25,20,5
214419,"arms","ideal",5,30,1.5
214419,"tolerance","ideal",5,5,0.25
274428,"democracy","paper",11,72,7.92
274428,"equality","paper",30,70,21
274428,"freedom","paper",9,91,8.19
274428,"individualism","paper",11,28,3.08
274428,"justice","paper",12,60,7.2
274428,"happiness","paper",2,67,1.34
274428,"arms","paper",4,71,2.84
274428,"tolerance","paper",21,46,9.66
274428,"democracy","ideal",31,72,22.32
274428,"equality","ideal",15,70,10.5
274428,"freedom","ideal",32,91,29.12
274428,"individualism","ideal",0,28,0
274428,"justice","ideal",0,60,0
274428,"happiness","ideal",0,67,0
274428,"arms","ideal",18,71,12.78
274428,"tolerance","ideal",4,46,1.84
936682,"democracy","paper",10,70,7
936682,"equality","paper",20,50,10
936682,"freedom","paper",20,60,12
936682,"individualism","paper",20,80,16
936682,"justice","paper",5,80,4
936682,"happiness","paper",10,80,8
936682,"arms","paper",10,70,7
936682,"tolerance","paper",5,80,4
936682,"democracy","ideal",10,70,7
936682,"equality","ideal",10,50,5
936682,"freedom","ideal",25,60,15
936682,"individualism","ideal",15,80,12
936682,"justice","ideal",15,80,12
936682,"happiness","ideal",15,80,12
936682,"arms","ideal",5,70,3.5
936682,"tolerance","ideal",5,80,4
279814,"democracy","paper",14,45,6.3
279814,"equality","paper",5,8,0.4
279814,"freedom","paper",39,37,14.43
279814,"individualism","paper",5,51,2.55
279814,"justice","paper",12,26,3.12
279814,"happiness","paper",16,40,6.4
279814,"arms","paper",8,79,6.32
279814,"tolerance","paper",1,12,0.12
279814,"democracy","ideal",4,45,1.8
279814,"equality","ideal",15,8,1.2
279814,"freedom","ideal",11,37,4.07
279814,"individualism","ideal",19,51,9.69
279814,"justice","ideal",13,26,3.38
279814,"happiness","ideal",3,40,1.2
279814,"arms","ideal",2,79,1.58
279814,"tolerance","ideal",33,12,3.96
807011,"democracy","paper",27,72,19.44
807011,"equality","paper",17,51,8.67
807011,"freedom","paper",15,88,13.2
807011,"individualism","paper",21,92,19.32
807011,"justice","paper",6,47,2.82
807011,"happiness","paper",5,49,2.45
807011,"arms","paper",5,48,2.4
807011,"tolerance","paper",4,22,0.88
807011,"democracy","ideal",29,72,20.88
807011,"equality","ideal",16,51,8.16
807011,"freedom","ideal",28,88,24.64
807011,"individualism","ideal",17,92,15.64
807011,"justice","ideal",8,47,3.76
807011,"happiness","ideal",1,49,0.49
807011,"arms","ideal",0,48,0
807011,"tolerance","ideal",1,22,0.22
761990,"democracy","paper",17,100,17
761990,"equality","paper",17,67,11.39
761990,"freedom","paper",21,27,5.67
761990,"individualism","paper",19,18,3.42
761990,"justice","paper",9,28,2.52
761990,"happiness","paper",12,65,7.8
761990,"arms","paper",3,81,2.43
761990,"tolerance","paper",2,32,0.64
761990,"democracy","ideal",24,100,24
761990,"equality","ideal",15,67,10.05
761990,"freedom","ideal",27,27,7.29
761990,"individualism","ideal",23,18,4.14
761990,"justice","ideal",6,28,1.68
761990,"happiness","ideal",2,65,1.3
761990,"arms","ideal",1,81,0.81
761990,"tolerance","ideal",2,32,0.64
946115,"democracy","paper",20,8,1.6
946115,"equality","paper",20,31,6.2
946115,"freedom","paper",20,52,10.4
946115,"individualism","paper",10,53,5.3
946115,"justice","paper",5,8,0.4
946115,"happiness","paper",10,26,2.6
946115,"arms","paper",10,42,4.2
946115,"tolerance","paper",5,70,3.5
946115,"democracy","ideal",30,8,2.4
946115,"equality","ideal",5,31,1.55
946115,"freedom","ideal",20,52,10.4
946115,"individualism","ideal",5,53,2.65
946115,"justice","ideal",10,8,0.8
946115,"happiness","ideal",5,26,1.3
946115,"arms","ideal",15,42,6.3
946115,"tolerance","ideal",10,70,7
573651,"democracy","paper",21,51,10.71
573651,"equality","paper",22,56,12.32
573651,"freedom","paper",30,64,19.2
573651,"individualism","paper",0,71,0
573651,"justice","paper",21,58,12.18
573651,"happiness","paper",6,45,2.7
573651,"arms","paper",0,25,0
573651,"tolerance","paper",0,63,0
573651,"democracy","ideal",19,51,9.69
573651,"equality","ideal",19,56,10.64
573651,"freedom","ideal",30,64,19.2
573651,"individualism","ideal",11,71,7.81
573651,"justice","ideal",9,58,5.22
573651,"happiness","ideal",0,45,0
573651,"arms","ideal",0,25,0
573651,"tolerance","ideal",12,63,7.56
848240,"democracy","paper",10,5,0.5
848240,"equality","paper",10,5,0.5
848240,"freedom","paper",15,17,2.55
848240,"individualism","paper",5,22,1.1
848240,"justice","paper",4,10,0.4
848240,"happiness","paper",14,25,3.5
848240,"arms","paper",34,90,30.6
848240,"tolerance","paper",8,7,0.56
848240,"democracy","ideal",15,5,0.75
848240,"equality","ideal",14,5,0.7
848240,"freedom","ideal",15,17,2.55
848240,"individualism","ideal",12,22,2.64
848240,"justice","ideal",15,10,1.5
848240,"happiness","ideal",15,25,3.75
848240,"arms","ideal",0,90,0
848240,"tolerance","ideal",14,7,0.98
210350,"democracy","paper",19,68,12.92
210350,"equality","paper",25,61,15.25
210350,"freedom","paper",31,69,21.39
210350,"individualism","paper",1,78,0.78
210350,"justice","paper",5,53,2.65
210350,"happiness","paper",10,62,6.2
210350,"arms","paper",7,75,5.25
210350,"tolerance","paper",2,45,0.9
210350,"democracy","ideal",24,68,16.32
210350,"equality","ideal",22,61,13.42
210350,"freedom","ideal",16,69,11.04
210350,"individualism","ideal",6,78,4.68
210350,"justice","ideal",11,53,5.83
210350,"happiness","ideal",10,62,6.2
210350,"arms","ideal",1,75,0.75
210350,"tolerance","ideal",10,45,4.5
207008,"democracy","paper",20,61,12.2
207008,"equality","paper",20,54,10.8
207008,"freedom","paper",20,84,16.8
207008,"individualism","paper",0,65,0
207008,"justice","paper",20,55,11
207008,"happiness","paper",20,59,11.8
207008,"arms","paper",0,84,0
207008,"tolerance","paper",0,21,0
207008,"democracy","ideal",15,61,9.15
207008,"equality","ideal",20,54,10.8
207008,"freedom","ideal",20,84,16.8
207008,"individualism","ideal",5,65,3.25
207008,"justice","ideal",10,55,5.5
207008,"happiness","ideal",10,59,5.9
207008,"arms","ideal",10,84,8.4
207008,"tolerance","ideal",10,21,2.1
223560,"democracy","paper",21,75,15.75
223560,"equality","paper",17,51,8.67
223560,"freedom","paper",18,66,11.88
223560,"individualism","paper",17,60,10.2
223560,"justice","paper",15,64,9.6
223560,"happiness","paper",3,64,1.92
223560,"arms","paper",3,44,1.32
223560,"tolerance","paper",6,52,3.12
223560,"democracy","ideal",9,75,6.75
223560,"equality","ideal",7,51,3.57
223560,"freedom","ideal",13,66,8.58
223560,"individualism","ideal",9,60,5.4
223560,"justice","ideal",17,64,10.88
223560,"happiness","ideal",23,64,14.72
223560,"arms","ideal",3,44,1.32
223560,"tolerance","ideal",19,52,9.88
947445,"democracy","paper",25,38,9.5
947445,"equality","paper",7,26,1.82
947445,"freedom","paper",10,42,4.2
947445,"individualism","paper",0,29,0
947445,"justice","paper",3,23,0.69
947445,"happiness","paper",9,15,1.35
947445,"arms","paper",44,88,38.72
947445,"tolerance","paper",2,12,0.24
947445,"democracy","ideal",30,38,11.4
947445,"equality","ideal",11,26,2.86
947445,"freedom","ideal",20,42,8.4
947445,"individualism","ideal",0,29,0
947445,"justice","ideal",0,23,0
947445,"happiness","ideal",30,15,4.5
947445,"arms","ideal",0,88,0
947445,"tolerance","ideal",9,12,1.08
520782,"democracy","paper",30,71,21.3
520782,"equality","paper",18,71,12.78
520782,"freedom","paper",13,70,9.1
520782,"individualism","paper",10,60,6
520782,"justice","paper",9,60,5.4
520782,"happiness","paper",9,50,4.5
520782,"arms","paper",1,40,0.4
520782,"tolerance","paper",10,50,5
520782,"democracy","ideal",19,71,13.49
520782,"equality","ideal",20,71,14.2
520782,"freedom","ideal",17,70,11.9
520782,"individualism","ideal",6,60,3.6
520782,"justice","ideal",20,60,12
520782,"happiness","ideal",8,50,4
520782,"arms","ideal",0,40,0
520782,"tolerance","ideal",10,50,5
947399,"democracy","paper",15,70,10.5
947399,"equality","paper",5,50,2.5
947399,"freedom","paper",20,90,18
947399,"individualism","paper",15,80,12
947399,"justice","paper",15,70,10.5
947399,"happiness","paper",15,60,9
947399,"arms","paper",15,50,7.5
947399,"tolerance","paper",0,28,0
947399,"democracy","ideal",20,70,14
947399,"equality","ideal",30,50,15
947399,"freedom","ideal",15,90,13.5
947399,"individualism","ideal",0,80,0
947399,"justice","ideal",20,70,14
947399,"happiness","ideal",15,60,9
947399,"arms","ideal",0,50,0
947399,"tolerance","ideal",0,28,0
232974,"democracy","paper",15,94,14.1
232974,"equality","paper",15,85,12.75
232974,"freedom","paper",15,81,12.15
232974,"individualism","paper",10,56,5.6
232974,"justice","paper",15,69,10.35
232974,"happiness","paper",10,30,3
232974,"arms","paper",10,55,5.5
232974,"tolerance","paper",10,39,3.9
232974,"democracy","ideal",20,94,18.8
232974,"equality","ideal",15,85,12.75
232974,"freedom","ideal",15,81,12.15
232974,"individualism","ideal",10,56,5.6
232974,"justice","ideal",20,69,13.8
232974,"happiness","ideal",10,30,3
232974,"arms","ideal",0,55,0
232974,"tolerance","ideal",10,39,3.9
288250,"democracy","paper",30,5,1.5
288250,"equality","paper",21,20,4.2
288250,"freedom","paper",49,7,3.43
288250,"individualism","paper",0,0,0
288250,"justice","paper",0,3,0
288250,"happiness","paper",0,17,0
288250,"arms","paper",0,6,0
288250,"tolerance","paper",0,15,0
288250,"democracy","ideal",12,5,0.6
288250,"equality","ideal",5,20,1
288250,"freedom","ideal",16,7,1.12
288250,"individualism","ideal",17,0,0
288250,"justice","ideal",16,3,0.48
288250,"happiness","ideal",10,17,1.7
288250,"arms","ideal",18,6,1.08
288250,"tolerance","ideal",6,15,0.9
608646,"democracy","paper",11,87,9.57
608646,"equality","paper",16,72,11.52
608646,"freedom","paper",23,86,19.78
608646,"individualism","paper",6,36,2.16
608646,"justice","paper",17,68,11.56
608646,"happiness","paper",5,25,1.25
608646,"arms","paper",16,86,13.76
608646,"tolerance","paper",6,43,2.58
608646,"democracy","ideal",20,87,17.4
608646,"equality","ideal",17,72,12.24
608646,"freedom","ideal",20,86,17.2
608646,"individualism","ideal",3,36,1.08
608646,"justice","ideal",14,68,9.52
608646,"happiness","ideal",3,25,0.75
608646,"arms","ideal",18,86,15.48
608646,"tolerance","ideal",5,43,2.15
291663,"democracy","paper",23,90,20.7
291663,"equality","paper",14,41,5.74
291663,"freedom","paper",29,95,27.55
291663,"individualism","paper",3,95,2.85
291663,"justice","paper",7,50,3.5
291663,"happiness","paper",14,25,3.5
291663,"arms","paper",5,89,4.45
291663,"tolerance","paper",5,76,3.8
291663,"democracy","ideal",20,90,18
291663,"equality","ideal",20,41,8.2
291663,"freedom","ideal",20,95,19
291663,"individualism","ideal",2,95,1.9
291663,"justice","ideal",10,50,5
291663,"happiness","ideal",20,25,5
291663,"arms","ideal",0,89,0
291663,"tolerance","ideal",8,76,6.08
412082,"democracy","paper",14,94,13.16
412082,"equality","paper",16,95,15.2
412082,"freedom","paper",15,80,12
412082,"individualism","paper",12,93,11.16
412082,"justice","paper",15,78,11.7
412082,"happiness","paper",10,38,3.8
412082,"arms","paper",5,81,4.05
412082,"tolerance","paper",13,74,9.62
412082,"democracy","ideal",18,94,16.92
412082,"equality","ideal",18,95,17.1
412082,"freedom","ideal",21,80,16.8
412082,"individualism","ideal",10,93,9.3
412082,"justice","ideal",9,78,7.02
412082,"happiness","ideal",10,38,3.8
412082,"arms","ideal",2,81,1.62
412082,"tolerance","ideal",12,74,8.88
875369,"democracy","paper",20,84,16.8
875369,"equality","paper",15,75,11.25
875369,"freedom","paper",15,90,13.5
875369,"individualism","paper",5,83,4.15
875369,"justice","paper",15,70,10.5
875369,"happiness","paper",10,70,7
875369,"arms","paper",10,50,5
875369,"tolerance","paper",10,64,6.4
875369,"democracy","ideal",20,84,16.8
875369,"equality","ideal",15,75,11.25
875369,"freedom","ideal",15,90,13.5
875369,"individualism","ideal",10,83,8.3
875369,"justice","ideal",15,70,10.5
875369,"happiness","ideal",10,70,7
875369,"arms","ideal",5,50,2.5
875369,"tolerance","ideal",10,64,6.4
497605,"democracy","paper",12,84,10.08
497605,"equality","paper",12,85,10.2
497605,"freedom","paper",14,84,11.76
497605,"individualism","paper",13,85,11.05
497605,"justice","paper",10,86,8.6
497605,"happiness","paper",11,85,9.35
497605,"arms","paper",14,86,12.04
497605,"tolerance","paper",14,86,12.04
497605,"democracy","ideal",15,84,12.6
497605,"equality","ideal",14,85,11.9
497605,"freedom","ideal",15,84,12.6
497605,"individualism","ideal",13,85,11.05
497605,"justice","ideal",12,86,10.32
497605,"happiness","ideal",12,85,10.2
497605,"arms","ideal",13,86,11.18
497605,"tolerance","ideal",6,86,5.16
117321,"democracy","paper",14,79,11.06
117321,"equality","paper",8,75,6
117321,"freedom","paper",14,87,12.18
117321,"individualism","paper",2,70,1.4
117321,"justice","paper",26,60,15.6
117321,"happiness","paper",15,59,8.85
117321,"arms","paper",7,43,3.01
117321,"tolerance","paper",14,65,9.1
117321,"democracy","ideal",27,79,21.33
117321,"equality","ideal",19,75,14.25
117321,"freedom","ideal",9,87,7.83
117321,"individualism","ideal",7,70,4.9
117321,"justice","ideal",18,60,10.8
117321,"happiness","ideal",11,59,6.49
117321,"arms","ideal",3,43,1.29
117321,"tolerance","ideal",6,65,3.9
783106,"democracy","paper",15,30,4.5
783106,"equality","paper",10,5,0.5
783106,"freedom","paper",20,30,6
783106,"individualism","paper",15,95,14.25
783106,"justice","paper",5,20,1
783106,"happiness","paper",10,20,2
783106,"arms","paper",20,95,19
783106,"tolerance","paper",5,20,1
783106,"democracy","ideal",10,30,3
783106,"equality","ideal",20,5,1
783106,"freedom","ideal",15,30,4.5
783106,"individualism","ideal",10,95,9.5
783106,"justice","ideal",10,20,2
783106,"happiness","ideal",20,20,4
783106,"arms","ideal",5,95,4.75
783106,"tolerance","ideal",10,20,2
892341,"democracy","paper",25,60,15
892341,"equality","paper",10,30,3
892341,"freedom","paper",25,60,15
892341,"individualism","paper",10,22,2.2
892341,"justice","paper",10,15,1.5
892341,"happiness","paper",5,15,0.75
892341,"arms","paper",10,25,2.5
892341,"tolerance","paper",5,10,0.5
892341,"democracy","ideal",19,60,11.4
892341,"equality","ideal",18,30,5.4
892341,"freedom","ideal",22,60,13.2
892341,"individualism","ideal",8,22,1.76
892341,"justice","ideal",20,15,3
892341,"happiness","ideal",8,15,1.2
892341,"arms","ideal",0,25,0
892341,"tolerance","ideal",5,10,0.5
631069,"democracy","paper",28,23,6.44
631069,"equality","paper",22,4,0.88
631069,"freedom","paper",20,15,3
631069,"individualism","paper",8,34,2.72
631069,"justice","paper",7,5,0.35
631069,"happiness","paper",15,5,0.75
631069,"arms","paper",0,21,0
631069,"tolerance","paper",0,2,0
631069,"democracy","ideal",34,23,7.82
631069,"equality","ideal",6,4,0.24
631069,"freedom","ideal",21,15,3.15
631069,"individualism","ideal",6,34,2.04
631069,"justice","ideal",21,5,1.05
631069,"happiness","ideal",12,5,0.6
631069,"arms","ideal",0,21,0
631069,"tolerance","ideal",0,2,0
736205,"democracy","paper",19,22,4.18
736205,"equality","paper",14,11,1.54
736205,"freedom","paper",14,35,4.9
736205,"individualism","paper",20,59,11.8
736205,"justice","paper",10,11,1.1
736205,"happiness","paper",9,19,1.71
736205,"arms","paper",12,57,6.84
736205,"tolerance","paper",2,21,0.42
736205,"democracy","ideal",9,22,1.98
736205,"equality","ideal",7,11,0.77
736205,"freedom","ideal",11,35,3.85
736205,"individualism","ideal",10,59,5.9
736205,"justice","ideal",9,11,0.99
736205,"happiness","ideal",30,19,5.7
736205,"arms","ideal",10,57,5.7
736205,"tolerance","ideal",14,21,2.94
814394,"democracy","paper",32,75,24
814394,"equality","paper",10,70,7
814394,"freedom","paper",13,59,7.67
814394,"individualism","paper",2,54,1.08
814394,"justice","paper",24,65,15.6
814394,"happiness","paper",6,60,3.6
814394,"arms","paper",12,85,10.2
814394,"tolerance","paper",1,77,0.77
814394,"democracy","ideal",20,75,15
814394,"equality","ideal",18,70,12.6
814394,"freedom","ideal",23,59,13.57
814394,"individualism","ideal",9,54,4.86
814394,"justice","ideal",11,65,7.15
814394,"happiness","ideal",9,60,5.4
814394,"arms","ideal",3,85,2.55
814394,"tolerance","ideal",7,77,5.39
631738,"democracy","paper",7,5,0.35
631738,"equality","paper",8,10,0.8
631738,"freedom","paper",22,0,0
631738,"individualism","paper",10,98,9.8
631738,"justice","paper",10,6,0.6
631738,"happiness","paper",11,1,0.11
631738,"arms","paper",32,72,23.04
631738,"tolerance","paper",0,5,0
631738,"democracy","ideal",20,5,1
631738,"equality","ideal",10,10,1
631738,"freedom","ideal",10,0,0
631738,"individualism","ideal",0,98,0
631738,"justice","ideal",20,6,1.2
631738,"happiness","ideal",30,1,0.3
631738,"arms","ideal",0,72,0
631738,"tolerance","ideal",10,5,0.5
618294,"democracy","paper",30,70,21
618294,"equality","paper",15,59,8.85
618294,"freedom","paper",15,50,7.5
618294,"individualism","paper",10,80,8
618294,"justice","paper",10,30,3
618294,"happiness","paper",6,40,2.4
618294,"arms","paper",4,70,2.8
618294,"tolerance","paper",10,20,2
618294,"democracy","ideal",16,70,11.2
618294,"equality","ideal",18,59,10.62
618294,"freedom","ideal",16,50,8
618294,"individualism","ideal",6,80,4.8
618294,"justice","ideal",17,30,5.1
618294,"happiness","ideal",7,40,2.8
618294,"arms","ideal",2,70,1.4
618294,"tolerance","ideal",18,20,3.6
288413,"democracy","paper",15,35,5.25
288413,"equality","paper",15,70,10.5
288413,"freedom","paper",25,35,8.75
288413,"individualism","paper",2,85,1.7
288413,"justice","paper",15,45,6.75
288413,"happiness","paper",10,30,3
288413,"arms","paper",15,40,6
288413,"tolerance","paper",3,65,1.95
288413,"democracy","ideal",20,35,7
288413,"equality","ideal",10,70,7
288413,"freedom","ideal",25,35,8.75
288413,"individualism","ideal",2,85,1.7
288413,"justice","ideal",16,45,7.2
288413,"happiness","ideal",10,30,3
288413,"arms","ideal",12,40,4.8
288413,"tolerance","ideal",5,65,3.25
153326,"democracy","paper",38,49,18.62
153326,"equality","paper",0,5,0
153326,"freedom","paper",34,41,13.94
153326,"individualism","paper",0,12,0
153326,"justice","paper",18,9,1.62
153326,"happiness","paper",0,27,0
153326,"arms","paper",10,16,1.6
153326,"tolerance","paper",0,2,0
153326,"democracy","ideal",50,49,24.5
153326,"equality","ideal",0,5,0
153326,"freedom","ideal",41,41,16.81
153326,"individualism","ideal",0,12,0
153326,"justice","ideal",0,9,0
153326,"happiness","ideal",0,27,0
153326,"arms","ideal",9,16,1.44
153326,"tolerance","ideal",0,2,0
745643,"democracy","paper",30,63,18.9
745643,"equality","paper",25,23,5.75
745643,"freedom","paper",20,47,9.4
745643,"individualism","paper",5,55,2.75
745643,"justice","paper",5,37,1.85
745643,"happiness","paper",5,35,1.75
745643,"arms","paper",10,52,5.2
745643,"tolerance","paper",0,6,0
745643,"democracy","ideal",20,63,12.6
745643,"equality","ideal",20,23,4.6
745643,"freedom","ideal",20,47,9.4
745643,"individualism","ideal",10,55,5.5
745643,"justice","ideal",10,37,3.7
745643,"happiness","ideal",5,35,1.75
745643,"arms","ideal",10,52,5.2
745643,"tolerance","ideal",5,6,0.3
463932,"democracy","paper",18,85,15.3
463932,"equality","paper",10,68,6.8
463932,"freedom","paper",18,100,18
463932,"individualism","paper",7,81,5.67
463932,"justice","paper",12,54,6.48
463932,"happiness","paper",15,65,9.75
463932,"arms","paper",11,81,8.91
463932,"tolerance","paper",9,46,4.14
463932,"democracy","ideal",11,85,9.35
463932,"equality","ideal",16,68,10.88
463932,"freedom","ideal",14,100,14
463932,"individualism","ideal",11,81,8.91
463932,"justice","ideal",15,54,8.1
463932,"happiness","ideal",13,65,8.45
463932,"arms","ideal",10,81,8.1
463932,"tolerance","ideal",10,46,4.6
393085,"democracy","paper",30,75,22.5
393085,"equality","paper",10,40,4
393085,"freedom","paper",25,76,19
393085,"individualism","paper",0,51,0
393085,"justice","paper",5,30,1.5
393085,"happiness","paper",15,75,11.25
393085,"arms","paper",15,50,7.5
393085,"tolerance","paper",0,51,0
393085,"democracy","ideal",11,75,8.25
393085,"equality","ideal",25,40,10
393085,"freedom","ideal",17,76,12.92
393085,"individualism","ideal",0,51,0
393085,"justice","ideal",10,30,3
393085,"happiness","ideal",20,75,15
393085,"arms","ideal",12,50,6
393085,"tolerance","ideal",5,51,2.55
996783,"democracy","paper",45,20,9
996783,"equality","paper",5,0,0
996783,"freedom","paper",10,20,2
996783,"individualism","paper",5,40,2
996783,"justice","paper",5,10,0.5
996783,"happiness","paper",5,20,1
996783,"arms","paper",20,100,20
996783,"tolerance","paper",5,10,0.5
996783,"democracy","ideal",20,20,4
996783,"equality","ideal",30,0,0
996783,"freedom","ideal",20,20,4
996783,"individualism","ideal",0,40,0
996783,"justice","ideal",20,10,2
996783,"happiness","ideal",5,20,1
996783,"arms","ideal",0,100,0
996783,"tolerance","ideal",5,10,0.5
878667,"democracy","paper",25,75,18.75
878667,"equality","paper",15,60,9
878667,"freedom","paper",20,71,14.2
878667,"individualism","paper",5,49,2.45
878667,"justice","paper",19,65,12.35
878667,"happiness","paper",9,65,5.85
878667,"arms","paper",0,50,0
878667,"tolerance","paper",7,55,3.85
878667,"democracy","ideal",20,75,15
878667,"equality","ideal",10,60,6
878667,"freedom","ideal",20,71,14.2
878667,"individualism","ideal",10,49,4.9
878667,"justice","ideal",20,65,13
878667,"happiness","ideal",15,65,9.75
878667,"arms","ideal",0,50,0
878667,"tolerance","ideal",5,55,2.75
835921,"democracy","paper",20,71,14.2
835921,"equality","paper",15,60,9
835921,"freedom","paper",15,72,10.8
835921,"individualism","paper",5,53,2.65
835921,"justice","paper",5,52,2.6
835921,"happiness","paper",25,74,18.5
835921,"arms","paper",10,68,6.8
835921,"tolerance","paper",5,74,3.7
835921,"democracy","ideal",25,71,17.75
835921,"equality","ideal",15,60,9
835921,"freedom","ideal",25,72,18
835921,"individualism","ideal",5,53,2.65
835921,"justice","ideal",25,52,13
835921,"happiness","ideal",0,74,0
835921,"arms","ideal",5,68,3.4
835921,"tolerance","ideal",0,74,0
117839,"democracy","paper",30,75,22.5
117839,"equality","paper",15,50,7.5
117839,"freedom","paper",15,65,9.75
117839,"individualism","paper",5,60,3
117839,"justice","paper",10,70,7
117839,"happiness","paper",10,30,3
117839,"arms","paper",5,85,4.25
117839,"tolerance","paper",10,30,3
117839,"democracy","ideal",20,75,15
117839,"equality","ideal",20,50,10
117839,"freedom","ideal",20,65,13
117839,"individualism","ideal",5,60,3
117839,"justice","ideal",10,70,7
117839,"happiness","ideal",10,30,3
117839,"arms","ideal",5,85,4.25
117839,"tolerance","ideal",10,30,3
729787,"democracy","paper",10,31,3.1
729787,"equality","paper",19,18,3.42
729787,"freedom","paper",20,17,3.4
729787,"individualism","paper",10,17,1.7
729787,"justice","paper",10,8,0.8
729787,"happiness","paper",10,17,1.7
729787,"arms","paper",13,100,13
729787,"tolerance","paper",8,36,2.88
729787,"democracy","ideal",10,31,3.1
729787,"equality","ideal",15,18,2.7
729787,"freedom","ideal",10,17,1.7
729787,"individualism","ideal",10,17,1.7
729787,"justice","ideal",20,8,1.6
729787,"happiness","ideal",20,17,3.4
729787,"arms","ideal",5,100,5
729787,"tolerance","ideal",10,36,3.6
585000,"democracy","paper",17,27,4.59
585000,"equality","paper",36,43,15.48
585000,"freedom","paper",10,26,2.6
585000,"individualism","paper",13,37,4.81
585000,"justice","paper",5,18,0.9
585000,"happiness","paper",6,29,1.74
585000,"arms","paper",10,14,1.4
585000,"tolerance","paper",3,24,0.72
585000,"democracy","ideal",17,27,4.59
585000,"equality","ideal",12,43,5.16
585000,"freedom","ideal",20,26,5.2
585000,"individualism","ideal",10,37,3.7
585000,"justice","ideal",16,18,2.88
585000,"happiness","ideal",9,29,2.61
585000,"arms","ideal",8,14,1.12
585000,"tolerance","ideal",8,24,1.92
194884,"democracy","paper",1,1,0.01
194884,"equality","paper",4,1,0.04
194884,"freedom","paper",4,1,0.04
194884,"individualism","paper",4,1,0.04
194884,"justice","paper",4,1,0.04
194884,"happiness","paper",4,1,0.04
194884,"arms","paper",75,100,75
194884,"tolerance","paper",4,1,0.04
194884,"democracy","ideal",8,1,0.08
194884,"equality","ideal",33,1,0.33
194884,"freedom","ideal",9,1,0.09
194884,"individualism","ideal",9,1,0.09
194884,"justice","ideal",0,1,0
194884,"happiness","ideal",33,1,0.33
194884,"arms","ideal",3,100,3
194884,"tolerance","ideal",5,1,0.05
424054,"democracy","paper",15,43,6.45
424054,"equality","paper",15,49,7.35
424054,"freedom","paper",15,41,6.15
424054,"individualism","paper",15,55,8.25
424054,"justice","paper",15,52,7.8
424054,"happiness","paper",15,61,9.15
424054,"arms","paper",5,56,2.8
424054,"tolerance","paper",5,53,2.65
424054,"democracy","ideal",10,43,4.3
424054,"equality","ideal",10,49,4.9
424054,"freedom","ideal",10,41,4.1
424054,"individualism","ideal",10,55,5.5
424054,"justice","ideal",10,52,5.2
424054,"happiness","ideal",10,61,6.1
424054,"arms","ideal",10,56,5.6
424054,"tolerance","ideal",30,53,15.9
529555,"democracy","paper",14,19,2.66
529555,"equality","paper",14,6,0.84
529555,"freedom","paper",14,7,0.98
529555,"individualism","paper",14,6,0.84
529555,"justice","paper",14,18,2.52
529555,"happiness","paper",12,6,0.72
529555,"arms","paper",13,26,3.38
529555,"tolerance","paper",5,4,0.2
529555,"democracy","ideal",10,19,1.9
529555,"equality","ideal",20,6,1.2
529555,"freedom","ideal",20,7,1.4
529555,"individualism","ideal",20,6,1.2
529555,"justice","ideal",0,18,0
529555,"happiness","ideal",20,6,1.2
529555,"arms","ideal",3,26,0.78
529555,"tolerance","ideal",7,4,0.28
526269,"democracy","paper",16,93,14.88
526269,"equality","paper",11,100,11
526269,"freedom","paper",17,100,17
526269,"individualism","paper",7,95,6.65
526269,"justice","paper",12,100,12
526269,"happiness","paper",15,84,12.6
526269,"arms","paper",18,100,18
526269,"tolerance","paper",4,100,4
526269,"democracy","ideal",13,93,12.09
526269,"equality","ideal",7,100,7
526269,"freedom","ideal",21,100,21
526269,"individualism","ideal",17,95,16.15
526269,"justice","ideal",12,100,12
526269,"happiness","ideal",14,84,11.76
526269,"arms","ideal",8,100,8
526269,"tolerance","ideal",8,100,8
477281,"democracy","paper",6,27,1.62
477281,"equality","paper",7,69,4.83
477281,"freedom","paper",54,77,41.58
477281,"individualism","paper",4,62,2.48
477281,"justice","paper",8,48,3.84
477281,"happiness","paper",14,49,6.86
477281,"arms","paper",3,89,2.67
477281,"tolerance","paper",4,30,1.2
477281,"democracy","ideal",9,27,2.43
477281,"equality","ideal",17,69,11.73
477281,"freedom","ideal",19,77,14.63
477281,"individualism","ideal",9,62,5.58
477281,"justice","ideal",25,48,12
477281,"happiness","ideal",13,49,6.37
477281,"arms","ideal",0,89,0
477281,"tolerance","ideal",8,30,2.4
708236,"democracy","paper",12,40,4.8
708236,"equality","paper",10,60,6
708236,"freedom","paper",17,65,11.05
708236,"individualism","paper",11,60,6.6
708236,"justice","paper",6,41,2.46
708236,"happiness","paper",19,70,13.3
708236,"arms","paper",16,100,16
708236,"tolerance","paper",9,51,4.59
708236,"democracy","ideal",16,40,6.4
708236,"equality","ideal",13,60,7.8
708236,"freedom","ideal",17,65,11.05
708236,"individualism","ideal",14,60,8.4
708236,"justice","ideal",17,41,6.97
708236,"happiness","ideal",4,70,2.8
708236,"arms","ideal",0,100,0
708236,"tolerance","ideal",19,51,9.69
795570,"democracy","paper",11,38,4.18
795570,"equality","paper",12,37,4.44
795570,"freedom","paper",17,51,8.67
795570,"individualism","paper",20,44,8.8
795570,"justice","paper",9,12,1.08
795570,"happiness","paper",9,50,4.5
795570,"arms","paper",2,38,0.76
795570,"tolerance","paper",20,25,5
795570,"democracy","ideal",12,38,4.56
795570,"equality","ideal",14,37,5.18
795570,"freedom","ideal",14,51,7.14
795570,"individualism","ideal",8,44,3.52
795570,"justice","ideal",17,12,2.04
795570,"happiness","ideal",12,50,6
795570,"arms","ideal",3,38,1.14
795570,"tolerance","ideal",20,25,5
386978,"democracy","paper",24,90,21.6
386978,"equality","paper",18,80,14.4
386978,"freedom","paper",20,80,16
386978,"individualism","paper",5,20,1
386978,"justice","paper",24,90,21.6
386978,"happiness","paper",4,51,2.04
386978,"arms","paper",1,5,0.05
386978,"tolerance","paper",4,15,0.6
386978,"democracy","ideal",18,90,16.2
386978,"equality","ideal",17,80,13.6
386978,"freedom","ideal",31,80,24.8
386978,"individualism","ideal",1,20,0.2
386978,"justice","ideal",23,90,20.7
386978,"happiness","ideal",10,51,5.1
386978,"arms","ideal",0,5,0
386978,"tolerance","ideal",0,15,0
142132,"democracy","paper",40,49,19.6
142132,"equality","paper",10,41,4.1
142132,"freedom","paper",15,40,6
142132,"individualism","paper",5,5,0.25
142132,"justice","paper",20,37,7.4
142132,"happiness","paper",0,34,0
142132,"arms","paper",10,45,4.5
142132,"tolerance","paper",0,0,0
142132,"democracy","ideal",30,49,14.7
142132,"equality","ideal",10,41,4.1
142132,"freedom","ideal",10,40,4
142132,"individualism","ideal",15,5,0.75
142132,"justice","ideal",5,37,1.85
142132,"happiness","ideal",10,34,3.4
142132,"arms","ideal",10,45,4.5
142132,"tolerance","ideal",10,0,0
169022,"democracy","paper",15,44,6.6
169022,"equality","paper",10,27,2.7
169022,"freedom","paper",20,61,12.2
169022,"individualism","paper",5,48,2.4
169022,"justice","paper",20,53,10.6
169022,"happiness","paper",15,44,6.6
169022,"arms","paper",10,63,6.3
169022,"tolerance","paper",5,1,0.05
169022,"democracy","ideal",15,44,6.6
169022,"equality","ideal",15,27,4.05
169022,"freedom","ideal",20,61,12.2
169022,"individualism","ideal",15,48,7.2
169022,"justice","ideal",10,53,5.3
169022,"happiness","ideal",5,44,2.2
169022,"arms","ideal",5,63,3.15
169022,"tolerance","ideal",15,1,0.15
696387,"democracy","paper",26,69,17.94
696387,"equality","paper",14,79,11.06
696387,"freedom","paper",15,88,13.2
696387,"individualism","paper",14,92,12.88
696387,"justice","paper",15,51,7.65
696387,"happiness","paper",11,62,6.82
696387,"arms","paper",4,50,2
696387,"tolerance","paper",1,70,0.7
696387,"democracy","ideal",18,69,12.42
696387,"equality","ideal",16,79,12.64
696387,"freedom","ideal",11,88,9.68
696387,"individualism","ideal",15,92,13.8
696387,"justice","ideal",11,51,5.61
696387,"happiness","ideal",9,62,5.58
696387,"arms","ideal",11,50,5.5
696387,"tolerance","ideal",9,70,6.3
589008,"democracy","paper",20,78,15.6
589008,"equality","paper",0,49,0
589008,"freedom","paper",50,88,44
589008,"individualism","paper",0,65,0
589008,"justice","paper",10,56,5.6
589008,"happiness","paper",10,80,8
589008,"arms","paper",10,15,1.5
589008,"tolerance","paper",0,90,0
589008,"democracy","ideal",25,78,19.5
589008,"equality","ideal",0,49,0
589008,"freedom","ideal",25,88,22
589008,"individualism","ideal",0,65,0
589008,"justice","ideal",20,56,11.2
589008,"happiness","ideal",14,80,11.2
589008,"arms","ideal",16,15,2.4
589008,"tolerance","ideal",0,90,0
656149,"democracy","paper",11,34,3.74
656149,"equality","paper",9,12,1.08
656149,"freedom","paper",17,50,8.5
656149,"individualism","paper",10,35,3.5
656149,"justice","paper",27,0,0
656149,"happiness","paper",10,7,0.7
656149,"arms","paper",10,57,5.7
656149,"tolerance","paper",6,47,2.82
656149,"democracy","ideal",13,34,4.42
656149,"equality","ideal",7,12,0.84
656149,"freedom","ideal",14,50,7
656149,"individualism","ideal",10,35,3.5
656149,"justice","ideal",31,0,0
656149,"happiness","ideal",11,7,0.77
656149,"arms","ideal",10,57,5.7
656149,"tolerance","ideal",4,47,1.88
441220,"democracy","paper",0,30,0
441220,"equality","paper",10,100,10
441220,"freedom","paper",20,75,15
441220,"individualism","paper",10,90,9
441220,"justice","paper",30,10,3
441220,"happiness","paper",10,30,3
441220,"arms","paper",10,50,5
441220,"tolerance","paper",10,80,8
441220,"democracy","ideal",20,30,6
441220,"equality","ideal",10,100,10
441220,"freedom","ideal",30,75,22.5
441220,"individualism","ideal",10,90,9
441220,"justice","ideal",30,10,3
441220,"happiness","ideal",0,30,0
441220,"arms","ideal",0,50,0
441220,"tolerance","ideal",0,80,0
928831,"democracy","paper",50,41,20.5
928831,"equality","paper",0,42,0
928831,"freedom","paper",0,41,0
928831,"individualism","paper",0,58,0
928831,"justice","paper",5,36,1.8
928831,"happiness","paper",19,34,6.46
928831,"arms","paper",26,38,9.88
928831,"tolerance","paper",0,46,0
928831,"democracy","ideal",23,41,9.43
928831,"equality","ideal",29,42,12.18
928831,"freedom","ideal",32,41,13.12
928831,"individualism","ideal",0,58,0
928831,"justice","ideal",4,36,1.44
928831,"happiness","ideal",5,34,1.7
928831,"arms","ideal",7,38,2.66
928831,"tolerance","ideal",0,46,0
867851,"democracy","paper",21,20,4.2
867851,"equality","paper",20,5,1
867851,"freedom","paper",32,35,11.2
867851,"individualism","paper",6,5,0.3
867851,"justice","paper",15,10,1.5
867851,"happiness","paper",2,2,0.04
867851,"arms","paper",3,25,0.75
867851,"tolerance","paper",1,4,0.04
867851,"democracy","ideal",0,20,0
867851,"equality","ideal",27,5,1.35
867851,"freedom","ideal",27,35,9.45
867851,"individualism","ideal",9,5,0.45
867851,"justice","ideal",10,10,1
867851,"happiness","ideal",27,2,0.54
867851,"arms","ideal",0,25,0
867851,"tolerance","ideal",0,4,0
130139,"democracy","paper",10,61,6.1
130139,"equality","paper",14,52,7.28
130139,"freedom","paper",31,66,20.46
130139,"individualism","paper",16,52,8.32
130139,"justice","paper",8,52,4.16
130139,"happiness","paper",7,24,1.68
130139,"arms","paper",7,100,7
130139,"tolerance","paper",7,9,0.63
130139,"democracy","ideal",7,61,4.27
130139,"equality","ideal",21,52,10.92
130139,"freedom","ideal",24,66,15.84
130139,"individualism","ideal",13,52,6.76
130139,"justice","ideal",8,52,4.16
130139,"happiness","ideal",8,24,1.92
130139,"arms","ideal",3,100,3
130139,"tolerance","ideal",16,9,1.44
877779,"democracy","paper",20,60,12
877779,"equality","paper",15,80,12
877779,"freedom","paper",25,90,22.5
877779,"individualism","paper",0,100,0
877779,"justice","paper",15,50,7.5
877779,"happiness","paper",10,80,8
877779,"arms","paper",15,75,11.25
877779,"tolerance","paper",0,100,0
877779,"democracy","ideal",20,60,12
877779,"equality","ideal",0,80,0
877779,"freedom","ideal",20,90,18
877779,"individualism","ideal",0,100,0
877779,"justice","ideal",20,50,10
877779,"happiness","ideal",20,80,16
877779,"arms","ideal",20,75,15
877779,"tolerance","ideal",0,100,0
850231,"democracy","paper",19,49,9.31
850231,"equality","paper",19,80,15.2
850231,"freedom","paper",23,78,17.94
850231,"individualism","paper",13,92,11.96
850231,"justice","paper",9,49,4.41
850231,"happiness","paper",10,89,8.9
850231,"arms","paper",3,84,2.52
850231,"tolerance","paper",4,59,2.36
850231,"democracy","ideal",16,49,7.84
850231,"equality","ideal",14,80,11.2
850231,"freedom","ideal",26,78,20.28
850231,"individualism","ideal",6,92,5.52
850231,"justice","ideal",10,49,4.9
850231,"happiness","ideal",18,89,16.02
850231,"arms","ideal",3,84,2.52
850231,"tolerance","ideal",7,59,4.13
278076,"democracy","paper",30,0,0
278076,"equality","paper",0,85,0
278076,"freedom","paper",50,50,25
278076,"individualism","paper",5,50,2.5
278076,"justice","paper",5,50,2.5
278076,"happiness","paper",5,50,2.5
278076,"arms","paper",5,70,3.5
278076,"tolerance","paper",0,50,0
278076,"democracy","ideal",0,0,0
278076,"equality","ideal",0,85,0
278076,"freedom","ideal",60,50,30
278076,"individualism","ideal",10,50,5
278076,"justice","ideal",10,50,5
278076,"happiness","ideal",10,50,5
278076,"arms","ideal",10,70,7
278076,"tolerance","ideal",0,50,0
389836,"democracy","paper",25,65,16.25
389836,"equality","paper",15,25,3.75
389836,"freedom","paper",25,75,18.75
389836,"individualism","paper",5,25,1.25
389836,"justice","paper",5,15,0.75
389836,"happiness","paper",5,60,3
389836,"arms","paper",15,70,10.5
389836,"tolerance","paper",5,40,2
389836,"democracy","ideal",25,65,16.25
389836,"equality","ideal",10,25,2.5
389836,"freedom","ideal",15,75,11.25
389836,"individualism","ideal",5,25,1.25
389836,"justice","ideal",10,15,1.5
389836,"happiness","ideal",15,60,9
389836,"arms","ideal",15,70,10.5
389836,"tolerance","ideal",5,40,2
872575,"democracy","paper",8,80,6.4
872575,"equality","paper",14,72,10.08
872575,"freedom","paper",24,76,18.24
872575,"individualism","paper",8,84,6.72
872575,"justice","paper",12,61,7.32
872575,"happiness","paper",8,75,6
872575,"arms","paper",18,71,12.78
872575,"tolerance","paper",8,79,6.32
872575,"democracy","ideal",15,80,12
872575,"equality","ideal",11,72,7.92
872575,"freedom","ideal",21,76,15.96
872575,"individualism","ideal",2,84,1.68
872575,"justice","ideal",12,61,7.32
872575,"happiness","ideal",15,75,11.25
872575,"arms","ideal",10,71,7.1
872575,"tolerance","ideal",14,79,11.06
769520,"democracy","paper",15,73,10.95
769520,"equality","paper",8,40,3.2
769520,"freedom","paper",36,45,16.2
769520,"individualism","paper",9,47,4.23
769520,"justice","paper",15,33,4.95
769520,"happiness","paper",0,36,0
769520,"arms","paper",14,49,6.86
769520,"tolerance","paper",3,32,0.96
769520,"democracy","ideal",28,73,20.44
769520,"equality","ideal",11,40,4.4
769520,"freedom","ideal",35,45,15.75
769520,"individualism","ideal",0,47,0
769520,"justice","ideal",0,33,0
769520,"happiness","ideal",0,36,0
769520,"arms","ideal",26,49,12.74
769520,"tolerance","ideal",0,32,0
700864,"democracy","paper",13,25,3.25
700864,"equality","paper",10,90,9
700864,"freedom","paper",20,30,6
700864,"individualism","paper",2,90,1.8
700864,"justice","paper",20,50,10
700864,"happiness","paper",5,20,1
700864,"arms","paper",25,40,10
700864,"tolerance","paper",5,90,4.5
700864,"democracy","ideal",33,25,8.25
700864,"equality","ideal",0,90,0
700864,"freedom","ideal",37,30,11.1
700864,"individualism","ideal",0,90,0
700864,"justice","ideal",0,50,0
700864,"happiness","ideal",0,20,0
700864,"arms","ideal",30,40,12
700864,"tolerance","ideal",0,90,0
163911,"democracy","paper",63,5,3.15
163911,"equality","paper",3,43,1.29
163911,"freedom","paper",23,8,1.84
163911,"individualism","paper",1,52,0.52
163911,"justice","paper",2,1,0.02
163911,"happiness","paper",0,1,0
163911,"arms","paper",8,25,2
163911,"tolerance","paper",0,45,0
163911,"democracy","ideal",8,5,0.4
163911,"equality","ideal",16,43,6.88
163911,"freedom","ideal",17,8,1.36
163911,"individualism","ideal",19,52,9.88
163911,"justice","ideal",22,1,0.22
163911,"happiness","ideal",18,1,0.18
163911,"arms","ideal",0,25,0
163911,"tolerance","ideal",0,45,0
916968,"democracy","paper",12,15,1.8
916968,"equality","paper",9,25,2.25
916968,"freedom","paper",22,27,5.94
916968,"individualism","paper",9,21,1.89
916968,"justice","paper",15,29,4.35
916968,"happiness","paper",8,25,2
916968,"arms","paper",20,45,9
916968,"tolerance","paper",5,31,1.55
916968,"democracy","ideal",23,15,3.45
916968,"equality","ideal",20,25,5
916968,"freedom","ideal",16,27,4.32
916968,"individualism","ideal",0,21,0
916968,"justice","ideal",15,29,4.35
916968,"happiness","ideal",23,25,5.75
916968,"arms","ideal",3,45,1.35
916968,"tolerance","ideal",0,31,0
984948,"democracy","paper",5,70,3.5
984948,"equality","paper",5,88,4.4
984948,"freedom","paper",25,40,10
984948,"individualism","paper",10,68,6.8
984948,"justice","paper",20,45,9
984948,"happiness","paper",5,77,3.85
984948,"arms","paper",25,78,19.5
984948,"tolerance","paper",5,41,2.05
984948,"democracy","ideal",10,70,7
984948,"equality","ideal",5,88,4.4
984948,"freedom","ideal",30,40,12
984948,"individualism","ideal",5,68,3.4
984948,"justice","ideal",15,45,6.75
984948,"happiness","ideal",2,77,1.54
984948,"arms","ideal",30,78,23.4
984948,"tolerance","ideal",3,41,1.23
796417,"democracy","paper",18,58,10.44
796417,"equality","paper",14,46,6.44
796417,"freedom","paper",20,70,14
796417,"individualism","paper",10,85,8.5
796417,"justice","paper",18,52,9.36
796417,"happiness","paper",14,64,8.96
796417,"arms","paper",4,56,2.24
796417,"tolerance","paper",2,43,0.86
796417,"democracy","ideal",16,58,9.28
796417,"equality","ideal",16,46,7.36
796417,"freedom","ideal",15,70,10.5
796417,"individualism","ideal",12,85,10.2
796417,"justice","ideal",18,52,9.36
796417,"happiness","ideal",12,64,7.68
796417,"arms","ideal",4,56,2.24
796417,"tolerance","ideal",7,43,3.01
175900,"democracy","paper",12,48,5.76
175900,"equality","paper",12,24,2.88
175900,"freedom","paper",17,20,3.4
175900,"individualism","paper",7,39,2.73
175900,"justice","paper",22,30,6.6
175900,"happiness","paper",10,22,2.2
175900,"arms","paper",15,82,12.3
175900,"tolerance","paper",5,25,1.25
175900,"democracy","ideal",10,48,4.8
175900,"equality","ideal",20,24,4.8
175900,"freedom","ideal",20,20,4
175900,"individualism","ideal",10,39,3.9
175900,"justice","ideal",10,30,3
175900,"happiness","ideal",15,22,3.3
175900,"arms","ideal",0,82,0
175900,"tolerance","ideal",15,25,3.75
722891,"democracy","paper",6,20,1.2
722891,"equality","paper",15,12,1.8
722891,"freedom","paper",26,11,2.86
722891,"individualism","paper",8,11,0.88
722891,"justice","paper",20,10,2
722891,"happiness","paper",16,6,0.96
722891,"arms","paper",9,9,0.81
722891,"tolerance","paper",0,16,0
722891,"democracy","ideal",11,20,2.2
722891,"equality","ideal",16,12,1.92
722891,"freedom","ideal",21,11,2.31
722891,"individualism","ideal",14,11,1.54
722891,"justice","ideal",18,10,1.8
722891,"happiness","ideal",13,6,0.78
722891,"arms","ideal",0,9,0
722891,"tolerance","ideal",7,16,1.12
954110,"democracy","paper",0,20,0
954110,"equality","paper",5,40,2
954110,"freedom","paper",5,0,0
954110,"individualism","paper",10,0,0
954110,"justice","paper",0,0,0
954110,"happiness","paper",0,35,0
954110,"arms","paper",50,100,50
954110,"tolerance","paper",30,25,7.5
954110,"democracy","ideal",0,20,0
954110,"equality","ideal",25,40,10
954110,"freedom","ideal",25,0,0
954110,"individualism","ideal",25,0,0
954110,"justice","ideal",25,0,0
954110,"happiness","ideal",0,35,0
954110,"arms","ideal",0,100,0
954110,"tolerance","ideal",0,25,0
243464,"democracy","paper",0,21,0
243464,"equality","paper",0,14,0
243464,"freedom","paper",5,38,1.9
243464,"individualism","paper",80,100,80
243464,"justice","paper",15,10,1.5
243464,"happiness","paper",0,17,0
243464,"arms","paper",0,50,0
243464,"tolerance","paper",0,32,0
243464,"democracy","ideal",0,21,0
243464,"equality","ideal",50,14,7
243464,"freedom","ideal",50,38,19
243464,"individualism","ideal",0,100,0
243464,"justice","ideal",0,10,0
243464,"happiness","ideal",0,17,0
243464,"arms","ideal",0,50,0
243464,"tolerance","ideal",0,32,0
693325,"democracy","paper",10,49,4.9
693325,"equality","paper",10,21,2.1
693325,"freedom","paper",20,24,4.8
693325,"individualism","paper",10,76,7.6
693325,"justice","paper",20,20,4
693325,"happiness","paper",10,16,1.6
693325,"arms","paper",10,100,10
693325,"tolerance","paper",10,6,0.6
693325,"democracy","ideal",10,49,4.9
693325,"equality","ideal",10,21,2.1
693325,"freedom","ideal",20,24,4.8
693325,"individualism","ideal",10,76,7.6
693325,"justice","ideal",20,20,4
693325,"happiness","ideal",10,16,1.6
693325,"arms","ideal",10,100,10
693325,"tolerance","ideal",10,6,0.6
506343,"democracy","paper",10,20,2
506343,"equality","paper",37,82,30.34
506343,"freedom","paper",26,50,13
506343,"individualism","paper",0,50,0
506343,"justice","paper",8,50,4
506343,"happiness","paper",0,50,0
506343,"arms","paper",19,35,6.65
506343,"tolerance","paper",0,75,0
506343,"democracy","ideal",16,20,3.2
506343,"equality","ideal",18,82,14.76
506343,"freedom","ideal",19,50,9.5
506343,"individualism","ideal",8,50,4
506343,"justice","ideal",12,50,6
506343,"happiness","ideal",15,50,7.5
506343,"arms","ideal",1,35,0.35
506343,"tolerance","ideal",11,75,8.25
616921,"democracy","paper",15,30,4.5
616921,"equality","paper",10,30,3
616921,"freedom","paper",20,20,4
616921,"individualism","paper",15,30,4.5
616921,"justice","paper",10,30,3
616921,"happiness","paper",10,10,1
616921,"arms","paper",15,50,7.5
616921,"tolerance","paper",5,20,1
616921,"democracy","ideal",20,30,6
616921,"equality","ideal",25,30,7.5
616921,"freedom","ideal",25,20,5
616921,"individualism","ideal",10,30,3
616921,"justice","ideal",10,30,3
616921,"happiness","ideal",5,10,0.5
616921,"arms","ideal",0,50,0
616921,"tolerance","ideal",5,20,1
467094,"democracy","paper",5,39,1.95
467094,"equality","paper",0,20,0
467094,"freedom","paper",5,31,1.55
467094,"individualism","paper",20,61,12.2
467094,"justice","paper",5,13,0.65
467094,"happiness","paper",20,44,8.8
467094,"arms","paper",40,69,27.6
467094,"tolerance","paper",5,55,2.75
467094,"democracy","ideal",5,39,1.95
467094,"equality","ideal",20,20,4
467094,"freedom","ideal",20,31,6.2
467094,"individualism","ideal",10,61,6.1
467094,"justice","ideal",20,13,2.6
467094,"happiness","ideal",15,44,6.6
467094,"arms","ideal",0,69,0
467094,"tolerance","ideal",10,55,5.5
629059,"democracy","paper",14,50,7
629059,"equality","paper",14,30,4.2
629059,"freedom","paper",14,40,5.6
629059,"individualism","paper",10,30,3
629059,"justice","paper",10,5,0.5
629059,"happiness","paper",14,40,5.6
629059,"arms","paper",14,50,7
629059,"tolerance","paper",10,20,2
629059,"democracy","ideal",14,50,7
629059,"equality","ideal",14,30,4.2
629059,"freedom","ideal",14,40,5.6
629059,"individualism","ideal",10,30,3
629059,"justice","ideal",10,5,0.5
629059,"happiness","ideal",14,40,5.6
629059,"arms","ideal",14,50,7
629059,"tolerance","ideal",10,20,2
868217,"democracy","paper",30,85,25.5
868217,"equality","paper",19,76,14.44
868217,"freedom","paper",15,60,9
868217,"individualism","paper",1,75,0.75
868217,"justice","paper",10,50,5
868217,"happiness","paper",10,70,7
868217,"arms","paper",10,70,7
868217,"tolerance","paper",5,71,3.55
868217,"democracy","ideal",23,85,19.55
868217,"equality","ideal",19,76,14.44
868217,"freedom","ideal",19,60,11.4
868217,"individualism","ideal",5,75,3.75
868217,"justice","ideal",10,50,5
868217,"happiness","ideal",9,70,6.3
868217,"arms","ideal",10,70,7
868217,"tolerance","ideal",5,71,3.55
294232,"democracy","paper",20,63,12.6
294232,"equality","paper",9,54,4.86
294232,"freedom","paper",14,66,9.24
294232,"individualism","paper",15,62,9.3
294232,"justice","paper",16,67,10.72
294232,"happiness","paper",11,75,8.25
294232,"arms","paper",10,87,8.7
294232,"tolerance","paper",5,63,3.15
294232,"democracy","ideal",13,63,8.19
294232,"equality","ideal",1,54,0.54
294232,"freedom","ideal",12,66,7.92
294232,"individualism","ideal",9,62,5.58
294232,"justice","ideal",9,67,6.03
294232,"happiness","ideal",22,75,16.5
294232,"arms","ideal",24,87,20.88
294232,"tolerance","ideal",10,63,6.3
231765,"democracy","paper",25,30,7.5
231765,"equality","paper",15,10,1.5
231765,"freedom","paper",25,10,2.5
231765,"individualism","paper",5,5,0.25
231765,"justice","paper",10,5,0.5
231765,"happiness","paper",10,5,0.5
231765,"arms","paper",5,30,1.5
231765,"tolerance","paper",5,5,0.25
231765,"democracy","ideal",20,30,6
231765,"equality","ideal",20,10,2
231765,"freedom","ideal",15,10,1.5
231765,"individualism","ideal",5,5,0.25
231765,"justice","ideal",15,5,0.75
231765,"happiness","ideal",12,5,0.6
231765,"arms","ideal",3,30,0.9
231765,"tolerance","ideal",10,5,0.5
443080,"democracy","paper",29,80,23.2
443080,"equality","paper",19,50,9.5
443080,"freedom","paper",29,90,26.1
443080,"individualism","paper",10,100,10
443080,"justice","paper",0,50,0
443080,"happiness","paper",13,80,10.4
443080,"arms","paper",0,100,0
443080,"tolerance","paper",0,50,0
443080,"democracy","ideal",100,80,80
443080,"equality","ideal",0,50,0
443080,"freedom","ideal",0,90,0
443080,"individualism","ideal",0,100,0
443080,"justice","ideal",0,50,0
443080,"happiness","ideal",0,80,0
443080,"arms","ideal",0,100,0
443080,"tolerance","ideal",0,50,0
823158,"democracy","paper",21,67,14.07
823158,"equality","paper",14,50,7
823158,"freedom","paper",17,79,13.43
823158,"individualism","paper",10,59,5.9
823158,"justice","paper",6,32,1.92
823158,"happiness","paper",7,44,3.08
823158,"arms","paper",15,53,7.95
823158,"tolerance","paper",10,49,4.9
823158,"democracy","ideal",18,67,12.06
823158,"equality","ideal",18,50,9
823158,"freedom","ideal",17,79,13.43
823158,"individualism","ideal",8,59,4.72
823158,"justice","ideal",17,32,5.44
823158,"happiness","ideal",13,44,5.72
823158,"arms","ideal",0,53,0
823158,"tolerance","ideal",9,49,4.41
378508,"democracy","paper",22,4,0.88
378508,"equality","paper",4,3,0.12
378508,"freedom","paper",31,15,4.65
378508,"individualism","paper",1,10,0.1
378508,"justice","paper",28,25,7
378508,"happiness","paper",2,20,0.4
378508,"arms","paper",11,100,11
378508,"tolerance","paper",1,5,0.05
378508,"democracy","ideal",6,4,0.24
378508,"equality","ideal",18,3,0.54
378508,"freedom","ideal",44,15,6.6
378508,"individualism","ideal",6,10,0.6
378508,"justice","ideal",7,25,1.75
378508,"happiness","ideal",12,20,2.4
378508,"arms","ideal",0,100,0
378508,"tolerance","ideal",7,5,0.35
607948,"democracy","paper",20,60,12
607948,"equality","paper",10,39,3.9
607948,"freedom","paper",20,72,14.4
607948,"individualism","paper",5,66,3.3
607948,"justice","paper",20,38,7.6
607948,"happiness","paper",10,72,7.2
607948,"arms","paper",5,72,3.6
607948,"tolerance","paper",10,55,5.5
607948,"democracy","ideal",30,60,18
607948,"equality","ideal",2,39,0.78
607948,"freedom","ideal",30,72,21.6
607948,"individualism","ideal",2,66,1.32
607948,"justice","ideal",30,38,11.4
607948,"happiness","ideal",2,72,1.44
607948,"arms","ideal",2,72,1.44
607948,"tolerance","ideal",2,55,1.1
592203,"democracy","paper",70,95,66.5
592203,"equality","paper",0,0,0
592203,"freedom","paper",10,0,0
592203,"individualism","paper",0,0,0
592203,"justice","paper",0,0,0
592203,"happiness","paper",0,0,0
592203,"arms","paper",20,90,18
592203,"tolerance","paper",0,0,0
592203,"democracy","ideal",0,95,0
592203,"equality","ideal",15,0,0
592203,"freedom","ideal",15,0,0
592203,"individualism","ideal",15,0,0
592203,"justice","ideal",10,0,0
592203,"happiness","ideal",30,0,0
592203,"arms","ideal",0,90,0
592203,"tolerance","ideal",15,0,0
790806,"democracy","paper",10,75,7.5
790806,"equality","paper",10,50,5
790806,"freedom","paper",20,75,15
790806,"individualism","paper",10,50,5
790806,"justice","paper",20,50,10
790806,"happiness","paper",10,50,5
790806,"arms","paper",10,75,7.5
790806,"tolerance","paper",10,25,2.5
790806,"democracy","ideal",10,75,7.5
790806,"equality","ideal",10,50,5
790806,"freedom","ideal",20,75,15
790806,"individualism","ideal",10,50,5
790806,"justice","ideal",20,50,10
790806,"happiness","ideal",20,50,10
790806,"arms","ideal",0,75,0
790806,"tolerance","ideal",10,25,2.5
451659,"democracy","paper",20,59,11.8
451659,"equality","paper",20,65,13
451659,"freedom","paper",20,62,12.4
451659,"individualism","paper",10,63,6.3
451659,"justice","paper",10,72,7.2
451659,"happiness","paper",10,67,6.7
451659,"arms","paper",5,47,2.35
451659,"tolerance","paper",5,79,3.95
451659,"democracy","ideal",15,59,8.85
451659,"equality","ideal",20,65,13
451659,"freedom","ideal",25,62,15.5
451659,"individualism","ideal",9,63,5.67
451659,"justice","ideal",12,72,8.64
451659,"happiness","ideal",7,67,4.69
451659,"arms","ideal",6,47,2.82
451659,"tolerance","ideal",6,79,4.74
255449,"democracy","paper",17,13,2.21
255449,"equality","paper",8,4,0.32
255449,"freedom","paper",25,5,1.25
255449,"individualism","paper",2,0,0
255449,"justice","paper",12,3,0.36
255449,"happiness","paper",15,1,0.15
255449,"arms","paper",20,40,8
255449,"tolerance","paper",1,3,0.03
255449,"democracy","ideal",19,13,2.47
255449,"equality","ideal",19,4,0.76
255449,"freedom","ideal",19,5,0.95
255449,"individualism","ideal",9,0,0
255449,"justice","ideal",9,3,0.27
255449,"happiness","ideal",6,1,0.06
255449,"arms","ideal",5,40,2
255449,"tolerance","ideal",14,3,0.42
676643,"democracy","paper",15,40,6
676643,"equality","paper",10,10,1
676643,"freedom","paper",25,50,12.5
676643,"individualism","paper",10,90,9
676643,"justice","paper",10,60,6
676643,"happiness","paper",10,70,7
676643,"arms","paper",10,80,8
676643,"tolerance","paper",10,15,1.5
676643,"democracy","ideal",20,40,8
676643,"equality","ideal",20,10,2
676643,"freedom","ideal",15,50,7.5
676643,"individualism","ideal",0,90,0
676643,"justice","ideal",25,60,15
676643,"happiness","ideal",10,70,7
676643,"arms","ideal",0,80,0
676643,"tolerance","ideal",10,15,1.5
495649,"democracy","paper",10,73,7.3
495649,"equality","paper",10,60,6
495649,"freedom","paper",10,92,9.2
495649,"individualism","paper",10,92,9.2
495649,"justice","paper",20,54,10.8
495649,"happiness","paper",20,87,17.4
495649,"arms","paper",5,94,4.7
495649,"tolerance","paper",15,60,9
495649,"democracy","ideal",20,73,14.6
495649,"equality","ideal",20,60,12
495649,"freedom","ideal",10,92,9.2
495649,"individualism","ideal",10,92,9.2
495649,"justice","ideal",10,54,5.4
495649,"happiness","ideal",10,87,8.7
495649,"arms","ideal",10,94,9.4
495649,"tolerance","ideal",10,60,6
931173,"democracy","paper",0,60,0
931173,"equality","paper",10,81,8.1
931173,"freedom","paper",50,100,50
931173,"individualism","paper",0,83,0
931173,"justice","paper",0,61,0
931173,"happiness","paper",30,100,30
931173,"arms","paper",10,100,10
931173,"tolerance","paper",0,84,0
931173,"democracy","ideal",0,60,0
931173,"equality","ideal",10,81,8.1
931173,"freedom","ideal",50,100,50
931173,"individualism","ideal",0,83,0
931173,"justice","ideal",0,61,0
931173,"happiness","ideal",30,100,30
931173,"arms","ideal",10,100,10
931173,"tolerance","ideal",0,84,0
675211,"democracy","paper",8,54,4.32
675211,"equality","paper",2,35,0.7
675211,"freedom","paper",50,91,45.5
675211,"individualism","paper",0,64,0
675211,"justice","paper",40,40,16
675211,"happiness","paper",0,52,0
675211,"arms","paper",0,96,0
675211,"tolerance","paper",0,37,0
675211,"democracy","ideal",0,54,0
675211,"equality","ideal",23,35,8.05
675211,"freedom","ideal",7,91,6.37
675211,"individualism","ideal",0,64,0
675211,"justice","ideal",70,40,28
675211,"happiness","ideal",0,52,0
675211,"arms","ideal",0,96,0
675211,"tolerance","ideal",0,37,0
594837,"democracy","paper",20,61,12.2
594837,"equality","paper",10,53,5.3
594837,"freedom","paper",15,62,9.3
594837,"individualism","paper",15,77,11.55
594837,"justice","paper",10,56,5.6
594837,"happiness","paper",15,64,9.6
594837,"arms","paper",5,85,4.25
594837,"tolerance","paper",10,63,6.3
594837,"democracy","ideal",15,61,9.15
594837,"equality","ideal",20,53,10.6
594837,"freedom","ideal",15,62,9.3
594837,"individualism","ideal",10,77,7.7
594837,"justice","ideal",15,56,8.4
594837,"happiness","ideal",10,64,6.4
594837,"arms","ideal",0,85,0
594837,"tolerance","ideal",15,63,9.45
565709,"democracy","paper",29,15,4.35
565709,"equality","paper",10,35,3.5
565709,"freedom","paper",20,25,5
565709,"individualism","paper",17,45,7.65
565709,"justice","paper",13,15,1.95
565709,"happiness","paper",3,35,1.05
565709,"arms","paper",5,50,2.5
565709,"tolerance","paper",3,55,1.65
565709,"democracy","ideal",15,15,2.25
565709,"equality","ideal",20,35,7
565709,"freedom","ideal",10,25,2.5
565709,"individualism","ideal",5,45,2.25
565709,"justice","ideal",20,15,3
565709,"happiness","ideal",15,35,5.25
565709,"arms","ideal",5,50,2.5
565709,"tolerance","ideal",10,55,5.5
906530,"democracy","paper",5,35,1.75
906530,"equality","paper",5,30,1.5
906530,"freedom","paper",20,75,15
906530,"individualism","paper",10,45,4.5
906530,"justice","paper",20,15,3
906530,"happiness","paper",15,75,11.25
906530,"arms","paper",20,55,11
906530,"tolerance","paper",5,80,4
906530,"democracy","ideal",3,35,1.05
906530,"equality","ideal",15,30,4.5
906530,"freedom","ideal",20,75,15
906530,"individualism","ideal",10,45,4.5
906530,"justice","ideal",20,15,3
906530,"happiness","ideal",10,75,7.5
906530,"arms","ideal",20,55,11
906530,"tolerance","ideal",2,80,1.6
975952,"democracy","paper",27,11,2.97
975952,"equality","paper",25,19,4.75
975952,"freedom","paper",27,12,3.24
975952,"individualism","paper",0,100,0
975952,"justice","paper",0,25,0
975952,"happiness","paper",21,16,3.36
975952,"arms","paper",0,100,0
975952,"tolerance","paper",0,15,0
975952,"democracy","ideal",19,11,2.09
975952,"equality","ideal",32,19,6.08
975952,"freedom","ideal",49,12,5.88
975952,"individualism","ideal",0,100,0
975952,"justice","ideal",0,25,0
975952,"happiness","ideal",0,16,0
975952,"arms","ideal",0,100,0
975952,"tolerance","ideal",0,15,0
414295,"democracy","paper",30,69,20.7
414295,"equality","paper",10,10,1
414295,"freedom","paper",25,5,1.25
414295,"individualism","paper",5,5,0.25
414295,"justice","paper",5,10,0.5
414295,"happiness","paper",10,14,1.4
414295,"arms","paper",15,20,3
414295,"tolerance","paper",0,15,0
414295,"democracy","ideal",25,69,17.25
414295,"equality","ideal",20,10,2
414295,"freedom","ideal",15,5,0.75
414295,"individualism","ideal",5,5,0.25
414295,"justice","ideal",6,10,0.6
414295,"happiness","ideal",20,14,2.8
414295,"arms","ideal",5,20,1
414295,"tolerance","ideal",4,15,0.6
673007,"democracy","paper",24,48,11.52
673007,"equality","paper",4,10,0.4
673007,"freedom","paper",36,2,0.72
673007,"individualism","paper",13,7,0.91
673007,"justice","paper",7,28,1.96
673007,"happiness","paper",11,37,4.07
673007,"arms","paper",1,82,0.82
673007,"tolerance","paper",4,14,0.56
673007,"democracy","ideal",30,48,14.4
673007,"equality","ideal",9,10,0.9
673007,"freedom","ideal",27,2,0.54
673007,"individualism","ideal",12,7,0.84
673007,"justice","ideal",4,28,1.12
673007,"happiness","ideal",14,37,5.18
673007,"arms","ideal",3,82,2.46
673007,"tolerance","ideal",1,14,0.14
541601,"democracy","paper",0,19,0
541601,"equality","paper",27,50,13.5
541601,"freedom","paper",34,100,34
541601,"individualism","paper",0,100,0
541601,"justice","paper",21,50,10.5
541601,"happiness","paper",18,100,18
541601,"arms","paper",0,20,0
541601,"tolerance","paper",0,20,0
541601,"democracy","ideal",7,19,1.33
541601,"equality","ideal",31,50,15.5
541601,"freedom","ideal",43,100,43
541601,"individualism","ideal",0,100,0
541601,"justice","ideal",19,50,9.5
541601,"happiness","ideal",0,100,0
541601,"arms","ideal",0,20,0
541601,"tolerance","ideal",0,20,0
903397,"democracy","paper",13,50,6.5
903397,"equality","paper",21,50,10.5
903397,"freedom","paper",18,50,9
903397,"individualism","paper",3,16,0.48
903397,"justice","paper",17,41,6.97
903397,"happiness","paper",13,39,5.07
903397,"arms","paper",6,16,0.96
903397,"tolerance","paper",9,52,4.68
903397,"democracy","ideal",9,50,4.5
903397,"equality","ideal",17,50,8.5
903397,"freedom","ideal",17,50,8.5
903397,"individualism","ideal",8,16,1.28
903397,"justice","ideal",15,41,6.15
903397,"happiness","ideal",10,39,3.9
903397,"arms","ideal",10,16,1.6
903397,"tolerance","ideal",14,52,7.28
481097,"democracy","paper",13,29,3.77
481097,"equality","paper",14,27,3.78
481097,"freedom","paper",14,84,11.76
481097,"individualism","paper",13,95,12.35
481097,"justice","paper",13,51,6.63
481097,"happiness","paper",13,51,6.63
481097,"arms","paper",8,15,1.2
481097,"tolerance","paper",12,13,1.56
481097,"democracy","ideal",14,29,4.06
481097,"equality","ideal",14,27,3.78
481097,"freedom","ideal",14,84,11.76
481097,"individualism","ideal",13,95,12.35
481097,"justice","ideal",14,51,7.14
481097,"happiness","ideal",1,51,0.51
481097,"arms","ideal",13,15,1.95
481097,"tolerance","ideal",17,13,2.21
927726,"democracy","paper",10,90,9
927726,"equality","paper",10,100,10
927726,"freedom","paper",40,95,38
927726,"individualism","paper",3,100,3
927726,"justice","paper",10,70,7
927726,"happiness","paper",15,95,14.25
927726,"arms","paper",10,95,9.5
927726,"tolerance","paper",2,90,1.8
927726,"democracy","ideal",11,90,9.9
927726,"equality","ideal",11,100,11
927726,"freedom","ideal",35,95,33.25
927726,"individualism","ideal",11,100,11
927726,"justice","ideal",11,70,7.7
927726,"happiness","ideal",11,95,10.45
927726,"arms","ideal",8,95,7.6
927726,"tolerance","ideal",2,90,1.8
141667,"democracy","paper",20,44,8.8
141667,"equality","paper",16,38,6.08
141667,"freedom","paper",16,44,7.04
141667,"individualism","paper",8,11,0.88
141667,"justice","paper",21,22,4.62
141667,"happiness","paper",10,15,1.5
141667,"arms","paper",0,57,0
141667,"tolerance","paper",9,10,0.9
141667,"democracy","ideal",21,44,9.24
141667,"equality","ideal",23,38,8.74
141667,"freedom","ideal",19,44,8.36
141667,"individualism","ideal",2,11,0.22
141667,"justice","ideal",18,22,3.96
141667,"happiness","ideal",11,15,1.65
141667,"arms","ideal",0,57,0
141667,"tolerance","ideal",6,10,0.6
959790,"democracy","paper",20,10,2
959790,"equality","paper",20,5,1
959790,"freedom","paper",20,10,2
959790,"individualism","paper",5,12,0.6
959790,"justice","paper",10,4,0.4
959790,"happiness","paper",10,7,0.7
959790,"arms","paper",10,11,1.1
959790,"tolerance","paper",5,3,0.15
959790,"democracy","ideal",5,10,0.5
959790,"equality","ideal",30,5,1.5
959790,"freedom","ideal",30,10,3
959790,"individualism","ideal",0,12,0
959790,"justice","ideal",10,4,0.4
959790,"happiness","ideal",0,7,0
959790,"arms","ideal",5,11,0.55
959790,"tolerance","ideal",20,3,0.6
599129,"democracy","paper",30,19,5.7
599129,"equality","paper",3,70,2.1
599129,"freedom","paper",22,55,12.1
599129,"individualism","paper",2,70,1.4
599129,"justice","paper",20,30,6
599129,"happiness","paper",10,50,5
599129,"arms","paper",10,100,10
599129,"tolerance","paper",3,50,1.5
599129,"democracy","ideal",15,19,2.85
599129,"equality","ideal",15,70,10.5
599129,"freedom","ideal",15,55,8.25
599129,"individualism","ideal",15,70,10.5
599129,"justice","ideal",10,30,3
599129,"happiness","ideal",15,50,7.5
599129,"arms","ideal",5,100,5
599129,"tolerance","ideal",10,50,5
343708,"democracy","paper",20,85,17
343708,"equality","paper",10,78,7.8
343708,"freedom","paper",50,98,49
343708,"individualism","paper",5,93,4.65
343708,"justice","paper",5,79,3.95
343708,"happiness","paper",10,91,9.1
343708,"arms","paper",0,50,0
343708,"tolerance","paper",0,31,0
343708,"democracy","ideal",5,85,4.25
343708,"equality","ideal",10,78,7.8
343708,"freedom","ideal",20,98,19.6
343708,"individualism","ideal",20,93,18.6
343708,"justice","ideal",5,79,3.95
343708,"happiness","ideal",30,91,27.3
343708,"arms","ideal",0,50,0
343708,"tolerance","ideal",10,31,3.1
981479,"democracy","paper",18,56,10.08
981479,"equality","paper",4,30,1.2
981479,"freedom","paper",23,55,12.65
981479,"individualism","paper",9,80,7.2
981479,"justice","paper",20,40,8
981479,"happiness","paper",15,80,12
981479,"arms","paper",7,80,5.6
981479,"tolerance","paper",4,40,1.6
981479,"democracy","ideal",15,56,8.4
981479,"equality","ideal",20,30,6
981479,"freedom","ideal",20,55,11
981479,"individualism","ideal",15,80,12
981479,"justice","ideal",10,40,4
981479,"happiness","ideal",0,80,0
981479,"arms","ideal",0,80,0
981479,"tolerance","ideal",20,40,8
545372,"democracy","paper",2,1,0.02
545372,"equality","paper",2,1,0.02
545372,"freedom","paper",2,1,0.02
545372,"individualism","paper",2,1,0.02
545372,"justice","paper",3,1,0.03
545372,"happiness","paper",1,1,0.01
545372,"arms","paper",1,1,0.01
545372,"tolerance","paper",87,100,87
545372,"democracy","ideal",1,1,0.01
545372,"equality","ideal",1,1,0.01
545372,"freedom","ideal",2,1,0.02
545372,"individualism","ideal",1,1,0.01
545372,"justice","ideal",1,1,0.01
545372,"happiness","ideal",1,1,0.01
545372,"arms","ideal",1,1,0.01
545372,"tolerance","ideal",92,100,92
812300,"democracy","paper",11,8,0.88
812300,"equality","paper",6,4,0.24
812300,"freedom","paper",4,5,0.2
812300,"individualism","paper",13,10,1.3
812300,"justice","paper",13,5,0.65
812300,"happiness","paper",11,6,0.66
812300,"arms","paper",16,7,1.12
812300,"tolerance","paper",26,18,4.68
812300,"democracy","ideal",6,8,0.48
812300,"equality","ideal",9,4,0.36
812300,"freedom","ideal",7,5,0.35
812300,"individualism","ideal",5,10,0.5
812300,"justice","ideal",6,5,0.3
812300,"happiness","ideal",17,6,1.02
812300,"arms","ideal",25,7,1.75
812300,"tolerance","ideal",25,18,4.5
687317,"democracy","paper",27,10,2.7
687317,"equality","paper",26,80,20.8
687317,"freedom","paper",21,67,14.07
687317,"individualism","paper",4,41,1.64
687317,"justice","paper",6,20,1.2
687317,"happiness","paper",7,38,2.66
687317,"arms","paper",2,10,0.2
687317,"tolerance","paper",7,54,3.78
687317,"democracy","ideal",15,10,1.5
687317,"equality","ideal",13,80,10.4
687317,"freedom","ideal",13,67,8.71
687317,"individualism","ideal",13,41,5.33
687317,"justice","ideal",13,20,2.6
687317,"happiness","ideal",9,38,3.42
687317,"arms","ideal",14,10,1.4
687317,"tolerance","ideal",10,54,5.4
434746,"democracy","paper",50,61,30.5
434746,"equality","paper",8,35,2.8
434746,"freedom","paper",8,50,4
434746,"individualism","paper",7,50,3.5
434746,"justice","paper",7,29,2.03
434746,"happiness","paper",8,63,5.04
434746,"arms","paper",9,79,7.11
434746,"tolerance","paper",3,19,0.57
434746,"democracy","ideal",4,61,2.44
434746,"equality","ideal",15,35,5.25
434746,"freedom","ideal",16,50,8
434746,"individualism","ideal",18,50,9
434746,"justice","ideal",21,29,6.09
434746,"happiness","ideal",21,63,13.23
434746,"arms","ideal",4,79,3.16
434746,"tolerance","ideal",1,19,0.19
812394,"democracy","paper",1,25,0.25
812394,"equality","paper",35,40,14
812394,"freedom","paper",25,65,16.25
812394,"individualism","paper",2,33,0.66
812394,"justice","paper",5,15,0.75
812394,"happiness","paper",17,20,3.4
812394,"arms","paper",15,100,15
812394,"tolerance","paper",0,12,0
812394,"democracy","ideal",13,25,3.25
812394,"equality","ideal",25,40,10
812394,"freedom","ideal",20,65,13
812394,"individualism","ideal",4,33,1.32
812394,"justice","ideal",17,15,2.55
812394,"happiness","ideal",15,20,3
812394,"arms","ideal",3,100,3
812394,"tolerance","ideal",3,12,0.36
185502,"democracy","paper",10,91,9.1
185502,"equality","paper",20,100,20
185502,"freedom","paper",10,100,10
185502,"individualism","paper",10,80,8
185502,"justice","paper",10,90,9
185502,"happiness","paper",10,55,5.5
185502,"arms","paper",20,70,14
185502,"tolerance","paper",10,50,5
185502,"democracy","ideal",20,91,18.2
185502,"equality","ideal",20,100,20
185502,"freedom","ideal",10,100,10
185502,"individualism","ideal",6,80,4.8
185502,"justice","ideal",4,90,3.6
185502,"happiness","ideal",3,55,1.65
185502,"arms","ideal",17,70,11.9
185502,"tolerance","ideal",20,50,10
218910,"democracy","paper",10,14,1.4
218910,"equality","paper",4,7,0.28
218910,"freedom","paper",5,11,0.55
218910,"individualism","paper",20,96,19.2
218910,"justice","paper",1,8,0.08
218910,"happiness","paper",25,20,5
218910,"arms","paper",30,50,15
218910,"tolerance","paper",5,14,0.7
218910,"democracy","ideal",5,14,0.7
218910,"equality","ideal",10,7,0.7
218910,"freedom","ideal",5,11,0.55
218910,"individualism","ideal",10,96,9.6
218910,"justice","ideal",40,8,3.2
218910,"happiness","ideal",10,20,2
218910,"arms","ideal",0,50,0
218910,"tolerance","ideal",20,14,2.8
104220,"democracy","paper",50,25,12.5
104220,"equality","paper",2,9,0.18
104220,"freedom","paper",26,5,1.3
104220,"individualism","paper",0,14,0
104220,"justice","paper",0,11,0
104220,"happiness","paper",10,12,1.2
104220,"arms","paper",12,4,0.48
104220,"tolerance","paper",0,8,0
104220,"democracy","ideal",0,25,0
104220,"equality","ideal",0,9,0
104220,"freedom","ideal",20,5,1
104220,"individualism","ideal",7,14,0.98
104220,"justice","ideal",18,11,1.98
104220,"happiness","ideal",20,12,2.4
104220,"arms","ideal",25,4,1
104220,"tolerance","ideal",10,8,0.8
331229,"democracy","paper",22,36,7.92
331229,"equality","paper",15,0,0
331229,"freedom","paper",22,0,0
331229,"individualism","paper",2,0,0
331229,"justice","paper",17,0,0
331229,"happiness","paper",4,0,0
331229,"arms","paper",12,50,6
331229,"tolerance","paper",6,0,0
331229,"democracy","ideal",27,36,9.72
331229,"equality","ideal",28,0,0
331229,"freedom","ideal",23,0,0
331229,"individualism","ideal",0,0,0
331229,"justice","ideal",22,0,0
331229,"happiness","ideal",0,0,0
331229,"arms","ideal",0,50,0
331229,"tolerance","ideal",0,0,0
425136,"democracy","paper",20,41,8.2
425136,"equality","paper",5,10,0.5
425136,"freedom","paper",40,71,28.4
425136,"individualism","paper",0,91,0
425136,"justice","paper",10,40,4
425136,"happiness","paper",15,50,7.5
425136,"arms","paper",10,100,10
425136,"tolerance","paper",0,41,0
425136,"democracy","ideal",15,41,6.15
425136,"equality","ideal",15,10,1.5
425136,"freedom","ideal",16,71,11.36
425136,"individualism","ideal",12,91,10.92
425136,"justice","ideal",12,40,4.8
425136,"happiness","ideal",12,50,6
425136,"arms","ideal",6,100,6
425136,"tolerance","ideal",12,41,4.92
727893,"democracy","paper",50,60,30
727893,"equality","paper",25,50,12.5
727893,"freedom","paper",5,50,2.5
727893,"individualism","paper",0,50,0
727893,"justice","paper",20,40,8
727893,"happiness","paper",0,25,0
727893,"arms","paper",0,45,0
727893,"tolerance","paper",0,20,0
727893,"democracy","ideal",0,60,0
727893,"equality","ideal",40,50,20
727893,"freedom","ideal",35,50,17.5
727893,"individualism","ideal",10,50,5
727893,"justice","ideal",10,40,4
727893,"happiness","ideal",5,25,1.25
727893,"arms","ideal",0,45,0
727893,"tolerance","ideal",0,20,0
950794,"democracy","paper",25,85,21.25
950794,"equality","paper",10,70,7
950794,"freedom","paper",20,80,16
950794,"individualism","paper",5,30,1.5
950794,"justice","paper",15,75,11.25
950794,"happiness","paper",15,70,10.5
950794,"arms","paper",5,50,2.5
950794,"tolerance","paper",5,75,3.75
950794,"democracy","ideal",25,85,21.25
950794,"equality","ideal",15,70,10.5
950794,"freedom","ideal",20,80,16
950794,"individualism","ideal",5,30,1.5
950794,"justice","ideal",15,75,11.25
950794,"happiness","ideal",10,70,7
950794,"arms","ideal",0,50,0
950794,"tolerance","ideal",10,75,7.5
801270,"democracy","paper",20,5,1
801270,"equality","paper",20,1,0.2
801270,"freedom","paper",15,5,0.75
801270,"individualism","paper",10,30,3
801270,"justice","paper",10,3,0.3
801270,"happiness","paper",10,2,0.2
801270,"arms","paper",5,28,1.4
801270,"tolerance","paper",10,1,0.1
801270,"democracy","ideal",10,5,0.5
801270,"equality","ideal",15,1,0.15
801270,"freedom","ideal",15,5,0.75
801270,"individualism","ideal",15,30,4.5
801270,"justice","ideal",15,3,0.45
801270,"happiness","ideal",15,2,0.3
801270,"arms","ideal",0,28,0
801270,"tolerance","ideal",15,1,0.15
972002,"democracy","paper",10,4,0.4
972002,"equality","paper",15,4,0.6
972002,"freedom","paper",15,5,0.75
972002,"individualism","paper",20,4,0.8
972002,"justice","paper",10,4,0.4
972002,"happiness","paper",10,4,0.4
972002,"arms","paper",10,15,1.5
972002,"tolerance","paper",10,4,0.4
972002,"democracy","ideal",15,4,0.6
972002,"equality","ideal",15,4,0.6
972002,"freedom","ideal",15,5,0.75
972002,"individualism","ideal",10,4,0.4
972002,"justice","ideal",10,4,0.4
972002,"happiness","ideal",15,4,0.6
972002,"arms","ideal",10,15,1.5
972002,"tolerance","ideal",10,4,0.4
887106,"democracy","paper",30,88,26.4
887106,"equality","paper",15,66,9.9
887106,"freedom","paper",9,82,7.38
887106,"individualism","paper",12,69,8.28
887106,"justice","paper",14,83,11.62
887106,"happiness","paper",6,88,5.28
887106,"arms","paper",10,79,7.9
887106,"tolerance","paper",4,70,2.8
887106,"democracy","ideal",14,88,12.32
887106,"equality","ideal",10,66,6.6
887106,"freedom","ideal",16,82,13.12
887106,"individualism","ideal",12,69,8.28
887106,"justice","ideal",14,83,11.62
887106,"happiness","ideal",19,88,16.72
887106,"arms","ideal",8,79,6.32
887106,"tolerance","ideal",7,70,4.9
357672,"democracy","paper",24,49,11.76
357672,"equality","paper",16,22,3.52
357672,"freedom","paper",9,8,0.72
357672,"individualism","paper",1,23,0.23
357672,"justice","paper",17,11,1.87
357672,"happiness","paper",1,1,0.01
357672,"arms","paper",26,45,11.7
357672,"tolerance","paper",6,19,1.14
357672,"democracy","ideal",3,49,1.47
357672,"equality","ideal",20,22,4.4
357672,"freedom","ideal",9,8,0.72
357672,"individualism","ideal",2,23,0.46
357672,"justice","ideal",25,11,2.75
357672,"happiness","ideal",18,1,0.18
357672,"arms","ideal",11,45,4.95
357672,"tolerance","ideal",12,19,2.28
367642,"democracy","paper",9,10,0.9
367642,"equality","paper",1,19,0.19
367642,"freedom","paper",0,39,0
367642,"individualism","paper",35,63,22.05
367642,"justice","paper",20,27,5.4
367642,"happiness","paper",0,10,0
367642,"arms","paper",35,31,10.85
367642,"tolerance","paper",0,27,0
367642,"democracy","ideal",14,10,1.4
367642,"equality","ideal",28,19,5.32
367642,"freedom","ideal",16,39,6.24
367642,"individualism","ideal",0,63,0
367642,"justice","ideal",3,27,0.81
367642,"happiness","ideal",24,10,2.4
367642,"arms","ideal",1,31,0.31
367642,"tolerance","ideal",14,27,3.78
255273,"democracy","paper",5,50,2.5
255273,"equality","paper",10,80,8
255273,"freedom","paper",20,40,8
255273,"individualism","paper",20,70,14
255273,"justice","paper",5,20,1
255273,"happiness","paper",15,60,9
255273,"arms","paper",20,45,9
255273,"tolerance","paper",5,80,4
255273,"democracy","ideal",5,50,2.5
255273,"equality","ideal",5,80,4
255273,"freedom","ideal",20,40,8
255273,"individualism","ideal",20,70,14
255273,"justice","ideal",10,20,2
255273,"happiness","ideal",15,60,9
255273,"arms","ideal",20,45,9
255273,"tolerance","ideal",5,80,4
406327,"democracy","paper",10,72,7.2
406327,"equality","paper",10,50,5
406327,"freedom","paper",15,62,9.3
406327,"individualism","paper",30,96,28.8
406327,"justice","paper",15,47,7.05
406327,"happiness","paper",16,15,2.4
406327,"arms","paper",2,21,0.42
406327,"tolerance","paper",2,40,0.8
406327,"democracy","ideal",0,72,0
406327,"equality","ideal",30,50,15
406327,"freedom","ideal",20,62,12.4
406327,"individualism","ideal",5,96,4.8
406327,"justice","ideal",20,47,9.4
406327,"happiness","ideal",20,15,3
406327,"arms","ideal",0,21,0
406327,"tolerance","ideal",5,40,2
496026,"democracy","paper",50,75,37.5
496026,"equality","paper",25,30,7.5
496026,"freedom","paper",0,50,0
496026,"individualism","paper",0,50,0
496026,"justice","paper",0,20,0
496026,"happiness","paper",0,5,0
496026,"arms","paper",0,100,0
496026,"tolerance","paper",25,30,7.5
496026,"democracy","ideal",25,75,18.75
496026,"equality","ideal",30,30,9
496026,"freedom","ideal",10,50,5
496026,"individualism","ideal",0,50,0
496026,"justice","ideal",10,20,2
496026,"happiness","ideal",10,5,0.5
496026,"arms","ideal",5,100,5
496026,"tolerance","ideal",10,30,3
257520,"democracy","paper",39,22,8.58
257520,"equality","paper",6,10,0.6
257520,"freedom","paper",24,25,6
257520,"individualism","paper",14,37,5.18
257520,"justice","paper",6,24,1.44
257520,"happiness","paper",3,18,0.54
257520,"arms","paper",3,8,0.24
257520,"tolerance","paper",5,37,1.85
257520,"democracy","ideal",15,22,3.3
257520,"equality","ideal",9,10,0.9
257520,"freedom","ideal",4,25,1
257520,"individualism","ideal",22,37,8.14
257520,"justice","ideal",10,24,2.4
257520,"happiness","ideal",5,18,0.9
257520,"arms","ideal",10,8,0.8
257520,"tolerance","ideal",25,37,9.25
508500,"democracy","paper",17,72,12.24
508500,"equality","paper",14,55,7.7
508500,"freedom","paper",13,50,6.5
508500,"individualism","paper",13,75,9.75
508500,"justice","paper",11,70,7.7
508500,"happiness","paper",7,75,5.25
508500,"arms","paper",16,62,9.92
508500,"tolerance","paper",9,75,6.75
508500,"democracy","ideal",17,72,12.24
508500,"equality","ideal",12,55,6.6
508500,"freedom","ideal",7,50,3.5
508500,"individualism","ideal",5,75,3.75
508500,"justice","ideal",13,70,9.1
508500,"happiness","ideal",6,75,4.5
508500,"arms","ideal",26,62,16.12
508500,"tolerance","ideal",14,75,10.5
309392,"democracy","paper",20,20,4
309392,"equality","paper",24,50,12
309392,"freedom","paper",29,11,3.19
309392,"individualism","paper",5,5,0.25
309392,"justice","paper",4,12,0.48
309392,"happiness","paper",8,67,5.36
309392,"arms","paper",9,74,6.66
309392,"tolerance","paper",1,7,0.07
309392,"democracy","ideal",16,20,3.2
309392,"equality","ideal",10,50,5
309392,"freedom","ideal",30,11,3.3
309392,"individualism","ideal",5,5,0.25
309392,"justice","ideal",14,12,1.68
309392,"happiness","ideal",14,67,9.38
309392,"arms","ideal",6,74,4.44
309392,"tolerance","ideal",5,7,0.35
730496,"democracy","paper",10,90,9
730496,"equality","paper",20,50,10
730496,"freedom","paper",25,80,20
730496,"individualism","paper",5,75,3.75
730496,"justice","paper",10,60,6
730496,"happiness","paper",20,75,15
730496,"arms","paper",5,80,4
730496,"tolerance","paper",5,70,3.5
730496,"democracy","ideal",5,90,4.5
730496,"equality","ideal",5,50,2.5
730496,"freedom","ideal",30,80,24
730496,"individualism","ideal",5,75,3.75
730496,"justice","ideal",30,60,18
730496,"happiness","ideal",15,75,11.25
730496,"arms","ideal",5,80,4
730496,"tolerance","ideal",5,70,3.5
536815,"democracy","paper",9,60,5.4
536815,"equality","paper",18,71,12.78
536815,"freedom","paper",39,80,31.2
536815,"individualism","paper",23,80,18.4
536815,"justice","paper",4,70,2.8
536815,"happiness","paper",4,55,2.2
536815,"arms","paper",3,24,0.72
536815,"tolerance","paper",0,68,0
536815,"democracy","ideal",23,60,13.8
536815,"equality","ideal",4,71,2.84
536815,"freedom","ideal",36,80,28.8
536815,"individualism","ideal",10,80,8
536815,"justice","ideal",12,70,8.4
536815,"happiness","ideal",3,55,1.65
536815,"arms","ideal",10,24,2.4
536815,"tolerance","ideal",2,68,1.36
564182,"democracy","paper",9,19,1.71
564182,"equality","paper",9,32,2.88
564182,"freedom","paper",43,23,9.89
564182,"individualism","paper",17,9,1.53
564182,"justice","paper",9,16,1.44
564182,"happiness","paper",6,18,1.08
564182,"arms","paper",4,34,1.36
564182,"tolerance","paper",3,55,1.65
564182,"democracy","ideal",15,19,2.85
564182,"equality","ideal",15,32,4.8
564182,"freedom","ideal",25,23,5.75
564182,"individualism","ideal",15,9,1.35
564182,"justice","ideal",10,16,1.6
564182,"happiness","ideal",10,18,1.8
564182,"arms","ideal",5,34,1.7
564182,"tolerance","ideal",5,55,2.75
422033,"democracy","paper",15,25,3.75
422033,"equality","paper",10,35,3.5
422033,"freedom","paper",25,35,8.75
422033,"individualism","paper",15,35,5.25
422033,"justice","paper",10,35,3.5
422033,"happiness","paper",10,40,4
422033,"arms","paper",10,25,2.5
422033,"tolerance","paper",5,20,1
422033,"democracy","ideal",10,25,2.5
422033,"equality","ideal",10,35,3.5
422033,"freedom","ideal",25,35,8.75
422033,"individualism","ideal",15,35,5.25
422033,"justice","ideal",15,35,5.25
422033,"happiness","ideal",5,40,2
422033,"arms","ideal",15,25,3.75
422033,"tolerance","ideal",5,20,1
866123,"democracy","paper",25,66,16.5
866123,"equality","paper",1,51,0.51
866123,"freedom","paper",12,64,7.68
866123,"individualism","paper",5,52,2.6
866123,"justice","paper",10,41,4.1
866123,"happiness","paper",7,53,3.71
866123,"arms","paper",28,97,27.16
866123,"tolerance","paper",12,68,8.16
866123,"democracy","ideal",15,66,9.9
866123,"equality","ideal",15,51,7.65
866123,"freedom","ideal",15,64,9.6
866123,"individualism","ideal",15,52,7.8
866123,"justice","ideal",15,41,6.15
866123,"happiness","ideal",15,53,7.95
866123,"arms","ideal",5,97,4.85
866123,"tolerance","ideal",5,68,3.4
811552,"democracy","paper",26,39,10.14
811552,"equality","paper",13,25,3.25
811552,"freedom","paper",9,34,3.06
811552,"individualism","paper",15,49,7.35
811552,"justice","paper",7,34,2.38
811552,"happiness","paper",15,38,5.7
811552,"arms","paper",10,22,2.2
811552,"tolerance","paper",5,34,1.7
811552,"democracy","ideal",25,39,9.75
811552,"equality","ideal",16,25,4
811552,"freedom","ideal",16,34,5.44
811552,"individualism","ideal",13,49,6.37
811552,"justice","ideal",13,34,4.42
811552,"happiness","ideal",7,38,2.66
811552,"arms","ideal",6,22,1.32
811552,"tolerance","ideal",4,34,1.36
201809,"democracy","paper",30,60,18
201809,"equality","paper",5,20,1
201809,"freedom","paper",30,25,7.5
201809,"individualism","paper",5,25,1.25
201809,"justice","paper",10,20,2
201809,"happiness","paper",10,21,2.1
201809,"arms","paper",10,25,2.5
201809,"tolerance","paper",0,25,0
201809,"democracy","ideal",30,60,18
201809,"equality","ideal",30,20,6
201809,"freedom","ideal",20,25,5
201809,"individualism","ideal",0,25,0
201809,"justice","ideal",5,20,1
201809,"happiness","ideal",10,21,2.1
201809,"arms","ideal",5,25,1.25
201809,"tolerance","ideal",0,25,0
554210,"democracy","paper",10,44,4.4
554210,"equality","paper",17,62,10.54
554210,"freedom","paper",17,84,14.28
554210,"individualism","paper",8,84,6.72
554210,"justice","paper",12,3,0.36
554210,"happiness","paper",20,52,10.4
554210,"arms","paper",8,66,5.28
554210,"tolerance","paper",8,81,6.48
554210,"democracy","ideal",15,44,6.6
554210,"equality","ideal",25,62,15.5
554210,"freedom","ideal",16,84,13.44
554210,"individualism","ideal",0,84,0
554210,"justice","ideal",10,3,0.3
554210,"happiness","ideal",33,52,17.16
554210,"arms","ideal",0,66,0
554210,"tolerance","ideal",1,81,0.81
315333,"democracy","paper",15,65,9.75
315333,"equality","paper",15,90,13.5
315333,"freedom","paper",16,90,14.4
315333,"individualism","paper",9,90,8.1
315333,"justice","paper",9,90,8.1
315333,"happiness","paper",9,94,8.46
315333,"arms","paper",18,94,16.92
315333,"tolerance","paper",9,87,7.83
315333,"democracy","ideal",14,65,9.1
315333,"equality","ideal",14,90,12.6
315333,"freedom","ideal",13,90,11.7
315333,"individualism","ideal",13,90,11.7
315333,"justice","ideal",13,90,11.7
315333,"happiness","ideal",13,94,12.22
315333,"arms","ideal",14,94,13.16
315333,"tolerance","ideal",6,87,5.22
520196,"democracy","paper",40,50,20
520196,"equality","paper",20,40,8
520196,"freedom","paper",20,60,12
520196,"individualism","paper",0,20,0
520196,"justice","paper",10,30,3
520196,"happiness","paper",10,50,5
520196,"arms","paper",0,80,0
520196,"tolerance","paper",0,40,0
520196,"democracy","ideal",0,50,0
520196,"equality","ideal",50,40,20
520196,"freedom","ideal",50,60,30
520196,"individualism","ideal",0,20,0
520196,"justice","ideal",0,30,0
520196,"happiness","ideal",0,50,0
520196,"arms","ideal",0,80,0
520196,"tolerance","ideal",0,40,0
955515,"democracy","paper",13,50,6.5
955515,"equality","paper",12,100,12
955515,"freedom","paper",13,54,7.02
955515,"individualism","paper",12,100,12
955515,"justice","paper",14,73,10.22
955515,"happiness","paper",12,100,12
955515,"arms","paper",12,40,4.8
955515,"tolerance","paper",12,100,12
955515,"democracy","ideal",14,50,7
955515,"equality","ideal",12,100,12
955515,"freedom","ideal",14,54,7.56
955515,"individualism","ideal",12,100,12
955515,"justice","ideal",12,73,8.76
955515,"happiness","ideal",12,100,12
955515,"arms","ideal",12,40,4.8
955515,"tolerance","ideal",12,100,12
313390,"democracy","paper",15,67,10.05
313390,"equality","paper",10,56,5.6
313390,"freedom","paper",20,72,14.4
313390,"individualism","paper",15,53,7.95
313390,"justice","paper",15,66,9.9
313390,"happiness","paper",15,62,9.3
313390,"arms","paper",5,57,2.85
313390,"tolerance","paper",5,51,2.55
313390,"democracy","ideal",20,67,13.4
313390,"equality","ideal",10,56,5.6
313390,"freedom","ideal",20,72,14.4
313390,"individualism","ideal",10,53,5.3
313390,"justice","ideal",20,66,13.2
313390,"happiness","ideal",10,62,6.2
313390,"arms","ideal",5,57,2.85
313390,"tolerance","ideal",5,51,2.55
296143,"democracy","paper",20,72,14.4
296143,"equality","paper",10,61,6.1
296143,"freedom","paper",10,69,6.9
296143,"individualism","paper",10,63,6.3
296143,"justice","paper",20,70,14
296143,"happiness","paper",10,64,6.4
296143,"arms","paper",10,59,5.9
296143,"tolerance","paper",10,74,7.4
296143,"democracy","ideal",10,72,7.2
296143,"equality","ideal",30,61,18.3
296143,"freedom","ideal",10,69,6.9
296143,"individualism","ideal",10,63,6.3
296143,"justice","ideal",10,70,7
296143,"happiness","ideal",10,64,6.4
296143,"arms","ideal",10,59,5.9
296143,"tolerance","ideal",10,74,7.4
625226,"democracy","paper",20,70,14
625226,"equality","paper",10,90,9
625226,"freedom","paper",20,89,17.8
625226,"individualism","paper",10,100,10
625226,"justice","paper",15,80,12
625226,"happiness","paper",20,90,18
625226,"arms","paper",5,50,2.5
625226,"tolerance","paper",0,20,0
625226,"democracy","ideal",20,70,14
625226,"equality","ideal",15,90,13.5
625226,"freedom","ideal",20,89,17.8
625226,"individualism","ideal",5,100,5
625226,"justice","ideal",20,80,16
625226,"happiness","ideal",15,90,13.5
625226,"arms","ideal",0,50,0
625226,"tolerance","ideal",5,20,1
404200,"democracy","paper",20,75,15
404200,"equality","paper",5,75,3.75
404200,"freedom","paper",20,75,15
404200,"individualism","paper",5,100,5
404200,"justice","paper",11,75,8.25
404200,"happiness","paper",19,90,17.1
404200,"arms","paper",20,67,13.4
404200,"tolerance","paper",0,100,0
404200,"democracy","ideal",10,75,7.5
404200,"equality","ideal",10,75,7.5
404200,"freedom","ideal",21,75,15.75
404200,"individualism","ideal",10,100,10
404200,"justice","ideal",10,75,7.5
404200,"happiness","ideal",10,90,9
404200,"arms","ideal",20,67,13.4
404200,"tolerance","ideal",9,100,9
349975,"democracy","paper",18,57,10.26
349975,"equality","paper",1,50,0.5
349975,"freedom","paper",30,0,0
349975,"individualism","paper",3,100,3
349975,"justice","paper",21,3,0.63
349975,"happiness","paper",15,1,0.15
349975,"arms","paper",12,12,1.44
349975,"tolerance","paper",0,100,0
349975,"democracy","ideal",0,57,0
349975,"equality","ideal",0,50,0
349975,"freedom","ideal",23,0,0
349975,"individualism","ideal",4,100,4
349975,"justice","ideal",16,3,0.48
349975,"happiness","ideal",35,1,0.35
349975,"arms","ideal",22,12,2.64
349975,"tolerance","ideal",0,100,0
819061,"democracy","paper",27,51,13.77
819061,"equality","paper",16,45,7.2
819061,"freedom","paper",28,48,13.44
819061,"individualism","paper",3,48,1.44
819061,"justice","paper",12,50,6
819061,"happiness","paper",3,38,1.14
819061,"arms","paper",11,51,5.61
819061,"tolerance","paper",0,40,0
819061,"democracy","ideal",18,51,9.18
819061,"equality","ideal",16,45,7.2
819061,"freedom","ideal",18,48,8.64
819061,"individualism","ideal",11,48,5.28
819061,"justice","ideal",18,50,9
819061,"happiness","ideal",9,38,3.42
819061,"arms","ideal",3,51,1.53
819061,"tolerance","ideal",7,40,2.8
861585,"democracy","paper",15,53,7.95
861585,"equality","paper",13,54,7.02
861585,"freedom","paper",14,55,7.7
861585,"individualism","paper",15,38,5.7
861585,"justice","paper",12,34,4.08
861585,"happiness","paper",14,32,4.48
861585,"arms","paper",3,1,0.03
861585,"tolerance","paper",14,25,3.5
861585,"democracy","ideal",16,53,8.48
861585,"equality","ideal",16,54,8.64
861585,"freedom","ideal",17,55,9.35
861585,"individualism","ideal",16,38,6.08
861585,"justice","ideal",17,34,5.78
861585,"happiness","ideal",16,32,5.12
861585,"arms","ideal",0,1,0
861585,"tolerance","ideal",2,25,0.5
217616,"democracy","paper",33,92,30.36
217616,"equality","paper",12,90,10.8
217616,"freedom","paper",15,87,13.05
217616,"individualism","paper",8,87,6.96
217616,"justice","paper",14,87,12.18
217616,"happiness","paper",9,87,7.83
217616,"arms","paper",4,86,3.44
217616,"tolerance","paper",5,88,4.4
217616,"democracy","ideal",19,92,17.48
217616,"equality","ideal",19,90,17.1
217616,"freedom","ideal",19,87,16.53
217616,"individualism","ideal",19,87,16.53
217616,"justice","ideal",19,87,16.53
217616,"happiness","ideal",5,87,4.35
217616,"arms","ideal",0,86,0
217616,"tolerance","ideal",0,88,0
525063,"democracy","paper",0,0,0
525063,"equality","paper",5,100,5
525063,"freedom","paper",75,80,60
525063,"individualism","paper",5,90,4.5
525063,"justice","paper",5,48,2.4
525063,"happiness","paper",5,100,5
525063,"arms","paper",5,100,5
525063,"tolerance","paper",0,50,0
525063,"democracy","ideal",0,0,0
525063,"equality","ideal",0,100,0
525063,"freedom","ideal",90,80,72
525063,"individualism","ideal",0,90,0
525063,"justice","ideal",0,48,0
525063,"happiness","ideal",10,100,10
525063,"arms","ideal",0,100,0
525063,"tolerance","ideal",0,50,0
309193,"democracy","paper",15,82,12.3
309193,"equality","paper",15,75,11.25
309193,"freedom","paper",15,89,13.35
309193,"individualism","paper",15,93,13.95
309193,"justice","paper",10,61,6.1
309193,"happiness","paper",15,95,14.25
309193,"arms","paper",2,100,2
309193,"tolerance","paper",13,66,8.58
309193,"democracy","ideal",15,82,12.3
309193,"equality","ideal",15,75,11.25
309193,"freedom","ideal",15,89,13.35
309193,"individualism","ideal",15,93,13.95
309193,"justice","ideal",10,61,6.1
309193,"happiness","ideal",15,95,14.25
309193,"arms","ideal",0,100,0
309193,"tolerance","ideal",15,66,9.9
440125,"democracy","paper",3,34,1.02
440125,"equality","paper",9,25,2.25
440125,"freedom","paper",40,25,10
440125,"individualism","paper",16,63,10.08
440125,"justice","paper",3,43,1.29
440125,"happiness","paper",21,32,6.72
440125,"arms","paper",8,57,4.56
440125,"tolerance","paper",0,28,0
440125,"democracy","ideal",19,34,6.46
440125,"equality","ideal",2,25,0.5
440125,"freedom","ideal",18,25,4.5
440125,"individualism","ideal",10,63,6.3
440125,"justice","ideal",21,43,9.03
440125,"happiness","ideal",9,32,2.88
440125,"arms","ideal",2,57,1.14
440125,"tolerance","ideal",19,28,5.32
145922,"democracy","paper",25,20,5
145922,"equality","paper",10,46,4.6
145922,"freedom","paper",20,61,12.2
145922,"individualism","paper",5,57,2.85
145922,"justice","paper",20,28,5.6
145922,"happiness","paper",5,28,1.4
145922,"arms","paper",5,60,3
145922,"tolerance","paper",10,50,5
145922,"democracy","ideal",30,20,6
145922,"equality","ideal",5,46,2.3
145922,"freedom","ideal",25,61,15.25
145922,"individualism","ideal",5,57,2.85
145922,"justice","ideal",15,28,4.2
145922,"happiness","ideal",10,28,2.8
145922,"arms","ideal",5,60,3
145922,"tolerance","ideal",5,50,2.5
171329,"democracy","paper",16,23,3.68
171329,"equality","paper",24,11,2.64
171329,"freedom","paper",24,13,3.12
171329,"individualism","paper",8,13,1.04
171329,"justice","paper",16,10,1.6
171329,"happiness","paper",2,8,0.16
171329,"arms","paper",10,16,1.6
171329,"tolerance","paper",0,5,0
171329,"democracy","ideal",14,23,3.22
171329,"equality","ideal",18,11,1.98
171329,"freedom","ideal",18,13,2.34
171329,"individualism","ideal",11,13,1.43
171329,"justice","ideal",24,10,2.4
171329,"happiness","ideal",3,8,0.24
171329,"arms","ideal",11,16,1.76
171329,"tolerance","ideal",1,5,0.05
526760,"democracy","paper",16,74,11.84
526760,"equality","paper",14,59,8.26
526760,"freedom","paper",17,66,11.22
526760,"individualism","paper",11,60,6.6
526760,"justice","paper",10,69,6.9
526760,"happiness","paper",13,51,6.63
526760,"arms","paper",11,49,5.39
526760,"tolerance","paper",8,52,4.16
526760,"democracy","ideal",12,74,8.88
526760,"equality","ideal",12,59,7.08
526760,"freedom","ideal",13,66,8.58
526760,"individualism","ideal",13,60,7.8
526760,"justice","ideal",13,69,8.97
526760,"happiness","ideal",14,51,7.14
526760,"arms","ideal",12,49,5.88
526760,"tolerance","ideal",11,52,5.72
752772,"democracy","paper",10,40,4
752772,"equality","paper",10,40,4
752772,"freedom","paper",10,70,7
752772,"individualism","paper",30,45,13.5
752772,"justice","paper",10,30,3
752772,"happiness","paper",15,30,4.5
752772,"arms","paper",5,60,3
752772,"tolerance","paper",10,30,3
752772,"democracy","ideal",14,40,5.6
752772,"equality","ideal",11,40,4.4
752772,"freedom","ideal",13,70,9.1
752772,"individualism","ideal",13,45,5.85
752772,"justice","ideal",12,30,3.6
752772,"happiness","ideal",13,30,3.9
752772,"arms","ideal",12,60,7.2
752772,"tolerance","ideal",12,30,3.6
542148,"democracy","paper",15,7,1.05
542148,"equality","paper",24,18,4.32
542148,"freedom","paper",14,13,1.82
542148,"individualism","paper",3,2,0.06
542148,"justice","paper",20,14,2.8
542148,"happiness","paper",12,12,1.44
542148,"arms","paper",2,25,0.5
542148,"tolerance","paper",10,21,2.1
542148,"democracy","ideal",13,7,0.91
542148,"equality","ideal",29,18,5.22
542148,"freedom","ideal",13,13,1.69
542148,"individualism","ideal",1,2,0.02
542148,"justice","ideal",13,14,1.82
542148,"happiness","ideal",12,12,1.44
542148,"arms","ideal",10,25,2.5
542148,"tolerance","ideal",9,21,1.89
628929,"democracy","paper",19,40,7.6
628929,"equality","paper",20,40,8
628929,"freedom","paper",31,50,15.5
628929,"individualism","paper",0,40,0
628929,"justice","paper",10,60,6
628929,"happiness","paper",0,10,0
628929,"arms","paper",10,60,6
628929,"tolerance","paper",10,60,6
628929,"democracy","ideal",30,40,12
628929,"equality","ideal",20,40,8
628929,"freedom","ideal",20,50,10
628929,"individualism","ideal",0,40,0
628929,"justice","ideal",10,60,6
628929,"happiness","ideal",10,10,1
628929,"arms","ideal",10,60,6
628929,"tolerance","ideal",0,60,0
669616,"democracy","paper",30,90,27
669616,"equality","paper",3,30,0.9
669616,"freedom","paper",30,75,22.5
669616,"individualism","paper",4,70,2.8
669616,"justice","paper",15,80,12
669616,"happiness","paper",8,60,4.8
669616,"arms","paper",5,75,3.75
669616,"tolerance","paper",5,65,3.25
669616,"democracy","ideal",28,90,25.2
669616,"equality","ideal",15,30,4.5
669616,"freedom","ideal",27,75,20.25
669616,"individualism","ideal",5,70,3.5
669616,"justice","ideal",9,80,7.2
669616,"happiness","ideal",4,60,2.4
669616,"arms","ideal",7,75,5.25
669616,"tolerance","ideal",5,65,3.25
722563,"democracy","paper",15,48,7.2
722563,"equality","paper",10,18,1.8
722563,"freedom","paper",17,53,9.01
722563,"individualism","paper",5,50,2.5
722563,"justice","paper",16,25,4
722563,"happiness","paper",16,63,10.08
722563,"arms","paper",16,75,12
722563,"tolerance","paper",5,50,2.5
722563,"democracy","ideal",15,48,7.2
722563,"equality","ideal",10,18,1.8
722563,"freedom","ideal",15,53,7.95
722563,"individualism","ideal",10,50,5
722563,"justice","ideal",15,25,3.75
722563,"happiness","ideal",15,63,9.45
722563,"arms","ideal",15,75,11.25
722563,"tolerance","ideal",5,50,2.5
398009,"democracy","paper",43,100,43
398009,"equality","paper",8,6,0.48
398009,"freedom","paper",13,6,0.78
398009,"individualism","paper",7,6,0.42
398009,"justice","paper",9,7,0.63
398009,"happiness","paper",7,6,0.42
398009,"arms","paper",7,7,0.49
398009,"tolerance","paper",6,8,0.48
398009,"democracy","ideal",3,100,3
398009,"equality","ideal",11,6,0.66
398009,"freedom","ideal",11,6,0.66
398009,"individualism","ideal",11,6,0.66
398009,"justice","ideal",25,7,1.75
398009,"happiness","ideal",20,6,1.2
398009,"arms","ideal",19,7,1.33
398009,"tolerance","ideal",0,8,0
166819,"democracy","paper",11,60,6.6
166819,"equality","paper",15,71,10.65
166819,"freedom","paper",15,79,11.85
166819,"individualism","paper",9,89,8.01
166819,"justice","paper",11,79,8.69
166819,"happiness","paper",14,87,12.18
166819,"arms","paper",9,85,7.65
166819,"tolerance","paper",16,74,11.84
166819,"democracy","ideal",13,60,7.8
166819,"equality","ideal",13,71,9.23
166819,"freedom","ideal",13,79,10.27
166819,"individualism","ideal",14,89,12.46
166819,"justice","ideal",16,79,12.64
166819,"happiness","ideal",14,87,12.18
166819,"arms","ideal",8,85,6.8
166819,"tolerance","ideal",9,74,6.66
765333,"democracy","paper",15,0,0
765333,"equality","paper",14,0,0
765333,"freedom","paper",15,0,0
765333,"individualism","paper",14,0,0
765333,"justice","paper",14,0,0
765333,"happiness","paper",14,0,0
765333,"arms","paper",14,100,14
765333,"tolerance","paper",0,0,0
765333,"democracy","ideal",16,0,0
765333,"equality","ideal",17,0,0
765333,"freedom","ideal",16,0,0
765333,"individualism","ideal",0,0,0
765333,"justice","ideal",17,0,0
765333,"happiness","ideal",17,0,0
765333,"arms","ideal",0,100,0
765333,"tolerance","ideal",17,0,0
505185,"democracy","paper",18,36,6.48
505185,"equality","paper",14,20,2.8
505185,"freedom","paper",14,28,3.92
505185,"individualism","paper",15,36,5.4
505185,"justice","paper",11,51,5.61
505185,"happiness","paper",11,66,7.26
505185,"arms","paper",9,51,4.59
505185,"tolerance","paper",8,58,4.64
505185,"democracy","ideal",17,36,6.12
505185,"equality","ideal",20,20,4
505185,"freedom","ideal",15,28,4.2
505185,"individualism","ideal",20,36,7.2
505185,"justice","ideal",7,51,3.57
505185,"happiness","ideal",11,66,7.26
505185,"arms","ideal",3,51,1.53
505185,"tolerance","ideal",7,58,4.06
627907,"democracy","paper",20,66,13.2
627907,"equality","paper",21,71,14.91
627907,"freedom","paper",25,86,21.5
627907,"individualism","paper",8,60,4.8
627907,"justice","paper",16,49,7.84
627907,"happiness","paper",7,60,4.2
627907,"arms","paper",0,65,0
627907,"tolerance","paper",3,68,2.04
627907,"democracy","ideal",18,66,11.88
627907,"equality","ideal",15,71,10.65
627907,"freedom","ideal",24,86,20.64
627907,"individualism","ideal",9,60,5.4
627907,"justice","ideal",28,49,13.72
627907,"happiness","ideal",5,60,3
627907,"arms","ideal",0,65,0
627907,"tolerance","ideal",1,68,0.68
978323,"democracy","paper",30,69,20.7
978323,"equality","paper",11,50,5.5
978323,"freedom","paper",12,90,10.8
978323,"individualism","paper",12,66,7.92
978323,"justice","paper",10,69,6.9
978323,"happiness","paper",10,69,6.9
978323,"arms","paper",5,100,5
978323,"tolerance","paper",10,70,7
978323,"democracy","ideal",22,69,15.18
978323,"equality","ideal",13,50,6.5
978323,"freedom","ideal",14,90,12.6
978323,"individualism","ideal",10,66,6.6
978323,"justice","ideal",10,69,6.9
978323,"happiness","ideal",14,69,9.66
978323,"arms","ideal",5,100,5
978323,"tolerance","ideal",12,70,8.4
573401,"democracy","paper",20,15,3
573401,"equality","paper",7,15,1.05
573401,"freedom","paper",31,25,7.75
573401,"individualism","paper",7,75,5.25
573401,"justice","paper",10,20,2
573401,"happiness","paper",16,17,2.72
573401,"arms","paper",6,50,3
573401,"tolerance","paper",3,31,0.93
573401,"democracy","ideal",17,15,2.55
573401,"equality","ideal",20,15,3
573401,"freedom","ideal",14,25,3.5
573401,"individualism","ideal",2,75,1.5
573401,"justice","ideal",11,20,2.2
573401,"happiness","ideal",14,17,2.38
573401,"arms","ideal",2,50,1
573401,"tolerance","ideal",20,31,6.2
716879,"democracy","paper",0,20,0
716879,"equality","paper",0,10,0
716879,"freedom","paper",35,30,10.5
716879,"individualism","paper",0,20,0
716879,"justice","paper",12,30,3.6
716879,"happiness","paper",0,10,0
716879,"arms","paper",53,50,26.5
716879,"tolerance","paper",0,20,0
716879,"democracy","ideal",0,20,0
716879,"equality","ideal",0,10,0
716879,"freedom","ideal",26,30,7.8
716879,"individualism","ideal",0,20,0
716879,"justice","ideal",12,30,3.6
716879,"happiness","ideal",2,10,0.2
716879,"arms","ideal",60,50,30
716879,"tolerance","ideal",0,20,0
883197,"democracy","paper",23,90,20.7
883197,"equality","paper",30,90,27
883197,"freedom","paper",15,100,15
883197,"individualism","paper",0,35,0
883197,"justice","paper",4,35,1.4
883197,"happiness","paper",0,35,0
883197,"arms","paper",0,35,0
883197,"tolerance","paper",28,90,25.2
883197,"democracy","ideal",16,90,14.4
883197,"equality","ideal",16,90,14.4
883197,"freedom","ideal",30,100,30
883197,"individualism","ideal",0,35,0
883197,"justice","ideal",19,35,6.65
883197,"happiness","ideal",9,35,3.15
883197,"arms","ideal",10,35,3.5
883197,"tolerance","ideal",0,90,0
460869,"democracy","paper",25,57,14.25
460869,"equality","paper",16,40,6.4
460869,"freedom","paper",25,44,11
460869,"individualism","paper",9,30,2.7
460869,"justice","paper",9,30,2.7
460869,"happiness","paper",8,34,2.72
460869,"arms","paper",3,56,1.68
460869,"tolerance","paper",5,22,1.1
460869,"democracy","ideal",15,57,8.55
460869,"equality","ideal",14,40,5.6
460869,"freedom","ideal",15,44,6.6
460869,"individualism","ideal",14,30,4.2
460869,"justice","ideal",12,30,3.6
460869,"happiness","ideal",10,34,3.4
460869,"arms","ideal",10,56,5.6
460869,"tolerance","ideal",10,22,2.2
953820,"democracy","paper",15,95,14.25
953820,"equality","paper",10,65,6.5
953820,"freedom","paper",35,100,35
953820,"individualism","paper",10,100,10
953820,"justice","paper",5,50,2.5
953820,"happiness","paper",10,95,9.5
953820,"arms","paper",5,100,5
953820,"tolerance","paper",10,50,5
953820,"democracy","ideal",15,95,14.25
953820,"equality","ideal",15,65,9.75
953820,"freedom","ideal",11,100,11
953820,"individualism","ideal",5,100,5
953820,"justice","ideal",30,50,15
953820,"happiness","ideal",10,95,9.5
953820,"arms","ideal",0,100,0
953820,"tolerance","ideal",14,50,7
461385,"democracy","paper",20,61,12.2
461385,"equality","paper",20,80,16
461385,"freedom","paper",20,70,14
461385,"individualism","paper",0,100,0
461385,"justice","paper",20,56,11.2
461385,"happiness","paper",20,80,16
461385,"arms","paper",0,29,0
461385,"tolerance","paper",0,61,0
461385,"democracy","ideal",20,61,12.2
461385,"equality","ideal",20,80,16
461385,"freedom","ideal",20,70,14
461385,"individualism","ideal",0,100,0
461385,"justice","ideal",20,56,11.2
461385,"happiness","ideal",20,80,16
461385,"arms","ideal",0,29,0
461385,"tolerance","ideal",0,61,0
265520,"democracy","paper",23,63,14.49
265520,"equality","paper",23,73,16.79
265520,"freedom","paper",14,71,9.94
265520,"individualism","paper",3,21,0.63
265520,"justice","paper",15,49,7.35
265520,"happiness","paper",4,40,1.6
265520,"arms","paper",3,34,1.02
265520,"tolerance","paper",15,39,5.85
265520,"democracy","ideal",17,63,10.71
265520,"equality","ideal",19,73,13.87
265520,"freedom","ideal",12,71,8.52
265520,"individualism","ideal",3,21,0.63
265520,"justice","ideal",15,49,7.35
265520,"happiness","ideal",9,40,3.6
265520,"arms","ideal",6,34,2.04
265520,"tolerance","ideal",19,39,7.41
564935,"democracy","paper",40,41,16.4
564935,"equality","paper",19,17,3.23
564935,"freedom","paper",14,9,1.26
564935,"individualism","paper",0,7,0
564935,"justice","paper",11,9,0.99
564935,"happiness","paper",5,8,0.4
564935,"arms","paper",11,6,0.66
564935,"tolerance","paper",0,5,0
564935,"democracy","ideal",17,41,6.97
564935,"equality","ideal",8,17,1.36
564935,"freedom","ideal",9,9,0.81
564935,"individualism","ideal",12,7,0.84
564935,"justice","ideal",30,9,2.7
564935,"happiness","ideal",12,8,0.96
564935,"arms","ideal",11,6,0.66
564935,"tolerance","ideal",1,5,0.05
726166,"democracy","paper",10,30,3
726166,"equality","paper",10,50,5
726166,"freedom","paper",15,60,9
726166,"individualism","paper",10,40,4
726166,"justice","paper",15,40,6
726166,"happiness","paper",15,40,6
726166,"arms","paper",15,59,8.85
726166,"tolerance","paper",10,40,4
726166,"democracy","ideal",8,30,2.4
726166,"equality","ideal",8,50,4
726166,"freedom","ideal",28,60,16.8
726166,"individualism","ideal",7,40,2.8
726166,"justice","ideal",26,40,10.4
726166,"happiness","ideal",8,40,3.2
726166,"arms","ideal",9,59,5.31
726166,"tolerance","ideal",6,40,2.4
518893,"democracy","paper",45,30,13.5
518893,"equality","paper",0,20,0
518893,"freedom","paper",0,20,0
518893,"individualism","paper",15,15,2.25
518893,"justice","paper",5,10,0.5
518893,"happiness","paper",10,30,3
518893,"arms","paper",25,90,22.5
518893,"tolerance","paper",0,25,0
518893,"democracy","ideal",20,30,6
518893,"equality","ideal",20,20,4
518893,"freedom","ideal",15,20,3
518893,"individualism","ideal",10,15,1.5
518893,"justice","ideal",5,10,0.5
518893,"happiness","ideal",10,30,3
518893,"arms","ideal",10,90,9
518893,"tolerance","ideal",10,25,2.5
225139,"democracy","paper",21,2,0.42
225139,"equality","paper",11,3,0.33
225139,"freedom","paper",9,48,4.32
225139,"individualism","paper",14,5,0.7
225139,"justice","paper",5,5,0.25
225139,"happiness","paper",31,12,3.72
225139,"arms","paper",5,3,0.15
225139,"tolerance","paper",4,19,0.76
225139,"democracy","ideal",22,2,0.44
225139,"equality","ideal",15,3,0.45
225139,"freedom","ideal",15,48,7.2
225139,"individualism","ideal",13,5,0.65
225139,"justice","ideal",3,5,0.15
225139,"happiness","ideal",18,12,2.16
225139,"arms","ideal",8,3,0.24
225139,"tolerance","ideal",6,19,1.14
385015,"democracy","paper",10,40,4
385015,"equality","paper",15,49,7.35
385015,"freedom","paper",20,30,6
385015,"individualism","paper",3,40,1.2
385015,"justice","paper",15,21,3.15
385015,"happiness","paper",20,83,16.6
385015,"arms","paper",15,34,5.1
385015,"tolerance","paper",2,93,1.86
385015,"democracy","ideal",5,40,2
385015,"equality","ideal",5,49,2.45
385015,"freedom","ideal",30,30,9
385015,"individualism","ideal",5,40,2
385015,"justice","ideal",33,21,6.93
385015,"happiness","ideal",10,83,8.3
385015,"arms","ideal",10,34,3.4
385015,"tolerance","ideal",2,93,1.86
746528,"democracy","paper",28,16,4.48
746528,"equality","paper",19,28,5.32
746528,"freedom","paper",16,17,2.72
746528,"individualism","paper",17,20,3.4
746528,"justice","paper",0,15,0
746528,"happiness","paper",11,24,2.64
746528,"arms","paper",0,19,0
746528,"tolerance","paper",9,19,1.71
746528,"democracy","ideal",12,16,1.92
746528,"equality","ideal",17,28,4.76
746528,"freedom","ideal",9,17,1.53
746528,"individualism","ideal",10,20,2
746528,"justice","ideal",13,15,1.95
746528,"happiness","ideal",13,24,3.12
746528,"arms","ideal",7,19,1.33
746528,"tolerance","ideal",19,19,3.61
486148,"democracy","paper",19,10,1.9
486148,"equality","paper",10,11,1.1
486148,"freedom","paper",20,57,11.4
486148,"individualism","paper",4,20,0.8
486148,"justice","paper",7,13,0.91
486148,"happiness","paper",23,35,8.05
486148,"arms","paper",11,50,5.5
486148,"tolerance","paper",6,15,0.9
486148,"democracy","ideal",13,10,1.3
486148,"equality","ideal",8,11,0.88
486148,"freedom","ideal",20,57,11.4
486148,"individualism","ideal",3,20,0.6
486148,"justice","ideal",15,13,1.95
486148,"happiness","ideal",18,35,6.3
486148,"arms","ideal",14,50,7
486148,"tolerance","ideal",9,15,1.35
491890,"democracy","paper",13,91,11.83
491890,"equality","paper",13,84,10.92
491890,"freedom","paper",13,90,11.7
491890,"individualism","paper",13,76,9.88
491890,"justice","paper",13,94,12.22
491890,"happiness","paper",13,100,13
491890,"arms","paper",13,90,11.7
491890,"tolerance","paper",9,100,9
491890,"democracy","ideal",13,91,11.83
491890,"equality","ideal",13,84,10.92
491890,"freedom","ideal",13,90,11.7
491890,"individualism","ideal",12,76,9.12
491890,"justice","ideal",13,94,12.22
491890,"happiness","ideal",13,100,13
491890,"arms","ideal",13,90,11.7
491890,"tolerance","ideal",10,100,10
238302,"democracy","paper",60,90,54
238302,"equality","paper",9,40,3.6
238302,"freedom","paper",8,24,1.92
238302,"individualism","paper",0,35,0
238302,"justice","paper",14,54,7.56
238302,"happiness","paper",0,6,0
238302,"arms","paper",9,47,4.23
238302,"tolerance","paper",0,41,0
238302,"democracy","ideal",42,90,37.8
238302,"equality","ideal",21,40,8.4
238302,"freedom","ideal",6,24,1.44
238302,"individualism","ideal",3,35,1.05
238302,"justice","ideal",18,54,9.72
238302,"happiness","ideal",4,6,0.24
238302,"arms","ideal",0,47,0
238302,"tolerance","ideal",6,41,2.46
954450,"democracy","paper",35,30,10.5
954450,"equality","paper",20,20,4
954450,"freedom","paper",25,20,5
954450,"individualism","paper",5,20,1
954450,"justice","paper",5,30,1.5
954450,"happiness","paper",8,60,4.8
954450,"arms","paper",1,60,0.6
954450,"tolerance","paper",1,39,0.39
954450,"democracy","ideal",36,30,10.8
954450,"equality","ideal",15,20,3
954450,"freedom","ideal",30,20,6
954450,"individualism","ideal",10,20,2
954450,"justice","ideal",5,30,1.5
954450,"happiness","ideal",4,60,2.4
954450,"arms","ideal",0,60,0
954450,"tolerance","ideal",0,39,0
788462,"democracy","paper",9,19,1.71
788462,"equality","paper",12,29,3.48
788462,"freedom","paper",21,43,9.03
788462,"individualism","paper",14,39,5.46
788462,"justice","paper",18,34,6.12
788462,"happiness","paper",11,22,2.42
788462,"arms","paper",10,30,3
788462,"tolerance","paper",5,41,2.05
788462,"democracy","ideal",10,19,1.9
788462,"equality","ideal",10,29,2.9
788462,"freedom","ideal",17,43,7.31
788462,"individualism","ideal",5,39,1.95
788462,"justice","ideal",15,34,5.1
788462,"happiness","ideal",20,22,4.4
788462,"arms","ideal",15,30,4.5
788462,"tolerance","ideal",8,41,3.28
949969,"democracy","paper",20,30,6
949969,"equality","paper",5,50,2.5
949969,"freedom","paper",39,60,23.4
949969,"individualism","paper",1,60,0.6
949969,"justice","paper",12,20,2.4
949969,"happiness","paper",10,30,3
949969,"arms","paper",12,65,7.8
949969,"tolerance","paper",1,70,0.7
949969,"democracy","ideal",20,30,6
949969,"equality","ideal",1,50,0.5
949969,"freedom","ideal",35,60,21
949969,"individualism","ideal",2,60,1.2
949969,"justice","ideal",20,20,4
949969,"happiness","ideal",5,30,1.5
949969,"arms","ideal",15,65,9.75
949969,"tolerance","ideal",2,70,1.4
617836,"democracy","paper",5,60,3
617836,"equality","paper",0,70,0
617836,"freedom","paper",35,80,28
617836,"individualism","paper",0,40,0
617836,"justice","paper",15,80,12
617836,"happiness","paper",20,50,10
617836,"arms","paper",25,75,18.75
617836,"tolerance","paper",0,50,0
617836,"democracy","ideal",5,60,3
617836,"equality","ideal",5,70,3.5
617836,"freedom","ideal",30,80,24
617836,"individualism","ideal",0,40,0
617836,"justice","ideal",10,80,8
617836,"happiness","ideal",20,50,10
617836,"arms","ideal",30,75,22.5
617836,"tolerance","ideal",0,50,0
406068,"democracy","paper",20,70,14
406068,"equality","paper",15,60,9
406068,"freedom","paper",20,60,12
406068,"individualism","paper",4,20,0.8
406068,"justice","paper",15,70,10.5
406068,"happiness","paper",4,95,3.8
406068,"arms","paper",20,75,15
406068,"tolerance","paper",2,60,1.2
406068,"democracy","ideal",20,70,14
406068,"equality","ideal",5,60,3
406068,"freedom","ideal",20,60,12
406068,"individualism","ideal",10,20,2
406068,"justice","ideal",15,70,10.5
406068,"happiness","ideal",5,95,4.75
406068,"arms","ideal",20,75,15
406068,"tolerance","ideal",5,60,3
157937,"democracy","paper",20,80,16
157937,"equality","paper",15,70,10.5
157937,"freedom","paper",20,95,19
157937,"individualism","paper",5,80,4
157937,"justice","paper",15,60,9
157937,"happiness","paper",15,75,11.25
157937,"arms","paper",5,90,4.5
157937,"tolerance","paper",5,40,2
157937,"democracy","ideal",20,80,16
157937,"equality","ideal",20,70,14
157937,"freedom","ideal",20,95,19
157937,"individualism","ideal",5,80,4
157937,"justice","ideal",20,60,12
157937,"happiness","ideal",11,75,8.25
157937,"arms","ideal",2,90,1.8
157937,"tolerance","ideal",2,40,0.8
636223,"democracy","paper",10,55,5.5
636223,"equality","paper",15,50,7.5
636223,"freedom","paper",15,25,3.75
636223,"individualism","paper",5,10,0.5
636223,"justice","paper",25,52,13
636223,"happiness","paper",0,2,0
636223,"arms","paper",10,26,2.6
636223,"tolerance","paper",20,55,11
636223,"democracy","ideal",25,55,13.75
636223,"equality","ideal",25,50,12.5
636223,"freedom","ideal",0,25,0
636223,"individualism","ideal",0,10,0
636223,"justice","ideal",25,52,13
636223,"happiness","ideal",25,2,0.5
636223,"arms","ideal",0,26,0
636223,"tolerance","ideal",0,55,0
790031,"democracy","paper",5,15,0.75
790031,"equality","paper",5,15,0.75
790031,"freedom","paper",50,60,30
790031,"individualism","paper",10,75,7.5
790031,"justice","paper",10,45,4.5
790031,"happiness","paper",10,80,8
790031,"arms","paper",5,80,4
790031,"tolerance","paper",5,45,2.25
790031,"democracy","ideal",5,15,0.75
790031,"equality","ideal",10,15,1.5
790031,"freedom","ideal",50,60,30
790031,"individualism","ideal",10,75,7.5
790031,"justice","ideal",10,45,4.5
790031,"happiness","ideal",10,80,8
790031,"arms","ideal",5,80,4
790031,"tolerance","ideal",0,45,0
388960,"democracy","paper",0,9,0
388960,"equality","paper",0,5,0
388960,"freedom","paper",0,5,0
388960,"individualism","paper",4,5,0.2
388960,"justice","paper",7,7,0.49
388960,"happiness","paper",55,9,4.95
388960,"arms","paper",34,7,2.38
388960,"tolerance","paper",0,8,0
388960,"democracy","ideal",0,9,0
388960,"equality","ideal",0,5,0
388960,"freedom","ideal",60,5,3
388960,"individualism","ideal",30,5,1.5
388960,"justice","ideal",0,7,0
388960,"happiness","ideal",3,9,0.27
388960,"arms","ideal",7,7,0.49
388960,"tolerance","ideal",0,8,0
144042,"democracy","paper",19,91,17.29
144042,"equality","paper",12,89,10.68
144042,"freedom","paper",18,92,16.56
144042,"individualism","paper",9,71,6.39
144042,"justice","paper",20,75,15
144042,"happiness","paper",13,46,5.98
144042,"arms","paper",6,63,3.78
144042,"tolerance","paper",3,79,2.37
144042,"democracy","ideal",12,91,10.92
144042,"equality","ideal",13,89,11.57
144042,"freedom","ideal",22,92,20.24
144042,"individualism","ideal",11,71,7.81
144042,"justice","ideal",12,75,9
144042,"happiness","ideal",9,46,4.14
144042,"arms","ideal",5,63,3.15
144042,"tolerance","ideal",16,79,12.64
230657,"democracy","paper",9,100,9
230657,"equality","paper",0,50,0
230657,"freedom","paper",49,100,49
230657,"individualism","paper",0,50,0
230657,"justice","paper",11,83,9.13
230657,"happiness","paper",15,65,9.75
230657,"arms","paper",11,100,11
230657,"tolerance","paper",5,74,3.7
230657,"democracy","ideal",8,100,8
230657,"equality","ideal",2,50,1
230657,"freedom","ideal",50,100,50
230657,"individualism","ideal",3,50,1.5
230657,"justice","ideal",10,83,8.3
230657,"happiness","ideal",7,65,4.55
230657,"arms","ideal",10,100,10
230657,"tolerance","ideal",10,74,7.4
334312,"democracy","paper",10,81,8.1
334312,"equality","paper",18,84,15.12
334312,"freedom","paper",20,89,17.8
334312,"individualism","paper",5,58,2.9
334312,"justice","paper",20,86,17.2
334312,"happiness","paper",20,97,19.4
334312,"arms","paper",2,3,0.06
334312,"tolerance","paper",5,63,3.15
334312,"democracy","ideal",15,81,12.15
334312,"equality","ideal",22,84,18.48
334312,"freedom","ideal",22,89,19.58
334312,"individualism","ideal",5,58,2.9
334312,"justice","ideal",20,86,17.2
334312,"happiness","ideal",10,97,9.7
334312,"arms","ideal",1,3,0.03
334312,"tolerance","ideal",5,63,3.15
795314,"democracy","paper",25,80,20
795314,"equality","paper",25,60,15
795314,"freedom","paper",20,60,12
795314,"individualism","paper",0,60,0
795314,"justice","paper",30,80,24
795314,"happiness","paper",0,60,0
795314,"arms","paper",0,50,0
795314,"tolerance","paper",0,60,0
795314,"democracy","ideal",30,80,24
795314,"equality","ideal",20,60,12
795314,"freedom","ideal",20,60,12
795314,"individualism","ideal",0,60,0
795314,"justice","ideal",30,80,24
795314,"happiness","ideal",0,60,0
795314,"arms","ideal",0,50,0
795314,"tolerance","ideal",0,60,0
129004,"democracy","paper",27,3,0.81
129004,"equality","paper",4,10,0.4
129004,"freedom","paper",9,20,1.8
129004,"individualism","paper",2,5,0.1
129004,"justice","paper",6,0,0
129004,"happiness","paper",21,15,3.15
129004,"arms","paper",29,90,26.1
129004,"tolerance","paper",2,5,0.1
129004,"democracy","ideal",15,3,0.45
129004,"equality","ideal",15,10,1.5
129004,"freedom","ideal",15,20,3
129004,"individualism","ideal",10,5,0.5
129004,"justice","ideal",15,0,0
129004,"happiness","ideal",15,15,2.25
129004,"arms","ideal",2,90,1.8
129004,"tolerance","ideal",13,5,0.65
908981,"democracy","paper",10,21,2.1
908981,"equality","paper",14,13,1.82
908981,"freedom","paper",13,21,2.73
908981,"individualism","paper",13,16,2.08
908981,"justice","paper",14,24,3.36
908981,"happiness","paper",13,11,1.43
908981,"arms","paper",11,16,1.76
908981,"tolerance","paper",12,20,2.4
908981,"democracy","ideal",16,21,3.36
908981,"equality","ideal",12,13,1.56
908981,"freedom","ideal",11,21,2.31
908981,"individualism","ideal",15,16,2.4
908981,"justice","ideal",11,24,2.64
908981,"happiness","ideal",13,11,1.43
908981,"arms","ideal",10,16,1.6
908981,"tolerance","ideal",12,20,2.4
473652,"democracy","paper",20,81,16.2
473652,"equality","paper",10,75,7.5
473652,"freedom","paper",20,90,18
473652,"individualism","paper",10,64,6.4
473652,"justice","paper",10,75,7.5
473652,"happiness","paper",10,81,8.1
473652,"arms","paper",10,60,6
473652,"tolerance","paper",10,84,8.4
473652,"democracy","ideal",20,81,16.2
473652,"equality","ideal",10,75,7.5
473652,"freedom","ideal",20,90,18
473652,"individualism","ideal",10,64,6.4
473652,"justice","ideal",10,75,7.5
473652,"happiness","ideal",10,81,8.1
473652,"arms","ideal",10,60,6
473652,"tolerance","ideal",10,84,8.4
692618,"democracy","paper",14,15,2.1
692618,"equality","paper",19,19,3.61
692618,"freedom","paper",21,14,2.94
692618,"individualism","paper",0,3,0
692618,"justice","paper",11,7,0.77
692618,"happiness","paper",0,2,0
692618,"arms","paper",35,10,3.5
692618,"tolerance","paper",0,4,0
692618,"democracy","ideal",0,15,0
692618,"equality","ideal",26,19,4.94
692618,"freedom","ideal",15,14,2.1
692618,"individualism","ideal",19,3,0.57
692618,"justice","ideal",11,7,0.77
692618,"happiness","ideal",9,2,0.18
692618,"arms","ideal",15,10,1.5
692618,"tolerance","ideal",5,4,0.2
690006,"democracy","paper",13,70,9.1
690006,"equality","paper",22,65,14.3
690006,"freedom","paper",22,70,15.4
690006,"individualism","paper",12,100,12
690006,"justice","paper",22,45,9.9
690006,"happiness","paper",4,40,1.6
690006,"arms","paper",0,30,0
690006,"tolerance","paper",5,30,1.5
690006,"democracy","ideal",17,70,11.9
690006,"equality","ideal",19,65,12.35
690006,"freedom","ideal",15,70,10.5
690006,"individualism","ideal",2,100,2
690006,"justice","ideal",21,45,9.45
690006,"happiness","ideal",7,40,2.8
690006,"arms","ideal",0,30,0
690006,"tolerance","ideal",19,30,5.7
829035,"democracy","paper",50,29,14.5
829035,"equality","paper",5,6,0.3
829035,"freedom","paper",30,40,12
829035,"individualism","paper",0,4,0
829035,"justice","paper",15,34,5.1
829035,"happiness","paper",0,5,0
829035,"arms","paper",0,8,0
829035,"tolerance","paper",0,31,0
829035,"democracy","ideal",60,29,17.4
829035,"equality","ideal",0,6,0
829035,"freedom","ideal",30,40,12
829035,"individualism","ideal",0,4,0
829035,"justice","ideal",10,34,3.4
829035,"happiness","ideal",0,5,0
829035,"arms","ideal",0,8,0
829035,"tolerance","ideal",0,31,0
270777,"democracy","paper",0,20,0
270777,"equality","paper",17,82,13.94
270777,"freedom","paper",13,74,9.62
270777,"individualism","paper",0,7,0
270777,"justice","paper",10,50,5
270777,"happiness","paper",22,50,11
270777,"arms","paper",38,88,33.44
270777,"tolerance","paper",0,5,0
270777,"democracy","ideal",0,20,0
270777,"equality","ideal",25,82,20.5
270777,"freedom","ideal",30,74,22.2
270777,"individualism","ideal",0,7,0
270777,"justice","ideal",25,50,12.5
270777,"happiness","ideal",0,50,0
270777,"arms","ideal",20,88,17.6
270777,"tolerance","ideal",0,5,0
223597,"democracy","paper",10,80,8
223597,"equality","paper",10,50,5
223597,"freedom","paper",20,40,8
223597,"individualism","paper",10,80,8
223597,"justice","paper",10,20,2
223597,"happiness","paper",10,20,2
223597,"arms","paper",20,40,8
223597,"tolerance","paper",10,80,8
223597,"democracy","ideal",15,80,12
223597,"equality","ideal",20,50,10
223597,"freedom","ideal",20,40,8
223597,"individualism","ideal",5,80,4
223597,"justice","ideal",10,20,2
223597,"happiness","ideal",5,20,1
223597,"arms","ideal",20,40,8
223597,"tolerance","ideal",5,80,4
535032,"democracy","paper",10,95,9.5
535032,"equality","paper",10,100,10
535032,"freedom","paper",20,95,19
535032,"individualism","paper",10,100,10
535032,"justice","paper",13,84,10.92
535032,"happiness","paper",14,100,14
535032,"arms","paper",16,84,13.44
535032,"tolerance","paper",7,100,7
535032,"democracy","ideal",12,95,11.4
535032,"equality","ideal",12,100,12
535032,"freedom","ideal",16,95,15.2
535032,"individualism","ideal",9,100,9
535032,"justice","ideal",17,84,14.28
535032,"happiness","ideal",13,100,13
535032,"arms","ideal",16,84,13.44
535032,"tolerance","ideal",5,100,5
425057,"democracy","paper",7,23,1.61
425057,"equality","paper",15,68,10.2
425057,"freedom","paper",32,28,8.96
425057,"individualism","paper",16,43,6.88
425057,"justice","paper",8,23,1.84
425057,"happiness","paper",2,36,0.72
425057,"arms","paper",6,16,0.96
425057,"tolerance","paper",14,40,5.6
425057,"democracy","ideal",15,23,3.45
425057,"equality","ideal",24,68,16.32
425057,"freedom","ideal",5,28,1.4
425057,"individualism","ideal",23,43,9.89
425057,"justice","ideal",14,23,3.22
425057,"happiness","ideal",2,36,0.72
425057,"arms","ideal",8,16,1.28
425057,"tolerance","ideal",9,40,3.6
544853,"democracy","paper",15,91,13.65
544853,"equality","paper",15,77,11.55
544853,"freedom","paper",20,93,18.6
544853,"individualism","paper",0,92,0
544853,"justice","paper",15,68,10.2
544853,"happiness","paper",15,95,14.25
544853,"arms","paper",15,94,14.1
544853,"tolerance","paper",5,6,0.3
544853,"democracy","ideal",15,91,13.65
544853,"equality","ideal",15,77,11.55
544853,"freedom","ideal",15,93,13.95
544853,"individualism","ideal",5,92,4.6
544853,"justice","ideal",15,68,10.2
544853,"happiness","ideal",10,95,9.5
544853,"arms","ideal",15,94,14.1
544853,"tolerance","ideal",10,6,0.6
671908,"democracy","paper",13,0,0
671908,"equality","paper",10,0,0
671908,"freedom","paper",11,0,0
671908,"individualism","paper",13,0,0
671908,"justice","paper",14,0,0
671908,"happiness","paper",15,0,0
671908,"arms","paper",13,0,0
671908,"tolerance","paper",11,0,0
671908,"democracy","ideal",15,0,0
671908,"equality","ideal",10,0,0
671908,"freedom","ideal",15,0,0
671908,"individualism","ideal",13,0,0
671908,"justice","ideal",14,0,0
671908,"happiness","ideal",13,0,0
671908,"arms","ideal",12,0,0
671908,"tolerance","ideal",8,0,0
256355,"democracy","paper",28,60,16.8
256355,"equality","paper",11,52,5.72
256355,"freedom","paper",25,60,15
256355,"individualism","paper",2,80,1.6
256355,"justice","paper",16,40,6.4
256355,"happiness","paper",17,75,12.75
256355,"arms","paper",1,75,0.75
256355,"tolerance","paper",0,70,0
256355,"democracy","ideal",25,60,15
256355,"equality","ideal",7,52,3.64
256355,"freedom","ideal",20,60,12
256355,"individualism","ideal",13,80,10.4
256355,"justice","ideal",8,40,3.2
256355,"happiness","ideal",13,75,9.75
256355,"arms","ideal",7,75,5.25
256355,"tolerance","ideal",7,70,4.9
839594,"democracy","paper",15,50,7.5
839594,"equality","paper",15,42,6.3
839594,"freedom","paper",15,49,7.35
839594,"individualism","paper",10,52,5.2
839594,"justice","paper",15,48,7.2
839594,"happiness","paper",15,51,7.65
839594,"arms","paper",15,45,6.75
839594,"tolerance","paper",0,100,0
839594,"democracy","ideal",5,50,2.5
839594,"equality","ideal",15,42,6.3
839594,"freedom","ideal",20,49,9.8
839594,"individualism","ideal",15,52,7.8
839594,"justice","ideal",10,48,4.8
839594,"happiness","ideal",5,51,2.55
839594,"arms","ideal",30,45,13.5
839594,"tolerance","ideal",0,100,0
630163,"democracy","paper",12,34,4.08
630163,"equality","paper",18,44,7.92
630163,"freedom","paper",18,55,9.9
630163,"individualism","paper",6,34,2.04
630163,"justice","paper",8,21,1.68
630163,"happiness","paper",24,35,8.4
630163,"arms","paper",6,28,1.68
630163,"tolerance","paper",8,38,3.04
630163,"democracy","ideal",12,34,4.08
630163,"equality","ideal",18,44,7.92
630163,"freedom","ideal",25,55,13.75
630163,"individualism","ideal",4,34,1.36
630163,"justice","ideal",15,21,3.15
630163,"happiness","ideal",18,35,6.3
630163,"arms","ideal",3,28,0.84
630163,"tolerance","ideal",5,38,1.9
244142,"democracy","paper",20,100,20
244142,"equality","paper",0,70,0
244142,"freedom","paper",30,80,24
244142,"individualism","paper",0,80,0
244142,"justice","paper",20,60,12
244142,"happiness","paper",25,60,15
244142,"arms","paper",5,80,4
244142,"tolerance","paper",0,75,0
244142,"democracy","ideal",25,100,25
244142,"equality","ideal",5,70,3.5
244142,"freedom","ideal",15,80,12
244142,"individualism","ideal",5,80,4
244142,"justice","ideal",15,60,9
244142,"happiness","ideal",25,60,15
244142,"arms","ideal",5,80,4
244142,"tolerance","ideal",5,75,3.75
591468,"democracy","paper",29,91,26.39
591468,"equality","paper",17,83,14.11
591468,"freedom","paper",17,77,13.09
591468,"individualism","paper",12,85,10.2
591468,"justice","paper",10,86,8.6
591468,"happiness","paper",8,83,6.64
591468,"arms","paper",4,87,3.48
591468,"tolerance","paper",3,76,2.28
591468,"democracy","ideal",19,91,17.29
591468,"equality","ideal",21,83,17.43
591468,"freedom","ideal",20,77,15.4
591468,"individualism","ideal",14,85,11.9
591468,"justice","ideal",10,86,8.6
591468,"happiness","ideal",8,83,6.64
591468,"arms","ideal",4,87,3.48
591468,"tolerance","ideal",4,76,3.04
400631,"democracy","paper",0,0,0
400631,"equality","paper",0,0,0
400631,"freedom","paper",0,0,0
400631,"individualism","paper",0,0,0
400631,"justice","paper",0,0,0
400631,"happiness","paper",0,0,0
400631,"arms","paper",0,0,0
400631,"tolerance","paper",100,100,100
400631,"democracy","ideal",3,0,0
400631,"equality","ideal",26,0,0
400631,"freedom","ideal",25,0,0
400631,"individualism","ideal",21,0,0
400631,"justice","ideal",11,0,0
400631,"happiness","ideal",8,0,0
400631,"arms","ideal",4,0,0
400631,"tolerance","ideal",2,100,2
404991,"democracy","paper",24,5,1.2
404991,"equality","paper",11,6,0.66
404991,"freedom","paper",18,6,1.08
404991,"individualism","paper",14,7,0.98
404991,"justice","paper",17,6,1.02
404991,"happiness","paper",2,7,0.14
404991,"arms","paper",11,8,0.88
404991,"tolerance","paper",3,8,0.24
404991,"democracy","ideal",15,5,0.75
404991,"equality","ideal",12,6,0.72
404991,"freedom","ideal",13,6,0.78
404991,"individualism","ideal",13,7,0.91
404991,"justice","ideal",12,6,0.72
404991,"happiness","ideal",12,7,0.84
404991,"arms","ideal",12,8,0.96
404991,"tolerance","ideal",11,8,0.88
733124,"democracy","paper",9,19,1.71
733124,"equality","paper",5,69,3.45
733124,"freedom","paper",19,26,4.94
733124,"individualism","paper",14,16,2.24
733124,"justice","paper",16,40,6.4
733124,"happiness","paper",22,20,4.4
733124,"arms","paper",8,17,1.36
733124,"tolerance","paper",7,38,2.66
733124,"democracy","ideal",11,19,2.09
733124,"equality","ideal",3,69,2.07
733124,"freedom","ideal",17,26,4.42
733124,"individualism","ideal",20,16,3.2
733124,"justice","ideal",19,40,7.6
733124,"happiness","ideal",16,20,3.2
733124,"arms","ideal",4,17,0.68
733124,"tolerance","ideal",10,38,3.8
462078,"democracy","paper",20,71,14.2
462078,"equality","paper",9,51,4.59
462078,"freedom","paper",13,62,8.06
462078,"individualism","paper",26,100,26
462078,"justice","paper",11,69,7.59
462078,"happiness","paper",9,58,5.22
462078,"arms","paper",9,82,7.38
462078,"tolerance","paper",3,89,2.67
462078,"democracy","ideal",9,71,6.39
462078,"equality","ideal",16,51,8.16
462078,"freedom","ideal",21,62,13.02
462078,"individualism","ideal",27,100,27
462078,"justice","ideal",7,69,4.83
462078,"happiness","ideal",5,58,2.9
462078,"arms","ideal",4,82,3.28
462078,"tolerance","ideal",11,89,9.79
705308,"democracy","paper",19,5,0.95
705308,"equality","paper",19,20,3.8
705308,"freedom","paper",22,11,2.42
705308,"individualism","paper",9,31,2.79
705308,"justice","paper",5,10,0.5
705308,"happiness","paper",10,10,1
705308,"arms","paper",11,3,0.33
705308,"tolerance","paper",5,31,1.55
705308,"democracy","ideal",20,5,1
705308,"equality","ideal",4,20,0.8
705308,"freedom","ideal",0,11,0
705308,"individualism","ideal",18,31,5.58
705308,"justice","ideal",11,10,1.1
705308,"happiness","ideal",16,10,1.6
705308,"arms","ideal",25,3,0.75
705308,"tolerance","ideal",6,31,1.86
338055,"democracy","paper",5,26,1.3
338055,"equality","paper",18,36,6.48
338055,"freedom","paper",37,60,22.2
338055,"individualism","paper",5,12,0.6
338055,"justice","paper",5,48,2.4
338055,"happiness","paper",4,33,1.32
338055,"arms","paper",15,58,8.7
338055,"tolerance","paper",11,29,3.19
338055,"democracy","ideal",5,26,1.3
338055,"equality","ideal",6,36,2.16
338055,"freedom","ideal",59,60,35.4
338055,"individualism","ideal",1,12,0.12
338055,"justice","ideal",2,48,0.96
338055,"happiness","ideal",6,33,1.98
338055,"arms","ideal",14,58,8.12
338055,"tolerance","ideal",7,29,2.03
743564,"democracy","paper",15,9,1.35
743564,"equality","paper",39,20,7.8
743564,"freedom","paper",19,6,1.14
743564,"individualism","paper",8,17,1.36
743564,"justice","paper",5,9,0.45
743564,"happiness","paper",4,13,0.52
743564,"arms","paper",3,6,0.18
743564,"tolerance","paper",7,74,5.18
743564,"democracy","ideal",0,9,0
743564,"equality","ideal",0,20,0
743564,"freedom","ideal",15,6,0.9
743564,"individualism","ideal",0,17,0
743564,"justice","ideal",39,9,3.51
743564,"happiness","ideal",46,13,5.98
743564,"arms","ideal",0,6,0
743564,"tolerance","ideal",0,74,0
322442,"democracy","paper",20,60,12
322442,"equality","paper",20,29,5.8
322442,"freedom","paper",30,50,15
322442,"individualism","paper",4,28,1.12
322442,"justice","paper",9,40,3.6
322442,"happiness","paper",10,30,3
322442,"arms","paper",7,74,5.18
322442,"tolerance","paper",0,29,0
322442,"democracy","ideal",19,60,11.4
322442,"equality","ideal",20,29,5.8
322442,"freedom","ideal",28,50,14
322442,"individualism","ideal",8,28,2.24
322442,"justice","ideal",22,40,8.8
322442,"happiness","ideal",3,30,0.9
322442,"arms","ideal",0,74,0
322442,"tolerance","ideal",0,29,0
384317,"democracy","paper",25,2,0.5
384317,"equality","paper",15,100,15
384317,"freedom","paper",36,25,9
384317,"individualism","paper",0,25,0
384317,"justice","paper",0,25,0
384317,"happiness","paper",0,5,0
384317,"arms","paper",24,5,1.2
384317,"tolerance","paper",0,100,0
384317,"democracy","ideal",20,2,0.4
384317,"equality","ideal",20,100,20
384317,"freedom","ideal",30,25,7.5
384317,"individualism","ideal",0,25,0
384317,"justice","ideal",0,25,0
384317,"happiness","ideal",0,5,0
384317,"arms","ideal",30,5,1.5
384317,"tolerance","ideal",0,100,0
568556,"democracy","paper",5,50,2.5
568556,"equality","paper",15,70,10.5
568556,"freedom","paper",15,40,6
568556,"individualism","paper",5,20,1
568556,"justice","paper",30,80,24
568556,"happiness","paper",5,10,0.5
568556,"arms","paper",20,30,6
568556,"tolerance","paper",5,20,1
568556,"democracy","ideal",10,50,5
568556,"equality","ideal",10,70,7
568556,"freedom","ideal",20,40,8
568556,"individualism","ideal",20,20,4
568556,"justice","ideal",10,80,8
568556,"happiness","ideal",10,10,1
568556,"arms","ideal",10,30,3
568556,"tolerance","ideal",10,20,2
297368,"democracy","paper",10,40,4
297368,"equality","paper",20,35,7
297368,"freedom","paper",30,60,18
297368,"individualism","paper",10,30,3
297368,"justice","paper",10,40,4
297368,"happiness","paper",10,40,4
297368,"arms","paper",5,50,2.5
297368,"tolerance","paper",5,45,2.25
297368,"democracy","ideal",10,40,4
297368,"equality","ideal",10,35,3.5
297368,"freedom","ideal",30,60,18
297368,"individualism","ideal",10,30,3
297368,"justice","ideal",10,40,4
297368,"happiness","ideal",10,40,4
297368,"arms","ideal",10,50,5
297368,"tolerance","ideal",10,45,4.5
625007,"democracy","paper",14,69,9.66
625007,"equality","paper",8,80,6.4
625007,"freedom","paper",23,68,15.64
625007,"individualism","paper",21,68,14.28
625007,"justice","paper",20,74,14.8
625007,"happiness","paper",3,100,3
625007,"arms","paper",6,87,5.22
625007,"tolerance","paper",5,97,4.85
625007,"democracy","ideal",16,69,11.04
625007,"equality","ideal",7,80,5.6
625007,"freedom","ideal",22,68,14.96
625007,"individualism","ideal",20,68,13.6
625007,"justice","ideal",15,74,11.1
625007,"happiness","ideal",5,100,5
625007,"arms","ideal",12,87,10.44
625007,"tolerance","ideal",3,97,2.91
221730,"democracy","paper",15,50,7.5
221730,"equality","paper",15,25,3.75
221730,"freedom","paper",20,35,7
221730,"individualism","paper",10,65,6.5
221730,"justice","paper",15,50,7.5
221730,"happiness","paper",10,15,1.5
221730,"arms","paper",10,80,8
221730,"tolerance","paper",5,85,4.25
221730,"democracy","ideal",10,50,5
221730,"equality","ideal",15,25,3.75
221730,"freedom","ideal",15,35,5.25
221730,"individualism","ideal",10,65,6.5
221730,"justice","ideal",15,50,7.5
221730,"happiness","ideal",10,15,1.5
221730,"arms","ideal",15,80,12
221730,"tolerance","ideal",10,85,8.5
206204,"democracy","paper",8,13,1.04
206204,"equality","paper",18,35,6.3
206204,"freedom","paper",41,42,17.22
206204,"individualism","paper",19,19,3.61
206204,"justice","paper",14,31,4.34
206204,"happiness","paper",0,4,0
206204,"arms","paper",0,4,0
206204,"tolerance","paper",0,44,0
206204,"democracy","ideal",12,13,1.56
206204,"equality","ideal",13,35,4.55
206204,"freedom","ideal",42,42,17.64
206204,"individualism","ideal",25,19,4.75
206204,"justice","ideal",8,31,2.48
206204,"happiness","ideal",0,4,0
206204,"arms","ideal",0,4,0
206204,"tolerance","ideal",0,44,0
967051,"democracy","paper",5,75,3.75
967051,"equality","paper",25,82,20.5
967051,"freedom","paper",40,88,35.2
967051,"individualism","paper",2,93,1.86
967051,"justice","paper",15,65,9.75
967051,"happiness","paper",10,79,7.9
967051,"arms","paper",1,87,0.87
967051,"tolerance","paper",2,84,1.68
967051,"democracy","ideal",5,75,3.75
967051,"equality","ideal",25,82,20.5
967051,"freedom","ideal",30,88,26.4
967051,"individualism","ideal",2,93,1.86
967051,"justice","ideal",19,65,12.35
967051,"happiness","ideal",15,79,11.85
967051,"arms","ideal",2,87,1.74
967051,"tolerance","ideal",2,84,1.68
493968,"democracy","paper",10,5,0.5
493968,"equality","paper",5,50,2.5
493968,"freedom","paper",35,18,6.3
493968,"individualism","paper",10,30,3
493968,"justice","paper",10,12,1.2
493968,"happiness","paper",10,22,2.2
493968,"arms","paper",10,80,8
493968,"tolerance","paper",10,43,4.3
493968,"democracy","ideal",4,5,0.2
493968,"equality","ideal",3,50,1.5
493968,"freedom","ideal",27,18,4.86
493968,"individualism","ideal",4,30,1.2
493968,"justice","ideal",20,12,2.4
493968,"happiness","ideal",18,22,3.96
493968,"arms","ideal",13,80,10.4
493968,"tolerance","ideal",11,43,4.73
471118,"democracy","paper",35,1,0.35
471118,"equality","paper",34,3,1.02
471118,"freedom","paper",11,2,0.22
471118,"individualism","paper",0,36,0
471118,"justice","paper",10,1,0.1
471118,"happiness","paper",5,4,0.2
471118,"arms","paper",5,13,0.65
471118,"tolerance","paper",0,48,0
471118,"democracy","ideal",23,1,0.23
471118,"equality","ideal",25,3,0.75
471118,"freedom","ideal",26,2,0.52
471118,"individualism","ideal",0,36,0
471118,"justice","ideal",12,1,0.12
471118,"happiness","ideal",8,4,0.32
471118,"arms","ideal",6,13,0.78
471118,"tolerance","ideal",0,48,0
312074,"democracy","paper",25,31,7.75
312074,"equality","paper",9,30,2.7
312074,"freedom","paper",25,81,20.25
312074,"individualism","paper",4,80,3.2
312074,"justice","paper",20,51,10.2
312074,"happiness","paper",4,83,3.32
312074,"arms","paper",7,35,2.45
312074,"tolerance","paper",6,56,3.36
312074,"democracy","ideal",16,31,4.96
312074,"equality","ideal",16,30,4.8
312074,"freedom","ideal",31,81,25.11
312074,"individualism","ideal",3,80,2.4
312074,"justice","ideal",15,51,7.65
312074,"happiness","ideal",8,83,6.64
312074,"arms","ideal",6,35,2.1
312074,"tolerance","ideal",5,56,2.8
152063,"democracy","paper",24,40,9.6
152063,"equality","paper",2,54,1.08
152063,"freedom","paper",30,41,12.3
152063,"individualism","paper",6,84,5.04
152063,"justice","paper",11,41,4.51
152063,"happiness","paper",15,52,7.8
152063,"arms","paper",10,44,4.4
152063,"tolerance","paper",2,54,1.08
152063,"democracy","ideal",17,40,6.8
152063,"equality","ideal",10,54,5.4
152063,"freedom","ideal",24,41,9.84
152063,"individualism","ideal",11,84,9.24
152063,"justice","ideal",13,41,5.33
152063,"happiness","ideal",17,52,8.84
152063,"arms","ideal",5,44,2.2
152063,"tolerance","ideal",3,54,1.62
420736,"democracy","paper",20,60,12
420736,"equality","paper",15,60,9
420736,"freedom","paper",15,65,9.75
420736,"individualism","paper",10,60,6
420736,"justice","paper",15,65,9.75
420736,"happiness","paper",10,60,6
420736,"arms","paper",5,35,1.75
420736,"tolerance","paper",10,65,6.5
420736,"democracy","ideal",20,60,12
420736,"equality","ideal",15,60,9
420736,"freedom","ideal",10,65,6.5
420736,"individualism","ideal",10,60,6
420736,"justice","ideal",20,65,13
420736,"happiness","ideal",10,60,6
420736,"arms","ideal",10,35,3.5
420736,"tolerance","ideal",5,65,3.25
777861,"democracy","paper",30,90,27
777861,"equality","paper",16,80,12.8
777861,"freedom","paper",23,85,19.55
777861,"individualism","paper",5,85,4.25
777861,"justice","paper",10,77,7.7
777861,"happiness","paper",13,64,8.32
777861,"arms","paper",1,70,0.7
777861,"tolerance","paper",2,81,1.62
777861,"democracy","ideal",20,90,18
777861,"equality","ideal",20,80,16
777861,"freedom","ideal",20,85,17
777861,"individualism","ideal",5,85,4.25
777861,"justice","ideal",10,77,7.7
777861,"happiness","ideal",10,64,6.4
777861,"arms","ideal",5,70,3.5
777861,"tolerance","ideal",10,81,8.1
872476,"democracy","paper",13,10,1.3
872476,"equality","paper",4,80,3.2
872476,"freedom","paper",24,77,18.48
872476,"individualism","paper",0,100,0
872476,"justice","paper",22,20,4.4
872476,"happiness","paper",6,52,3.12
872476,"arms","paper",28,52,14.56
872476,"tolerance","paper",3,100,3
872476,"democracy","ideal",15,10,1.5
872476,"equality","ideal",10,80,8
872476,"freedom","ideal",20,77,15.4
872476,"individualism","ideal",5,100,5
872476,"justice","ideal",20,20,4
872476,"happiness","ideal",10,52,5.2
872476,"arms","ideal",15,52,7.8
872476,"tolerance","ideal",5,100,5
982278,"democracy","paper",29,83,24.07
982278,"equality","paper",26,86,22.36
982278,"freedom","paper",45,98,44.1
982278,"individualism","paper",0,57,0
982278,"justice","paper",0,9,0
982278,"happiness","paper",0,1,0
982278,"arms","paper",0,6,0
982278,"tolerance","paper",0,2,0
982278,"democracy","ideal",34,83,28.22
982278,"equality","ideal",24,86,20.64
982278,"freedom","ideal",42,98,41.16
982278,"individualism","ideal",0,57,0
982278,"justice","ideal",0,9,0
982278,"happiness","ideal",0,1,0
982278,"arms","ideal",0,6,0
982278,"tolerance","ideal",0,2,0
450965,"democracy","paper",30,70,21
450965,"equality","paper",0,80,0
450965,"freedom","paper",50,70,35
450965,"individualism","paper",0,35,0
450965,"justice","paper",20,30,6
450965,"happiness","paper",0,25,0
450965,"arms","paper",0,80,0
450965,"tolerance","paper",0,100,0
450965,"democracy","ideal",0,70,0
450965,"equality","ideal",0,80,0
450965,"freedom","ideal",50,70,35
450965,"individualism","ideal",0,35,0
450965,"justice","ideal",20,30,6
450965,"happiness","ideal",30,25,7.5
450965,"arms","ideal",0,80,0
450965,"tolerance","ideal",0,100,0
898085,"democracy","paper",9,3,0.27
898085,"equality","paper",11,6,0.66
898085,"freedom","paper",9,10,0.9
898085,"individualism","paper",13,15,1.95
898085,"justice","paper",14,3,0.42
898085,"happiness","paper",15,9,1.35
898085,"arms","paper",9,5,0.45
898085,"tolerance","paper",20,7,1.4
898085,"democracy","ideal",9,3,0.27
898085,"equality","ideal",14,6,0.84
898085,"freedom","ideal",14,10,1.4
898085,"individualism","ideal",13,15,1.95
898085,"justice","ideal",8,3,0.24
898085,"happiness","ideal",15,9,1.35
898085,"arms","ideal",10,5,0.5
898085,"tolerance","ideal",17,7,1.19
448074,"democracy","paper",20,60,12
448074,"equality","paper",15,70,10.5
448074,"freedom","paper",10,75,7.5
448074,"individualism","paper",10,85,8.5
448074,"justice","paper",10,60,6
448074,"happiness","paper",10,45,4.5
448074,"arms","paper",10,75,7.5
448074,"tolerance","paper",15,80,12
448074,"democracy","ideal",25,60,15
448074,"equality","ideal",10,70,7
448074,"freedom","ideal",15,75,11.25
448074,"individualism","ideal",5,85,4.25
448074,"justice","ideal",20,60,12
448074,"happiness","ideal",15,45,6.75
448074,"arms","ideal",5,75,3.75
448074,"tolerance","ideal",5,80,4
963058,"democracy","paper",21,43,9.03
963058,"equality","paper",13,61,7.93
963058,"freedom","paper",24,27,6.48
963058,"individualism","paper",20,72,14.4
963058,"justice","paper",9,38,3.42
963058,"happiness","paper",9,28,2.52
963058,"arms","paper",4,53,2.12
963058,"tolerance","paper",0,65,0
963058,"democracy","ideal",14,43,6.02
963058,"equality","ideal",15,61,9.15
963058,"freedom","ideal",20,27,5.4
963058,"individualism","ideal",24,72,17.28
963058,"justice","ideal",4,38,1.52
963058,"happiness","ideal",17,28,4.76
963058,"arms","ideal",6,53,3.18
963058,"tolerance","ideal",0,65,0
816148,"democracy","paper",19,10,1.9
816148,"equality","paper",5,10,0.5
816148,"freedom","paper",21,20,4.2
816148,"individualism","paper",0,0,0
816148,"justice","paper",20,6,1.2
816148,"happiness","paper",5,5,0.25
816148,"arms","paper",30,20,6
816148,"tolerance","paper",0,1,0
816148,"democracy","ideal",20,10,2
816148,"equality","ideal",8,10,0.8
816148,"freedom","ideal",20,20,4
816148,"individualism","ideal",20,0,0
816148,"justice","ideal",3,6,0.18
816148,"happiness","ideal",9,5,0.45
816148,"arms","ideal",20,20,4
816148,"tolerance","ideal",0,1,0
723990,"democracy","paper",18,90,16.2
723990,"equality","paper",13,86,11.18
723990,"freedom","paper",16,98,15.68
723990,"individualism","paper",13,98,12.74
723990,"justice","paper",11,74,8.14
723990,"happiness","paper",12,98,11.76
723990,"arms","paper",11,84,9.24
723990,"tolerance","paper",6,93,5.58
723990,"democracy","ideal",19,90,17.1
723990,"equality","ideal",11,86,9.46
723990,"freedom","ideal",13,98,12.74
723990,"individualism","ideal",12,98,11.76
723990,"justice","ideal",12,74,8.88
723990,"happiness","ideal",14,98,13.72
723990,"arms","ideal",10,84,8.4
723990,"tolerance","ideal",9,93,8.37
189969,"democracy","paper",20,30,6
189969,"equality","paper",10,20,2
189969,"freedom","paper",35,30,10.5
189969,"individualism","paper",13,40,5.2
189969,"justice","paper",7,5,0.35
189969,"happiness","paper",2,10,0.2
189969,"arms","paper",10,5,0.5
189969,"tolerance","paper",3,20,0.6
189969,"democracy","ideal",14,30,4.2
189969,"equality","ideal",2,20,0.4
189969,"freedom","ideal",35,30,10.5
189969,"individualism","ideal",5,40,2
189969,"justice","ideal",22,5,1.1
189969,"happiness","ideal",10,10,1
189969,"arms","ideal",10,5,0.5
189969,"tolerance","ideal",2,20,0.4
681365,"democracy","paper",17,20,3.4
681365,"equality","paper",13,40,5.2
681365,"freedom","paper",11,15,1.65
681365,"individualism","paper",24,16,3.84
681365,"justice","paper",19,9,1.71
681365,"happiness","paper",15,31,4.65
681365,"arms","paper",1,11,0.11
681365,"tolerance","paper",0,42,0
681365,"democracy","ideal",36,20,7.2
681365,"equality","ideal",28,40,11.2
681365,"freedom","ideal",11,15,1.65
681365,"individualism","ideal",19,16,3.04
681365,"justice","ideal",5,9,0.45
681365,"happiness","ideal",0,31,0
681365,"arms","ideal",1,11,0.11
681365,"tolerance","ideal",0,42,0
528717,"democracy","paper",29,90,26.1
528717,"equality","paper",18,65,11.7
528717,"freedom","paper",0,75,0
528717,"individualism","paper",0,50,0
528717,"justice","paper",10,60,6
528717,"happiness","paper",8,30,2.4
528717,"arms","paper",20,75,15
528717,"tolerance","paper",15,40,6
528717,"democracy","ideal",30,90,27
528717,"equality","ideal",10,65,6.5
528717,"freedom","ideal",10,75,7.5
528717,"individualism","ideal",5,50,2.5
528717,"justice","ideal",25,60,15
528717,"happiness","ideal",0,30,0
528717,"arms","ideal",5,75,3.75
528717,"tolerance","ideal",15,40,6
755226,"democracy","paper",10,35,3.5
755226,"equality","paper",18,61,10.98
755226,"freedom","paper",23,25,5.75
755226,"individualism","paper",6,55,3.3
755226,"justice","paper",23,44,10.12
755226,"happiness","paper",10,29,2.9
755226,"arms","paper",10,65,6.5
755226,"tolerance","paper",0,51,0
755226,"democracy","ideal",3,35,1.05
755226,"equality","ideal",11,61,6.71
755226,"freedom","ideal",24,25,6
755226,"individualism","ideal",14,55,7.7
755226,"justice","ideal",17,44,7.48
755226,"happiness","ideal",13,29,3.77
755226,"arms","ideal",16,65,10.4
755226,"tolerance","ideal",2,51,1.02
727512,"democracy","paper",10,40,4
727512,"equality","paper",24,75,18
727512,"freedom","paper",31,83,25.73
727512,"individualism","paper",0,33,0
727512,"justice","paper",30,29,8.7
727512,"happiness","paper",0,39,0
727512,"arms","paper",5,75,3.75
727512,"tolerance","paper",0,73,0
727512,"democracy","ideal",6,40,2.4
727512,"equality","ideal",0,75,0
727512,"freedom","ideal",49,83,40.67
727512,"individualism","ideal",0,33,0
727512,"justice","ideal",15,29,4.35
727512,"happiness","ideal",15,39,5.85
727512,"arms","ideal",15,75,11.25
727512,"tolerance","ideal",0,73,0
378468,"democracy","paper",15,50,7.5
378468,"equality","paper",10,61,6.1
378468,"freedom","paper",16,45,7.2
378468,"individualism","paper",10,68,6.8
378468,"justice","paper",15,15,2.25
378468,"happiness","paper",16,15,2.4
378468,"arms","paper",10,30,3
378468,"tolerance","paper",8,68,5.44
378468,"democracy","ideal",16,50,8
378468,"equality","ideal",11,61,6.71
378468,"freedom","ideal",15,45,6.75
378468,"individualism","ideal",4,68,2.72
378468,"justice","ideal",12,15,1.8
378468,"happiness","ideal",18,15,2.7
378468,"arms","ideal",11,30,3.3
378468,"tolerance","ideal",13,68,8.84
645998,"democracy","paper",34,78,26.52
645998,"equality","paper",13,20,2.6
645998,"freedom","paper",22,72,15.84
645998,"individualism","paper",5,20,1
645998,"justice","paper",24,56,13.44
645998,"happiness","paper",1,8,0.08
645998,"arms","paper",1,74,0.74
645998,"tolerance","paper",0,50,0
645998,"democracy","ideal",26,78,20.28
645998,"equality","ideal",0,20,0
645998,"freedom","ideal",0,72,0
645998,"individualism","ideal",20,20,4
645998,"justice","ideal",29,56,16.24
645998,"happiness","ideal",10,8,0.8
645998,"arms","ideal",0,74,0
645998,"tolerance","ideal",15,50,7.5
