"PID","antiest_z","change_z","trust_deminst_z","trust_natinst_z","ideo_con_z","SDO_z","TIPI_agree_z","man","white","hispanic","income_num_z","edu_num_z","age_z","county_medianincome_z","county_gini_z","county_density_z","democracy","equality","freedom","individualism","justice","happiness","arms","tolerance"
914223,-0.104253576097326,-0.00128095994565041,-1.17096548339751,-0.638406843068255,-0.2820088314394,-0.571320969786847,1.04871337091164,0,0,0,-0.46202530751659,-0.279278628528205,-0.172796467101235,-0.00408293228894879,-1.64242258717567,-0.300206393016177,6.63,0.52,3.84,6.48,0.45,0,48.06,3.42
834767,0.114833220183313,-0.00128095994565041,1.22352424831529,0.915657814915051,-0.2820088314394,1.14091936378539,-2.41591842197967,0,1,0,-0.46202530751659,1.43641437912793,-0.731748087023951,0.65590293563996,3.51061659168091,5.97778519332849,46.5,17.5,0,0,0,0,0,0
636440,-1.85694794634244,-1.91119223891072,2.09424778711995,2.08120630840253,1.70639242074349,-1.2371922106205,0.61563439680023,1,0,0,-0.867552955146641,0.578567875299864,0.5957620102925,-0.699860136971778,-0.646008064773645,-0.288359901243598,16,7,45,0,0,8,8,0
184675,-1.19968755750052,-0.637918052934006,0.570481594211801,0.915657814915051,1.70639242074349,1.23604382676163,0.182555422688815,1,0,0,-0.46202530751659,-1.13712513235627,-0.522141229552932,0.0484606646098233,-1.32453162694553,-0.273900464118876,19.2,6.7,24.82,1.04,3.99,8.06,1.96,2.76
620699,-1.6378611500618,-1.91119223891072,1.22352424831529,0.397636262253949,0.712191794652044,0.665297048904214,-0.250523551422599,1,1,1,2.78219587352381,1.43641437912793,-0.452272277062593,-0.0339710916584932,-0.296060873259797,-0.112472204718541,8.85,4.8,10.05,8.28,8.52,6.96,7.9,6
350547,0.333920016463951,-0.00128095994565041,1.00584336361413,0.656647038584501,-1.27620945753084,-1.2371922106205,-0.250523551422599,0,1,1,1.16008528300361,0.578567875299864,1.01497572523454,0.449185363630317,-0.229277058085399,-0.286384962528987,12.5,2,1.1,0.22,0.5,0.1,0,0.3
946869,-0.323340372377965,-0.637918052934006,1.00584336361413,-0.120385290407153,-0.779109144485122,0.665297048904214,-1.11668149964543,1,0,0,1.56561293063366,1.43641437912793,-0.452272277062593,-0.451979868606215,0.839263984704977,-0.0810038944912284,3.8,3.8,1.6,0,1.6,1.6,0,0
560162,0.114833220183313,-0.637918052934006,-1.17096548339751,-1.15642839572936,0.215091481606322,1.14091936378539,-0.683602525534014,1,1,1,0.349029987743511,0.578567875299864,1.01497572523454,-1.11973027615782,0.072585786502883,-0.244573671352986,0,0,0,0,0,0,0,0
403387,1.42935399786714,1.27199322603106,-0.300241944592856,-0.379396066737704,0.712191794652044,-0.476196506810611,-1.11668149964543,0,0,0,-0.0564976598865395,0.578567875299864,-0.94135494449497,0.65590293563996,3.51061659168091,5.97778519332849,0,1.12,0.24,0.9,0.72,0.36,0.39,9.86
485483,-1.19968755750052,-0.637918052934006,0.135119824809473,0.138625485923398,-1.27620945753084,0.570172585927979,0.61563439680023,1,0,0,0.754557635373562,0.578567875299864,-0.242665419591574,0.00134160909128881,1.06365760369095,0.166140616879626,13.11,8.76,9.8,9.12,7.3,8.69,8.88,6.2
233189,-0.542427168658603,-0.00128095994565041,1.44120513301646,1.56318475574143,-1.27620945753084,-0.666445432763082,0.182555422688815,0,1,0,-1.27308060277669,-0.279278628528205,2.55209268002201,-0.168255081708493,0.451917856693466,-0.170157463464845,6.29,0.6,5.2,0.63,3.23,0.49,0.56,0.84
816563,-0.323340372377965,-0.00128095994565041,0.352800709510637,-0.508901454902979,0.712191794652044,-0.666445432763082,-0.250523551422599,1,0,0,-0.867552955146641,-1.13712513235627,-1.36056865943701,-1.87251834711138,1.11708465583047,-0.313778920334773,21,4,7.5,1.5,2.25,1.75,11,2.25
303093,-0.542427168658603,1.27199322603106,1.00584336361413,0.915657814915051,0.712191794652044,-0.190823117881905,-0.250523551422599,0,0,0,0.754557635373562,0.578567875299864,-0.102927514610895,-0.961727213013836,0.307664815916765,-0.301481590344923,3.51,7.56,6.97,7.04,3.78,3.9,4.3,4.51
506266,1.64844079414778,-0.637918052934006,-1.60632725279984,-0.897417619398806,-1.27620945753084,-1.2371922106205,1.48179234502306,1,0,0,-0.0564976598865395,-1.13712513235627,-0.661879134533612,1.69544715485079,-2.24080557113828,-0.286711411016529,0,17.5,10,0,0,0,0,0
755424,0.333920016463951,-1.91119223891072,1.22352424831529,0.656647038584501,-1.27620945753084,-0.00057419192943401,-0.250523551422599,1,0,0,-0.46202530751659,-0.279278628528205,0.246417247840803,0.65590293563996,3.51061659168091,5.97778519332849,16.82,1.23,35,1.84,1.44,0.72,1.96,1.08
706456,1.42935399786714,1.27199322603106,-1.60632725279984,-1.28593378389463,-1.27620945753084,-1.2371922106205,-0.683602525534014,0,0,0,-0.46202530751659,-1.13712513235627,-0.661879134533612,0.248955968565664,-0.875744388973575,-0.306740007852182,8,8,12,7,2,5,0,2
961017,-0.761513964939242,0.635356133042705,1.87656690241879,1.6926901439067,1.70639242074349,0.189674734023037,-0.250523551422599,0,0,0,-0.867552955146641,1.43641437912793,-0.94135494449497,0.109034710022477,-0.167835948124951,-0.203041182693211,2.17,21,6.27,0,17.55,6.48,0,0
223689,0.114833220183313,-0.00128095994565041,-0.51792282929402,-1.28593378389463,-1.27620945753084,-0.666445432763082,-0.683602525534014,1,1,0,-0.867552955146641,0.578567875299864,1.71366525013793,-0.844514573778114,-0.822317336834056,-0.314732728326202,7.02,2.1,2.88,0,4.14,0.36,0,1.04
623815,0.114833220183313,-1.27455514592236,0.352800709510637,0.00912009775812287,1.20929210769777,1.33116828973786,-1.11668149964543,1,1,0,-0.0564976598865395,-1.13712513235627,2.34248582255099,-0.853395930743797,-0.183864063766807,-0.313506464677589,0,1.6,3.1,1.5,1.55,31.5,11.2,0.7
697740,0.114833220183313,0.635356133042705,1.22352424831529,1.82219553207198,1.20929210769777,-0.190823117881905,0.61563439680023,1,0,0,-0.46202530751659,0.578567875299864,-1.08109284947565,2.03756553425342,0.184782595995872,-0.227458070718946,14,8.25,9.75,7,9.75,6.5,3,6
476944,0.772093609025229,0.635356133042705,-0.953284598696349,-0.638406843068255,0.215091481606322,-0.28594758085814,0.61563439680023,1,0,0,-1.27308060277669,-1.13712513235627,-0.242665419591574,-0.40688172066071,-0.127765659020312,-0.313360681288341,10.5,9,10.5,10.5,9,6.5,4.05,6
480867,-0.980600761219881,0.635356133042705,-0.51792282929402,-1.28593378389463,-1.27620945753084,0.379923659975508,-1.11668149964543,1,0,0,-0.46202530751659,0.578567875299864,-0.94135494449497,0.378719507465466,0.940775383770063,0.94779596655012,1.65,0.8,0.6,0.24,0,1.15,14.82,0.64
692098,0.991180405305867,-0.00128095994565041,0.352800709510637,-0.249890678572428,-1.27620945753084,-1.2371922106205,-1.11668149964543,0,1,0,1.16008528300361,0.578567875299864,1.57392734515725,-0.383960374240294,-0.24797652633423,-0.311825606454554,24,1.5,17,4,2.8,10.2,6.65,0.8
827447,0.114833220183313,-0.637918052934006,0.135119824809473,-1.41543917205991,0.215091481606322,0.665297048904214,1.04871337091164,0,0,0,-0.867552955146641,0.578567875299864,-0.87148599200463,-0.206120507813681,-1.23370563830835,-0.307068403233039,12,2.5,17,8.5,2.5,18.2,9,2.5
178509,1.21026720158651,0.635356133042705,-0.735603713995184,0.00912009775812287,0.712191794652044,2.09216399354775,-0.683602525534014,1,1,1,0.754557635373562,0.578567875299864,0.456024105311821,-0.396670819239086,0.401162157160922,-0.18891535305339,2,0,15,4,5,10,8.5,0
994636,1.64844079414778,0.635356133042705,-0.735603713995184,-1.80395533655573,-1.27620945753084,-0.761569895739318,-1.54976047375684,0,0,0,2.78219587352381,-1.13712513235627,-0.452272277062593,0.0409088521000808,-0.288046815438869,1.52915089117033,5.7,7,3.36,2.79,2.31,4.96,0,5.89
225067,-3.60964231658754,-1.27455514592236,2.09424778711995,2.21071169656781,-0.2820088314394,-1.2371922106205,1.04871337091164,1,0,0,-0.0564976598865395,0.578567875299864,0.0368103903697839,-0.892803628417876,1.15448359232814,-0.0772219379765817,9.52,4.34,10.22,5.32,11.68,11.9,6.3,11.68
689512,0.772093609025229,0.635356133042705,-0.953284598696349,0.138625485923398,-0.2820088314394,-0.666445432763082,-1.11668149964543,0,0,0,-0.46202530751659,-0.279278628528205,0.316286200331142,0.164875577171981,0.660283360037588,-0.140882051407795,13.5,10.5,12,8,6,11.25,8,7.5
679697,-0.323340372377965,-0.00128095994565041,-0.300241944592856,0.138625485923398,-1.27620945753084,-1.2371922106205,-1.11668149964543,1,1,1,-0.0564976598865395,-0.279278628528205,-0.522141229552932,1.71475214035105,-1.0841098923177,-0.278466227193319,6.21,0.72,5.89,0.18,0.8,0.1,6.37,0.09
266985,0.333920016463951,-1.91119223891072,-0.735603713995184,0.527141650419225,1.70639242074349,0.665297048904214,1.04871337091164,0,1,0,-0.867552955146641,-1.13712513235627,1.99314106009929,-0.699860136971778,-0.646008064773645,-0.288359901243598,14,9,15,4.5,10.2,2.6,6,1.2
630439,1.42935399786714,0.635356133042705,-1.17096548339751,-0.120385290407153,-1.27620945753084,-0.476196506810611,-0.683602525534014,0,0,0,-1.27308060277669,0.578567875299864,-1.01122389698531,-0.231115943585364,-0.744848111231754,-0.271937643107271,3.5,2.94,2.85,0.81,NA,0.04,0,2.66
759298,-0.761513964939242,1.27199322603106,-0.300241944592856,-1.54494456022518,-1.27620945753084,-1.2371922106205,1.04871337091164,0,1,1,-0.867552955146641,-0.279278628528205,-0.592010182043272,-0.852598204070233,1.29072257528391,-0.290527335242958,17.5,1.5,18,1.25,0,0,3,0
522537,-0.323340372377965,-0.00128095994565041,1.44120513301646,1.56318475574143,1.70639242074349,-0.0956986549056695,0.182555422688815,0,1,0,-0.867552955146641,0.578567875299864,-0.172796467101235,2.78865178830338,-0.507097729210895,0.462140915409776,0.92,6.16,1.75,4.6,7.44,11.88,4.8,0.75
886393,-0.980600761219881,-0.00128095994565041,-0.0825610598916914,0.786152426749776,-0.779109144485122,-1.04694328466802,-0.683602525534014,0,1,0,0.349029987743511,1.43641437912793,-0.801617039514291,1.20707888529469,-0.702106469520139,-0.278153795884223,18.24,2.86,12.42,24,1.98,1.98,0.16,2.73
648722,1.64844079414778,1.27199322603106,-1.38864636809868,-0.897417619398806,-0.2820088314394,-0.666445432763082,0.182555422688815,1,1,1,-0.46202530751659,0.578567875299864,0.0368103903697839,0.406852668153169,-0.384215509290002,-0.309349711807748,16,7.2,11.48,5.7,2.7,6.88,6.08,4.3
993772,-0.761513964939242,-0.00128095994565041,1.00584336361413,0.527141650419225,-0.779109144485122,0.189674734023037,0.61563439680023,0,0,0,2.78219587352381,0.578567875299864,-0.312534372081914,2.03756553425342,0.184782595995872,-0.227458070718946,5.04,4.6,14.5,9.12,4.62,0.32,0,1.44
195208,0.991180405305867,0.635356133042705,-0.51792282929402,-0.76791223123353,-1.27620945753084,-1.2371922106205,1.48179234502306,0,0,0,0.349029987743511,-0.279278628528205,-0.242665419591574,2.03756553425342,0.184782595995872,-0.227458070718946,2.85,10.4,9.6,4.8,4.1,4.1,3.75,4.9
397370,0.114833220183313,0.635356133042705,-1.17096548339751,-0.897417619398806,-1.27620945753084,-0.856694358715553,-0.250523551422599,1,0,0,0.349029987743511,0.578567875299864,-1.22083075445633,0.995468589687186,-0.103723485557529,-0.248242921298852,14.75,1.62,21.3,5.67,7.95,5.6,3.5,2.7
435438,-0.542427168658603,-0.637918052934006,1.00584336361413,0.915657814915051,0.215091481606322,-0.381072043834376,1.48179234502306,0,0,0,-0.46202530751659,0.578567875299864,-0.801617039514291,3.6760961217546,0.0538863182540505,-0.186734711805577,6.9,8,18.6,8,3.9,4.6,6.2,0
615731,-0.104253576097326,0.635356133042705,1.87656690241879,1.82219553207198,0.712191794652044,0.855545974856685,0.61563439680023,1,0,0,-0.46202530751659,0.578567875299864,-0.522141229552932,-0.517553001173204,-1.15623641270605,-0.311286076061098,4.84,13.2,7.08,0.16,13,7.44,2.45,5.31
503299,-0.980600761219881,-0.637918052934006,0.352800709510637,0.268130874088674,1.20929210769777,1.04579490080916,-0.683602525534014,0,0,0,-0.46202530751659,1.43641437912793,0.316286200331142,-0.451448050823838,0.684325533500372,-0.0576845212027307,20.59,8.8,8.88,7.15,10.5,7.15,7.04,0
371309,0.333920016463951,-0.00128095994565041,1.00584336361413,1.1746685912456,-1.27620945753084,-1.2371922106205,1.48179234502306,0,0,0,-0.867552955146641,0.578567875299864,-0.382403324572253,-1.39622234121522,-0.712791879948043,-0.305012215611545,15,2,36,5,1,0,20,0
963281,-1.41877435378116,-0.00128095994565041,1.65888601771762,1.56318475574143,1.70639242074349,0.570172585927979,-0.683602525534014,0,0,0,-0.46202530751659,0.578567875299864,0.5957620102925,-0.853395930743797,-0.183864063766807,-0.313506464677589,0,12.42,5.07,3.4,8.28,8.19,0,0
474366,-0.542427168658603,-0.637918052934006,1.65888601771762,1.43367936757615,0.215091481606322,1.04579490080916,0.61563439680023,1,0,0,0.349029987743511,0.578567875299864,-1.22083075445633,0.65590293563996,3.51061659168091,5.97778519332849,7.6,16.6,8.4,8.9,20,8.6,8.6,8.1
461486,-0.761513964939242,1.27199322603106,1.65888601771762,1.04516320308033,-1.27620945753084,-0.856694358715553,0.182555422688815,0,0,0,0.349029987743511,1.43641437912793,-0.0330585621205556,-0.470487127432907,0.369105925877212,-0.202140140984396,14.5,0.09,7.8,1.68,1.89,1.36,22.77,0
436629,1.21026720158651,1.27199322603106,-1.60632725279984,-1.67444994839046,-0.779109144485122,-1.2371922106205,1.48179234502306,1,0,0,-0.46202530751659,1.43641437912793,-0.731748087023951,-0.633755186622412,0.232866942921439,-0.210969636170605,0.5,2,2.5,2.1,0.8,0.25,0.49,0.15
171594,0.333920016463951,1.27199322603106,0.352800709510637,0.138625485923398,0.215091481606322,1.4262927527141,0.182555422688815,0,0,0,-0.0564976598865395,-0.279278628528205,0.5957620102925,0.158653309118179,-0.784918400336393,-0.133720218909788,3.8,15.6,50,0,0,0,0,0
776555,1.42935399786714,1.27199322603106,-1.17096548339751,-1.41543917205991,-1.27620945753084,-1.14206774764426,-0.250523551422599,0,0,0,-0.0564976598865395,-1.13712513235627,-1.08109284947565,0.299797748560832,0.166083127747041,-0.116556406353519,6,0.9,11.9,4.8,1,1,18,0
574685,1.64844079414778,1.27199322603106,-0.51792282929402,-1.15642839572936,1.70639242074349,-0.571320969786847,-0.250523551422599,0,0,0,-0.0564976598865395,0.578567875299864,-0.592010182043272,-0.698424228959362,1.28270851746298,-0.191859856097361,20,25,0,0,0,0,0,0
183274,-0.761513964939242,-0.00128095994565041,1.22352424831529,1.56318475574143,0.712191794652044,-0.00057419192943401,0.182555422688815,1,0,0,-0.46202530751659,0.578567875299864,-1.22083075445633,-0.75240373387055,0.628227128753877,-0.220413654040731,9,6.1,7.65,4.2,9.3,4.4,7.5,5
738449,0.772093609025229,0.635356133042705,-0.300241944592856,0.397636262253949,-1.27620945753084,-1.2371922106205,0.61563439680023,1,1,0,-1.27308060277669,-1.13712513235627,1.36432048768624,0.28283276130303,0.841935337311952,-0.0994189351207952,5.7,5.04,11.76,0.6,3.2,0.5,0,1
148169,-2.07603474262307,1.27199322603106,0.570481594211801,0.397636262253949,0.215091481606322,-0.666445432763082,1.48179234502306,1,0,0,0.349029987743511,-1.13712513235627,-1.01122389698531,0.0249543186287937,0.839263984704977,-0.144861883779658,9.88,2.16,0,2.24,0.56,0,0,0
758907,0.991180405305867,1.27199322603106,-0.953284598696349,-1.41543917205991,-1.27620945753084,-0.666445432763082,-1.54976047375684,1,0,0,1.16008528300361,-1.13712513235627,-0.0330585621205556,1.38215329925295,-0.96389902500378,-0.236553347726531,24.75,2.8,5.6,0.66,5.88,0.2,10.27,2
164843,-0.542427168658603,-0.00128095994565041,1.44120513301646,1.30417397941088,0.215091481606322,1.04579490080916,-1.54976047375684,1,0,0,2.78219587352381,1.43641437912793,-1.01122389698531,1.74113030235691,0.286293995060958,0.032214340254414,22.08,24.99,2.5,0,0,0,0,0
728695,0.772093609025229,-1.91119223891072,0.135119824809473,-0.508901454902979,0.215091481606322,0.189674734023037,0.61563439680023,0,1,0,-1.27308060277669,2.294260882956,2.48222372753167,0.222950079007466,-0.218591647657495,-0.276401988832403,30,2.6,15.3,0,11.8,0,15.2,0
947777,0.991180405305867,-0.00128095994565041,0.352800709510637,0.656647038584501,-1.27620945753084,-1.2371922106205,1.48179234502306,0,0,0,-1.27308060277669,0.578567875299864,-0.452272277062593,2.53880379414302,1.23996687575137,1.30509499453917,11.5,0,7.5,7.5,7.5,0,1,0.5
813601,1.64844079414778,1.27199322603106,-1.60632725279984,-2.19247150105156,-1.27620945753084,-1.2371922106205,-0.683602525534014,0,0,0,-0.0564976598865395,0.578567875299864,-1.29069970694667,-0.231115943585364,-0.744848111231754,-0.271937643107271,18.3,0.95,0.5,24.7,0,0,0.22,0.9
327151,-0.323340372377965,-0.637918052934006,-0.0825610598916914,-0.249890678572428,-1.27620945753084,-0.0956986549056695,-0.683602525534014,1,0,0,-0.46202530751659,0.578567875299864,-0.87148599200463,-1.21614884010263,0.844606689918928,-0.295864503234856,50,0,14.88,0,0,7.56,10.2,0
138693,1.64844079414778,1.27199322603106,-1.60632725279984,-2.19247150105156,0.215091481606322,-1.2371922106205,-0.250523551422599,1,0,0,-0.46202530751659,-0.279278628528205,-0.94135494449497,0.20002873258705,1.62998435636985,-0.300873646050153,0,0,0,0,0,0,3.75,0
246258,0.55300681274459,0.635356133042705,1.00584336361413,0.268130874088674,-0.2820088314394,0.189674734023037,1.48179234502306,0,0,0,-0.867552955146641,1.43641437912793,-0.731748087023951,0.431901285703089,-0.274690052403989,-0.1959655496125,6.75,6.75,6.75,5.25,6.75,6.75,0,0
351166,0.55300681274459,-1.91119223891072,-0.0825610598916914,0.00912009775812287,1.20929210769777,1.61654167866657,0.61563439680023,1,0,0,-1.27308060277669,-0.279278628528205,2.06301001258963,0.28283276130303,0.841935337311952,-0.0994189351207952,21.6,1.32,18.24,4.8,18,3,5.4,0
419809,-1.6378611500618,-0.00128095994565041,1.65888601771762,1.56318475574143,-0.2820088314394,-1.2371922106205,1.48179234502306,0,0,0,1.16008528300361,0.578567875299864,-0.87148599200463,2.16147907754708,-0.57655289699227,-0.174238271385454,10.5,4.42,11.62,5.68,11.78,2.25,7.56,4.4
451483,-1.6378611500618,-0.00128095994565041,0.570481594211801,1.43367936757615,-0.2820088314394,-1.2371922106205,0.61563439680023,1,0,0,2.78219587352381,1.43641437912793,-0.592010182043272,0.272568678103169,1.67539735068844,0.870745116017075,16.8,8.97,8.58,10.54,2.25,4.4,0,0.72
162159,-1.19968755750052,-0.00128095994565041,-0.300241944592856,-0.120385290407153,1.70639242074349,1.52141721569033,-1.11668149964543,0,1,0,-1.27308060277669,-1.13712513235627,1.92327210760895,-0.857756836559282,0.262251821598174,-0.314756920173926,8.1,0.84,3.12,4.44,1.82,7.36,13.2,0.48
136840,0.772093609025229,0.635356133042705,-1.38864636809868,-1.28593378389463,0.712191794652044,0.76042151188045,0.61563439680023,1,1,1,-0.0564976598865395,-0.279278628528205,1.64379629764759,-0.123954660436552,-1.12685153402931,-0.297825414758896,6,6.3,3.3,0.35,0.1,0.95,0.12,0.3
605159,0.114833220183313,-0.00128095994565041,-0.300241944592856,0.00912009775812287,0.712191794652044,0.475048122951743,-0.250523551422599,1,0,0,0.349029987743511,0.578567875299864,-0.172796467101235,0.528479394982614,-1.18829264398976,-0.277173345671295,4.4,5.5,10.2,8.4,5.5,8.5,4.4,3.2
803155,0.114833220183313,0.635356133042705,1.00584336361413,-0.120385290407153,0.215091481606322,-0.856694358715553,0.182555422688815,1,1,1,0.349029987743511,-1.13712513235627,-1.01122389698531,2.0505418881434,0.0699144338959073,-0.178738153139708,1,1.75,4,0.25,0.25,0,0.5,0.25
573027,-0.980600761219881,-0.00128095994565041,1.44120513301646,1.56318475574143,-1.27620945753084,-1.2371922106205,1.48179234502306,0,0,0,-0.867552955146641,-1.13712513235627,1.2944515351959,-0.107096036735226,1.45634643691642,-0.252520564041954,11.78,2.7,23.31,2.05,1.8,4,1.8,1.68
990329,0.114833220183313,-0.00128095994565041,-0.300241944592856,0.00912009775812287,-0.779109144485122,0.0945502710468015,-0.250523551422599,0,1,0,0.349029987743511,-0.279278628528205,0.525893057802161,-0.690074689776055,0.815221811242193,-0.238752517378677,21.84,10.4,14.82,1.2,9.6,5.58,5,0.2
907989,1.21026720158651,1.27199322603106,0.135119824809473,1.43367936757615,-0.2820088314394,-0.761569895739318,1.48179234502306,1,0,0,-0.867552955146641,0.578567875299864,-0.94135494449497,0.00134160909128881,1.06365760369095,0.166140616879626,12,6,6.75,5.5,8.25,5,1.5,3.5
200934,0.333920016463951,-0.00128095994565041,1.00584336361413,-0.76791223123353,-1.27620945753084,0.0945502710468015,0.182555422688815,0,0,0,0.349029987743511,0.578567875299864,-0.87148599200463,0.663773838819128,0.31033616852374,-0.210826148460901,3.22,1.4,9.12,1.89,1.17,1.71,12.45,0.26
658569,1.64844079414778,1.27199322603106,-1.60632725279984,-2.19247150105156,-1.27620945753084,-1.04694328466802,1.04871337091164,0,0,0,-0.46202530751659,-1.13712513235627,0.0368103903697839,-0.937210413246292,0.510687614046936,-0.295219782265017,3.8,1,1,0.75,0.3,0.4,5,0
963219,-0.761513964939242,0.635356133042705,-0.51792282929402,-0.249890678572428,-0.779109144485122,-1.2371922106205,0.61563439680023,0,0,0,0.349029987743511,0.578567875299864,0.875237820253859,1.74113030235691,0.286293995060958,0.032214340254414,2,6.3,11.59,13.86,5.33,8.52,1.52,3.99
983415,-0.104253576097326,-0.00128095994565041,1.00584336361413,0.527141650419225,-0.2820088314394,-0.951818821691789,1.04871337091164,1,1,0,0.349029987743511,0.578567875299864,-0.94135494449497,0.449185363630317,-0.229277058085399,-0.286384962528987,8.2,7.04,17,0.96,17,2.64,3.32,12.41
343023,-0.323340372377965,-0.00128095994565041,1.00584336361413,0.915657814915051,-0.779109144485122,-1.2371922106205,1.04871337091164,1,0,0,-0.0564976598865395,0.578567875299864,-0.94135494449497,0.00134160909128881,1.06365760369095,0.166140616879626,20.4,11.8,0,0,19.6,0,0,0
324963,-0.542427168658603,0.635356133042705,-0.735603713995184,-0.508901454902979,-0.779109144485122,0.570172585927979,-1.54976047375684,1,0,0,2.78219587352381,0.578567875299864,-0.242665419591574,0.28283276130303,0.841935337311952,-0.0994189351207952,20,1,4,0,2,0,10,0
133071,-0.761513964939242,-0.00128095994565041,1.00584336361413,0.397636262253949,0.215091481606322,0.76042151188045,-1.54976047375684,1,0,0,1.16008528300361,0.578567875299864,-1.29069970694667,0.832360075832395,0.195468006423776,-0.307251007208161,15.3,4.59,6.24,1.26,1.2,1.68,0.5,3.33
943732,-0.323340372377965,-0.00128095994565041,0.352800709510637,0.138625485923398,-1.27620945753084,-0.666445432763082,1.04871337091164,0,0,0,-0.867552955146641,0.578567875299864,-0.522141229552932,-1.22061610947459,0.377119983698139,-0.306526145593337,28,9,20,5,1,1.5,3,0
376221,0.772093609025229,1.27199322603106,-1.60632725279984,-1.02692300756408,-0.779109144485122,-1.2371922106205,-1.11668149964543,1,0,1,1.16008528300361,-1.13712513235627,-0.87148599200463,0.738600600799464,0.49465949840508,0.153361826732287,20,0,0,0,0,0,0,0
587069,0.772093609025229,0.635356133042705,1.44120513301646,-0.120385290407153,-0.779109144485122,-1.2371922106205,1.04871337091164,0,0,0,0.349029987743511,0.578567875299864,-1.08109284947565,-1.11973027615782,0.072585786502883,-0.244573671352986,6.24,1,14.4,11,4.8,16.53,1.75,8.76
515175,-0.104253576097326,-0.00128095994565041,0.135119824809473,0.138625485923398,-0.779109144485122,-1.2371922106205,1.04871337091164,1,0,0,-1.27308060277669,-0.279278628528205,-0.452272277062593,-0.0681669750652852,0.56678601879343,-0.0742926185405716,7.15,22.14,16.38,5.85,5.11,9.6,3.66,4.41
568031,-2.07603474262307,0.635356133042705,1.00584336361413,-0.249890678572428,-1.27620945753084,-1.2371922106205,0.61563439680023,0,0,0,-0.0564976598865395,2.294260882956,-0.312534372081914,1.01227403161028,1.45634643691642,0.661323759705,2.6,0.25,2,4,2.4,0.25,1.5,0.25
852815,0.333920016463951,-1.27455514592236,1.22352424831529,1.1746685912456,1.70639242074349,1.52141721569033,0.182555422688815,1,0,0,-1.27308060277669,0.578567875299864,-1.08109284947565,-1.55911812795706,-0.218591647657495,-0.312187297408929,24,6.27,9.9,6.6,14.88,8.3,0.72,7.7
572835,-0.542427168658603,-0.00128095994565041,-0.0825610598916914,1.1746685912456,-0.2820088314394,1.61654167866657,-3.2820763702025,1,0,0,2.78219587352381,0.578567875299864,-0.452272277062593,4.34379334752797,-2.06182494647089,-0.251563642028314,12.5,6,12,5.5,6.75,5,0.9,0.7
696009,1.21026720158651,1.27199322603106,0.788162478912966,-0.897417619398806,-1.27620945753084,-0.951818821691789,0.182555422688815,0,0,0,-0.46202530751659,0.578567875299864,-1.43043761192735,-0.34577585746568,0.628227128753877,-0.178170816050374,0.18,0.22,1.2,0.3,0,3.23,5.52,0.3
129070,-0.104253576097326,-0.00128095994565041,0.352800709510637,0.527141650419225,-0.2820088314394,-1.2371922106205,1.48179234502306,0,1,0,-0.46202530751659,-1.13712513235627,2.06301001258963,-0.470859399880571,-0.384215509290002,-0.286653262812696,12.8,15,23.8,6.4,4.8,6.4,1.9,8.5
914970,-0.323340372377965,1.27199322603106,0.352800709510637,-0.508901454902979,0.215091481606322,-0.381072043834376,1.04871337091164,0,0,0,1.97114057826371,1.43641437912793,-0.382403324572253,-0.0608810714467308,-1.76530480709656,-0.285925687740074,8.8,9.25,10.35,7.6,1.3,2.3,2.7,4.3
187698,0.55300681274459,0.635356133042705,-0.953284598696349,-1.54494456022518,0.712191794652044,-0.00057419192943401,-1.11668149964543,1,0,0,-0.867552955146641,-1.13712513235627,0.246417247840803,-0.479900302180967,0.000459266114531749,-0.181141556246541,0.45,5.04,5.94,23,3.2,15.4,3.48,10.08
695238,1.21026720158651,-1.27455514592236,-1.17096548339751,-0.897417619398806,0.712191794652044,-0.0956986549056695,1.48179234502306,1,1,0,-0.46202530751659,-1.13712513235627,1.50405839266691,-0.158735543403958,-0.499083671389968,-0.297947486746204,0.96,5.2,13.87,0.73,5.76,23.1,15.33,5.39
483700,-0.323340372377965,-0.00128095994565041,0.788162478912966,0.915657814915051,0.215091481606322,-0.28594758085814,0.61563439680023,0,1,0,0.349029987743511,-0.279278628528205,1.92327210760895,-0.178146892460691,-0.253319231548181,-0.225032749226746,10.8,4.2,9,7.8,5.85,4.84,10.12,6.49
472707,0.55300681274459,-1.27455514592236,0.135119824809473,0.397636262253949,-0.2820088314394,-0.381072043834376,1.48179234502306,1,0,0,1.16008528300361,2.294260882956,-0.801617039514291,0.65590293563996,3.51061659168091,5.97778519332849,18.98,10.34,5.22,5.4,2.22,2.07,4.27,2.1
216643,0.772093609025229,1.27199322603106,-0.735603713995184,-0.76791223123353,-1.27620945753084,-0.28594758085814,0.61563439680023,0,0,1,-0.0564976598865395,0.578567875299864,-0.661879134533612,-0.852013204509619,-0.191878121587735,-0.263608589467615,10.92,0,0.11,0,0,0.29,6.56,0
447385,-0.980600761219881,-0.637918052934006,1.65888601771762,1.43367936757615,0.215091481606322,-1.14206774764426,1.04871337091164,1,0,0,2.37666822589376,1.43641437912793,-0.94135494449497,0.839911888342137,0.128684191249377,-0.270342693198718,14,7,14,6,16,8,2.5,2.5
760304,-0.761513964939242,1.27199322603106,-1.38864636809868,-0.120385290407153,-0.2820088314394,-0.28594758085814,1.04871337091164,0,0,0,0.349029987743511,0.578567875299864,-1.29069970694667,-0.0150383786058992,1.3468209800304,-0.279233902013899,7.8,5,3.4,6.3,0,9.68,0,0
211969,-1.41877435378116,-1.91119223891072,1.65888601771762,1.56318475574143,-0.2820088314394,-0.476196506810611,0.61563439680023,1,0,0,-0.46202530751659,0.578567875299864,-1.15096180196599,0.65590293563996,3.51061659168091,5.97778519332849,30,7,8,8,18,10,5,4
417611,-0.980600761219881,-0.00128095994565041,1.65888601771762,1.1746685912456,0.712191794652044,0.379923659975508,0.61563439680023,1,0,0,-0.867552955146641,-1.13712513235627,0.246417247840803,0.769073759729623,1.02091596197934,-0.173259276652653,14.4,14.6,14.4,2.7,15,5.8,0,2.6
208446,-0.542427168658603,0.635356133042705,1.44120513301646,2.08120630840253,-0.779109144485122,0.76042151188045,-1.11668149964543,1,0,0,-0.46202530751659,1.43641437912793,-0.312534372081914,0.164875577171981,0.660283360037588,-0.140882051407795,6,2,4,2,0.5,0.5,0.5,0
671780,-0.104253576097326,-0.00128095994565041,-0.300241944592856,0.786152426749776,0.215091481606322,1.14091936378539,0.182555422688815,0,0,0,0.349029987743511,0.578567875299864,0.805368867763519,0.824010536649088,-0.450999324464401,-0.125224875958577,6,1.5,4,0.6,0.5,0.5,1.5,0.25
682574,-1.19968755750052,-0.00128095994565041,0.570481594211801,0.527141650419225,-1.27620945753084,0.0945502710468015,0.182555422688815,1,0,0,1.56561293063366,1.43641437912793,0.0368103903697839,2.1439822725069,0.072585786502883,-0.132513924868233,2.7,0.96,3.6,2.8,1.26,0.36,0.36,0.9
550512,0.333920016463951,-0.00128095994565041,0.352800709510637,-0.76791223123353,-0.779109144485122,-0.951818821691789,1.04871337091164,1,0,0,-0.0564976598865395,0.578567875299864,-0.801617039514291,1.62790629648901,0.0245014395773155,-0.168237013313137,12,19.5,9.75,4,5,3,4.25,6.5
779037,-0.542427168658603,-0.00128095994565041,1.22352424831529,0.268130874088674,-0.2820088314394,1.14091936378539,-0.250523551422599,0,0,0,1.16008528300361,0.578567875299864,-0.452272277062593,0.309157741530654,0.166083127747041,-0.15495905405284,18,6,7.5,0.6,3,0.9,8,0
806153,0.55300681274459,0.635356133042705,-0.735603713995184,-0.508901454902979,-1.27620945753084,-0.28594758085814,0.61563439680023,1,1,0,-1.27308060277669,-1.13712513235627,1.36432048768624,-1.32713921128455,1.4910740208071,-0.314948858338342,15,6,13,0,10,0,6,0
199682,0.114833220183313,-0.00128095994565041,-0.300241944592856,1.56318475574143,-1.27620945753084,-1.2371922106205,0.61563439680023,0,1,0,-0.46202530751659,-1.13712513235627,0.735499915273179,1.97268376480352,1.77423739714655,-0.120230513752469,2,0,40,0,0,2,0,0
468306,0.114833220183313,-0.637918052934006,0.352800709510637,-0.249890678572428,1.70639242074349,1.4262927527141,-0.683602525534014,1,0,0,0.349029987743511,0.578567875299864,-1.22083075445633,2.78865178830338,-0.507097729210895,0.462140915409776,0.08,0,3.1,0,0.8,9.92,3.9,12.6
339116,0.772093609025229,-1.27455514592236,-0.51792282929402,-0.76791223123353,-0.2820088314394,0.0945502710468015,0.61563439680023,0,0,0,-0.0564976598865395,-0.279278628528205,0.0368103903697839,-0.613865201561541,-0.814303279013128,-0.294518800027306,14.91,2.5,13.65,5.83,1.19,1,14.1,8.25
784170,0.55300681274459,-0.637918052934006,-0.51792282929402,-1.02692300756408,-0.2820088314394,-0.190823117881905,0.182555422688815,1,0,0,-1.27308060277669,-1.13712513235627,-0.0330585621205556,2.1439822725069,0.072585786502883,-0.132513924868233,4.5,0.5,2,6,6,5,3.75,1
782657,-0.542427168658603,-1.27455514592236,0.570481594211801,0.268130874088674,1.20929210769777,-0.00057419192943401,1.04871337091164,0,1,0,-0.46202530751659,-1.13712513235627,2.55209268002201,-1.3331487522254,1.5578578359815,-0.310748660916253,13.5,5,10,0.25,10,0.25,10,0.5
466230,0.55300681274459,-0.00128095994565041,-0.953284598696349,-0.76791223123353,-0.2820088314394,-1.14206774764426,-1.11668149964543,0,0,0,-0.867552955146641,0.578567875299864,-1.01122389698531,0.573417997593406,1.83834985971398,-0.147315188312367,9.6,9.4,10.6,0.54,1.26,0.68,4,0.24
668970,0.55300681274459,-0.00128095994565041,1.00584336361413,0.268130874088674,0.712191794652044,-1.04694328466802,0.61563439680023,0,0,0,-0.0564976598865395,1.43641437912793,0.525893057802161,-0.802926423196292,0.6923395913213,-0.269703944295057,4.55,10.29,13.23,4.07,5.52,4.7,0.95,1.89
588532,0.333920016463951,-0.00128095994565041,0.352800709510637,0.00912009775812287,-1.27620945753084,-0.666445432763082,1.04871337091164,1,0,0,-0.867552955146641,-1.13712513235627,-0.172796467101235,0.505558048562198,-1.58098147721522,-0.283585484717704,17.55,2,20.9,0,3,0,9,2
526338,-0.761513964939242,-1.91119223891072,0.135119824809473,0.397636262253949,1.20929210769777,1.33116828973786,0.61563439680023,1,0,0,0.349029987743511,0.578567875299864,1.43418944017657,0.769073759729623,1.02091596197934,-0.173259276652653,8,7,12,2.5,4,5,10,2.5
888617,-0.323340372377965,-0.00128095994565041,-0.953284598696349,0.00912009775812287,-0.779109144485122,-1.2371922106205,-0.683602525534014,1,0,0,-0.46202530751659,-0.279278628528205,-0.102927514610895,-0.422836254131997,0.967488909839822,-0.142046714559017,0.8,0.05,0.4,26.7,0.05,1,19.4,0.05
682116,-0.980600761219881,-0.00128095994565041,1.65888601771762,0.786152426749776,-0.779109144485122,-1.2371922106205,1.48179234502306,1,0,0,-0.46202530751659,0.578567875299864,-0.731748087023951,0.0249543186287937,0.839263984704977,-0.144861883779658,9,1.8,10.5,11.83,7.98,4.05,11.64,4.3
630777,0.55300681274459,0.635356133042705,0.135119824809473,-0.379396066737704,-0.2820088314394,-0.28594758085814,0.182555422688815,0,1,0,-0.867552955146641,2.294260882956,2.13287896507997,0.672814741119524,-0.138451069448216,-0.299428788111329,4.93,0.96,3.6,4.8,1.44,0.77,2.8,0.66
121721,-0.542427168658603,0.635356133042705,1.65888601771762,0.397636262253949,1.20929210769777,-0.476196506810611,1.04871337091164,1,0,0,-0.0564976598865395,0.578567875299864,-1.01122389698531,-1.53667541754078,1.23729552314439,2.67043767601586,3.4,2.21,3.4,1.21,0.91,0.91,0.18,0.3
190403,-0.542427168658603,-1.27455514592236,-0.0825610598916914,0.268130874088674,0.215091481606322,1.23604382676163,0.61563439680023,0,0,0,0.754557635373562,1.43641437912793,-0.87148599200463,0.378719507465466,0.940775383770063,0.94779596655012,7.22,7.36,7.56,8.64,5.76,3.12,7.15,4
345099,-0.761513964939242,1.27199322603106,-0.735603713995184,-0.379396066737704,-0.779109144485122,-0.951818821691789,0.61563439680023,1,0,0,2.78219587352381,1.43641437912793,0.875237820253859,0.769073759729623,1.02091596197934,-0.173259276652653,6.16,4.4,5.5,0,4.2,2.1,2.94,0
475387,-0.761513964939242,0.635356133042705,1.00584336361413,1.1746685912456,-0.779109144485122,0.665297048904214,1.48179234502306,0,0,0,0.349029987743511,0.578567875299864,-1.08109284947565,4.34379334752797,-2.06182494647089,-0.251563642028314,16.38,5.85,7.14,3.85,11.2,9.75,0,5.6
880793,0.333920016463951,0.635356133042705,2.09424778711995,1.95170092023726,0.215091481606322,0.950670437832921,0.182555422688815,1,0,0,-0.867552955146641,-1.13712513235627,-0.242665419591574,-0.32093996702871,-0.00221208649244389,-0.217818221659824,31.54,4.56,2.5,5.04,8.25,5.7,5.16,11.34
646036,-0.323340372377965,-0.00128095994565041,-0.300241944592856,-0.508901454902979,0.712191794652044,-0.856694358715553,0.182555422688815,0,0,0,-0.0564976598865395,0.578567875299864,0.176548295350463,-0.107096036735226,1.45634643691642,-0.252520564041954,21.5,0.45,9.87,0.03,0.42,0.66,2.08,0.02
763985,-0.323340372377965,1.27199322603106,-0.51792282929402,-0.638406843068255,0.215091481606322,-0.666445432763082,1.48179234502306,0,0,0,-0.0564976598865395,0.578567875299864,-0.452272277062593,-1.4459473038674,0.240881000742366,-0.308867361421894,7.98,6.2,4.5,3.5,2.38,5.32,10.08,2.32
209910,-0.761513964939242,-0.637918052934006,0.352800709510637,0.656647038584501,1.20929210769777,-1.2371922106205,1.48179234502306,0,0,0,-0.867552955146641,-1.13712513235627,0.0368103903697839,-1.03139534250512,0.673640123072468,-0.0653661268163611,30,1.4,19.98,5,0,3.04,2.7,13.68
653840,-1.41877435378116,-0.00128095994565041,1.65888601771762,-0.76791223123353,1.70639242074349,-0.190823117881905,0.61563439680023,1,1,0,-0.867552955146641,-0.279278628528205,1.92327210760895,1.5997731358013,-0.894443857222406,-0.218735162328781,12,5.5,14,12,7.14,14,12,3.2
506181,-0.323340372377965,-0.00128095994565041,1.65888601771762,1.6926901439067,-0.2820088314394,-1.2371922106205,1.48179234502306,1,0,0,-0.0564976598865395,0.578567875299864,-0.731748087023951,2.53880379414302,1.23996687575137,1.30509499453917,20,26.7,11.7,3.6,6.5,4.15,4.15,8.8
706839,0.772093609025229,0.635356133042705,-0.51792282929402,-0.120385290407153,-1.27620945753084,-1.14206774764426,1.48179234502306,0,0,0,0.349029987743511,-1.13712513235627,0.805368867763519,-1.54555677450647,-0.461684734892305,-0.315680609317554,4.2,0.9,1.5,1.8,1.8,1.4,0,1.5
844443,-0.980600761219881,-0.637918052934006,0.352800709510637,0.527141650419225,1.20929210769777,0.950670437832921,-0.683602525534014,0,0,0,-0.867552955146641,0.578567875299864,-0.94135494449497,0.19646555344513,-0.3067462836877,-0.234502518689294,10.78,10.92,10.92,10.95,10.5,10.36,10.05,0
459745,0.991180405305867,0.635356133042705,-0.953284598696349,-1.28593378389463,-0.779109144485122,-1.2371922106205,-0.683602525534014,0,0,0,0.349029987743511,1.43641437912793,-0.592010182043272,2.14361000005924,0.115327428214498,-0.146403120731248,5,2.55,10,13.5,1,12,20,0
770471,-0.542427168658603,-0.00128095994565041,0.570481594211801,0.138625485923398,-0.2820088314394,0.379923659975508,0.182555422688815,0,0,0,-0.867552955146641,-0.279278628528205,0.456024105311821,-1.86347744481098,0.721724469998035,-0.313942753630241,1.04,0.75,2.8,0.7,2.25,1.4,3.12,0
387908,-1.85694794634244,1.27199322603106,1.44120513301646,1.95170092023726,-0.2820088314394,1.23604382676163,1.04871337091164,1,0,0,2.78219587352381,0.578567875299864,-1.29069970694667,0.28283276130303,0.841935337311952,-0.0994189351207952,0.27,0.6,8.84,2.34,5.5,0.92,0.95,5.44
890483,0.114833220183313,-0.00128095994565041,-0.300241944592856,0.656647038584501,1.20929210769777,1.61654167866657,-0.250523551422599,1,1,0,-0.46202530751659,-0.279278628528205,2.06301001258963,0.652552483610989,-0.277361405010965,-0.247094057665312,8.55,5.28,13.75,3.64,6.75,2.64,1.84,2.25
388750,0.114833220183313,0.635356133042705,1.44120513301646,-0.249890678572428,-0.779109144485122,-0.571320969786847,0.182555422688815,0,0,0,0.349029987743511,0.578567875299864,-1.08109284947565,-0.75240373387055,0.628227128753877,-0.220413654040731,8.5,3.2,14.94,7.1,4,8.26,1.35,5.2
985100,-0.104253576097326,-0.637918052934006,0.135119824809473,0.138625485923398,0.712191794652044,0.855545974856685,0.182555422688815,0,0,0,-1.27308060277669,-0.279278628528205,0.945106772744198,-0.766337359768807,-0.365516041041171,-0.304054592565892,1.12,9.52,20.1,20.52,2.94,0,0,0
629995,0.333920016463951,0.635356133042705,-1.60632725279984,-1.15642839572936,-1.27620945753084,-1.2371922106205,-0.250523551422599,1,0,0,-0.867552955146641,0.578567875299864,-0.242665419591574,0.00134160909128881,1.06365760369095,0.166140616879626,0.65,1.82,5.98,9.52,1.96,1.82,3.95,0.28
249840,1.42935399786714,1.27199322603106,-1.60632725279984,-1.67444994839046,0.712191794652044,-0.190823117881905,-1.11668149964543,1,0,0,-0.0564976598865395,0.578567875299864,-0.801617039514291,0.158653309118179,-0.784918400336393,-0.133720218909788,0,7.8,0,0,0,0,0,0
596827,-1.6378611500618,-0.637918052934006,1.22352424831529,2.08120630840253,-0.2820088314394,0.284799196999272,0.61563439680023,1,0,0,0.754557635373562,1.43641437912793,-1.36056865943701,0.65590293563996,3.51061659168091,5.97778519332849,7.28,7.35,11.04,5.52,6.72,2.3,4.1,1.9
561450,0.333920016463951,0.635356133042705,-0.51792282929402,-1.02692300756408,0.712191794652044,1.61654167866657,-1.11668149964543,0,0,0,-0.0564976598865395,0.578567875299864,-1.08109284947565,3.15762696571601,-1.35925921083622,-0.207025509185501,22.95,11.96,14.52,0,0,17.55,0,0
128594,0.333920016463951,-1.27455514592236,1.44120513301646,1.43367936757615,0.712191794652044,-1.14206774764426,1.48179234502306,1,0,0,0.349029987743511,0.578567875299864,-0.522141229552932,-0.343914495227363,-0.424285798394641,-0.292140836589387,19,18,18,3.6,7.8,15.12,4.25,1.32
109677,-1.85694794634244,-1.91119223891072,0.788162478912966,0.268130874088674,1.20929210769777,-1.14206774764426,1.04871337091164,0,0,0,-0.46202530751659,0.578567875299864,-0.172796467101235,-0.419698529215977,-1.66379340803148,-0.308039500763768,8.25,5.81,30.8,2.01,15.54,4.02,4.08,4.38
515402,-0.542427168658603,-1.27455514592236,1.44120513301646,0.397636262253949,-0.2820088314394,0.0945502710468015,1.04871337091164,0,0,0,2.78219587352381,1.43641437912793,0.5957620102925,-1.57055221027815,0.222181532493535,-0.313999831272067,28.08,8.4,25.74,0,1.26,2.24,0,0
317113,1.64844079414778,1.27199322603106,-1.60632725279984,-0.638406843068255,0.215091481606322,-0.476196506810611,1.48179234502306,1,0,0,-1.27308060277669,-1.13712513235627,-1.43043761192735,-0.83074049321457,0.187453948602847,0.0284005309281505,25.5,24.01,0,0,0,0,0,0
791747,0.114833220183313,-0.00128095994565041,1.65888601771762,1.30417397941088,-0.2820088314394,0.76042151188045,0.61563439680023,1,0,0,0.754557635373562,0.578567875299864,-1.15096180196599,-1.29868695992742,1.50443078384199,-0.313525694231592,19.53,17.85,15.77,7.48,10.14,3.78,2.49,5.46
758111,-0.761513964939242,-0.00128095994565041,1.00584336361413,1.30417397941088,-0.2820088314394,-0.190823117881905,-0.250523551422599,0,0,0,-0.0564976598865395,-0.279278628528205,0.176548295350463,-0.451979868606215,0.839263984704977,-0.0810038944912284,12,8.2,21.9,0,5,5.4,5.3,0.25
395640,1.42935399786714,-0.00128095994565041,-1.38864636809868,-0.379396066737704,1.70639242074349,1.4262927527141,1.48179234502306,0,1,0,-0.46202530751659,-1.13712513235627,1.99314106009929,0.299425476113169,-1.34590244780134,-0.310555350827812,0,0,7.8,1.89,0.66,0,0,0
489607,-0.104253576097326,1.27199322603106,-0.300241944592856,0.656647038584501,-0.2820088314394,0.284799196999272,-1.98283944786826,1,0,0,-0.0564976598865395,0.578567875299864,-0.0330585621205556,0.65590293563996,3.51061659168091,5.97778519332849,13,6,7.8,7,2.86,5,0,6.2
347662,-0.761513964939242,-1.27455514592236,0.570481594211801,1.04516320308033,0.712191794652044,-1.2371922106205,1.04871337091164,0,0,0,-0.46202530751659,0.578567875299864,0.945106772744198,-0.961461304122648,-1.13219423924326,-0.31274866947338,15,11.4,14.8,1.8,6.3,4.8,9.8,5.6
680595,0.114833220183313,-0.00128095994565041,-0.51792282929402,0.138625485923398,0.215091481606322,0.284799196999272,-0.250523551422599,0,1,0,-0.0564976598865395,0.578567875299864,1.43418944017657,0.421211748277327,0.168754480354016,-0.210448074289885,18.91,1.24,7,3.45,9.6,16.38,3.75,0
635814,-0.542427168658603,0.635356133042705,1.65888601771762,1.30417397941088,0.215091481606322,0.855545974856685,1.48179234502306,1,0,0,2.37666822589376,0.578567875299864,-1.29069970694667,0.222737351894516,-1.77866157013144,-0.297095472829007,1.1,0.44,18.25,0.56,21.78,8.96,1.96,0
191750,0.333920016463951,-0.00128095994565041,-0.735603713995184,0.397636262253949,-0.2820088314394,-0.856694358715553,1.04871337091164,0,0,0,-0.46202530751659,0.578567875299864,-1.22083075445633,1.03812037583376,-0.499083671389968,-0.207281412761659,9.35,9.6,14.4,5.25,6.5,5.4,7,4.9
757093,-0.323340372377965,-0.00128095994565041,0.570481594211801,0.915657814915051,1.70639242074349,0.189674734023037,-0.683602525534014,1,0,0,1.97114057826371,-0.279278628528205,-0.94135494449497,1.51276774660455,-3.1704362783659,-0.282803655083073,1,0,1.5,1,4,10,24.5,12.8
156243,-1.41877435378116,-0.637918052934006,2.31192867182112,1.95170092023726,-1.27620945753084,0.189674734023037,-0.250523551422599,1,0,0,-1.27308060277669,-1.13712513235627,-1.15096180196599,-1.01873807928457,1.40024803216992,0.708571769534499,18,12,32,8.4,12.88,9.48,1.3,0
914255,-0.104253576097326,0.635356133042705,-0.0825610598916914,-0.897417619398806,-0.779109144485122,-0.856694358715553,-0.683602525534014,1,0,0,-0.0564976598865395,-0.279278628528205,-1.01122389698531,-1.01873807928457,1.40024803216992,0.708571769534499,9,1.5,13,6,3.5,1.5,12,4
989671,0.772093609025229,-0.637918052934006,-0.51792282929402,-0.249890678572428,-1.27620945753084,-1.2371922106205,-0.683602525534014,1,0,0,-0.46202530751659,0.578567875299864,-0.592010182043272,-0.451448050823838,0.684325533500372,-0.0576845212027307,8.58,5.88,7.8,10.32,5.72,7.54,9.96,6.12
634138,-0.542427168658603,-0.00128095994565041,-0.0825610598916914,-0.120385290407153,-0.779109144485122,-1.04694328466802,-0.683602525534014,0,0,0,-0.46202530751659,-1.13712513235627,-0.242665419591574,-0.591528854701739,0.417190272802778,-0.245981611060002,10.5,6.75,19.25,2.5,3,1.5,3,1.25
768538,-1.6378611500618,-1.27455514592236,1.22352424831529,1.1746685912456,1.20929210769777,-0.761569895739318,-0.683602525534014,1,0,0,-1.27308060277669,0.578567875299864,-0.801617039514291,-1.40584824307623,0.79652234299336,-0.3151701549092,26.04,6,16.53,1.9,9.62,9.2,0.44,8.8
259128,0.55300681274459,0.635356133042705,-0.735603713995184,-1.02692300756408,-1.27620945753084,-0.476196506810611,1.48179234502306,0,1,1,-0.0564976598865395,0.578567875299864,-0.94135494449497,-0.332639958240987,-0.210577589836566,-0.297506576784999,3.5,0.5,5.25,13.5,1.5,1.25,10,0.75
450203,0.114833220183313,0.635356133042705,-0.51792282929402,-0.249890678572428,1.20929210769777,-0.666445432763082,0.182555422688815,1,0,0,-0.46202530751659,0.578567875299864,-1.08109284947565,0.28283276130303,0.841935337311952,-0.0994189351207952,9.23,10.26,17.25,3.36,6.3,7.68,0.9,4.05
333128,-0.104253576097326,-0.00128095994565041,1.87656690241879,1.56318475574143,1.20929210769777,0.855545974856685,-0.250523551422599,1,0,0,-0.46202530751659,0.578567875299864,0.875237820253859,-0.262333647410849,-1.35124515301529,-0.314056213563337,23.49,12.96,10.2,14.24,10.08,5.52,3,0
906894,-1.6378611500618,0.635356133042705,1.00584336361413,-0.379396066737704,-0.2820088314394,-1.2371922106205,0.61563439680023,0,0,0,0.349029987743511,0.578567875299864,-0.172796467101235,-0.591528854701739,0.417190272802778,-0.245981611060002,5,8,8,1.5,8,7.5,2.5,2
671163,1.42935399786714,0.635356133042705,-1.38864636809868,-1.02692300756408,-1.27620945753084,-1.14206774764426,-1.11668149964543,1,1,0,-0.867552955146641,-1.13712513235627,1.64379629764759,-0.168255081708493,0.451917856693466,-0.170157463464845,1,0.1,0.2,0.5,0.01,0.05,79,0.1
871542,-1.41877435378116,1.27199322603106,1.00584336361413,-0.249890678572428,-0.2820088314394,0.570172585927979,0.61563439680023,0,0,0,-0.0564976598865395,-1.13712513235627,-1.08109284947565,-0.690074689776055,0.815221811242193,-0.238752517378677,23.04,2.53,0.56,1.2,1.82,0.48,4.76,1.6
644579,-0.104253576097326,-0.00128095994565041,0.570481594211801,0.00912009775812287,-0.2820088314394,-0.476196506810611,1.04871337091164,0,1,0,-0.867552955146641,-0.279278628528205,-0.452272277062593,0.00134160909128881,1.06365760369095,0.166140616879626,21.3,6,27,0,6,7,2.5,3
231971,1.42935399786714,1.27199322603106,-0.51792282929402,-0.638406843068255,0.215091481606322,-0.571320969786847,-0.683602525534014,1,0,0,-1.27308060277669,-0.279278628528205,-0.242665419591574,-1.57395584408536,-0.159821890304025,-0.315826353505431,0,6,15,3.75,0.35,0,0,0
242320,-0.323340372377965,1.27199322603106,0.135119824809473,-0.638406843068255,0.215091481606322,-0.476196506810611,-1.54976047375684,1,1,1,-0.46202530751659,0.578567875299864,-0.801617039514291,-0.178146892460691,-0.253319231548181,-0.225032749226746,13.5,13,14.94,9.6,2.75,4,2.28,5.36
153622,-1.41877435378116,-0.637918052934006,1.22352424831529,1.04516320308033,-0.2820088314394,0.0945502710468015,-0.250523551422599,1,0,0,-0.0564976598865395,0.578567875299864,-1.15096180196599,1.52446773781683,2.06007212609298,-0.184793793974485,24,7,9,2.5,6.5,6,1.5,4.2
226020,-1.85694794634244,-0.637918052934006,1.65888601771762,1.82219553207198,1.20929210769777,0.284799196999272,1.48179234502306,0,0,0,1.16008528300361,0.578567875299864,-1.15096180196599,0.65590293563996,3.51061659168091,5.97778519332849,21,9.2,9.75,2,4.2,2.5,4,2.05
332675,0.114833220183313,0.635356133042705,0.788162478912966,0.00912009775812287,0.712191794652044,1.23604382676163,-0.683602525534014,1,0,0,-0.46202530751659,0.578567875299864,0.735499915273179,-0.570149779850214,-0.20790623722959,-0.315639096854932,2.4,3.91,2.16,2.7,4.51,1.12,1.7,0.65
324991,-2.73329513146499,-0.637918052934006,1.87656690241879,1.6926901439067,1.20929210769777,-0.0956986549056695,0.61563439680023,1,0,0,0.754557635373562,0.578567875299864,-0.801617039514291,0.65590293563996,3.51061659168091,5.97778519332849,19.2,18,20.37,5.1,12.46,10.78,1.17,4.4
858688,0.55300681274459,1.27199322603106,0.135119824809473,-0.249890678572428,-1.27620945753084,-1.2371922106205,1.04871337091164,1,0,0,-0.867552955146641,0.578567875299864,-0.94135494449497,-0.75240373387055,0.628227128753877,-0.220413654040731,16.02,14.76,15.3,3.4,14.4,8.64,9.6,0
329773,0.114833220183313,0.635356133042705,-1.17096548339751,-1.02692300756408,-1.27620945753084,-1.2371922106205,-0.250523551422599,0,0,0,-1.27308060277669,-1.13712513235627,-1.36056865943701,0.421211748277327,0.168754480354016,-0.210448074289885,16.1,1.5,13.43,22.08,0.5,0,22.25,1
248794,0.991180405305867,1.27199322603106,0.135119824809473,0.397636262253949,0.712191794652044,-0.190823117881905,0.61563439680023,0,0,0,-0.867552955146641,0.578567875299864,1.22458258270556,-0.708528766824511,-0.814303279013128,-0.314806089428383,2.5,0.1,0.25,1.5,0.3,0.2,10.68,0.15
867063,-0.104253576097326,0.635356133042705,2.09424778711995,2.08120630840253,-0.779109144485122,0.665297048904214,1.04871337091164,1,0,0,0.349029987743511,0.578567875299864,-0.172796467101235,-1.53667541754078,1.23729552314439,2.67043767601586,17.25,10.45,11.13,9.8,3.85,4.34,4.77,0
462540,0.991180405305867,1.27199322603106,-1.60632725279984,-1.80395533655573,-0.779109144485122,0.189674734023037,-0.683602525534014,0,0,0,-1.27308060277669,-1.13712513235627,-1.29069970694667,-0.77500598962154,-0.434971208822545,-0.303287161805846,37.13,34.45,0,0,0,0,0,0
351490,-0.323340372377965,-1.27455514592236,-0.300241944592856,-0.120385290407153,0.712191794652044,0.570172585927979,0.182555422688815,1,1,0,-0.867552955146641,-0.279278628528205,0.805368867763519,-0.359390392694512,-0.269347347190038,-0.267162485638885,4.69,16.8,16.38,4.38,22.41,10.92,1.76,1.4
392644,0.333920016463951,-1.27455514592236,-0.0825610598916914,1.1746685912456,0.712191794652044,-1.2371922106205,1.04871337091164,0,0,0,-0.867552955146641,0.578567875299864,-0.172796467101235,0.00134160909128881,1.06365760369095,0.166140616879626,0.8,0,12.75,0,1.43,8,1.2,0
165911,0.333920016463951,-0.00128095994565041,-0.735603713995184,-0.379396066737704,-1.27620945753084,-1.14206774764426,1.04871337091164,0,0,0,0.754557635373562,-1.13712513235627,-1.22083075445633,1.43347371525225,-0.934514146327045,-0.0832398870642786,2,4.5,4,2.4,0.36,1.5,0,1.5
713212,1.42935399786714,1.27199322603106,-1.38864636809868,-1.54494456022518,0.215091481606322,-0.951818821691789,0.61563439680023,0,0,1,-1.27308060277669,-1.13712513235627,0.386155152821482,-0.0320033658637012,0.072585786502883,-0.223337722733816,0,0,0.12,0,0,0,95.06,0
454663,0.991180405305867,-0.637918052934006,-1.38864636809868,0.656647038584501,-1.27620945753084,-1.2371922106205,1.48179234502306,0,0,0,-1.27308060277669,-1.13712513235627,-1.36056865943701,-1.53667541754078,1.23729552314439,2.67043767601586,17.48,0,29,0,0,0,28.05,0
176577,-1.6378611500618,-1.27455514592236,1.65888601771762,0.786152426749776,0.215091481606322,0.189674734023037,-1.98283944786826,1,0,0,-0.867552955146641,-0.279278628528205,0.246417247840803,-0.718686486467897,0.296979405488861,-0.295873122540787,19.5,12,7.5,5.1,12.9,5.85,3.84,4
261618,-1.85694794634244,-0.637918052934006,1.00584336361413,1.43367936757615,1.20929210769777,0.950670437832921,0.61563439680023,1,0,0,-0.0564976598865395,0.578567875299864,-1.08109284947565,-0.47692212259966,-1.04671095582003,-0.316703348588038,16,11.1,10.5,6.23,9.48,11.16,5.1,5.67
617896,-1.85694794634244,-0.00128095994565041,0.788162478912966,1.82219553207198,1.70639242074349,1.14091936378539,0.61563439680023,0,0,0,-0.0564976598865395,0.578567875299864,-1.08109284947565,1.43347371525225,-0.934514146327045,-0.0832398870642786,17.4,10.65,9,5.25,7.8,9.12,3.9,5.85
610022,1.21026720158651,1.27199322603106,-0.735603713995184,-1.15642839572936,-1.27620945753084,-1.14206774764426,-1.11668149964543,0,0,0,-0.46202530751659,-1.13712513235627,-0.94135494449497,-1.01873807928457,1.40024803216992,0.708571769534499,5.58,3.7,19.5,2.73,5.76,6.29,7.5,1.3
302818,-0.761513964939242,1.27199322603106,1.44120513301646,1.56318475574143,1.20929210769777,0.284799196999272,0.182555422688815,1,0,0,0.349029987743511,0.578567875299864,-0.0330585621205556,-0.10810649052174,-0.138451069448216,-0.315761970742847,18.98,12.48,20.4,0,10.8,0,0,0
864570,1.64844079414778,1.27199322603106,-0.735603713995184,-1.28593378389463,0.215091481606322,-0.856694358715553,-1.98283944786826,1,0,0,1.16008528300361,2.294260882956,-0.731748087023951,1.49824912114568,0.0218300869703398,0.0318776701679929,0.64,1.33,0.6,13.69,0,0,7.2,2.16
688952,-0.542427168658603,0.635356133042705,-0.300241944592856,0.786152426749776,0.215091481606322,-0.666445432763082,-0.250523551422599,1,0,0,2.78219587352381,1.43641437912793,0.316286200331142,1.4575650607939,-0.146465127269145,-0.248901672210616,11.9,5.46,11.44,0.78,13.44,4.56,18,2.04
355518,-1.85694794634244,-1.27455514592236,1.65888601771762,1.43367936757615,-0.779109144485122,-0.476196506810611,0.182555422688815,0,1,0,1.16008528300361,0.578567875299864,1.57392734515725,3.6760961217546,0.0538863182540505,-0.186734711805577,5.88,0.99,1.65,0.77,2.21,0.84,1.2,0.99
317699,0.55300681274459,1.27199322603106,-1.60632725279984,-1.41543917205991,1.70639242074349,1.23604382676163,-0.250523551422599,0,1,0,-0.0564976598865395,0.578567875299864,1.78353420262827,-0.168255081708493,0.451917856693466,-0.170157463464845,1.95,5,2.4,3.95,2.7,2,2.45,4.4
559573,-0.104253576097326,1.27199322603106,-0.300241944592856,-0.897417619398806,-1.27620945753084,-0.951818821691789,-0.250523551422599,0,0,0,-0.0564976598865395,0.578567875299864,-1.08109284947565,0.663773838819128,0.31033616852374,-0.210826148460901,9.6,0.7,11.4,1.68,3,4,0.12,0.63
563590,0.114833220183313,-1.91119223891072,-0.0825610598916914,0.138625485923398,-0.779109144485122,-0.476196506810611,-0.250523551422599,1,1,0,-1.27308060277669,-1.13712513235627,1.71366525013793,-1.16482842410332,-0.816974631620104,-0.311133534478516,14.4,1.1,9.45,2,7.4,9.6,18.2,1.1
957186,0.114833220183313,-0.637918052934006,-1.38864636809868,-0.120385290407153,1.70639242074349,2.94828416033387,-1.54976047375684,1,0,0,2.78219587352381,1.43641437912793,-0.382403324572253,-0.44155624007164,0.115327428214498,-0.293091988655064,3.22,0.59,4.32,2.5,16.34,4.4,7.84,3.69
668795,1.42935399786714,1.27199322603106,-0.735603713995184,0.138625485923398,-1.27620945753084,-0.666445432763082,-0.250523551422599,0,0,0,-0.0564976598865395,-1.13712513235627,0.176548295350463,-0.909768615675678,1.37887721131412,-0.209596542368823,1,0.55,0.36,0.54,0.5,1.05,65.1,1.15
115381,-0.104253576097326,-0.00128095994565041,-0.953284598696349,-0.249890678572428,1.20929210769777,1.23604382676163,0.182555422688815,0,1,0,-0.867552955146641,0.578567875299864,1.36432048768624,-1.24843017949287,-1.34857380040832,-0.316423294891525,6.58,7.44,10.22,5.72,2.4,6.6,9.66,4.18
396293,-0.980600761219881,-0.00128095994565041,0.352800709510637,0.138625485923398,-0.779109144485122,1.04579490080916,-0.683602525534014,1,1,0,-0.46202530751659,0.578567875299864,-0.592010182043272,-1.071653948631,-0.635322654345741,-0.307745586677102,7,10.4,8.4,4.4,5.6,4.2,0,4.7
648942,0.772093609025229,-0.00128095994565041,0.352800709510637,0.138625485923398,1.20929210769777,0.855545974856685,-0.250523551422599,0,0,1,2.37666822589376,1.43641437912793,-0.242665419591574,0.0409088521000808,-0.288046815438869,1.52915089117033,7.2,0.3,5.85,1,0.25,0.25,0,0.6
383209,-2.29512153890371,-0.00128095994565041,1.44120513301646,1.43367936757615,1.70639242074349,-0.0956986549056695,-0.683602525534014,0,1,1,2.78219587352381,0.578567875299864,-1.22083075445633,0.0484606646098233,-1.32453162694553,-0.273900464118876,11.7,2,6,0.55,2.5,1.3,0.9,0.45
697765,0.772093609025229,1.27199322603106,-0.953284598696349,-0.638406843068255,0.215091481606322,-1.04694328466802,0.61563439680023,1,0,0,0.349029987743511,1.43641437912793,1.08484467772488,-0.470487127432907,0.369105925877212,-0.202140140984396,2.25,0.15,3.3,9,0.3,7.5,3.3,0.7
913577,1.21026720158651,1.27199322603106,-0.300241944592856,-0.897417619398806,-0.2820088314394,-0.951818821691789,-0.250523551422599,1,0,0,1.16008528300361,0.578567875299864,-1.01122389698531,1.49824912114568,0.0218300869703398,0.0318776701679929,11.84,2.55,1.08,4.27,0,0.81,1.7,1.56
120410,1.42935399786714,1.27199322603106,-1.60632725279984,-1.15642839572936,-1.27620945753084,-1.2371922106205,-0.250523551422599,0,0,0,-0.0564976598865395,0.578567875299864,-0.452272277062593,0.0484606646098233,-1.32453162694553,-0.273900464118876,12.96,5.2,11.2,1.98,4,1.98,0,1.26
224897,-1.6378611500618,-0.637918052934006,1.65888601771762,1.43367936757615,0.215091481606322,-0.951818821691789,1.04871337091164,0,0,0,-0.46202530751659,0.578567875299864,0.945106772744198,-0.451448050823838,0.684325533500372,-0.0576845212027307,16.4,11.16,13.02,8.52,8.04,11.2,0,3
911611,0.114833220183313,0.635356133042705,-0.735603713995184,0.00912009775812287,-1.27620945753084,-0.761569895739318,-0.250523551422599,1,0,0,0.349029987743511,0.578567875299864,-1.29069970694667,1.9641746802855,-0.0556391386319627,-0.122041971120993,8.58,1.96,5.25,0.45,0.28,0.44,3.78,0.6
841435,-0.323340372377965,-1.91119223891072,-0.0825610598916914,0.915657814915051,1.20929210769777,1.23604382676163,0.61563439680023,1,1,0,2.78219587352381,1.43641437912793,2.48222372753167,1.07859170907259,-0.886429799401479,-0.266744279115454,14.26,5.22,0,0,13.2,11.7,21.33,1.77
308439,0.55300681274459,0.635356133042705,-1.38864636809868,-1.41543917205991,0.215091481606322,-0.381072043834376,0.61563439680023,1,0,0,-0.0564976598865395,0.578567875299864,-0.801617039514291,1.07598580193895,-1.18829264398976,-0.271296242766683,2.66,0.15,13.65,3.84,0.12,0.2,0.28,0.2
445472,-1.85694794634244,-2.54782933189907,1.00584336361413,0.786152426749776,0.712191794652044,1.7116661416428,1.04871337091164,0,1,0,0.754557635373562,-0.279278628528205,1.43418944017657,-0.122518752424136,0.0912852547517139,-0.290550337494579,22.31,5.53,16.2,3.9,9.94,7.98,5.6,5.2
885920,1.64844079414778,1.27199322603106,-1.17096548339751,-1.41543917205991,-0.2820088314394,-0.381072043834376,-0.250523551422599,1,0,0,-0.0564976598865395,-0.279278628528205,-0.452272277062593,-0.78665279905558,0.839263984704977,-0.27905542764093,7.2,2.88,4.72,30.69,0.9,1.26,11.68,2.31
510591,-1.41877435378116,-0.00128095994565041,1.00584336361413,1.43367936757615,0.215091481606322,0.284799196999272,0.61563439680023,1,0,0,1.56561293063366,1.43641437912793,-0.592010182043272,0.27836549193107,-1.11082341838746,-0.309864230415435,10.05,4.5,3.3,1.9,3.6,2.1,18,0.45
562442,1.42935399786714,0.635356133042705,-1.60632725279984,1.1746685912456,-0.779109144485122,0.475048122951743,0.61563439680023,0,1,0,-0.0564976598865395,-1.13712513235627,1.43418944017657,-0.542229346275462,-2.13128011425226,-0.310760769937558,20,2.5,6,0.75,0.1,0.25,0,0.05
303744,-0.980600761219881,-0.637918052934006,0.352800709510637,0.656647038584501,1.20929210769777,1.04579490080916,-0.683602525534014,0,0,0,-0.46202530751659,1.43641437912793,-0.172796467101235,-0.255579561574671,-0.760876226873609,-0.273985837224759,12.3,9,12.48,9.6,8.32,9.6,6.5,0
634422,0.772093609025229,1.27199322603106,-0.953284598696349,-1.15642839572936,-1.27620945753084,-1.14206774764426,0.61563439680023,0,1,0,-0.0564976598865395,-0.279278628528205,-0.87148599200463,0.995468589687186,-0.103723485557529,-0.248242921298852,1.5,1,5,1.75,2.5,1.5,42.5,1
167995,-0.542427168658603,-0.00128095994565041,-0.0825610598916914,-0.120385290407153,-0.2820088314394,-0.666445432763082,0.61563439680023,1,0,0,1.16008528300361,-1.13712513235627,0.735499915273179,0.158653309118179,-0.784918400336393,-0.133720218909788,1.5,1.5,0.75,1,0.75,0.75,0,2.25
773336,1.21026720158651,0.635356133042705,-0.953284598696349,-0.76791223123353,-1.27620945753084,-0.666445432763082,-1.54976047375684,0,1,1,0.349029987743511,0.578567875299864,-1.15096180196599,-0.270949095485344,1.68875411372332,2.95835926724412,10.2,8.4,15,8.37,0.9,0.28,0.77,0.53
675465,0.772093609025229,1.27199322603106,-0.735603713995184,-0.249890678572428,1.70639242074349,1.52141721569033,-1.98283944786826,1,1,0,1.16008528300361,-1.13712513235627,0.735499915273179,0.6250043224839,-1.15623641270605,-0.252109864394796,6,8,15,9,5,4,6,7
661449,0.114833220183313,-0.637918052934006,-0.300241944592856,-0.508901454902979,-1.27620945753084,-0.666445432763082,0.61563439680023,1,0,0,0.754557635373562,0.578567875299864,-1.08109284947565,-0.179423255138394,0.625555776146901,-0.295849333259223,8.12,6.37,7,8.68,5.64,6.36,6.5,5.39
286288,-0.761513964939242,0.635356133042705,0.788162478912966,-0.638406843068255,0.215091481606322,0.475048122951743,-0.683602525534014,0,0,0,-0.46202530751659,0.578567875299864,-1.15096180196599,-1.2562479008938,0.724395822605011,-0.308000800663351,26.6,12,12.09,1.4,0,0,0,0
274872,-0.761513964939242,-0.00128095994565041,0.570481594211801,0.786152426749776,-0.779109144485122,-1.2371922106205,0.182555422688815,0,0,0,0.349029987743511,-1.13712513235627,-0.312534372081914,-0.562119331336333,-0.43229985621557,-0.231535456981741,8.5,3.25,45,2,6.5,3.15,9.5,2.4
708612,-0.761513964939242,-0.00128095994565041,1.44120513301646,1.43367936757615,-0.779109144485122,-1.2371922106205,1.48179234502306,0,1,0,-0.867552955146641,-0.279278628528205,1.71366525013793,-1.14366207636475,-0.141122422055192,-0.29103996248446,8.5,15,17.4,8,8.7,8.7,9.1,8.6
277851,0.991180405305867,-0.637918052934006,0.352800709510637,-1.02692300756408,0.712191794652044,1.14091936378539,-1.54976047375684,1,1,1,-0.0564976598865395,0.578567875299864,-1.01122389698531,0.573417997593406,1.83834985971398,-0.147315188312367,6.5,16.72,5.76,7.68,5.61,2.99,0.1,2
307213,1.21026720158651,1.27199322603106,-0.0825610598916914,0.527141650419225,-0.2820088314394,-1.14206774764426,1.48179234502306,0,0,0,-0.867552955146641,-1.13712513235627,0.176548295350463,0.313997283350278,-1.4393997890455,-0.27347107689157,14,1.4,5,6.2,5,9,17.5,0
566343,1.21026720158651,0.635356133042705,-0.953284598696349,-0.120385290407153,-1.27620945753084,-0.951818821691789,-1.11668149964543,0,0,0,0.754557635373562,1.43641437912793,-0.592010182043272,-0.188836429886453,0.267594526812126,-0.261337796151367,4,0.5,4.5,0.3,0,0,18,0
607444,-0.104253576097326,-0.00128095994565041,-0.300241944592856,-1.02692300756408,-0.2820088314394,0.379923659975508,-0.250523551422599,1,0,0,-0.0564976598865395,0.578567875299864,-0.312534372081914,-0.648646084528946,-0.22126300026447,-0.282686458240331,1.7,4.14,3.6,5.61,2.72,0.84,7.8,0.3
222399,-0.761513964939242,0.635356133042705,0.570481594211801,0.527141650419225,0.215091481606322,1.04579490080916,-1.11668149964543,0,0,0,-0.0564976598865395,0.578567875299864,-0.87148599200463,-0.567065236712432,-0.167835948124951,-0.310371365353682,3.8,9.8,10.4,5.4,5.8,5.4,5.5,6.3
123004,-0.323340372377965,-0.00128095994565041,0.135119824809473,0.268130874088674,-1.27620945753084,0.379923659975508,-0.250523551422599,1,0,0,-0.0564976598865395,0.578567875299864,-0.592010182043272,-1.1165925512418,-0.376201451469075,-0.314310863381623,14,7.2,17.6,8.5,7.5,4.88,4.55,0.64
874000,-0.980600761219881,0.635356133042705,1.00584336361413,0.397636262253949,-0.779109144485122,-1.2371922106205,1.04871337091164,0,0,0,1.56561293063366,0.578567875299864,-0.522141229552932,-0.0833769636412455,-0.475041497927184,-0.18830391265585,16.8,4.5,5.6,3.6,6.8,0.5,4.32,1.2
503094,0.114833220183313,-0.00128095994565041,1.00584336361413,1.30417397941088,0.215091481606322,0.570172585927979,-1.11668149964543,0,1,1,-0.46202530751659,-0.279278628528205,0.525893057802161,-0.892803628417876,1.15448359232814,-0.0772219379765817,14.6,11.25,12.75,3.1,16.8,2.5,12,2.55
594094,0.772093609025229,-0.00128095994565041,-0.300241944592856,-0.508901454902979,-0.779109144485122,-0.666445432763082,1.04871337091164,0,0,0,-1.27308060277669,-0.279278628528205,-1.15096180196599,1.87429747506392,-1.3165175691246,-0.19723299560848,2.6,6.6,2,4.32,0.42,0,0,0.8
399193,0.991180405305867,-1.27455514592236,1.00584336361413,0.656647038584501,-1.27620945753084,-0.951818821691789,0.182555422688815,1,1,0,-0.867552955146641,-0.279278628528205,1.71366525013793,-0.933115416321995,-0.29338952065282,-0.275374591913061,9.6,7,4.55,12,3,1.8,3,1.5
636925,1.42935399786714,0.635356133042705,-0.953284598696349,-1.67444994839046,-0.779109144485122,-1.2371922106205,1.04871337091164,0,1,1,-0.46202530751659,-1.13712513235627,-1.08109284947565,-1.53667541754078,1.23729552314439,2.67043767601586,8.4,4.32,4.2,1.8,4.05,1.9,4.56,3.4
856945,0.772093609025229,-1.91119223891072,-0.51792282929402,0.00912009775812287,1.20929210769777,0.855545974856685,0.61563439680023,0,1,0,1.16008528300361,0.578567875299864,0.945106772744198,0.164875577171981,0.660283360037588,-0.140882051407795,2.4,8.17,7.77,2.6,5.5,3.38,2.43,0
879936,0.55300681274459,-0.00128095994565041,0.135119824809473,-0.508901454902979,-0.2820088314394,1.14091936378539,-0.250523551422599,0,0,0,-0.867552955146641,1.43641437912793,2.34248582255099,-1.14488525726421,-0.913143325471237,-0.310578815865865,0.56,0.49,6.86,0.35,0.72,0,1.8,0
623378,1.42935399786714,0.635356133042705,-0.953284598696349,-0.508901454902979,-1.27620945753084,-0.951818821691789,0.182555422688815,1,1,0,1.56561293063366,1.43641437912793,1.64379629764759,1.923331074599,-0.624637243917837,-0.246770798644792,0.4,1.2,4,8.8,1,2,16,1.25
109653,-0.542427168658603,-1.91119223891072,0.352800709510637,1.1746685912456,-1.27620945753084,-0.666445432763082,0.182555422688815,0,1,0,-0.867552955146641,-1.13712513235627,1.43418944017657,-0.557864789077323,0.0859425495377626,-0.315304726194739,24.5,2.5,6.25,2.58,6,3.5,3,0.8
148235,1.64844079414778,1.27199322603106,-1.60632725279984,-1.54494456022518,-0.779109144485122,-0.856694358715553,-0.683602525534014,1,0,0,-1.27308060277669,-1.13712513235627,-0.242665419591574,-1.11494391611643,-1.41535761558271,-0.315803645651234,0.6,0.1,0.7,0.05,1.2,1.8,24.25,0.15
434801,-2.51420833518435,-0.00128095994565041,1.44120513301646,1.1746685912456,-0.779109144485122,1.04579490080916,0.182555422688815,1,0,0,1.16008528300361,0.578567875299864,-1.22083075445633,0.28283276130303,0.841935337311952,-0.0994189351207952,5.25,2.21,9.28,2.2,3.36,3.08,1.2,2.08
593791,0.114833220183313,0.635356133042705,-0.300241944592856,0.786152426749776,1.20929210769777,0.76042151188045,0.61563439680023,1,0,0,-0.0564976598865395,-0.279278628528205,2.55209268002201,-0.852013204509619,-0.191878121587735,-0.263608589467615,2.3,1.6,0.64,1.3,0,0.95,2.08,1.08
292174,0.55300681274459,-0.00128095994565041,-0.300241944592856,-1.15642839572936,-0.779109144485122,-1.2371922106205,-0.683602525534014,0,1,0,2.37666822589376,0.578567875299864,1.36432048768624,0.995468589687186,-0.103723485557529,-0.248242921298852,0,9.9,6.6,0,0,16.5,0,0
109548,-0.980600761219881,0.635356133042705,-0.735603713995184,0.00912009775812287,-1.27620945753084,-1.2371922106205,0.61563439680023,0,1,0,-0.46202530751659,1.43641437912793,1.64379629764759,0.222950079007466,-0.218591647657495,-0.276401988832403,53,0,0,0,0,0,0,0
890873,0.333920016463951,-0.00128095994565041,-1.17096548339751,-1.41543917205991,-0.779109144485122,0.665297048904214,-0.250523551422599,0,1,0,0.349029987743511,2.294260882956,1.78353420262827,-0.479900302180967,0.000459266114531749,-0.181141556246541,6.4,4,6,3.55,3.8,2.35,4.65,1.5
912208,0.55300681274459,-2.54782933189907,-0.300241944592856,-0.120385290407153,1.70639242074349,-0.476196506810611,-0.250523551422599,0,1,0,-0.0564976598865395,0.578567875299864,2.13287896507997,-1.06341077300417,-1.15890776531302,-0.314919965678755,17,5.95,15,4.55,4.55,6,15.75,9.5
677813,0.333920016463951,-0.00128095994565041,-0.51792282929402,-0.120385290407153,-1.27620945753084,-0.28594758085814,1.04871337091164,1,0,1,-0.867552955146641,1.43641437912793,-1.01122389698531,-0.366995386982492,0.248895058563295,-0.302014664918004,17.5,5,14,5.9,2,1.4,15.8,1.4
651177,-1.19968755750052,-1.27455514592236,0.135119824809473,0.00912009775812287,-1.27620945753084,-1.14206774764426,0.182555422688815,1,1,1,-0.46202530751659,-0.279278628528205,-0.661879134533612,-0.359390392694512,-0.269347347190038,-0.267162485638885,12.96,8.28,9.96,10.92,9.72,7.92,8.88,6.6
383165,-0.761513964939242,-0.00128095994565041,-0.51792282929402,0.786152426749776,-0.779109144485122,-0.951818821691789,0.61563439680023,0,1,0,-0.46202530751659,1.43641437912793,2.13287896507997,2.14361000005924,0.115327428214498,-0.146403120731248,30,0.25,2,1,0.5,0.15,1,0.25
571353,-0.323340372377965,-1.27455514592236,0.135119824809473,0.138625485923398,0.712191794652044,0.189674734023037,1.04871337091164,0,1,0,1.56561293063366,0.578567875299864,1.78353420262827,0.309157741530654,0.166083127747041,-0.15495905405284,25.2,3.16,35.49,0,0,0,13.86,1.59
631373,0.114833220183313,-1.91119223891072,-0.51792282929402,0.786152426749776,-0.2820088314394,-0.761569895739318,-0.683602525534014,0,1,0,0.754557635373562,2.294260882956,2.06301001258963,0.272568678103169,1.67539735068844,0.870745116017075,18.9,6.76,4.94,1.8,13.3,2,2.67,1.2
541651,0.333920016463951,-0.00128095994565041,-1.17096548339751,-0.897417619398806,1.70639242074349,1.23604382676163,-0.683602525534014,0,1,0,-0.46202530751659,-1.13712513235627,1.71366525013793,-1.07915257936251,1.21592470228858,-0.231596723311964,0.2,0.1,5.25,0,0.1,0.3,0.56,0.02
808792,0.772093609025229,0.635356133042705,0.135119824809473,-0.249890678572428,-0.779109144485122,-0.761569895739318,-0.683602525534014,0,1,1,-0.867552955146641,-1.13712513235627,-1.29069970694667,-0.179423255138394,0.625555776146901,-0.295849333259223,7,6,10,5,5,5,7.5,3
728945,-0.104253576097326,0.635356133042705,-0.0825610598916914,0.268130874088674,0.215091481606322,-0.190823117881905,0.61563439680023,1,1,0,1.16008528300361,1.43641437912793,1.64379629764759,0.272568678103169,1.67539735068844,0.870745116017075,16,8.52,7.65,1.7,15.08,0.58,3.65,3.9
333452,-1.19968755750052,-0.00128095994565041,1.00584336361413,1.1746685912456,-0.779109144485122,-1.2371922106205,1.48179234502306,1,1,0,0.754557635373562,0.578567875299864,1.99314106009929,-0.0817815102941168,-0.159821890304025,-0.29631133684202,19.88,11.4,17,4.62,7.48,1.64,1.78,6.84
350835,0.333920016463951,-0.00128095994565041,-0.300241944592856,-0.508901454902979,1.20929210769777,1.80679060461904,0.182555422688815,1,1,1,0.349029987743511,-1.13712513235627,-0.731748087023951,-1.08712984609815,0.537401140116695,-0.302391606404324,5.18,7.2,9.5,18,10.5,3.5,6,7.74
908118,-1.19968755750052,-1.91119223891072,1.00584336361413,0.397636262253949,-0.2820088314394,-0.00057419192943401,-0.250523551422599,1,1,0,-0.0564976598865395,0.578567875299864,-0.102927514610895,-0.794204611565322,-0.255990584155158,-0.315382356969492,16.2,4.35,16.2,8.5,8.1,12.9,10,4.35
319166,-0.761513964939242,-1.27455514592236,0.788162478912966,0.656647038584501,0.712191794652044,1.80679060461904,-0.250523551422599,1,1,1,-0.46202530751659,0.578567875299864,-0.382403324572253,-0.541750710271323,0.510687614046936,-0.0111160400574223,11.05,16,13.8,12.75,6.86,7.37,1.34,4.15
820113,-1.6378611500618,-2.54782933189907,1.44120513301646,1.43367936757615,1.20929210769777,0.284799196999272,0.182555422688815,0,1,0,-0.867552955146641,-1.13712513235627,1.36432048768624,-0.750489189853996,-0.0128974969203479,-0.307313032084115,7.1,6,33.2,8.3,7.2,3.2,5.6,2.25
574105,0.114833220183313,0.635356133042705,0.570481594211801,0.00912009775812287,-0.2820088314394,-0.0956986549056695,0.182555422688815,0,1,1,0.349029987743511,-1.13712513235627,-0.0330585621205556,0.824010536649088,-0.450999324464401,-0.125224875958577,4.08,2.8,3.2,2.34,2.3,1.6,4.2,1.8
642349,-0.104253576097326,1.27199322603106,0.135119824809473,0.397636262253949,-1.27620945753084,-0.666445432763082,-0.250523551422599,1,1,1,1.16008528300361,0.578567875299864,0.246417247840803,-0.0339710916584932,-0.296060873259797,-0.112472204718541,15,2.25,22.4,1.4,7.8,1.5,4.5,0.3
520288,0.114833220183313,0.635356133042705,-0.0825610598916914,0.268130874088674,-1.27620945753084,-1.2371922106205,-0.683602525534014,0,1,0,-0.0564976598865395,0.578567875299864,1.43418944017657,-0.829357766980391,-0.969241730217733,-0.283040280940685,27.3,6,4,4,2,6,0,4
174386,-0.542427168658603,-0.637918052934006,1.22352424831529,0.915657814915051,-1.27620945753084,-1.2371922106205,-0.250523551422599,1,1,0,-1.27308060277669,-1.13712513235627,1.36432048768624,-0.892803628417876,1.15448359232814,-0.0772219379765817,20.3,8.55,11.55,0,3.6,8.06,0,2.1
759643,-1.19968755750052,-0.637918052934006,0.570481594211801,1.6926901439067,0.215091481606322,0.475048122951743,-0.683602525534014,1,1,0,-0.46202530751659,1.43641437912793,3.46038906239642,-0.732620112366154,-0.841016805082887,-0.312081780168022,45.5,7.26,13,0,13,0,0.52,0
374593,0.114833220183313,-0.00128095994565041,0.135119824809473,-0.249890678572428,-1.27620945753084,-1.2371922106205,1.04871337091164,0,1,0,-0.867552955146641,-1.13712513235627,1.43418944017657,-1.27842470241888,0.395819451946971,-0.306003047434076,12.8,11.34,4.2,1.17,3.25,1.68,1.86,1.2
566513,1.21026720158651,0.635356133042705,-0.953284598696349,-0.508901454902979,0.712191794652044,0.284799196999272,-1.98283944786826,1,1,1,-0.867552955146641,-1.13712513235627,-0.102927514610895,-0.44155624007164,0.115327428214498,-0.293091988655064,5,2,15,5,2,0.1,12,5
791420,0.333920016463951,1.27199322603106,-1.60632725279984,-0.249890678572428,-0.2820088314394,-0.476196506810611,1.04871337091164,0,1,0,0.754557635373562,0.578567875299864,0.735499915273179,-0.763784634413401,-0.587238307420173,-0.31438335827481,1.5,5,15,0,0.2,0,0,0
232255,-1.6378611500618,-1.27455514592236,1.44120513301646,1.30417397941088,-1.27620945753084,-1.2371922106205,-1.54976047375684,0,1,0,-0.867552955146641,2.294260882956,1.78353420262827,1.18931617136332,-1.03068284017818,-0.251597748778531,27,13,14.4,1,12,2,1,4
321999,-0.980600761219881,-0.00128095994565041,0.352800709510637,0.268130874088674,-0.2820088314394,0.665297048904214,0.182555422688815,0,1,0,-0.867552955146641,-0.279278628528205,2.34248582255099,-0.991668554161618,0.288965347667934,-0.279487763207089,5.4,3.8,9,0,8.05,9.6,0,0
216138,0.333920016463951,-2.54782933189907,0.570481594211801,0.268130874088674,0.215091481606322,-0.951818821691789,1.48179234502306,0,1,0,0.349029987743511,-0.279278628528205,1.71366525013793,-0.114754212801443,-0.806289221192201,-0.311537057952713,5,0.9,3.78,0.8,3.8,0.48,4,0.9
330261,0.114833220183313,-0.00128095994565041,1.00584336361413,1.04516320308033,1.70639242074349,1.04579490080916,-0.683602525534014,1,1,0,0.349029987743511,0.578567875299864,1.43418944017657,-0.815105050412708,-0.312088988901652,-0.303178219391003,18.2,16.2,7.4,8.2,7.3,6.6,5.6,5.6
461921,0.991180405305867,-0.00128095994565041,-1.17096548339751,-0.379396066737704,1.20929210769777,0.475048122951743,1.04871337091164,1,1,1,0.754557635373562,0.578567875299864,-0.731748087023951,0.36430724556307,-0.125094306413337,-0.19504930732602,6.3,0.54,4.8,1.25,7,4.07,8.9,5.18
458253,-1.41877435378116,-0.00128095994565041,1.65888601771762,0.268130874088674,-0.779109144485122,-0.571320969786847,0.61563439680023,0,1,0,-0.867552955146641,1.43641437912793,1.36432048768624,1.16767118762061,-1.49282684118502,-0.244821527918532,28,18,8,3.5,2,0,2.5,4
367866,1.42935399786714,0.635356133042705,-1.60632725279984,-1.41543917205991,-1.27620945753084,-0.571320969786847,1.04871337091164,0,1,1,-0.867552955146641,-1.13712513235627,-0.661879134533612,0.115948341193368,-0.704777822127115,-0.30749951028772,1.98,4.8,2.88,0.09,0.1,0.12,1.4,0.06
151981,-0.104253576097326,-0.00128095994565041,-0.953284598696349,-1.41543917205991,1.70639242074349,1.7116661416428,0.182555422688815,0,0,0,-0.867552955146641,-1.13712513235627,1.57392734515725,-0.479847120402729,-1.5168690146478,-0.304723425585575,0.2,1,35.5,0.81,2.31,2.92,4.4,0
704086,1.21026720158651,0.635356133042705,-0.953284598696349,0.138625485923398,0.215091481606322,-1.2371922106205,0.182555422688815,0,1,0,-0.867552955146641,-0.279278628528205,1.36432048768624,-0.682469695488075,-0.619294538703885,-0.260087915427248,7,0.2,1.89,0.08,0.36,0.04,3,0.32
308108,-0.323340372377965,0.635356133042705,0.570481594211801,0.786152426749776,-1.27620945753084,-0.856694358715553,-1.11668149964543,1,1,0,-1.27308060277669,-0.279278628528205,1.43418944017657,-0.707358767703283,0.25156641117027,-0.108663707497649,2,0.2,0,0,8.75,2.25,6.25,0
577963,0.114833220183313,-1.91119223891072,0.352800709510637,0.397636262253949,1.20929210769777,1.7116661416428,0.61563439680023,1,1,0,-0.46202530751659,-1.13712513235627,2.13287896507997,-0.393426730766591,-1.04671095582003,-0.28264895714221,9.69,8.25,9.46,3.15,9.44,5.3,1.6,1.32
297277,1.64844079414778,1.27199322603106,-1.60632725279984,-1.54494456022518,-1.27620945753084,2.75803523438139,1.48179234502306,1,1,0,-1.27308060277669,-0.279278628528205,1.50405839266691,-0.630245189258729,0.0138160291494114,-0.312655272965136,2.25,5.1,14.04,7.8,4.14,0,0,0
641062,0.333920016463951,0.635356133042705,-0.51792282929402,-0.249890678572428,-1.27620945753084,-1.2371922106205,0.61563439680023,0,0,0,-0.0564976598865395,0.578567875299864,1.99314106009929,-0.0833769636412455,-0.475041497927184,-0.18830391265585,0.5,0,0,0,0,0,0,0
251237,-0.980600761219881,-0.637918052934006,0.135119824809473,1.1746685912456,-0.779109144485122,-1.04694328466802,0.61563439680023,0,1,1,-0.0564976598865395,-0.279278628528205,-0.87148599200463,2.68500050251825,-0.309417636294677,-0.223023830265399,5.1,5.8,7,1.95,8.7,3.5,25.2,2.8
944197,0.114833220183313,0.635356133042705,-0.300241944592856,-0.249890678572428,-1.27620945753084,-1.04694328466802,0.182555422688815,0,1,1,-0.0564976598865395,2.294260882956,-0.592010182043272,-0.55993887842859,-0.0128974969203479,-0.309726889102801,1.52,0.32,3.41,0.16,0.18,0.32,0.12,0.3
702814,-0.323340372377965,-1.27455514592236,0.352800709510637,0.268130874088674,0.215091481606322,1.4262927527141,-2.41591842197967,1,1,1,0.349029987743511,-1.13712513235627,-1.36056865943701,-0.396670819239086,0.401162157160922,-0.18891535305339,9.8,4.95,22.68,9.72,11.59,4.8,4.5,2.28
945642,-0.980600761219881,0.635356133042705,0.135119824809473,0.786152426749776,1.20929210769777,-0.381072043834376,0.61563439680023,0,1,0,2.37666822589376,1.43641437912793,1.57392734515725,-0.541750710271323,0.510687614046936,-0.0111160400574223,9.02,14.96,13.12,4.92,1.8,0.39,8.4,12.96
494236,0.333920016463951,-1.91119223891072,-0.735603713995184,0.656647038584501,1.20929210769777,1.4262927527141,0.182555422688815,0,1,0,-0.46202530751659,-1.13712513235627,1.36432048768624,-1.31256740404744,-1.15356506009907,-0.314668865221408,0.8,0.9,16,4.15,5,12.6,7.7,4.45
289120,1.42935399786714,-0.00128095994565041,-0.953284598696349,-0.249890678572428,1.20929210769777,-0.856694358715553,1.04871337091164,0,1,0,-0.46202530751659,-1.13712513235627,1.99314106009929,-0.481602119084571,0.617541718325973,-0.304677137878351,0,0,0,0,0,0,0,0
575129,0.991180405305867,0.635356133042705,0.352800709510637,-0.508901454902979,-1.27620945753084,-0.951818821691789,-0.250523551422599,0,1,1,-0.867552955146641,-1.13712513235627,-0.661879134533612,-0.750489189853996,-0.0128974969203479,-0.307313032084115,10.5,2,9,0,3,0,18,0
896171,0.114833220183313,-1.27455514592236,0.352800709510637,-0.120385290407153,-1.27620945753084,-1.14206774764426,1.48179234502306,0,1,0,-1.27308060277669,0.578567875299864,2.06301001258963,0.337609992887783,-0.0663245490598667,-0.277830537814006,14,12,12,4.5,8,3,3.24,2.2
153918,-0.761513964939242,-1.27455514592236,1.22352424831529,0.397636262253949,-0.779109144485122,0.475048122951743,0.61563439680023,0,1,0,1.56561293063366,-0.279278628528205,1.57392734515725,2.1439822725069,0.072585786502883,-0.132513924868233,6.96,6.9,13,0,5.4,0,0,1.8
817675,-0.980600761219881,-0.637918052934006,1.00584336361413,0.915657814915051,-0.2820088314394,-1.2371922106205,1.04871337091164,0,1,0,-0.46202530751659,-0.279278628528205,1.78353420262827,3.6760961217546,0.0538863182540505,-0.186734711805577,10.5,6.3,11.76,11.9,9.1,10.22,1.64,10.64
717866,-0.542427168658603,-0.00128095994565041,1.00584336361413,0.915657814915051,-0.779109144485122,-0.28594758085814,-0.683602525534014,0,1,0,0.349029987743511,1.43641437912793,2.41235477504133,1.12650849126469,-0.589909660027149,-0.20879974294449,9,7.5,13,3,8.25,8.25,8.5,2.5
464330,-0.980600761219881,-1.91119223891072,1.87656690241879,1.30417397941088,-1.27620945753084,-0.666445432763082,0.182555422688815,0,1,1,0.754557635373562,0.578567875299864,0.735499915273179,-0.0681669750652852,0.56678601879343,-0.0742926185405716,14.7,10.5,14.25,9.48,11.25,10.8,1,7.65
980586,-0.980600761219881,-0.00128095994565041,1.00584336361413,0.268130874088674,-0.779109144485122,-0.476196506810611,0.61563439680023,1,1,0,-1.27308060277669,1.43641437912793,2.97130639496404,-1.07915257936251,1.21592470228858,-0.231596723311964,14.2,3.06,12.73,0.91,21.12,0,0,1.48
769023,0.333920016463951,0.635356133042705,1.00584336361413,1.56318475574143,-0.2820088314394,-1.2371922106205,1.48179234502306,0,1,0,-0.867552955146641,0.578567875299864,1.64379629764759,0.0249543186287937,0.839263984704977,-0.144861883779658,6,4.5,12,9,7.5,7,10,7.5
689436,0.55300681274459,0.635356133042705,-1.38864636809868,-1.15642839572936,-0.2820088314394,-0.666445432763082,0.182555422688815,0,1,0,-0.867552955146641,-1.13712513235627,1.36432048768624,-0.86631910285554,-0.803617868585224,-0.315009650517863,1.35,2,15,1,6,0.5,9.9,0.25
568672,0.991180405305867,0.635356133042705,-0.0825610598916914,0.268130874088674,-0.2820088314394,-0.666445432763082,0.182555422688815,0,1,0,-0.46202530751659,-0.279278628528205,2.13287896507997,2.03756553425342,0.184782595995872,-0.227458070718946,5,4,4,0,2,2,0,0
921760,1.64844079414778,0.635356133042705,-1.60632725279984,-2.19247150105156,-1.27620945753084,-1.2371922106205,-1.11668149964543,0,1,1,-0.867552955146641,-1.13712513235627,-0.661879134533612,-1.36154782180429,0.115327428214498,-0.275449854356671,3.75,2.66,1.3,1.35,0,0,0,1.43
369700,-0.761513964939242,-1.27455514592236,-1.17096548339751,-0.897417619398806,0.712191794652044,0.76042151188045,0.61563439680023,1,1,0,-0.0564976598865395,1.43641437912793,1.50405839266691,-1.47381455566391,-0.581895602206222,-0.309578569466971,1,1.5,2,1,0.5,1,1.5,0.25
318771,-0.542427168658603,-0.00128095994565041,1.65888601771762,1.6926901439067,-0.779109144485122,0.570172585927979,0.61563439680023,0,1,1,0.754557635373562,-1.13712513235627,0.875237820253859,-1.34984783059201,-0.402914977538835,-0.315972001201765,22.5,0,25.5,0,7.5,0,27,0
271678,-0.323340372377965,-1.27455514592236,-0.0825610598916914,0.138625485923398,-1.27620945753084,-1.2371922106205,0.61563439680023,0,1,1,-1.27308060277669,-0.279278628528205,1.64379629764759,-0.396670819239086,0.401162157160922,-0.18891535305339,11.2,5,6,6,5.2,2.76,8.88,4.1
692641,0.333920016463951,-0.00128095994565041,0.135119824809473,0.268130874088674,-1.27620945753084,-1.14206774764426,1.48179234502306,0,1,0,-1.27308060277669,0.578567875299864,1.78353420262827,0.309157741530654,0.166083127747041,-0.15495905405284,24.75,6,8,9,7,4.75,2,5
816270,0.55300681274459,-2.54782933189907,-0.51792282929402,-0.120385290407153,1.70639242074349,1.52141721569033,-1.54976047375684,1,1,1,0.349029987743511,0.578567875299864,-0.312534372081914,0.28283276130303,0.841935337311952,-0.0994189351207952,1.65,0.36,5.58,2.99,0.45,6.48,8.4,0.4
960375,-0.104253576097326,0.635356133042705,-0.735603713995184,-0.76791223123353,-1.27620945753084,-1.14206774764426,-2.41591842197967,0,1,1,-0.867552955146641,0.578567875299864,-0.801617039514291,-0.562119331336333,-0.43229985621557,-0.231535456981741,15,2,8,0.7,0.3,0.8,1.4,0.1
602765,0.991180405305867,1.27199322603106,-1.60632725279984,-1.15642839572936,-1.27620945753084,-1.14206774764426,-0.250523551422599,0,1,1,-1.27308060277669,-0.279278628528205,-1.22083075445633,-0.033439273876117,-0.106394838164506,-0.302838399451635,0,0,0,11.31,0,0,64,0
614475,-0.980600761219881,-2.54782933189907,0.352800709510637,0.786152426749776,0.215091481606322,-0.190823117881905,0.61563439680023,1,0,1,-0.867552955146641,0.578567875299864,1.57392734515725,-0.0825792369676812,-0.0449537282040586,-0.0060303797622596,22.5,14,14,2.5,9.75,3.5,1.5,2.25
184210,-2.07603474262307,-0.00128095994565041,1.22352424831529,1.1746685912456,1.20929210769777,-0.666445432763082,1.04871337091164,0,1,0,-0.867552955146641,-1.13712513235627,1.36432048768624,0.068137922557744,-0.0743386068807936,-0.292750059159856,12.07,10.35,16.38,3.04,8.25,8.4,3.55,4.62
872456,-2.29512153890371,-0.00128095994565041,-0.300241944592856,0.397636262253949,-0.2820088314394,-0.0956986549056695,0.182555422688815,1,1,0,0.349029987743511,1.43641437912793,1.85340315511861,-0.675449700760709,-0.0957094277366017,-0.279233109936034,36.4,7.25,10.8,2.03,1.45,3.48,1.72,1.56
249618,0.114833220183313,-0.00128095994565041,0.135119824809473,0.397636262253949,0.215091481606322,0.0945502710468015,0.61563439680023,0,1,0,-0.46202530751659,-1.13712513235627,-0.242665419591574,-0.892165447079025,-0.656693475201547,-0.313551439441143,11,5.28,11.28,1.8,13.6,2.31,15.6,0
188696,1.42935399786714,-0.00128095994565041,-1.38864636809868,-1.28593378389463,0.215091481606322,0.189674734023037,0.182555422688815,0,1,0,-0.46202530751659,0.578567875299864,-0.172796467101235,-0.32093996702871,-0.00221208649244389,-0.217818221659824,9,3.06,3.06,0.7,0.3,0.55,4.05,0.15
445671,-0.323340372377965,-0.00128095994565041,-1.17096548339751,0.268130874088674,1.20929210769777,0.855545974856685,0.182555422688815,1,1,0,-0.46202530751659,1.43641437912793,1.85340315511861,-0.32093996702871,-0.00221208649244389,-0.217818221659824,10.88,0.28,17.16,3.78,1.08,0,1.6,2.19
949639,-0.323340372377965,-2.54782933189907,0.135119824809473,0.00912009775812287,1.20929210769777,1.4262927527141,-0.250523551422599,1,1,0,-0.46202530751659,-0.279278628528205,1.64379629764759,-0.955717672072985,0.272937232026078,-0.313333976604985,7.2,0,32.76,0,1.98,32.76,6.12,0
811650,-0.542427168658603,-0.00128095994565041,1.65888601771762,1.30417397941088,0.712191794652044,0.665297048904214,0.61563439680023,1,1,0,0.349029987743511,-0.279278628528205,1.57392734515725,1.9641746802855,-0.0556391386319627,-0.122041971120993,12,3.5,18.75,4.25,14,7,6,3.25
346052,-0.542427168658603,-0.00128095994565041,0.135119824809473,0.656647038584501,-1.27620945753084,-1.2371922106205,1.48179234502306,0,1,0,0.349029987743511,0.578567875299864,1.71366525013793,-0.633755186622412,0.232866942921439,-0.210969636170605,10.29,8,7.8,0.48,2.2,0.59,1,5.6
739141,0.333920016463951,0.635356133042705,-0.735603713995184,-0.508901454902979,-0.779109144485122,0.950670437832921,-0.683602525534014,1,1,0,-0.867552955146641,-1.13712513235627,1.85340315511861,-0.541750710271323,0.510687614046936,-0.0111160400574223,4,2.25,3,1.25,1.5,0.5,3,0.5
727587,0.114833220183313,0.635356133042705,-1.17096548339751,-0.76791223123353,-1.27620945753084,-1.2371922106205,0.61563439680023,0,1,0,-1.27308060277669,-0.279278628528205,1.92327210760895,-0.470859399880571,-0.384215509290002,-0.286653262812696,13.5,11.2,14.08,11.68,8,3.12,0,3.5
781575,0.55300681274459,0.635356133042705,-1.38864636809868,-0.76791223123353,1.20929210769777,2.09216399354775,-0.250523551422599,1,1,0,-0.0564976598865395,-0.279278628528205,1.43418944017657,-1.26938380011849,-0.378872804076051,-0.315446800600364,0,0,10,0,10,10,10,0
313567,-0.104253576097326,-2.54782933189907,-0.953284598696349,-0.76791223123353,1.20929210769777,3.32878201223881,-1.11668149964543,1,1,1,-0.0564976598865395,0.578567875299864,-0.312534372081914,-0.613865201561541,-0.814303279013128,-0.294518800027306,0,0,0,0,0,0,0,0
656018,-0.980600761219881,-0.00128095994565041,0.788162478912966,-0.120385290407153,-0.2820088314394,1.04579490080916,-1.11668149964543,1,1,0,-0.867552955146641,-1.13712513235627,-0.242665419591574,-1.12042163927491,-0.202563532015639,-0.31302966385982,12.18,12.48,13.14,8.1,9.52,9.1,9.36,2.1
276120,0.333920016463951,0.635356133042705,-0.735603713995184,-1.28593378389463,-1.27620945753084,0.189674734023037,-0.683602525534014,0,1,0,-0.867552955146641,1.43641437912793,1.71366525013793,0.119351975000576,-0.579224249599246,-0.231873050514155,4.5,0,0.25,21,0,0.75,36,0
170227,-0.104253576097326,-0.00128095994565041,-0.51792282929402,-0.638406843068255,-1.27620945753084,-1.2371922106205,-0.250523551422599,0,1,0,-0.867552955146641,0.578567875299864,1.43418944017657,0.28283276130303,0.841935337311952,-0.0994189351207952,15,7,12.6,2,9,1.3,0,0.5
447126,-0.542427168658603,-0.00128095994565041,-0.953284598696349,-0.249890678572428,-0.779109144485122,-0.0956986549056695,-0.683602525534014,1,0,0,2.78219587352381,0.578567875299864,1.71366525013793,-1.53667541754078,1.23729552314439,2.67043767601586,6.46,3.06,12.54,6.08,6.65,7.6,5,3.41
509235,-0.980600761219881,-1.91119223891072,0.352800709510637,0.786152426749776,-0.779109144485122,-0.381072043834376,-1.11668149964543,1,1,1,-0.867552955146641,-1.13712513235627,0.106679342860123,-0.270949095485344,1.68875411372332,2.95835926724412,6,1.75,22.5,8,13,15,5,0
277381,-1.19968755750052,-0.00128095994565041,1.22352424831529,1.1746685912456,0.712191794652044,0.855545974856685,0.61563439680023,1,1,0,-0.867552955146641,-1.13712513235627,2.06301001258963,-1.42520641035473,-0.715463232555019,-0.31063467264163,5.94,12.9,8.16,0,0,0,21.24,0
204117,-1.41877435378116,-0.00128095994565041,0.135119824809473,1.43367936757615,-0.779109144485122,-0.190823117881905,0.182555422688815,0,1,0,0.754557635373562,0.578567875299864,1.43418944017657,-0.541750710271323,0.510687614046936,-0.0111160400574223,17.5,12.5,3.28,0,12.5,0,0,1.47
792624,-0.104253576097326,-1.91119223891072,0.135119824809473,0.527141650419225,-1.27620945753084,-1.04694328466802,1.04871337091164,0,1,0,-1.27308060277669,0.578567875299864,2.13287896507997,-1.69765666026607,-0.0583104912389383,-0.310785324134149,13.8,10,9.2,2.9,12.8,0,3.69,0
664742,0.114833220183313,-0.00128095994565041,-0.953284598696349,-1.28593378389463,0.712191794652044,-0.381072043834376,1.04871337091164,0,1,0,0.349029987743511,0.578567875299864,1.78353420262827,-0.58993340135461,0.387805394126043,-0.304798187341488,7.5,15.5,20.75,0.92,13.23,5.76,4.1,3.1
424212,-0.104253576097326,-1.27455514592236,0.788162478912966,0.138625485923398,-0.2820088314394,-0.571320969786847,-0.250523551422599,0,1,0,-0.46202530751659,-0.279278628528205,1.50405839266691,-0.309824975377047,0.769808816923601,-0.214881025317507,6.05,4.1,11.59,0,7,0,5.6,0
646499,-1.19968755750052,-1.27455514592236,1.44120513301646,1.30417397941088,-0.779109144485122,-0.571320969786847,1.04871337091164,0,1,0,-0.867552955146641,-0.279278628528205,1.71366525013793,-1.3909573451697,0.906047799879375,-0.310989406542639,20,15,20,0,12,15,10,0
200346,-0.761513964939242,-0.00128095994565041,-0.0825610598916914,-0.638406843068255,-0.2820088314394,0.284799196999272,1.48179234502306,0,1,1,2.78219587352381,2.294260882956,-0.242665419591574,-0.698424228959362,1.28270851746298,-0.191859856097361,14.4,1.1,10.56,0,0.42,10.36,3.57,0
449533,-0.104253576097326,0.635356133042705,0.570481594211801,0.00912009775812287,-1.27620945753084,-1.14206774764426,-0.250523551422599,0,1,0,-1.27308060277669,-1.13712513235627,1.71366525013793,-0.0948642277405722,-1.44741384686642,-0.310117908562094,7.5,1.5,1.8,0,1.5,0.5,0,0.2
622931,0.55300681274459,1.27199322603106,-0.953284598696349,-1.93346072472101,-0.779109144485122,-0.381072043834376,-0.250523551422599,0,1,1,-0.46202530751659,-1.13712513235627,-1.01122389698531,0.0249543186287937,0.839263984704977,-0.144861883779658,0.5,2,1.5,2.7,1.95,1.6,2.4,1.5
655948,0.333920016463951,0.635356133042705,-0.51792282929402,0.00912009775812287,-1.27620945753084,-0.666445432763082,0.61563439680023,0,1,0,-0.867552955146641,0.578567875299864,1.57392734515725,-1.76982433333453,0.0966279599656652,-0.308065631864369,31.35,5.2,15.8,2.16,6.24,4.25,6.09,3.12
691678,-0.104253576097326,-1.91119223891072,0.788162478912966,0.527141650419225,1.20929210769777,1.4262927527141,0.182555422688815,1,1,1,-1.27308060277669,-1.13712513235627,1.50405839266691,-0.33077859600267,0.414518920195802,-0.198914831664276,8.64,18,13.6,2.8,5.85,8.45,4.95,0.6
976228,-0.980600761219881,-0.00128095994565041,1.87656690241879,1.30417397941088,-0.2820088314394,-0.0956986549056695,0.61563439680023,1,1,0,-0.867552955146641,0.578567875299864,-0.801617039514291,0.00134160909128881,1.06365760369095,0.166140616879626,7.14,7.14,7,6.76,6.63,6.5,5.1,4.59
828801,-0.323340372377965,-0.00128095994565041,-0.0825610598916914,-0.379396066737704,0.712191794652044,1.4262927527141,-1.11668149964543,1,1,0,0.349029987743511,-1.13712513235627,1.64379629764759,-0.495323017869878,-0.881087094187526,-0.296719548875502,7.2,10.8,8.4,10.8,6.63,12.35,2.6,12.35
574099,0.333920016463951,-0.00128095994565041,0.135119824809473,0.527141650419225,-0.2820088314394,0.665297048904214,0.61563439680023,0,1,1,-0.0564976598865395,2.294260882956,0.805368867763519,1.47405141204756,-0.587238307420173,-0.226267300878607,21,10,24,0,1.5,1.5,2,0.95
738843,-0.323340372377965,-0.00128095994565041,-0.735603713995184,0.527141650419225,0.215091481606322,0.284799196999272,1.04871337091164,1,1,0,2.37666822589376,0.578567875299864,1.50405839266691,1.43347371525225,-0.934514146327045,-0.0832398870642786,7.5,8,5.7,5,2.1,5.7,16.8,8.4
588108,-0.323340372377965,-1.27455514592236,0.352800709510637,0.527141650419225,1.20929210769777,0.284799196999272,0.182555422688815,0,1,0,-0.46202530751659,-0.279278628528205,2.20274791757031,0.119351975000576,-0.579224249599246,-0.231873050514155,4.4,8.33,11.7,4.56,7.31,1.5,5,0.9
325337,1.42935399786714,-0.00128095994565041,-0.953284598696349,-1.28593378389463,0.712191794652044,-1.2371922106205,1.04871337091164,0,1,0,-0.46202530751659,0.578567875299864,1.57392734515725,0.995468589687186,-0.103723485557529,-0.248242921298852,22.5,0.7,20,5.1,5,4.25,18,0.9
718355,0.333920016463951,0.635356133042705,0.135119824809473,0.656647038584501,0.712191794652044,0.379923659975508,-0.683602525534014,0,1,1,1.16008528300361,-0.279278628528205,-0.661879134533612,0.222950079007466,-0.218591647657495,-0.276401988832403,11.76,2.09,6.75,7,4.1,5.8,7,3.3
407343,-0.104253576097326,-1.91119223891072,-0.0825610598916914,-0.76791223123353,1.70639242074349,3.32878201223881,-0.250523551422599,1,1,0,1.56561293063366,0.578567875299864,1.85340315511861,1.01248675872323,-0.512440434424848,-0.2978489327741,14.7,0,27.03,0,0,0,0,0
215056,-1.19968755750052,-0.00128095994565041,1.22352424831529,1.04516320308033,-0.2820088314394,-1.2371922106205,-1.54976047375684,0,1,0,-0.867552955146641,-1.13712513235627,1.78353420262827,-0.819678683341144,-0.651350769987596,-0.288169380802397,0,10.5,7.5,7.5,10.5,7.5,12.75,5
997440,0.772093609025229,0.635356133042705,-0.51792282929402,-0.76791223123353,-0.2820088314394,-0.476196506810611,0.61563439680023,1,1,0,-0.46202530751659,0.578567875299864,2.34248582255099,-0.863500468608946,0.9808456728747,-0.312339249070326,5.2,2.73,6.36,0,2.24,1.87,NA,0
680826,0.772093609025229,-0.00128095994565041,0.570481594211801,-1.15642839572936,-1.27620945753084,-1.2371922106205,0.61563439680023,1,1,0,-0.867552955146641,0.578567875299864,1.71366525013793,-0.55993887842859,-0.0128974969203479,-0.309726889102801,1.25,0.25,5,0,0.5,0,0,0
412023,-2.07603474262307,-1.27455514592236,1.22352424831529,0.786152426749776,-0.779109144485122,0.665297048904214,0.61563439680023,0,1,0,1.56561293063366,1.43641437912793,1.43418944017657,4.34379334752797,-2.06182494647089,-0.251563642028314,17.25,7.5,19,1.5,4.5,11.25,3.4,1.2
873749,-0.323340372377965,-0.00128095994565041,1.00584336361413,0.915657814915051,0.712191794652044,0.570172585927979,-1.11668149964543,1,1,0,2.78219587352381,0.578567875299864,1.36432048768624,0.28283276130303,0.841935337311952,-0.0994189351207952,10.5,14,14,3.5,10,3,4.05,5
682249,-0.104253576097326,-1.27455514592236,-0.0825610598916914,-1.02692300756408,0.215091481606322,0.189674734023037,-1.11668149964543,1,1,1,-0.46202530751659,0.578567875299864,-0.382403324572253,0.28283276130303,0.841935337311952,-0.0994189351207952,6.75,3.5,16.25,9,6,7.5,9,2
373158,0.772093609025229,0.635356133042705,-0.0825610598916914,-0.249890678572428,0.215091481606322,-0.856694358715553,0.61563439680023,1,1,1,-1.27308060277669,-1.13712513235627,-0.452272277062593,0.65590293563996,3.51061659168091,5.97778519332849,3.5,4.75,28.5,4.75,4.5,5,28,3.5
691895,0.772093609025229,-0.00128095994565041,-0.953284598696349,-0.379396066737704,1.70639242074349,2.66291077140516,-1.54976047375684,0,1,0,-0.867552955146641,-1.13712513235627,1.71366525013793,1.76633846524154,-1.04136825060608,-0.259230423339164,16,2,3,0,1,4.5,2,0
271398,-1.41877435378116,-1.91119223891072,-0.0825610598916914,1.04516320308033,-0.779109144485122,0.0945502710468015,-1.11668149964543,1,1,0,2.37666822589376,2.294260882956,2.34248582255099,0.680100644738078,-1.12952288663629,-0.310331079882505,19.2,1.98,5.78,0,6.97,1.8,0.59,0.4
775677,-0.761513964939242,0.635356133042705,-0.300241944592856,0.786152426749776,0.215091481606322,0.950670437832921,-0.683602525534014,1,1,0,0.754557635373562,0.578567875299864,-1.15096180196599,0.102652896633962,-0.49106961356904,-0.302897040539365,3.55,18.63,22.95,4.02,6.75,18,0,0
922403,1.64844079414778,1.27199322603106,-1.60632725279984,-1.54494456022518,-1.27620945753084,-1.2371922106205,1.04871337091164,0,1,0,-1.27308060277669,2.294260882956,1.50405839266691,-0.141717374367919,0.0886139021447383,-0.304824905141292,10,1,2.2,5.1,1.76,2.55,2.76,1.54
500097,-2.29512153890371,-0.00128095994565041,1.65888601771762,1.6926901439067,0.712191794652044,1.14091936378539,1.04871337091164,0,1,0,-0.46202530751659,-0.279278628528205,1.99314106009929,0.0881874529533281,-1.25507645916416,-0.311096675934811,23.1,18.6,10.22,0.9,4.97,10.64,2.16,0
706834,0.114833220183313,1.27199322603106,-0.51792282929402,0.527141650419225,-0.2820088314394,1.33116828973786,-0.683602525534014,0,1,1,0.754557635373562,0.578567875299864,-0.94135494449497,-0.479900302180967,0.000459266114531749,-0.181141556246541,8.1,1.8,5.4,5.6,6.6,5.4,8.71,3.6
597841,0.55300681274459,-2.54782933189907,0.570481594211801,-0.120385290407153,0.712191794652044,1.61654167866657,-0.683602525534014,1,1,0,0.754557635373562,-0.279278628528205,1.99314106009929,0.0238375012858036,-1.16692182313395,-0.299887331691572,21,0,6,3,5,5,26.25,0
477042,0.991180405305867,-0.00128095994565041,-1.17096548339751,-1.02692300756408,1.70639242074349,1.52141721569033,0.61563439680023,1,1,0,-0.46202530751659,-0.279278628528205,2.41235477504133,-0.541750710271323,0.510687614046936,-0.0111160400574223,2.64,1.83,13.49,2.04,8.82,5.74,14.96,1.26
196956,0.333920016463951,1.27199322603106,-0.51792282929402,-0.76791223123353,-1.27620945753084,-0.381072043834376,-0.683602525534014,0,1,0,-0.46202530751659,-1.13712513235627,-1.57017551690803,0.156951492214575,-1.25507645916416,-0.292729767286596,9.75,12,9,6,2.5,4.5,0,6.75
406442,1.21026720158651,1.27199322603106,-1.60632725279984,-2.19247150105156,1.70639242074349,-0.666445432763082,-1.11668149964543,1,1,1,-0.46202530751659,-1.13712513235627,-0.801617039514291,0.28283276130303,0.841935337311952,-0.0994189351207952,0,0,0,91,0,0,1.64,0
825735,-0.323340372377965,-1.27455514592236,0.352800709510637,0.527141650419225,-1.27620945753084,-1.2371922106205,-1.11668149964543,1,1,0,1.56561293063366,1.43641437912793,1.43418944017657,0.0249543186287937,0.839263984704977,-0.144861883779658,16.81,4.1,8.74,3.7,0,2.88,0,2.8
170713,0.772093609025229,-0.637918052934006,-0.735603713995184,0.656647038584501,0.215091481606322,0.665297048904214,0.61563439680023,0,1,0,-0.0564976598865395,-0.279278628528205,2.34248582255099,-0.44155624007164,0.115327428214498,-0.293091988655064,3.6,0.76,0.6,0,1.6,0,24,0
969281,0.772093609025229,1.27199322603106,-0.300241944592856,-0.120385290407153,-1.27620945753084,-1.2371922106205,1.04871337091164,0,1,0,-0.0564976598865395,-0.279278628528205,1.50405839266691,0.459396265051941,-0.90512926765031,-0.184851327422538,17.6,4.64,2.79,0.26,0.4,0.21,1,0.06
477576,0.991180405305867,1.27199322603106,-0.735603713995184,-0.76791223123353,-1.27620945753084,-0.28594758085814,0.61563439680023,0,1,1,-0.867552955146641,0.578567875299864,0.246417247840803,0.353298617467882,-0.429628503608594,-0.305418396729054,17.76,4.2,7.2,3.24,0,5.4,18.24,0
820780,1.42935399786714,1.27199322603106,-1.60632725279984,-1.80395533655573,-1.27620945753084,-1.2371922106205,0.182555422688815,0,1,0,-0.867552955146641,-1.13712513235627,1.36432048768624,-0.220266860824889,0.248895058563295,-0.312512809116816,2,0,0.25,0.5,2.5,0.25,0.25,0
504217,-1.19968755750052,-0.00128095994565041,1.00584336361413,1.56318475574143,-1.27620945753084,-1.2371922106205,0.61563439680023,0,1,0,0.349029987743511,-1.13712513235627,1.57392734515725,-0.270949095485344,1.68875411372332,2.95835926724412,13.3,9.6,13.6,5.4,3.6,4.23,8.01,1.56
881454,-0.542427168658603,-0.637918052934006,0.570481594211801,0.138625485923398,1.70639242074349,1.33116828973786,-0.683602525534014,1,1,0,-1.27308060277669,-1.13712513235627,-0.87148599200463,-0.633755186622412,0.232866942921439,-0.210969636170605,7.48,16.34,0,0,0,15.12,0,0
341763,-0.761513964939242,-0.00128095994565041,0.352800709510637,0.268130874088674,0.712191794652044,0.665297048904214,-1.54976047375684,1,1,0,1.16008528300361,-0.279278628528205,-0.87148599200463,0.406852668153169,-0.384215509290002,-0.309349711807748,0,0,26.52,0,0,18,4.4,10.24
179152,1.42935399786714,0.635356133042705,0.352800709510637,1.04516320308033,-1.27620945753084,-1.2371922106205,0.61563439680023,0,1,0,0.754557635373562,0.578567875299864,-1.36056865943701,0.119351975000576,-0.579224249599246,-0.231873050514155,40,10,18,0,4,0,0,0
766619,0.55300681274459,-0.00128095994565041,0.570481594211801,0.656647038584501,-1.27620945753084,-1.2371922106205,1.04871337091164,1,1,0,1.56561293063366,2.294260882956,-0.312534372081914,-0.867329556642055,0.43588974105161,-0.292737602673697,24,1,1,2.5,1,4,0,0.75
786484,0.991180405305867,1.27199322603106,-0.953284598696349,-1.54494456022518,-1.27620945753084,-0.28594758085814,-0.683602525534014,0,1,0,2.78219587352381,2.294260882956,-0.312534372081914,1.38959874820621,-1.40200085254783,-0.305538134655874,22.01,7.13,21.6,0,0.68,0.01,2.28,0
584579,0.333920016463951,-1.27455514592236,-0.51792282929402,0.268130874088674,-0.779109144485122,-1.14206774764426,0.61563439680023,1,1,0,2.78219587352381,-1.13712513235627,0.805368867763519,0.105205621989368,-0.0235829073482505,-0.0800756094173259,19.24,9.03,13.23,5.1,5.06,3.71,1.8,2.16
394965,0.333920016463951,-1.91119223891072,-0.300241944592856,0.268130874088674,1.70639242074349,1.61654167866657,1.48179234502306,0,1,0,-0.46202530751659,0.578567875299864,-0.382403324572253,-1.40861369554459,-0.750190816445705,-0.311294009053406,0,0,0,26,0,9,0,0
116190,-0.980600761219881,-0.00128095994565041,-0.300241944592856,0.915657814915051,-1.27620945753084,-0.28594758085814,1.48179234502306,0,1,0,0.754557635373562,-1.13712513235627,0.525893057802161,1.4575650607939,-0.146465127269145,-0.248901672210616,20,0.8,5,1.5,4.55,12.6,2,1.8
289779,-0.542427168658603,-1.27455514592236,1.65888601771762,1.56318475574143,1.70639242074349,0.665297048904214,1.04871337091164,0,1,0,-0.0564976598865395,-1.13712513235627,-0.102927514610895,-0.471816671888848,-2.03511142040113,-0.314832583224712,15.86,6.24,6.51,0,1.41,4.86,4.16,1.6
287001,0.772093609025229,-0.00128095994565041,-0.953284598696349,-1.02692300756408,0.712191794652044,-0.761569895739318,0.61563439680023,1,1,0,-0.46202530751659,-1.13712513235627,-0.592010182043272,-0.252707745549839,-0.515111787031823,-0.303748419448007,17.02,12.16,20.54,3.4,8.47,3.18,2.64,5.22
422945,-0.542427168658603,-0.637918052934006,-0.735603713995184,0.268130874088674,-1.27620945753084,-0.666445432763082,0.182555422688815,1,1,0,2.78219587352381,2.294260882956,-0.172796467101235,0.65590293563996,3.51061659168091,5.97778519332849,3.6,0.64,9,17.68,4.59,15.12,0.58,3.06
114800,0.114833220183313,-1.27455514592236,-0.735603713995184,1.43367936757615,1.70639242074349,0.0945502710468015,1.48179234502306,0,1,0,-0.0564976598865395,1.43641437912793,1.57392734515725,-0.591528854701739,0.417190272802778,-0.245981611060002,10,14.4,14.4,1.8,10.8,12.6,5.4,0
170170,0.333920016463951,-0.00128095994565041,0.352800709510637,-1.28593378389463,-1.27620945753084,0.189674734023037,-1.98283944786826,1,1,0,-0.0564976598865395,0.578567875299864,-0.522141229552932,1.03812037583376,-0.499083671389968,-0.207281412761659,6,0.5,40,1.2,3,0.6,4.75,0.05
415320,-0.761513964939242,-1.27455514592236,1.00584336361413,-0.249890678572428,-0.779109144485122,-0.28594758085814,-0.250523551422599,1,1,0,-0.0564976598865395,0.578567875299864,1.01497572523454,-0.99230673550047,0.542743845330648,-0.205934230271144,9.8,7,7.84,3.68,7.42,11.06,6.72,6.72
663669,-1.6378611500618,-0.00128095994565041,0.135119824809473,0.915657814915051,1.20929210769777,1.90191506759528,0.182555422688815,1,1,0,1.16008528300361,0.578567875299864,1.15471363021522,0.721954704211088,-1.14555100227814,-0.304248228393441,21,6,18.4,9,7,4.8,1.2,2.04
985769,0.55300681274459,-0.637918052934006,-0.735603713995184,-0.897417619398806,-1.27620945753084,-0.666445432763082,1.04871337091164,1,1,0,1.56561293063366,1.43641437912793,-0.592010182043272,2.82290085348841,-0.272018699797013,0.0996246426896985,12,9.35,17.25,3.2,5.95,10.8,1.98,1
587730,1.42935399786714,0.635356133042705,-0.735603713995184,-1.80395533655573,-1.27620945753084,-1.2371922106205,0.61563439680023,1,1,0,-0.867552955146641,-0.279278628528205,-0.592010182043272,-1.08223712250029,-0.47771285053416,-0.311881643233617,3.75,0.4,1.4,1.25,1.5,0.9,3.5,0.5
148834,0.55300681274459,1.27199322603106,1.65888601771762,0.397636262253949,-1.27620945753084,-1.2371922106205,1.04871337091164,0,1,0,-0.0564976598865395,-1.13712513235627,-0.242665419591574,-0.351094035289443,-0.459013382285329,-0.284455533797843,9.9,7.82,7.77,4.6,1.55,1.25,0.75,3.9
900011,0.333920016463951,-0.00128095994565041,-0.953284598696349,-1.15642839572936,-1.27620945753084,-1.14206774764426,-0.683602525534014,0,1,0,0.349029987743511,1.43641437912793,0.386155152821482,-0.497663016112333,-0.640665359559692,-0.26762257454365,14.85,10.56,10.2,0,0,0,0,0
332327,1.21026720158651,1.27199322603106,-1.60632725279984,-1.41543917205991,-1.27620945753084,-1.14206774764426,-1.54976047375684,0,1,0,-0.46202530751659,-1.13712513235627,-0.102927514610895,-0.852013204509619,-0.191878121587735,-0.263608589467615,0,0,2,0,5.25,0.15,0,0
883269,0.55300681274459,0.635356133042705,-0.300241944592856,-0.379396066737704,-0.2820088314394,-0.666445432763082,-0.250523551422599,1,1,0,-0.867552955146641,-0.279278628528205,-0.592010182043272,0.0409088521000808,-0.288046815438869,1.52915089117033,8,6,9,1.5,3,3,4,0.75
593095,1.42935399786714,1.27199322603106,-1.60632725279984,-0.897417619398806,-1.27620945753084,-1.04694328466802,0.61563439680023,1,1,0,-0.867552955146641,0.578567875299864,-0.172796467101235,-0.0681669750652852,0.56678601879343,-0.0742926185405716,0.3,0.04,0.22,36,0.12,1.35,9.75,0.08
743532,0.114833220183313,-0.00128095994565041,0.135119824809473,-0.638406843068255,0.215091481606322,0.379923659975508,0.182555422688815,0,1,0,-0.0564976598865395,-1.13712513235627,0.386155152821482,2.03756553425342,0.184782595995872,-0.227458070718946,4.8,1.4,18.3,5.9,3.3,4.5,5,2
188345,-0.542427168658603,0.635356133042705,0.570481594211801,0.00912009775812287,-0.779109144485122,0.379923659975508,0.182555422688815,0,1,0,2.78219587352381,0.578567875299864,0.386155152821482,-0.318121332782116,-0.0663245490598667,-0.107537467668724,11.6,7.56,4.64,2.43,5.4,12.65,0,4.05
533444,0.114833220183313,-0.00128095994565041,1.65888601771762,0.00912009775812287,-0.779109144485122,-1.2371922106205,1.04871337091164,1,1,0,-0.46202530751659,-1.13712513235627,-0.382403324572253,-0.0339710916584932,-0.296060873259797,-0.112472204718541,12.48,11.68,11.04,6.7,11.68,11.52,0,7.6
392602,0.333920016463951,-0.00128095994565041,1.00584336361413,1.30417397941088,-1.27620945753084,-1.2371922106205,1.48179234502306,0,1,0,0.349029987743511,-0.279278628528205,-0.0330585621205556,-0.682469695488075,-0.619294538703885,-0.260087915427248,20,10.5,12,3.5,10.5,6.5,4.5,6.5
704323,-0.980600761219881,-0.637918052934006,0.352800709510637,0.138625485923398,-0.779109144485122,1.04579490080916,-1.11668149964543,1,1,0,1.16008528300361,2.294260882956,-0.801617039514291,-0.909768615675678,1.37887721131412,-0.209596542368823,13.78,3.23,5.04,4.86,3,1.16,0,0
991269,0.114833220183313,-0.00128095994565041,0.352800709510637,0.527141650419225,-1.27620945753084,-1.2371922106205,1.04871337091164,1,1,0,-0.46202530751659,0.578567875299864,-0.592010182043272,-0.44155624007164,0.115327428214498,-0.293091988655064,9,8,17.5,3.25,6,6.5,7.5,3
641618,0.333920016463951,-0.637918052934006,-0.51792282929402,-0.249890678572428,-0.779109144485122,-0.381072043834376,0.61563439680023,0,1,0,-0.0564976598865395,-0.279278628528205,1.57392734515725,-0.963322666360965,0.532058434902744,-0.313475155394251,8.99,2.17,7.14,1.11,5.92,4.65,3.85,1.74
218576,-0.761513964939242,-0.00128095994565041,1.65888601771762,1.56318475574143,0.712191794652044,-0.571320969786847,0.182555422688815,1,1,0,-1.27308060277669,-1.13712513235627,-0.0330585621205556,-0.422836254131997,0.967488909839822,-0.142046714559017,18,21.25,18,8,1.5,9,0.5,0.9
924895,0.114833220183313,-1.27455514592236,1.22352424831529,0.268130874088674,0.712191794652044,0.0945502710468015,1.04871337091164,0,1,0,-0.0564976598865395,-1.13712513235627,-0.801617039514291,-0.513723913140095,-0.592581012634126,-0.270101073428982,21,8.2,35,0,7.1,0,4.55,0
461594,-0.761513964939242,0.635356133042705,1.00584336361413,0.915657814915051,1.20929210769777,0.379923659975508,-1.11668149964543,1,1,0,0.349029987743511,0.578567875299864,-1.29069970694667,0.65590293563996,3.51061659168091,5.97778519332849,16.83,17,15,12,10,10,2,9
642515,0.114833220183313,0.635356133042705,-0.300241944592856,-0.76791223123353,-0.779109144485122,-0.0956986549056695,-1.54976047375684,0,1,0,-1.27308060277669,-0.279278628528205,-0.382403324572253,0.963346795631662,-0.979927140645635,-0.283306070319235,7.59,5.06,6.16,5.46,4.76,1.8,2.75,1.05
560758,-0.980600761219881,-1.27455514592236,1.00584336361413,0.915657814915051,0.215091481606322,0.284799196999272,-0.250523551422599,0,1,0,2.78219587352381,0.578567875299864,-0.592010182043272,0.28283276130303,0.841935337311952,-0.0994189351207952,15.62,13.49,11.73,8.4,7.7,5.6,2.5,4.26
608370,-0.323340372377965,-1.27455514592236,-0.300241944592856,1.82219553207198,0.712191794652044,0.0945502710468015,-0.250523551422599,0,1,0,-0.867552955146641,0.578567875299864,1.92327210760895,-0.707358767703283,0.25156641117027,-0.108663707497649,14,3,14,13.5,10.5,7,8,1
340229,1.64844079414778,-0.00128095994565041,-1.60632725279984,-0.76791223123353,0.712191794652044,-1.2371922106205,0.182555422688815,0,1,0,-0.0564976598865395,-0.279278628528205,-0.801617039514291,0.652552483610989,-0.277361405010965,-0.247094057665312,0,0,0.11,0.12,0.1,0.09,0.3,0.09
664710,-1.41877435378116,-1.27455514592236,0.788162478912966,0.527141650419225,-0.779109144485122,1.04579490080916,-1.98283944786826,1,1,0,2.78219587352381,2.294260882956,0.246417247840803,0.507632137913465,-1.86147350094769,-0.313531377939524,8.4,6.6,13.6,17.85,10.5,5.6,6.3,7.5
958278,-0.542427168658603,-0.00128095994565041,-0.953284598696349,-0.897417619398806,0.215091481606322,0.379923659975508,-0.250523551422599,0,1,0,0.754557635373562,-0.279278628528205,0.106679342860123,-0.802926423196292,0.6923395913213,-0.269703944295057,12.8,8.64,6.89,3.2,4.2,4.48,1.24,0.75
569212,0.114833220183313,0.635356133042705,0.135119824809473,-0.379396066737704,0.215091481606322,-1.2371922106205,-0.683602525534014,0,1,0,-0.0564976598865395,-1.13712513235627,0.5957620102925,-0.613865201561541,-0.814303279013128,-0.294518800027306,8,3.6,3.6,3,6,3,8.4,3.6
607315,-1.6378611500618,-1.91119223891072,0.570481594211801,0.397636262253949,1.20929210769777,-1.14206774764426,0.61563439680023,1,1,0,1.97114057826371,-1.13712513235627,-0.592010182043272,-1.14573616571601,1.38421991652807,-0.28409487610833,16.25,6.75,6,7,4.5,8.25,4.75,2
441009,0.114833220183313,-0.00128095994565041,-0.300241944592856,-0.638406843068255,-1.27620945753084,-1.2371922106205,-1.11668149964543,0,1,0,0.349029987743511,1.43641437912793,-0.0330585621205556,0.131583783995229,-0.416271740573714,-0.265430782888539,16.2,0.95,2,14.6,11.6,0.4,19.2,0.4
482029,1.64844079414778,1.27199322603106,-1.60632725279984,-0.897417619398806,0.215091481606322,-0.666445432763082,1.48179234502306,0,1,0,-0.867552955146641,-1.13712513235627,1.92327210760895,0.200401005034714,-2.35834508584522,-0.303479438851162,0.9,1.17,0.14,0.24,0.13,0.28,1.4,0.15
377626,-0.761513964939242,0.635356133042705,0.135119824809473,0.138625485923398,-0.2820088314394,0.570172585927979,-0.250523551422599,1,1,0,0.349029987743511,0.578567875299864,-0.801617039514291,-0.55993887842859,-0.0128974969203479,-0.309726889102801,5.3,3.52,4.05,6.72,13.64,8.32,5.5,5.64
275655,1.21026720158651,0.635356133042705,-0.735603713995184,-0.249890678572428,-0.779109144485122,-1.14206774764426,1.48179234502306,1,1,0,0.754557635373562,-1.13712513235627,-0.592010182043272,-1.14366207636475,-0.141122422055192,-0.29103996248446,12.15,10.65,25.2,3.55,3.1,2.1,5,4.65
296329,0.55300681274459,-0.637918052934006,-0.0825610598916914,-0.379396066737704,-1.27620945753084,-0.951818821691789,0.61563439680023,0,1,0,-0.0564976598865395,0.578567875299864,-0.102927514610895,2.35681574901387,-2.04579683082904,-0.197951796100124,21.96,0.04,9,0.21,8,7.54,0.93,0.45
311544,-0.104253576097326,-0.00128095994565041,0.135119824809473,0.915657814915051,-0.779109144485122,-1.2371922106205,0.182555422688815,0,1,0,0.349029987743511,-0.279278628528205,-0.312534372081914,-0.0421610855070873,0.49465949840508,-0.263538036342894,22.5,1.25,16.5,3,0.5,2,9,1
882606,0.333920016463951,-0.00128095994565041,-0.735603713995184,-0.638406843068255,-1.27620945753084,0.189674734023037,-0.250523551422599,0,1,0,-0.867552955146641,-1.13712513235627,-0.801617039514291,0.6250043224839,-1.15623641270605,-0.252109864394796,10,0.4,17.5,0,4.16,3.25,15.66,0
630678,-0.104253576097326,0.635356133042705,1.22352424831529,1.56318475574143,0.712191794652044,0.950670437832921,-0.250523551422599,0,1,0,-0.46202530751659,0.578567875299864,0.106679342860123,-1.36154782180429,0.115327428214498,-0.275449854356671,18.27,6.86,7,9.28,6.5,3.9,1.98,7.11
582672,-0.104253576097326,-1.27455514592236,-0.300241944592856,0.268130874088674,-1.27620945753084,-0.0956986549056695,-0.250523551422599,0,1,0,-0.46202530751659,-0.279278628528205,1.15471363021522,-1.0257048922337,-0.304074931080724,-0.312532662173915,16.38,4,3.3,3.85,8.1,2.08,0,3.5
772931,-0.980600761219881,-0.00128095994565041,1.44120513301646,1.56318475574143,0.712191794652044,0.475048122951743,0.61563439680023,1,1,0,-0.46202530751659,0.578567875299864,0.5957620102925,-0.87929545674552,-0.865058978545671,-0.311598317479216,19.44,12.73,10.72,3.42,8.16,2.7,2.9,2.94
432745,0.772093609025229,0.635356133042705,-0.300241944592856,0.138625485923398,-0.2820088314394,-1.2371922106205,1.04871337091164,0,1,0,-0.0564976598865395,-1.13712513235627,-1.01122389698531,0.667177472626336,-0.301403578473748,-0.269246929327574,11.25,8.25,15,7.5,7,7.5,8,6.5
422365,0.991180405305867,1.27199322603106,-0.735603713995184,-0.249890678572428,0.712191794652044,-1.14206774764426,-0.683602525534014,0,1,1,0.754557635373562,1.43641437912793,-1.15096180196599,1.62790629648901,0.0245014395773155,-0.168237013313137,10.8,3.96,19.8,3.15,3.57,2.55,0,1.35
111978,-0.761513964939242,1.27199322603106,1.87656690241879,2.08120630840253,0.712191794652044,0.855545974856685,1.04871337091164,1,1,0,0.754557635373562,0.578567875299864,0.525893057802161,-0.707358767703283,0.25156641117027,-0.108663707497649,28.21,9.62,12.75,2.76,9.23,7.56,1.68,3.08
919504,0.333920016463951,-0.00128095994565041,-0.51792282929402,-0.508901454902979,-1.27620945753084,-0.190823117881905,1.04871337091164,1,1,0,-0.0564976598865395,-1.13712513235627,-0.242665419591574,-0.298444074834195,0.427875683230682,-0.236514227605597,12.1,3.85,11.13,10.35,3.1,3.44,7.12,1.05
525612,-1.85694794634244,-0.00128095994565041,1.00584336361413,1.04516320308033,-0.2820088314394,-0.28594758085814,-0.250523551422599,0,0,0,0.349029987743511,1.43641437912793,-0.522141229552932,0.272568678103169,1.67539735068844,0.870745116017075,8.4,1.33,5.76,0.96,6.8,1.7,0.44,2.25
392942,0.991180405305867,0.635356133042705,-1.17096548339751,-1.28593378389463,0.712191794652044,-0.571320969786847,0.61563439680023,0,1,0,-0.867552955146641,-1.13712513235627,-0.661879134533612,-1.03139534250512,0.673640123072468,-0.0653661268163611,1.5,8.91,8,11.25,0.55,7,2.6,0.2
415287,1.21026720158651,1.27199322603106,0.570481594211801,0.527141650419225,1.20929210769777,-0.381072043834376,1.48179234502306,0,0,0,-0.0564976598865395,-0.279278628528205,1.43418944017657,-0.541910255606036,-0.581895602206222,-0.292960145306778,3,1.98,6.5,0.42,0.16,1.2,0.78,0.04
351470,-2.73329513146499,-1.27455514592236,0.570481594211801,1.04516320308033,-0.779109144485122,-1.04694328466802,-1.11668149964543,1,1,0,-0.46202530751659,-1.13712513235627,-0.661879134533612,1.99847692724877,-0.328117104543508,-0.256602589233309,16.5,17.1,13.09,4,10.95,3.6,0.8,9.35
905512,0.114833220183313,-0.00128095994565041,-0.300241944592856,0.656647038584501,-0.779109144485122,0.665297048904214,-0.683602525534014,0,1,0,-1.27308060277669,-0.279278628528205,-0.452272277062593,0.592829346650138,0.500002203619032,-0.302626176147085,6,12,12.5,2,5.5,7.5,2,2.5
190077,-0.323340372377965,-1.91119223891072,0.570481594211801,-0.120385290407153,-0.2820088314394,-1.2371922106205,-1.98283944786826,1,1,0,-0.867552955146641,-1.13712513235627,-0.102927514610895,-0.595836578738986,-0.14913647987612,-0.312732157449904,16,1.8,17,15,12,8,9.1,5.4
395306,0.991180405305867,1.27199322603106,-1.38864636809868,-1.41543917205991,-1.27620945753084,-1.14206774764426,-0.250523551422599,1,1,0,-0.867552955146641,0.578567875299864,-0.522141229552932,0.938723632307642,-1.5275544250757,-0.15277551958377,10,0.26,6,7.8,0.8,1.5,1.96,0.25
963502,0.991180405305867,-0.00128095994565041,-0.51792282929402,-0.379396066737704,1.70639242074349,0.379923659975508,-1.11668149964543,0,1,0,0.349029987743511,-1.13712513235627,-0.242665419591574,-0.87413682425647,-1.4500851994734,-0.312837798053765,3,12,12,8.6,5.4,8.85,9.75,6.1
988604,0.114833220183313,0.635356133042705,-0.51792282929402,-0.249890678572428,1.70639242074349,2.09216399354775,-0.683602525534014,0,1,0,1.56561293063366,-1.13712513235627,0.5957620102925,0.378134507904852,-0.806289221192201,-0.268081724752316,8,0,16.2,0,11.2,13.2,1.95,4.9
464266,0.333920016463951,-0.00128095994565041,1.00584336361413,1.1746685912456,0.215091481606322,0.76042151188045,1.04871337091164,0,1,0,-0.0564976598865395,1.43641437912793,0.735499915273179,-0.462137588249601,-0.173178653338904,-0.262251491624797,16,14.75,22.5,3.78,4.24,1.2,2.37,1.24
603931,-0.980600761219881,-0.00128095994565041,-0.0825610598916914,1.30417397941088,-0.779109144485122,-0.571320969786847,0.61563439680023,0,1,0,-0.46202530751659,0.578567875299864,1.08484467772488,-0.852013204509619,-0.191878121587735,-0.263608589467615,18.75,2.5,18.75,2.6,10,0.4,4.75,7.5
156941,0.114833220183313,-0.00128095994565041,0.570481594211801,-0.76791223123353,-1.27620945753084,-0.951818821691789,1.04871337091164,0,1,0,-1.27308060277669,-0.279278628528205,1.08484467772488,0.115948341193368,-0.704777822127115,-0.30749951028772,13,6,6,5.85,5,1.25,0.91,1.75
226679,0.333920016463951,-0.00128095994565041,-0.300241944592856,-1.41543917205991,-1.27620945753084,0.284799196999272,-1.11668149964543,1,1,0,0.349029987743511,0.578567875299864,-0.592010182043272,-0.925031786029876,-0.752862169052682,-0.311511780253959,8.84,9.92,6.9,5.83,4.69,4.2,0,1.92
167311,-2.29512153890371,-1.91119223891072,1.22352424831529,0.786152426749776,-0.2820088314394,0.665297048904214,1.04871337091164,0,1,0,-0.46202530751659,1.43641437912793,1.15471363021522,-0.58993340135461,0.387805394126043,-0.304798187341488,32,2.5,14.25,2.75,11.25,4,2.5,6
227704,-0.323340372377965,-1.91119223891072,1.22352424831529,0.786152426749776,-1.27620945753084,-0.28594758085814,-1.11668149964543,1,1,0,-1.27308060277669,-1.13712513235627,-0.102927514610895,2.68500050251825,-0.309417636294677,-0.223023830265399,12,9,9.6,10.2,7.8,9.6,6,9
248052,1.64844079414778,1.27199322603106,-1.60632725279984,-1.41543917205991,-1.27620945753084,-1.2371922106205,0.61563439680023,0,1,0,-0.867552955146641,-1.13712513235627,-1.08109284947565,-0.633755186622412,0.232866942921439,-0.210969636170605,7.8,3,6,2,3,1,4.2,1.2
938153,-0.542427168658603,-0.00128095994565041,1.00584336361413,0.397636262253949,-1.27620945753084,-1.2371922106205,1.04871337091164,0,1,0,1.97114057826371,-1.13712513235627,-1.43043761192735,-0.436078516913165,0.393148099339996,-0.282936154457457,5.85,0.81,21.5,8.93,0.4,0.27,0.8,0.66
307219,-0.761513964939242,-1.27455514592236,1.22352424831529,0.527141650419225,0.215091481606322,-0.761569895739318,0.61563439680023,1,1,0,-0.867552955146641,-1.13712513235627,-1.08109284947565,1.12650849126469,-0.589909660027149,-0.20879974294449,9,15,19,10,8,18,4.25,3.25
642828,1.21026720158651,1.27199322603106,-0.953284598696349,-1.15642839572936,-0.2820088314394,0.189674734023037,-0.250523551422599,0,1,0,-0.46202530751659,-1.13712513235627,0.945106772744198,-0.288658627638472,0.0432009078261479,-0.181426705160233,5,3.75,5,2.5,8,2.5,1.25,1.25
619138,-0.761513964939242,-0.00128095994565041,0.135119824809473,0.786152426749776,-1.27620945753084,-1.2371922106205,-1.98283944786826,1,1,0,-1.27308060277669,-1.13712513235627,-0.172796467101235,-1.19806703550184,-0.46435608749928,-0.308440221370195,18.75,6.5,16,9,7,11.25,4.25,3.75
224564,0.991180405305867,-0.00128095994565041,-0.953284598696349,-0.249890678572428,-1.27620945753084,-1.2371922106205,0.61563439680023,1,1,0,-0.46202530751659,-1.13712513235627,0.66563096278284,-0.441237149402215,-0.889101152008455,-0.314229928151782,12,7.5,8.25,3.5,6,1,4.5,2
172576,-0.104253576097326,-1.27455514592236,2.09424778711995,1.6926901439067,-0.2820088314394,-0.666445432763082,-0.250523551422599,1,1,0,-0.0564976598865395,0.578567875299864,-0.87148599200463,-0.479900302180967,-0.0128974969203479,-0.239731863814232,18,16.72,14.62,10.14,8,13.09,0.86,3.12
142278,-1.19968755750052,-0.637918052934006,1.00584336361413,1.56318475574143,0.712191794652044,0.379923659975508,-0.250523551422599,1,0,0,1.16008528300361,2.294260882956,-0.452272277062593,-0.553557065040076,-0.89177250461543,-0.315399043969614,12.2,14.07,10.8,0.34,10.62,3.08,3.22,5.49
445330,-0.980600761219881,-0.00128095994565041,1.00584336361413,1.6926901439067,-1.27620945753084,0.855545974856685,1.04871337091164,1,1,0,-0.0564976598865395,2.294260882956,-0.94135494449497,-0.751606007196986,-0.9505422619689,-0.313301456671347,18.2,13.05,18.4,8.9,10.5,8.4,2.2,3.1
616329,0.991180405305867,1.27199322603106,1.22352424831529,0.527141650419225,-1.27620945753084,-1.2371922106205,1.04871337091164,0,1,0,-0.867552955146641,-0.279278628528205,0.5957620102925,-1.15366025067342,1.37353450610016,-0.313279294214133,16,9,25,8.5,7,8.5,2.5,3
174438,-0.761513964939242,0.635356133042705,1.22352424831529,1.30417397941088,0.712191794652044,0.665297048904214,-1.11668149964543,0,1,0,0.349029987743511,0.578567875299864,-0.522141229552932,-0.75240373387055,0.628227128753877,-0.220413654040731,16.06,2.07,6.24,5.98,3.05,1.52,9,1.75
701583,0.772093609025229,0.635356133042705,0.135119824809473,-0.508901454902979,-0.2820088314394,-0.28594758085814,-0.250523551422599,1,1,0,-0.46202530751659,-1.13712513235627,-0.661879134533612,-0.929764964293025,-0.210577589836566,-0.297639202778257,9.99,4,4.84,2.28,0.45,0.64,2.59,0.7
214671,1.64844079414778,1.27199322603106,-1.60632725279984,-2.19247150105156,-0.2820088314394,-0.00057419192943401,-0.250523551422599,1,1,0,-0.867552955146641,-0.279278628528205,-0.801617039514291,0.239755520930555,-2.59876682047305,-0.309594973087984,2.73,2.2,7.65,0.13,0.33,1.43,9.75,1.92
727531,0.55300681274459,0.635356133042705,-0.51792282929402,-0.897417619398806,-1.27620945753084,-1.2371922106205,-1.11668149964543,1,1,0,-0.46202530751659,-1.13712513235627,-0.661879134533612,1.38215329925295,-0.96389902500378,-0.236553347726531,9,3.5,6,2,7.5,2,8.25,3
762757,-0.323340372377965,-0.00128095994565041,0.352800709510637,0.656647038584501,-1.27620945753084,-1.14206774764426,0.61563439680023,0,1,0,1.16008528300361,1.43641437912793,-0.382403324572253,-0.473518488792452,-0.637994006952716,-0.313621664184007,20.3,10.2,15.6,6.08,4.6,0.46,1.66,1.08
949956,0.772093609025229,0.635356133042705,-0.51792282929402,-1.02692300756408,-1.27620945753084,-1.2371922106205,-1.11668149964543,1,1,0,-0.867552955146641,-0.279278628528205,-0.452272277062593,-1.13733344475447,0.50801626143996,-0.309283806082863,19.25,3.45,12.6,0.66,0.5,1.21,1.44,0
123303,0.991180405305867,-2.54782933189907,-0.51792282929402,0.786152426749776,-1.27620945753084,-0.28594758085814,0.61563439680023,1,1,0,-0.46202530751659,0.578567875299864,1.15471363021522,0.998127678599067,-0.937185498934021,-0.275828207758497,23.49,9.88,4.16,4.96,12.48,1.2,1.5,1.08
409742,-0.104253576097326,-0.637918052934006,1.22352424831529,0.915657814915051,0.712191794652044,-0.476196506810611,0.61563439680023,0,1,0,-0.867552955146641,0.578567875299864,1.64379629764759,-0.875519550490649,0.385134041519067,-0.291358770578104,12.96,8.96,11.04,6.44,11.84,14.4,2.76,3.22
919154,-0.323340372377965,-0.00128095994565041,0.135119824809473,-0.249890678572428,1.20929210769777,1.04579490080916,-0.683602525534014,1,1,0,1.16008528300361,1.43641437912793,-0.731748087023951,0.65590293563996,3.51061659168091,5.97778519332849,15.5,5.04,25.52,0,0,0,1.89,0
183769,0.55300681274459,1.27199322603106,-0.735603713995184,-0.508901454902979,-1.27620945753084,-1.14206774764426,-1.11668149964543,0,0,0,0.349029987743511,0.578567875299864,-1.22083075445633,0.00134160909128881,1.06365760369095,0.166140616879626,10.5,4.4,7,9,2.7,6,1.6,0.35
227476,-2.29512153890371,-0.637918052934006,1.22352424831529,0.786152426749776,-0.779109144485122,-0.00057419192943401,-1.11668149964543,1,1,0,-0.46202530751659,-1.13712513235627,-1.22083075445633,0.995468589687186,-0.103723485557529,-0.248242921298852,32,0,45,0,0.5,2.25,3.75,0
490196,-1.41877435378116,-1.27455514592236,1.65888601771762,1.6926901439067,-1.27620945753084,-0.381072043834376,0.182555422688815,1,1,0,-0.0564976598865395,1.43641437912793,-0.94135494449497,-0.380875831102512,-2.16333634553598,-0.308884922971733,17.4,10.45,14.95,1.5,5.4,0.6,0.6,1.5
664602,1.64844079414778,1.27199322603106,-0.735603713995184,-0.767912231233531,1.70639242074349,2.18728845652398,0.182555422688815,1,1,0,1.56561293063366,1.43641437912793,-0.0330585621205556,3.28701823216815,-0.913143325471237,-0.0613020342796265,0.85,0.8,0.21,8.54,0.06,1.17,16.02,9.1
611497,0.55300681274459,0.635356133042705,-0.300241944592856,0.138625485923398,-1.27620945753084,-1.14206774764426,1.04871337091164,0,1,0,-0.46202530751659,-0.279278628528205,-0.452272277062593,1.38444011571717,-1.04403960321306,-0.24183324043839,8.4,13.53,4.73,5.76,2,0.91,0,4
824478,0.333920016463951,-0.00128095994565041,-0.300241944592856,-0.379396066737704,0.215091481606322,-0.00057419192943401,-1.11668149964543,0,1,0,-0.46202530751659,-1.13712513235627,-0.731748087023951,0.00134160909128881,1.06365760369095,0.166140616879626,1.35,4.96,3.51,0.36,0.39,0.3,0.3,0.13
760765,1.42935399786714,0.635356133042705,-0.735603713995184,0.527141650419225,0.712191794652044,-0.761569895739318,-1.11668149964543,0,1,0,1.56561293063366,-1.13712513235627,-0.661879134533612,1.35412650212172,-2.31026073891965,-0.260352491404144,2.72,1.8,15.3,0,1.8,2.7,7.7,0.64
694929,1.64844079414778,1.27199322603106,-0.953284598696349,1.30417397941088,0.712191794652044,1.23604382676163,1.48179234502306,0,1,0,-0.867552955146641,-1.13712513235627,-0.242665419591574,0.140358777404437,-1.17493588095488,-0.316429572379326,8.75,6,17,0,3,4.65,3,0
255774,-1.41877435378116,-0.00128095994565041,1.87656690241879,2.46972247289836,0.215091481606322,0.475048122951743,0.61563439680023,1,1,0,0.754557635373562,0.578567875299864,-1.22083075445633,0.65590293563996,3.51061659168091,5.97778519332849,17.1,13.5,14.24,9.35,13.35,11.4,0,7.56
229699,-1.6378611500618,-0.637918052934006,1.65888601771762,1.6926901439067,-1.27620945753084,-0.381072043834376,0.61563439680023,1,1,0,-0.0564976598865395,1.43641437912793,-1.01122389698531,-0.485590752452393,-0.646008064773645,-0.313547366572102,21,10,15,1.5,6.75,1.25,0,0
994164,-1.6378611500618,-0.00128095994565041,1.00584336361413,1.04516320308033,-1.27620945753084,-0.761569895739318,0.182555422688815,0,1,0,-1.27308060277669,0.578567875299864,0.525893057802161,-0.270949095485344,1.68875411372332,2.95835926724412,24,6.4,18.4,5.6,7.7,0,0,6
474644,-0.980600761219881,-0.637918052934006,0.570481594211801,1.04516320308033,-0.2820088314394,-0.666445432763082,1.48179234502306,1,1,0,-1.27308060277669,-1.13712513235627,0.875237820253859,0.715519709044336,-1.27377592741299,-0.27176040765839,11.13,1.05,1.8,0.42,2.52,3.6,5.7,0.66
134874,-0.104253576097326,-0.00128095994565041,0.135119824809473,0.268130874088674,-1.27620945753084,-1.04694328466802,-0.683602525534014,1,1,0,-0.46202530751659,-1.13712513235627,-0.801617039514291,-0.298816347281859,-0.49106961356904,-0.307279735601022,24,16,19,3.5,6,2,1,4.95
268603,-3.39055552030691,-2.54782933189907,1.65888601771762,1.95170092023726,-0.779109144485122,2.66291077140516,1.48179234502306,0,1,0,0.754557635373562,0.578567875299864,1.99314106009929,0.28283276130303,0.841935337311952,-0.0994189351207952,18.9,12,15.84,10.2,12.75,9.5,0.95,8
609635,0.991180405305867,0.635356133042705,-0.953284598696349,-0.897417619398806,-0.779109144485122,-1.2371922106205,-0.250523551422599,1,1,0,-0.46202530751659,-1.13712513235627,-1.43043761192735,-1.13499344651201,-1.47947007815014,-0.3062936855648,14,0.75,9,1,2,1.75,20,0.75
475127,0.333920016463951,0.635356133042705,-0.51792282929402,-0.638406843068255,-1.27620945753084,-0.28594758085814,0.182555422688815,1,1,0,-1.27308060277669,-1.13712513235627,0.106679342860123,-1.05729486850685,0.00580197132848452,-0.260654703784261,9.35,2.5,5.4,3.12,4.05,3.25,9.18,2.5
551876,0.333920016463951,-0.00128095994565041,1.22352424831529,-0.508901454902979,-1.27620945753084,-1.2371922106205,-2.41591842197967,0,1,0,-0.46202530751659,0.578567875299864,-0.242665419591574,0.938723632307642,-1.5275544250757,-0.15277551958377,10,18,17,4.5,4.5,15,5,5
513996,-0.761513964939242,0.635356133042705,0.352800709510637,-0.638406843068255,0.215091481606322,-0.0956986549056695,-0.250523551422599,0,1,0,-0.867552955146641,-1.13712513235627,0.246417247840803,1.46240460261352,-0.389558214503955,-0.0684290842485842,12,4,8.46,5.5,16.38,3.43,3.15,0
736053,1.42935399786714,1.27199322603106,0.570481594211801,-0.249890678572428,-1.27620945753084,-1.2371922106205,1.48179234502306,1,1,0,-0.46202530751659,-0.279278628528205,1.78353420262827,0.20002873258705,1.62998435636985,-0.300873646050153,2.5,3.5,2.5,0.1,0.5,43.7,15,0.45
174247,0.333920016463951,-1.27455514592236,-0.0825610598916914,-0.897417619398806,0.712191794652044,0.570172585927979,-2.41591842197967,1,1,0,2.78219587352381,-1.13712513235627,-1.57017551690803,-0.350509035728829,-1.49282684118502,-0.312665838123575,19.5,3,24.82,4,1,7.2,0.75,4.55
579472,-1.85694794634244,-0.637918052934006,1.65888601771762,1.82219553207198,0.215091481606322,0.855545974856685,-0.250523551422599,1,1,0,-0.0564976598865395,1.43641437912793,-0.87148599200463,-0.298816347281859,-0.49106961356904,-0.307279735601022,21.12,8.4,4.83,7.2,10.53,10.14,2.76,9.02
221097,-2.73329513146499,-1.91119223891072,2.09424778711995,2.08120630840253,-1.27620945753084,-0.856694358715553,1.04871337091164,1,1,0,-0.867552955146641,-1.13712513235627,-0.94135494449497,0.28283276130303,0.841935337311952,-0.0994189351207952,25.5,12,7.5,1.5,17.5,6.5,1.2,4
873001,0.333920016463951,1.27199322603106,-0.953284598696349,-1.54494456022518,-1.27620945753084,-1.2371922106205,-1.98283944786826,1,1,0,2.78219587352381,1.43641437912793,-0.731748087023951,0.715519709044336,-1.27377592741299,-0.27176040765839,1.1,1.32,0,4.8,1.95,0.54,0,1.68
650463,0.772093609025229,-0.00128095994565041,-1.38864636809868,-0.638406843068255,-1.27620945753084,-1.2371922106205,-1.54976047375684,1,1,0,-0.867552955146641,-1.13712513235627,0.0368103903697839,-1.40973051288758,-0.544496665708558,-0.314999904818244,1.7,4.59,1.7,4.9,0.12,2.76,1.52,0.22
450641,0.772093609025229,0.635356133042705,-0.51792282929402,-0.638406843068255,-1.27620945753084,0.189674734023037,-1.11668149964543,1,1,0,1.97114057826371,0.578567875299864,0.176548295350463,1.03812037583376,-0.499083671389968,-0.207281412761659,6,4,2.4,1,0.6,6,2.85,0.5
736441,1.42935399786714,1.27199322603106,-1.17096548339751,-1.15642839572936,0.215091481606322,-0.190823117881905,1.48179234502306,0,1,0,-0.46202530751659,-1.13712513235627,-0.522141229552932,0.35377725347202,-0.346816572792339,-0.287908140707122,0,0.99,1.2,1.6,0.33,1.65,0.9,0.8
538516,-0.104253576097326,-0.00128095994565041,0.570481594211801,0.915657814915051,-0.2820088314394,0.379923659975508,-1.11668149964543,1,1,0,0.349029987743511,0.578567875299864,-0.452272277062593,-1.53667541754078,1.23729552314439,2.67043767601586,13.87,5.5,12.24,2.79,15.96,11.97,0,2.25
765623,1.42935399786714,0.635356133042705,-1.38864636809868,-1.93346072472101,0.712191794652044,1.14091936378539,-2.41591842197967,1,1,0,0.349029987743511,-1.13712513235627,1.01497572523454,0.459396265051941,-0.90512926765031,-0.184851327422538,0.4,3,2,1.5,0.9,0.9,2,0
375819,0.333920016463951,0.635356133042705,-0.953284598696349,-1.67444994839046,1.20929210769777,0.284799196999272,-1.54976047375684,1,1,0,-0.46202530751659,-1.13712513235627,0.735499915273179,-0.451979868606215,0.839263984704977,-0.0810038944912284,4.08,0.52,9.6,3.12,2,1.72,2.55,3.72
490803,0.991180405305867,1.27199322603106,-0.953284598696349,-0.120385290407153,-0.2820088314394,-0.476196506810611,0.182555422688815,0,1,0,-0.0564976598865395,-1.13712513235627,0.0368103903697839,-0.337639045395324,0.660283360037588,-0.259205439365608,0,10,25,0,0,0,0,0
146867,-0.761513964939242,0.635356133042705,1.22352424831529,1.30417397941088,0.712191794652044,-1.04694328466802,1.04871337091164,1,1,0,0.349029987743511,-1.13712513235627,0.735499915273179,-0.0833769636412455,-0.475041497927184,-0.18830391265585,7.5,11.25,12.75,7.5,11.25,6,6,5
708228,1.64844079414778,-0.00128095994565041,-1.60632725279984,-1.41543917205991,-0.779109144485122,-1.2371922106205,-0.250523551422599,1,1,0,-0.0564976598865395,-1.13712513235627,0.456024105311821,0.421211748277327,0.168754480354016,-0.210448074289885,6,3.25,3.25,3,6.5,3,6,3.25
139001,1.64844079414778,1.27199322603106,-1.60632725279984,-2.19247150105156,0.712191794652044,-0.571320969786847,-0.250523551422599,1,1,0,-0.867552955146641,-1.13712513235627,-0.242665419591574,-0.583392042631382,-0.702106469520139,-0.281392903179476,2.52,0,1.24,0.44,0.12,1.25,1.68,0
829360,0.991180405305867,1.27199322603106,-0.735603713995184,0.138625485923398,1.70639242074349,-0.190823117881905,1.48179234502306,0,1,0,-0.0564976598865395,-1.13712513235627,-1.08109284947565,0.459396265051941,-0.90512926765031,-0.184851327422538,4,8,35,0,0,0,10,0
247242,1.64844079414778,-0.637918052934006,-1.17096548339751,-0.638406843068255,0.712191794652044,1.99703953057151,-1.54976047375684,1,1,0,-0.867552955146641,-1.13712513235627,-0.661879134533612,-0.611472021540848,-0.210577589836566,-0.271952147203065,0,0,35,1,1.7,5,8,0.1
598930,0.991180405305867,-2.54782933189907,-0.51792282929402,-0.638406843068255,1.20929210769777,0.665297048904214,0.61563439680023,1,1,0,-1.27308060277669,-1.13712513235627,-0.452272277062593,0.119351975000576,-0.579224249599246,-0.231873050514155,5,4,21,4.5,18,2.5,8,4.25
564923,-0.980600761219881,-0.00128095994565041,0.352800709510637,0.00912009775812287,0.215091481606322,-0.28594758085814,0.182555422688815,0,1,0,-0.46202530751659,-1.13712513235627,-0.801617039514291,0.331281361277505,-1.53556848289663,-0.310049048828213,6,7,6,6,7,6,6,6
464652,0.55300681274459,-1.91119223891072,-0.300241944592856,-0.249890678572428,1.20929210769777,1.61654167866657,1.48179234502306,1,1,0,-0.867552955146641,-1.13712513235627,-0.0330585621205556,0.0759556439586747,-0.611280480882957,-0.283604078647718,10.5,2.5,11.2,11.7,10.4,12.75,8.45,6.8
209255,1.42935399786714,-0.00128095994565041,-1.17096548339751,-1.41543917205991,-1.27620945753084,-0.28594758085814,-1.11668149964543,1,1,0,0.349029987743511,-1.13712513235627,-0.731748087023951,-0.957898124980728,-0.899786562436359,-0.291764672007754,0,0,0,0,0,0,0,0
896046,-0.323340372377965,-1.91119223891072,1.00584336361413,0.527141650419225,0.712191794652044,1.14091936378539,-0.250523551422599,1,1,0,-0.867552955146641,-1.99497163618434,-0.731748087023951,0.19646555344513,-0.3067462836877,-0.234502518689294,11.25,0,29.75,7,6.5,10.5,12.75,0
399038,1.64844079414778,0.635356133042705,-0.735603713995184,-1.02692300756408,0.215091481606322,1.04579490080916,-1.98283944786826,1,1,0,-0.867552955146641,-1.13712513235627,0.246417247840803,-0.211864139863344,0.0325154973982439,-0.302688338742362,3.6,4.76,7.68,2.25,8.36,4.03,0.21,0.45
702265,1.21026720158651,-2.54782933189907,-1.38864636809868,-0.120385290407153,1.70639242074349,0.0945502710468015,1.48179234502306,0,1,0,-0.46202530751659,-1.13712513235627,2.76169953749303,0.152005586838476,0.256909116384221,-0.284251051748318,1.25,0.05,2.5,0.06,0.25,0.4,0.08,0.06
723371,0.114833220183313,1.27199322603106,-1.17096548339751,-0.76791223123353,-0.2820088314394,-0.381072043834376,0.61563439680023,0,1,0,-0.0564976598865395,-1.13712513235627,1.22458258270556,-0.26478000920978,1.56052918858848,-0.291483393883353,12.75,0.45,2.99,0.06,3,2.1,12,0.03
259557,-1.6378611500618,-1.27455514592236,1.65888601771762,1.56318475574143,-0.779109144485122,-0.951818821691789,0.182555422688815,0,1,0,-0.867552955146641,-1.13712513235627,1.57392734515725,-0.479900302180967,-0.0128974969203479,-0.239731863814232,10,9,18,2.5,10,2.5,0.5,2.5
482787,-0.980600761219881,0.635356133042705,0.352800709510637,-0.508901454902979,0.215091481606322,0.570172585927979,-0.683602525534014,1,1,0,-0.867552955146641,-1.13712513235627,0.106679342860123,1.03812037583376,-0.499083671389968,-0.207281412761659,7.26,0,14.5,0.4,1.2,0.6,22.5,0
176829,1.42935399786714,1.27199322603106,-1.60632725279984,-0.897417619398806,0.712191794652044,-0.381072043834376,0.182555422688815,0,1,0,-0.0564976598865395,-1.13712513235627,0.525893057802161,-0.575095685226313,-0.266675994583061,-0.301650972719748,0,17.64,20,0,0,0,0,0
200586,-0.542427168658603,0.635356133042705,0.352800709510637,0.786152426749776,-0.2820088314394,0.475048122951743,-0.683602525534014,1,1,0,-0.0564976598865395,-1.13712513235627,-1.15096180196599,-1.07425985576465,-0.373530098862098,-0.28827537488065,0,22.5,4,0,0,0,7.5,0
442266,-2.95238192774563,-0.637918052934006,1.22352424831529,0.915657814915051,1.70639242074349,1.04579490080916,1.48179234502306,1,1,0,-0.46202530751659,-1.13712513235627,-0.661879134533612,-0.44155624007164,0.115327428214498,-0.293091988655064,0,0.37,0,7,0.07,40,0.16,0
614305,0.55300681274459,0.635356133042705,-0.300241944592856,-0.379396066737704,0.215091481606322,1.4262927527141,0.61563439680023,1,1,0,-0.867552955146641,-1.13712513235627,-0.172796467101235,-2.02020414527726,-0.608609128275981,-0.312943853125655,0.29,0.07,0.45,0,0.03,0.16,0,0
372274,-0.323340372377965,-0.00128095994565041,-0.51792282929402,-1.02692300756408,1.70639242074349,-0.190823117881905,0.61563439680023,0,1,0,-0.46202530751659,-1.13712513235627,-1.08109284947565,-0.904184528960728,-0.907800620257286,-0.307012730940574,9.9,5.36,9.87,7.54,6.29,8.12,4.76,3.65
948511,-0.542427168658603,0.635356133042705,1.87656690241879,1.04516320308033,1.20929210769777,0.189674734023037,1.04871337091164,0,1,0,-0.867552955146641,-1.13712513235627,1.2944515351959,1.87429747506392,-1.3165175691246,-0.19723299560848,10.2,1.85,19.5,9.45,17.4,8,4.05,0
533560,0.333920016463951,-2.54782933189907,-0.735603713995184,-0.897417619398806,-0.779109144485122,1.90191506759528,-3.2820763702025,1,1,0,-1.27308060277669,-1.13712513235627,0.386155152821482,-0.330353141776769,-1.43138573122457,-0.312991427161268,1.32,0.48,15,0.49,0.6,0.18,5.52,1.58
795248,0.55300681274459,-1.27455514592236,-0.735603713995184,-1.54494456022518,0.712191794652044,0.855545974856685,-0.683602525534014,0,1,0,-0.46202530751659,-1.13712513235627,0.0368103903697839,0.37526269188002,-0.881087094187526,-0.288533200852659,1,25.65,5.4,0.51,0.6,0.27,3.4,1.72
917294,0.772093609025229,-1.27455514592236,0.135119824809473,0.656647038584501,1.70639242074349,0.475048122951743,0.61563439680023,1,1,0,0.349029987743511,-1.13712513235627,0.945106772744198,0.190456012504278,-1.1508937074921,-0.266971926122114,27,0,27,0,9.2,9.3,13,0
833526,0.991180405305867,0.635356133042705,-1.60632725279984,-1.80395533655573,0.215091481606322,0.76042151188045,-1.11668149964543,1,1,0,-0.867552955146641,-1.13712513235627,-0.592010182043272,-1.04979623777534,-0.00755479170639517,-0.316756315449601,0,0,10.15,4.2,5.7,9.8,19.88,0
202315,0.772093609025229,1.27199322603106,0.788162478912966,-0.76791223123353,-0.2820088314394,0.379923659975508,1.48179234502306,0,1,0,-0.46202530751659,-1.13712513235627,-0.0330585621205556,-0.136292832987681,0.163411775140064,-0.16826120568398,0.75,2.4,0.5,28.35,0.5,8.4,0,0
140958,1.42935399786714,0.635356133042705,-0.953284598696349,-0.508901454902979,-0.779109144485122,0.284799196999272,-0.250523551422599,1,1,0,-0.46202530751659,-1.13712513235627,-0.382403324572253,2.03756553425342,0.184782595995872,-0.227458070718946,6.75,3.2,9.24,3.42,8.16,3.41,14.25,1.52
458939,-0.323340372377965,0.635356133042705,0.135119824809473,0.138625485923398,0.712191794652044,-0.00057419192943401,0.61563439680023,1,1,0,-1.27308060277669,-1.13712513235627,0.5957620102925,-0.0242920080192458,-1.18294993877581,-0.296950774860437,5,6,6,3,8,1.5,3,3
305579,0.333920016463951,-0.00128095994565041,-0.0825610598916914,0.915657814915051,0.215091481606322,-1.14206774764426,1.04871337091164,0,1,0,-1.27308060277669,-1.13712513235627,0.805368867763519,-0.911417250801045,-0.70744917473409,-0.309059580528118,3.75,0,34.79,0,7.2,0,6.63,3.57
106089,0.114833220183313,-0.637918052934006,-0.300241944592856,-0.120385290407153,0.215091481606322,0.475048122951743,0.182555422688815,0,1,0,-0.46202530751659,-1.13712513235627,1.01497572523454,-0.663856073104907,-0.309417636294677,-0.257059609404835,25.5,0.11,11,0.54,6.66,0.54,1.23,0
779843,-2.95238192774563,-1.91119223891072,2.31192867182112,2.21071169656781,0.215091481606322,-0.190823117881905,-1.54976047375684,1,1,0,-0.867552955146641,-1.13712513235627,-0.801617039514291,-1.071653948631,-0.635322654345741,-0.307745586677102,18.75,0,31.5,0,16,0,18,0
229649,0.114833220183313,1.27199322603106,-0.953284598696349,-0.249890678572428,1.70639242074349,0.855545974856685,0.61563439680023,0,1,0,-0.46202530751659,-1.13712513235627,-0.242665419591574,-0.497663016112333,-0.640665359559692,-0.26762257454365,12.16,29.6,14.35,0,0.96,0,0,0
321283,0.55300681274459,1.27199322603106,0.135119824809473,-1.15642839572936,-0.2820088314394,-0.476196506810611,0.61563439680023,1,1,0,-0.0564976598865395,-1.13712513235627,-0.801617039514291,-0.0825792369676812,-0.0449537282040586,-0.0060303797622596,4,6.8,3.6,0,1.54,0.35,9.02,0
362116,0.114833220183313,-1.91119223891072,-1.38864636809868,-1.02692300756408,1.70639242074349,1.14091936378539,-1.98283944786826,1,0,0,0.349029987743511,-1.13712513235627,-0.102927514610895,-0.44155624007164,0.115327428214498,-0.293091988655064,0,2,13.5,0,10.8,18,16.8,0
311428,-0.980600761219881,-0.637918052934006,0.352800709510637,-0.508901454902979,-0.779109144485122,1.04579490080916,-1.11668149964543,0,1,0,0.754557635373562,-1.13712513235627,-0.731748087023951,-0.44155624007164,0.115327428214498,-0.293091988655064,0.35,13.8,9.6,0.5,1.4,4.2,0.9,0.35
141862,-0.104253576097326,-1.27455514592236,1.22352424831529,-0.508901454902979,0.712191794652044,1.23604382676163,-1.11668149964543,0,1,0,-0.0564976598865395,-1.13712513235627,-0.382403324572253,-1.04623305863342,-1.45809925729433,-0.311016845477899,1.4,0.18,1.17,0.66,0.05,0,0,0
827278,0.114833220183313,-0.00128095994565041,-0.0825610598916914,-0.249890678572428,-0.779109144485122,-1.2371922106205,0.182555422688815,0,1,0,-1.27308060277669,-1.13712513235627,0.176548295350463,-0.551695702801759,-0.512440434424848,-0.311545326979083,6.4,5.76,8.25,6.5,11.9,11.1,6.72,3.08
915999,0.991180405305867,1.27199322603106,-1.17096548339751,-0.508901454902979,-1.27620945753084,-0.381072043834376,-1.98283944786826,1,1,0,-0.46202530751659,-1.13712513235627,-0.102927514610895,1.82813569155366,-1.51954036725478,-0.141779298758863,0.5,0,11.25,0,9,6.25,12.5,0
337523,0.772093609025229,1.27199322603106,-1.38864636809868,-0.120385290407153,1.20929210769777,1.61654167866657,0.182555422688815,0,1,0,1.56561293063366,-1.13712513235627,0.386155152821482,1.5997731358013,-0.894443857222406,-0.218735162328781,2.42,10.01,11.96,3.41,1.95,6.5,7.92,0.06
934909,1.64844079414778,0.635356133042705,-1.60632725279984,-1.67444994839046,-0.2820088314394,1.23604382676163,0.61563439680023,1,1,0,-0.867552955146641,-1.13712513235627,-1.22083075445633,-0.611472021540848,-0.210577589836566,-0.271952147203065,0,0,0,0,0,0,40,0
217971,-0.761513964939242,-2.54782933189907,0.788162478912966,0.138625485923398,-1.27620945753084,-0.28594758085814,-0.250523551422599,1,1,0,-0.46202530751659,-1.13712513235627,-1.36056865943701,-0.495323017869878,-0.881087094187526,-0.296719548875502,14,8.25,20.8,1.2,6.75,3.5,7.5,1.8
657776,-0.104253576097326,-0.00128095994565041,-0.735603713995184,-0.508901454902979,1.70639242074349,-1.14206774764426,1.04871337091164,1,1,0,-1.27308060277669,-1.13712513235627,0.316286200331142,-1.55757585638817,0.625555776146901,-0.313481524033342,0,4.6,30,9.6,0.3,6.3,20,0
372352,1.21026720158651,1.27199322603106,-0.300241944592856,-1.28593378389463,1.70639242074349,1.23604382676163,0.61563439680023,0,1,0,-1.27308060277669,-1.13712513235627,1.36432048768624,-0.861266833922966,-0.453670677071376,-0.296223171781017,0.3,0.21,15.75,0.44,2.32,0.58,25,0.52
370985,-0.761513964939242,-0.00128095994565041,-0.953284598696349,0.268130874088674,-0.2820088314394,1.14091936378539,-1.11668149964543,0,1,0,-0.0564976598865395,-1.13712513235627,-0.661879134533612,1.46846732533261,-1.42337167340364,-0.283864179442376,1.69,5.33,14.08,2.08,2.38,0,16.12,0
412950,-0.323340372377965,-0.637918052934006,-0.0825610598916914,-0.120385290407153,-0.779109144485122,-0.0956986549056695,-1.54976047375684,1,1,0,-0.46202530751659,-1.13712513235627,-0.661879134533612,-1.65404760211122,2.68516863612535,-0.31403148127763,5,1.5,12,14,3,3.9,20,2
967795,0.333920016463951,0.635356133042705,-0.300241944592856,-0.508901454902979,0.712191794652044,-0.0956986549056695,-1.11668149964543,1,1,0,0.349029987743511,-1.13712513235627,-1.29069970694667,-0.628064736350986,0.561443313579479,-0.237195812271143,5.2,10.05,9.9,3.05,4.5,9,14,2.5
148026,-0.980600761219881,-0.00128095994565041,0.788162478912966,1.04516320308033,-0.2820088314394,0.950670437832921,-1.98283944786826,0,1,0,-0.867552955146641,-1.13712513235627,-0.452272277062593,-1.31075922358736,-0.042282375597083,-0.305737714825632,0.11,5.5,49.5,8.8,9.3,7.83,4.3,4.4
135536,0.772093609025229,0.635356133042705,-0.300241944592856,0.138625485923398,-0.2820088314394,-0.0956986549056695,-0.250523551422599,0,1,0,-0.46202530751659,-1.13712513235627,-0.242665419591574,-1.18009159445752,0.0538863182540505,-0.287333022013334,21.6,8.4,23.76,0.85,1,13.2,12,1
194226,-1.19968755750052,-0.637918052934006,1.22352424831529,1.30417397941088,0.712191794652044,-0.761569895739318,-0.250523551422599,0,1,0,-0.867552955146641,-1.13712513235627,1.99314106009929,0.162535578929526,0.198139359030751,-0.192613329833166,10,5,28,1.25,5.2,6.5,0.5,0.9
996307,1.21026720158651,1.27199322603106,-1.60632725279984,-1.41543917205991,1.70639242074349,1.04579490080916,0.61563439680023,1,1,0,-0.0564976598865395,0.578567875299864,0.176548295350463,-0.490111203602591,-1.34055974258739,-0.289689360553507,0,0,15,0,4,0,15,0
214591,0.991180405305867,0.635356133042705,-1.38864636809868,-2.06296611288629,1.20929210769777,2.37753738247645,-0.683602525534014,1,1,0,-1.27308060277669,-1.13712513235627,-0.382403324572253,-0.87929545674552,-0.865058978545671,-0.311598317479216,2.5,4,8,7,3.75,12.5,4,0
587811,0.55300681274459,-0.00128095994565041,-1.38864636809868,0.138625485923398,0.712191794652044,0.76042151188045,-0.683602525534014,0,1,0,-0.46202530751659,-1.13712513235627,-0.87148599200463,-0.298444074834195,0.427875683230682,-0.236514227605597,10.8,5.6,11.73,0,6.88,4.3,11.22,0
396165,0.55300681274459,-2.54782933189907,-0.735603713995184,0.786152426749776,1.20929210769777,-0.00057419192943401,0.61563439680023,1,1,0,-0.0564976598865395,-1.13712513235627,0.735499915273179,-0.541750710271323,0.510687614046936,-0.0111160400574223,4.44,8.04,3.68,5.04,4.68,6.12,6.6,7.8
765294,1.42935399786714,1.27199322603106,-1.38864636809868,-0.249890678572428,1.70639242074349,0.76042151188045,1.48179234502306,0,1,0,-0.867552955146641,-1.13712513235627,0.735499915273179,-0.298444074834195,0.427875683230682,-0.236514227605597,3.5,0,4.25,0,4.5,0,5,0
966401,-0.542427168658603,-1.27455514592236,0.570481594211801,-0.379396066737704,1.20929210769777,1.04579490080916,-0.683602525534014,1,1,0,1.56561293063366,-1.13712513235627,-1.15096180196599,0.505558048562198,-1.58098147721522,-0.283585484717704,6.6,5.95,10.5,7,10,2.7,12.6,9.6
359774,-0.980600761219881,-2.54782933189907,-1.60632725279984,-1.02692300756408,-1.27620945753084,-0.0956986549056695,0.182555422688815,0,1,0,-0.867552955146641,-1.13712513235627,-1.15096180196599,-1.56720175824918,1.18386847100487,-0.313432729826294,0,0,0,0,0,0,10.15,0
579690,0.114833220183313,-0.00128095994565041,0.570481594211801,0.656647038584501,-0.2820088314394,-1.2371922106205,0.61563439680023,0,1,0,-0.867552955146641,-1.13712513235627,-0.242665419591574,-1.54082359624332,0.174097185567968,-0.313340522188302,13.65,2.7,5,0.32,2.94,2.04,14.7,3.15
294623,1.42935399786714,1.27199322603106,-1.60632725279984,-2.06296611288629,1.70639242074349,-0.856694358715553,-2.84899739609109,1,1,0,-0.867552955146641,-1.13712513235627,-0.731748087023951,0.35377725347202,-0.346816572792339,-0.287908140707122,0.95,0,4.1,3.61,0.7,0.1,1.5,0
650193,-0.104253576097326,0.635356133042705,-0.0825610598916914,-0.249890678572428,-0.2820088314394,0.855545974856685,-0.683602525534014,1,1,0,-0.46202530751659,-1.13712513235627,-0.87148599200463,-0.681512423479798,0.630898481360853,-0.296411075555082,3.64,0,0,4.44,4.95,7.28,6.5,0
563720,0.772093609025229,-0.00128095994565041,-0.953284598696349,-0.897417619398806,-0.2820088314394,-0.761569895739318,-0.683602525534014,0,1,0,-0.46202530751659,-1.13712513235627,1.36432048768624,0.824010536649088,-0.450999324464401,-0.125224875958577,2.25,1.8,1.8,1.5,1.6,1.6,0.24,1.82
265542,-0.980600761219881,-0.00128095994565041,-0.300241944592856,-1.02692300756408,-0.2820088314394,0.379923659975508,-0.250523551422599,0,1,0,0.754557635373562,-1.13712513235627,-0.382403324572253,0.115948341193368,-0.704777822127115,-0.30749951028772,6.57,1.96,16.06,0,0.69,0.28,53.4,0
751268,-0.542427168658603,1.27199322603106,0.352800709510637,1.04516320308033,-0.779109144485122,-1.2371922106205,-0.683602525534014,0,1,0,-0.46202530751659,-1.13712513235627,0.66563096278284,-0.107096036735226,1.45634643691642,-0.252520564041954,20,14.4,10.2,0,10.4,0,20,0
312926,0.114833220183313,0.635356133042705,1.00584336361413,0.138625485923398,-0.2820088314394,-1.04694328466802,-1.11668149964543,0,1,0,-0.867552955146641,-1.13712513235627,-0.592010182043272,0.249381422791565,-1.28713269044787,-0.290935808804455,14.45,17.16,25.76,0,6,2.28,0,5.98
285250,0.114833220183313,-1.27455514592236,-0.51792282929402,-0.897417619398806,0.215091481606322,0.189674734023037,0.182555422688815,0,1,0,-0.46202530751659,-1.13712513235627,-0.242665419591574,1.52446773781683,2.06007212609298,-0.184793793974485,6.2,4.5,17.2,0.5,0.8,0.5,5,3
901580,-0.323340372377965,-0.00128095994565041,-0.735603713995184,-0.249890678572428,0.215091481606322,-0.381072043834376,-0.683602525534014,0,1,0,-0.867552955146641,-1.13712513235627,-1.01122389698531,-0.479900302180967,0.000459266114531749,-0.181141556246541,2.52,0.48,3.19,0,0.7,0.91,6.5,0.48
181392,0.772093609025229,-0.00128095994565041,-0.51792282929402,-1.80395533655573,-0.779109144485122,-0.666445432763082,-1.54976047375684,1,0,0,-0.46202530751659,-1.13712513235627,-1.01122389698531,-0.681033787475659,0.516030319260888,-0.218339306918149,8,6,10,0,1.5,0.9,2.92,0
792165,-0.761513964939242,-0.00128095994565041,0.788162478912966,0.527141650419225,0.712191794652044,-0.571320969786847,0.61563439680023,0,1,0,-0.0564976598865395,-1.13712513235627,0.875237820253859,-0.681033787475659,0.516030319260888,-0.218339306918149,6.6,3.6,5.53,6,5.55,16.06,6.8,4.1
791052,1.42935399786714,1.27199322603106,-1.60632725279984,-2.19247150105156,1.70639242074349,3.32878201223881,-2.41591842197967,1,1,0,-0.867552955146641,-1.13712513235627,-0.312534372081914,-0.158735543403958,-0.499083671389968,-0.297947486746204,0,0,8,0,0,0,10,0
695539,1.42935399786714,0.635356133042705,-0.953284598696349,-1.54494456022518,-0.779109144485122,1.04579490080916,-0.683602525534014,1,1,0,-0.867552955146641,-1.13712513235627,-0.592010182043272,0.647872487126079,0.358420515449308,-0.121922519592984,2.1,4.9,1.5,20.15,3.2,2.2,9.18,2
605265,0.333920016463951,-1.91119223891072,1.22352424831529,0.397636262253949,1.70639242074349,1.90191506759528,0.61563439680023,0,1,0,-0.0564976598865395,-1.13712513235627,1.50405839266691,-0.485856661343581,-1.32453162694553,-0.311823643752262,13.11,10.2,13.65,5.76,6.72,9.96,16.02,1.89
870434,0.114833220183313,-0.00128095994565041,-0.300241944592856,0.786152426749776,0.215091481606322,0.475048122951743,0.182555422688815,0,1,0,-0.0564976598865395,-1.13712513235627,-0.731748087023951,-0.0608810714467308,-1.76530480709656,-0.285925687740074,0.07,0.4,3.12,0.27,0.03,0.62,0,0.04
847403,0.333920016463951,-0.00128095994565041,-0.300241944592856,-1.02692300756408,-1.27620945753084,0.379923659975508,-1.11668149964543,0,1,0,-0.867552955146641,-1.13712513235627,-1.15096180196599,-0.60806838773364,-0.00488343909941953,-0.307102748321606,1.75,8,7,6.7,6.65,6.6,1.8,3.4
189488,0.114833220183313,1.27199322603106,-0.953284598696349,-0.638406843068255,0.712191794652044,-0.28594758085814,-1.11668149964543,1,1,0,-0.0564976598865395,-1.13712513235627,-0.661879134533612,0.309157741530654,0.166083127747041,-0.15495905405284,1.05,4.16,9,4.95,0.91,3.48,1.2,2.47
852240,0.991180405305867,1.27199322603106,-1.17096548339751,-0.508901454902979,1.20929210769777,2.18728845652398,1.48179234502306,0,1,0,1.16008528300361,-1.13712513235627,1.01497572523454,-0.168255081708493,0.451917856693466,-0.170157463464845,2.7,6.6,0.96,0,0.77,0.32,4.16,0.66
351165,0.772093609025229,-1.27455514592236,-1.17096548339751,0.138625485923398,-0.2820088314394,-0.381072043834376,1.04871337091164,1,1,0,-0.46202530751659,-1.13712513235627,1.01497572523454,0.0484606646098233,-1.32453162694553,-0.273900464118876,12,2.3,19.6,3.5,4.55,11.25,9.6,5.6
324460,-0.542427168658603,-0.00128095994565041,-1.17096548339751,-0.76791223123353,0.712191794652044,0.76042151188045,0.61563439680023,1,1,0,-1.27308060277669,-1.99497163618434,1.08484467772488,-1.32894739174463,0.304993463309789,-0.30995632438583,2.4,0,3.92,0,1.96,1.6,1.5,0
291058,0.55300681274459,1.27199322603106,0.352800709510637,-0.249890678572428,-0.779109144485122,0.0945502710468015,0.61563439680023,0,1,0,-1.27308060277669,-1.13712513235627,-0.801617039514291,-1.62836080322245,-0.776904342515464,-0.314741649355266,12.18,3.44,12.4,1.55,3.12,3.4,10.08,3.1
775640,-0.104253576097326,0.635356133042705,-1.17096548339751,-1.28593378389463,1.20929210769777,0.475048122951743,1.48179234502306,0,1,0,-1.27308060277669,-1.13712513235627,1.71366525013793,-1.44780866610572,0.256909116384221,-0.314993976206272,0.09,2.28,4.5,0,2,2.08,8.28,0
663107,0.991180405305867,1.27199322603106,-1.17096548339751,-1.41543917205991,0.712191794652044,0.950670437832921,0.61563439680023,0,1,0,-1.27308060277669,-1.13712513235627,1.78353420262827,-0.745490102699659,-0.763547579480585,-0.31064102209138,0.34,0.2,0.92,0.14,0.05,0.12,0.6,0.42
736294,-0.980600761219881,-0.637918052934006,0.135119824809473,0.397636262253949,-0.779109144485122,0.379923659975508,-0.250523551422599,1,1,0,-0.867552955146641,-1.13712513235627,-1.50030656441769,-1.53311223839886,0.256909116384221,-0.314575052311493,7.37,15.48,14.06,11.57,10.8,6.6,5,0
190833,-0.104253576097326,0.635356133042705,0.352800709510637,-0.120385290407153,0.215091481606322,1.04579490080916,-1.11668149964543,0,1,0,0.349029987743511,-1.13712513235627,0.456024105311821,-1.18051704868342,-0.646008064773645,-0.312383928425287,2.75,0,7.5,0,0,3.25,5.75,0
240705,0.772093609025229,1.27199322603106,-0.735603713995184,-0.508901454902979,-1.27620945753084,-1.2371922106205,1.04871337091164,0,1,0,-0.46202530751659,-1.13712513235627,0.735499915273179,0.286608667557902,0.0298441447912683,-0.30286617751623,1.75,0,1,0.25,2,4,34,1
343987,-0.104253576097326,-0.00128095994565041,-0.51792282929402,-0.897417619398806,1.20929210769777,0.284799196999272,0.182555422688815,0,1,0,-0.0564976598865395,-1.13712513235627,-0.801617039514291,0.750619682681167,-1.01465472453632,-0.301639530960747,0.8,3.74,8.74,3.69,3.77,0.7,1.8,1.62
881974,-0.980600761219881,-1.27455514592236,1.65888601771762,1.6926901439067,0.712191794652044,-0.571320969786847,-0.250523551422599,0,1,0,1.56561293063366,-1.13712513235627,0.386155152821482,2.03756553425342,0.184782595995872,-0.227458070718946,7.7,8.4,13.6,9,12,9.35,7.29,8.4
801362,1.42935399786714,-0.00128095994565041,-1.17096548339751,-0.897417619398806,-0.779109144485122,0.379923659975508,1.04871337091164,0,1,0,0.754557635373562,-1.13712513235627,0.316286200331142,-0.389704006289957,-1.20966346484557,-0.309291019136646,4.68,5.18,6.12,0,1.71,28.86,6,7.14
641983,-0.104253576097326,0.635356133042705,0.352800709510637,0.915657814915051,-0.779109144485122,-1.2371922106205,1.48179234502306,0,1,0,-0.867552955146641,-1.13712513235627,1.01497572523454,0.107013802449447,-0.979927140645635,-0.309152151143535,16,5,21.25,5,5,6,7,3.5
191386,-0.104253576097326,-0.637918052934006,0.570481594211801,0.268130874088674,0.712191794652044,0.665297048904214,0.61563439680023,0,1,0,-0.867552955146641,-1.13712513235627,1.78353420262827,-0.615194746017481,-0.389558214503955,-0.284115693680366,6.12,10.5,16.8,4.1,2.85,2.5,7.1,1.89
867891,1.42935399786714,0.635356133042705,-0.953284598696349,0.397636262253949,-0.779109144485122,-0.381072043834376,1.04871337091164,0,1,0,-0.0564976598865395,-1.13712513235627,1.36432048768624,-0.318121332782116,-0.0663245490598667,-0.107537467668724,8,4,14,3.2,3.15,2.4,17,1.5
742556,-2.95238192774563,-0.637918052934006,2.31192867182112,0.138625485923398,-0.779109144485122,-0.666445432763082,0.182555422688815,1,1,1,-0.867552955146641,-1.13712513235627,-0.592010182043272,0.105205621989368,-0.0235829073482505,-0.0800756094173259,16,9,12,8.4,6,6,12,6
761877,0.991180405305867,1.27199322603106,-1.60632725279984,-1.93346072472101,-1.27620945753084,-1.2371922106205,-0.683602525534014,1,1,0,-1.27308060277669,-1.13712513235627,-0.731748087023951,-0.106936491400513,-1.21233481745254,-0.307731578831993,1.08,0.1,1.04,0.4,0.56,0.06,2.6,0.06
683306,0.333920016463951,-0.637918052934006,-1.17096548339751,-0.120385290407153,1.70639242074349,2.28241291950022,-0.250523551422599,0,1,0,2.78219587352381,0.578567875299864,-0.87148599200463,2.41558161396645,-2.3156034441336,-0.279475993948655,6.5,2.5,21,9,6,1.75,8,3.5
810062,-0.323340372377965,-0.00128095994565041,0.352800709510637,-0.508901454902979,-0.779109144485122,-0.761569895739318,-0.250523551422599,0,0,0,-1.27308060277669,0.578567875299864,-0.661879134533612,-1.28815696783637,0.457260561907417,-0.262531532431576,8.1,2.24,5.8,0.84,0.7,0.24,4.4,0
429486,-1.19968755750052,-1.91119223891072,1.87656690241879,1.56318475574143,-0.779109144485122,-0.571320969786847,0.61563439680023,0,1,0,-0.867552955146641,-0.279278628528205,1.08484467772488,-1.22965701177498,-0.301403578473748,-0.304587910851062,28,0.5,12,6,4,0.75,3,0.2
841446,0.772093609025229,0.635356133042705,-0.735603713995184,-0.76791223123353,0.215091481606322,0.950670437832921,-1.54976047375684,0,1,0,0.754557635373562,2.294260882956,-0.172796467101235,-0.32093996702871,-0.00221208649244389,-0.217818221659824,0.7,0.15,4.84,0.5,0.04,1.87,0.99,0.8
458353,0.772093609025229,0.635356133042705,-0.300241944592856,-0.638406843068255,0.712191794652044,-0.190823117881905,0.61563439680023,1,0,0,-0.46202530751659,-1.13712513235627,-0.801617039514291,0.0409088521000808,-0.288046815438869,1.52915089117033,5,1.65,18.56,1.56,0.68,0.96,4.24,3.42
681509,0.772093609025229,0.635356133042705,-0.735603713995184,-0.120385290407153,0.712191794652044,0.284799196999272,-2.41591842197967,1,1,0,0.349029987743511,0.578567875299864,-0.172796467101235,-0.233562305384295,-1.04671095582003,-0.1584461672244,4.5,0,12.5,7.5,7.5,8,7,0
517381,-0.761513964939242,-1.27455514592236,1.22352424831529,0.268130874088674,0.712191794652044,1.4262927527141,1.04871337091164,0,1,1,2.78219587352381,2.294260882956,-0.242665419591574,2.35681574901387,-2.04579683082904,-0.197951796100124,23.2,14.2,19.95,3.8,9.75,4.5,3.5,2.4
128840,0.333920016463951,1.27199322603106,-1.38864636809868,-1.67444994839046,-1.27620945753084,-1.2371922106205,0.61563439680023,0,1,0,-0.46202530751659,0.578567875299864,-0.312534372081914,-1.1054243778119,-1.06541042406887,-0.300813105138538,0.25,0.3,0.25,0.3,0.35,0,65,0.35
863189,0.114833220183313,0.635356133042705,0.570481594211801,0.138625485923398,-0.2820088314394,0.284799196999272,0.61563439680023,0,1,0,1.97114057826371,0.578567875299864,0.106679342860123,-0.310941792720037,2.21501057729758,0.233033299247345,6,9,7.5,10.5,6.75,7,2.5,2
959191,1.42935399786714,1.27199322603106,-1.60632725279984,-1.02692300756408,-1.27620945753084,-0.190823117881905,1.04871337091164,0,1,0,1.16008528300361,1.43641437912793,-0.801617039514291,-0.451448050823838,0.684325533500372,-0.0576845212027307,2,0.75,0.2,0.75,0.4,0.25,1,0.5
900547,-0.323340372377965,-0.00128095994565041,1.00584336361413,0.397636262253949,0.712191794652044,-0.0956986549056695,0.61563439680023,1,1,0,-0.0564976598865395,-0.279278628528205,0.386155152821482,1.5997731358013,-0.894443857222406,-0.218735162328781,13,4.56,14.95,0,8.5,8.45,0.8,0.3
872844,-1.19968755750052,-1.91119223891072,1.44120513301646,1.30417397941088,-0.2820088314394,-0.00057419192943401,1.48179234502306,1,1,0,-0.867552955146641,-1.13712513235627,0.5957620102925,1.19490025807827,-0.70744917473409,-0.253410101762735,22.5,2,23.75,4,14,3.75,4.25,1.75
846466,-1.19968755750052,0.635356133042705,-0.300241944592856,0.138625485923398,1.20929210769777,-0.0956986549056695,0.182555422688815,1,0,0,-0.46202530751659,0.578567875299864,-0.94135494449497,0.28283276130303,0.841935337311952,-0.0994189351207952,11.04,9.69,13.4,2.1,4.3,8.12,0.45,7.36
334333,1.64844079414778,-0.637918052934006,-1.60632725279984,-2.19247150105156,-1.27620945753084,1.04579490080916,-2.41591842197967,1,1,0,-0.867552955146641,0.578567875299864,-0.102927514610895,-1.22667883219368,0.577471429221334,-0.314678452729228,0,0.5,0,0,0,0,0,0.5
662558,-0.104253576097326,1.27199322603106,-0.51792282929402,0.656647038584501,-0.2820088314394,-0.0956986549056695,-0.250523551422599,1,1,0,-0.46202530751659,-0.279278628528205,-0.172796467101235,2.03756553425342,0.184782595995872,-0.227458070718946,1.68,10.81,9,15.6,4.41,6.21,1.92,8.12
976265,0.55300681274459,-1.91119223891072,-0.300241944592856,-0.120385290407153,-1.27620945753084,2.75803523438139,0.182555422688815,1,1,0,-0.867552955146641,0.578567875299864,-0.661879134533612,1.30908153595445,-1.78133292273842,-0.275627412953953,17.38,1,15.01,9.1,7.7,9.02,1.54,8.8
559308,0.55300681274459,-1.27455514592236,-1.60632725279984,-0.76791223123353,1.70639242074349,3.32878201223881,0.61563439680023,0,1,0,2.78219587352381,0.578567875299864,0.316286200331142,0.0436743045684372,-0.851702215510791,-0.245975140353804,6,2.5,10,2.5,12,10,1.5,2.5
491510,0.333920016463951,1.27199322603106,-1.60632725279984,-2.19247150105156,0.215091481606322,1.23604382676163,-0.683602525534014,1,0,1,-0.867552955146641,0.578567875299864,0.106679342860123,0.28283276130303,0.841935337311952,-0.0994189351207952,0.01,0.01,0.01,0.01,0.01,0.01,93,0.01
259570,-0.323340372377965,-0.00128095994565041,0.788162478912966,0.656647038584501,0.712191794652044,1.04579490080916,-1.11668149964543,1,1,0,0.754557635373562,0.578567875299864,-0.592010182043272,-1.41621868983257,0.0485436130400992,-0.316437563188317,15.34,7.2,3.41,4.5,5.52,0.9,6.71,1.6
756058,-0.980600761219881,0.635356133042705,1.00584336361413,1.43367936757615,1.70639242074349,-0.190823117881905,1.48179234502306,0,1,0,-0.46202530751659,-1.13712513235627,-0.102927514610895,-0.33077859600267,0.414518920195802,-0.198914831664276,7.8,7.5,29.4,0,11.25,2.9,16.8,3.3
299874,0.55300681274459,-0.00128095994565041,-1.17096548339751,-0.508901454902979,0.215091481606322,0.570172585927979,0.182555422688815,0,1,0,-0.46202530751659,0.578567875299864,1.15471363021522,-0.451979868606215,0.839263984704977,-0.0810038944912284,6,3,4,3.75,1,0.5,1.5,0.5
143498,0.55300681274459,-1.27455514592236,0.570481594211801,0.786152426749776,-0.2820088314394,-0.00057419192943401,-0.250523551422599,1,1,0,0.754557635373562,0.578567875299864,-0.0330585621205556,-0.107096036735226,1.45634643691642,-0.252520564041954,4.59,0.4,6.44,4.2,1.4,0.54,1.16,0.98
978439,-1.19968755750052,-2.54782933189907,1.00584336361413,0.915657814915051,-1.27620945753084,-0.666445432763082,-1.11668149964543,0,1,0,-0.0564976598865395,0.578567875299864,-0.382403324572253,-0.663856073104907,-0.309417636294677,-0.257059609404835,15.05,5.8,6.48,0.05,0.6,0.12,0,0.05
704476,0.333920016463951,-0.00128095994565041,-0.953284598696349,-1.54494456022518,-0.779109144485122,-0.951818821691789,0.61563439680023,1,0,0,1.97114057826371,-1.13712513235627,0.176548295350463,-0.34577585746568,0.628227128753877,-0.178170816050374,6.8,1.25,3.42,1.8,6,7.35,12.16,1.9
159617,-1.19968755750052,-1.91119223891072,0.352800709510637,0.00912009775812287,-0.779109144485122,-0.476196506810611,0.61563439680023,1,1,0,-0.46202530751659,1.43641437912793,-0.661879134533612,-0.513723913140095,-0.592581012634126,-0.270101073428982,20,8,13.3,13.5,1.05,11.2,3.8,2.5
197462,0.55300681274459,1.27199322603106,-0.953284598696349,-1.28593378389463,-1.27620945753084,-1.04694328466802,0.182555422688815,0,0,0,-1.27308060277669,-1.13712513235627,-1.08109284947565,0.421211748277327,0.168754480354016,-0.210448074289885,8.45,5.6,2.97,6.89,0.36,1.54,1.56,0.16
634999,-0.761513964939242,-0.00128095994565041,0.352800709510637,0.397636262253949,1.20929210769777,0.379923659975508,0.61563439680023,1,1,0,1.56561293063366,0.578567875299864,-1.22083075445633,1.16001301155439,-1.44207114165247,-0.251842283400239,10.53,15.39,18.4,3.3,14.28,10.2,0.68,7.65
467501,0.772093609025229,1.27199322603106,0.788162478912966,1.04516320308033,0.712191794652044,0.379923659975508,0.61563439680023,0,1,0,1.16008528300361,0.578567875299864,-0.731748087023951,1.43347371525225,-0.934514146327045,-0.0832398870642786,3,2.2,24,9,5,4.5,5.3,5.1
631942,0.772093609025229,-0.00128095994565041,-0.0825610598916914,-0.249890678572428,-0.2820088314394,-0.0956986549056695,0.61563439680023,0,1,0,-0.46202530751659,0.578567875299864,-0.382403324572253,-0.34577585746568,0.628227128753877,-0.178170816050374,17.5,3.6,10.8,5.25,14.8,10.8,4.3,2.65
616598,-0.980600761219881,0.635356133042705,1.65888601771762,0.397636262253949,0.215091481606322,-1.2371922106205,1.48179234502306,0,0,0,-0.0564976598865395,0.578567875299864,-1.01122389698531,-1.10319074312592,-1.87483026398257,-0.31489153769014,19,13.28,18.05,8.3,11.76,1.48,10.32,6.88
669436,-0.761513964939242,-0.00128095994565041,-0.300241944592856,-0.120385290407153,1.20929210769777,1.14091936378539,0.61563439680023,0,1,0,1.56561293063366,0.578567875299864,-0.661879134533612,-0.470487127432907,0.369105925877212,-0.202140140984396,9.15,9,9.15,0,8.25,9.3,12.6,5.3
509325,-0.323340372377965,-0.00128095994565041,-0.300241944592856,-1.54494456022518,-0.2820088314394,-0.571320969786847,0.182555422688815,1,1,0,-0.867552955146641,0.578567875299864,-1.01122389698531,-0.839036850619639,-0.328117104543508,-0.31289692221464,4.42,2.2,1,0.32,0.8,1.26,0.3,0.56
519296,-0.761513964939242,-0.00128095994565041,1.00584336361413,0.527141650419225,-1.27620945753084,-1.2371922106205,-0.250523551422599,0,1,0,-0.46202530751659,0.578567875299864,0.106679342860123,0.366594062027288,0.879334273809616,-0.304694674294928,14,4,10,8,2,3,2.45,1.05
308139,-0.323340372377965,-2.54782933189907,-0.735603713995184,-0.767912231233531,-0.779109144485122,1.80679060461904,-0.250523551422599,1,1,0,-0.0564976598865395,-1.13712513235627,-0.172796467101235,0.0249543186287937,0.839263984704977,-0.144861883779658,5.22,1,2.89,14.76,2.58,1.62,4.84,0
284811,-0.104253576097326,-0.00128095994565041,-0.953284598696349,-0.249890678572428,0.712191794652044,1.61654167866657,0.61563439680023,0,1,0,1.56561293063366,0.578567875299864,1.2944515351959,2.14361000005924,0.115327428214498,-0.146403120731248,13.11,7.36,14.49,2.8,3.5,1.53,3.84,0.26
390869,-0.104253576097326,-0.637918052934006,-0.953284598696349,-1.02692300756408,1.20929210769777,0.570172585927979,-0.683602525534014,1,0,0,0.349029987743511,0.578567875299864,-0.94135494449497,0.402066308111782,-0.509769081817872,-0.270859048480368,4,0,16.4,0,1.6,3,0.8,1.3
149553,0.114833220183313,-1.27455514592236,-0.0825610598916914,0.00912009775812287,1.70639242074349,1.33116828973786,0.182555422688815,1,1,0,-0.46202530751659,-0.279278628528205,1.22458258270556,-0.20904550561675,-1.57831012460825,-0.302550873446813,4.8,10.8,12,7.2,4.2,7.8,10.8,9
274428,-0.542427168658603,0.635356133042705,1.00584336361413,0.268130874088674,1.20929210769777,0.475048122951743,-1.54976047375684,1,1,0,-0.46202530751659,2.294260882956,-1.01122389698531,-0.543505708953165,0.25156641117027,-0.250376372743596,7.92,21,8.19,3.08,7.2,1.34,2.84,9.66
936682,0.114833220183313,-0.637918052934006,0.570481594211801,0.527141650419225,0.712191794652044,0.284799196999272,-0.250523551422599,1,1,0,-0.867552955146641,-1.13712513235627,-0.102927514610895,0.77428557399691,0.0378582026121952,-0.190820679918774,7,10,12,16,4,8,7,4
279814,-0.104253576097326,0.635356133042705,1.00584336361413,1.1746685912456,-0.2820088314394,0.665297048904214,-1.11668149964543,1,0,0,-0.867552955146641,0.578567875299864,-0.801617039514291,0.164875577171981,0.660283360037588,-0.140882051407795,6.3,0.4,14.43,2.55,3.12,6.4,6.32,0.12
807011,-0.104253576097326,-1.91119223891072,-0.953284598696349,0.786152426749776,-1.27620945753084,3.0434086233101,-2.41591842197967,0,1,0,2.37666822589376,0.578567875299864,0.735499915273179,1.99847692724877,-0.328117104543508,-0.256602589233309,19.44,8.67,13.2,19.32,2.82,2.45,2.4,0.88
761990,0.114833220183313,-1.27455514592236,0.570481594211801,0.00912009775812287,1.20929210769777,-0.28594758085814,1.04871337091164,1,1,0,0.754557635373562,0.578567875299864,-0.312534372081914,2.68500050251825,-0.309417636294677,-0.223023830265399,17,11.39,5.67,3.42,2.52,7.8,2.43,0.64
946115,0.333920016463951,1.27199322603106,-0.953284598696349,-0.508901454902979,1.20929210769777,1.99703953057151,1.04871337091164,0,1,0,-1.27308060277669,-0.279278628528205,0.456024105311821,-0.848662752480649,0.411847567588827,-0.188177700126587,1.6,6.2,10.4,5.3,0.4,2.6,4.2,3.5
848240,0.114833220183313,0.635356133042705,-0.735603713995184,-0.638406843068255,-0.779109144485122,0.379923659975508,-0.250523551422599,0,1,0,0.754557635373562,-0.279278628528205,-0.312534372081914,-0.328225870647264,-0.501755023996944,-0.304353962955154,0.5,0.5,2.55,1.1,0.4,3.5,30.6,0.56
210350,-0.542427168658603,1.27199322603106,-0.300241944592856,-0.249890678572428,-1.27620945753084,-0.951818821691789,-0.683602525534014,1,1,0,-0.46202530751659,0.578567875299864,-1.08109284947565,0.164875577171981,0.660283360037588,-0.140882051407795,12.92,15.25,21.39,0.78,2.65,6.2,5.25,0.9
207008,-0.761513964939242,-0.00128095994565041,0.788162478912966,0.397636262253949,0.712191794652044,0.570172585927979,0.182555422688815,1,1,0,0.349029987743511,0.578567875299864,0.316286200331142,0.77428557399691,0.0378582026121952,-0.190820679918774,12.2,10.8,16.8,0,11,11.8,0,0
223560,-2.29512153890371,-0.00128095994565041,1.65888601771762,1.6926901439067,0.712191794652044,0.0945502710468015,1.04871337091164,1,1,0,0.754557635373562,0.578567875299864,-0.452272277062593,-0.270949095485344,1.68875411372332,2.95835926724412,15.75,8.67,11.88,10.2,9.6,1.92,1.32,3.12
947445,0.991180405305867,-0.00128095994565041,-1.38864636809868,-1.93346072472101,-0.779109144485122,0.379923659975508,-0.683602525534014,1,1,0,1.16008528300361,0.578567875299864,-0.382403324572253,1.26876974805033,0.385134041519067,-0.178338323673485,9.5,1.82,4.2,0,0.69,1.35,38.72,0.24
520782,-2.07603474262307,-1.91119223891072,1.22352424831529,1.43367936757615,1.20929210769777,-1.04694328466802,1.04871337091164,0,0,0,-0.46202530751659,0.578567875299864,-1.01122389698531,-0.161926450098216,-0.119751601199385,-0.302551817267764,21.3,12.78,9.1,6,5.4,4.5,0.4,5
947399,-0.761513964939242,-0.00128095994565041,1.65888601771762,1.6926901439067,-0.2820088314394,-0.856694358715553,0.182555422688815,1,1,0,-0.0564976598865395,0.578567875299864,-1.15096180196599,-1.01873807928457,1.40024803216992,0.708571769534499,10.5,2.5,18,12,10.5,9,7.5,0
232974,-1.6378611500618,-0.00128095994565041,1.22352424831529,1.6926901439067,1.20929210769777,1.52141721569033,0.182555422688815,1,1,0,0.349029987743511,0.578567875299864,-1.22083075445633,2.03756553425342,0.184782595995872,-0.227458070718946,14.1,12.75,12.15,5.6,10.35,3,5.5,3.9
291663,0.772093609025229,-0.637918052934006,0.352800709510637,-0.120385290407153,-1.27620945753084,-0.571320969786847,-0.250523551422599,1,1,0,-0.867552955146641,-1.13712513235627,-0.102927514610895,-0.744958284917283,0.935432678556109,-0.289074345883956,20.7,5.74,27.55,2.85,3.5,3.5,4.45,3.8
412082,-1.19968755750052,-0.00128095994565041,1.44120513301646,0.915657814915051,0.712191794652044,-1.2371922106205,0.61563439680023,0,0,0,-0.0564976598865395,0.578567875299864,-1.01122389698531,0.65590293563996,3.51061659168091,5.97778519332849,13.16,15.2,12,11.16,11.7,3.8,4.05,9.62
875369,-1.41877435378116,-0.00128095994565041,0.352800709510637,1.95170092023726,1.20929210769777,1.04579490080916,1.48179234502306,0,1,0,-0.0564976598865395,0.578567875299864,-1.08109284947565,0.65590293563996,3.51061659168091,5.97778519332849,16.8,11.25,13.5,4.15,10.5,7,5,6.4
497605,-2.73329513146499,-1.91119223891072,1.65888601771762,1.6926901439067,0.712191794652044,-0.476196506810611,0.61563439680023,1,1,0,-0.867552955146641,0.578567875299864,-0.0330585621205556,-0.685128784399956,-0.269347347190038,-0.298411426791607,10.08,10.2,11.76,11.05,8.6,9.35,12.04,12.04
117321,-3.39055552030691,-1.27455514592236,2.31192867182112,2.08120630840253,1.70639242074349,1.14091936378539,1.48179234502306,1,0,0,-0.0564976598865395,0.578567875299864,-1.01122389698531,-0.270949095485344,1.68875411372332,2.95835926724412,11.06,6,12.18,1.4,15.6,8.85,3.01,9.1
783106,0.772093609025229,1.27199322603106,-0.953284598696349,-1.41543917205991,-1.27620945753084,-0.476196506810611,0.61563439680023,1,1,0,-1.27308060277669,-1.13712513235627,-0.242665419591574,1.18931617136332,-1.03068284017818,-0.251597748778531,4.5,0.5,6,14.25,1,2,19,1
631069,-0.542427168658603,-1.27455514592236,-0.735603713995184,0.397636262253949,0.215091481606322,0.379923659975508,-0.683602525534014,0,1,0,1.16008528300361,1.43641437912793,0.0368103903697839,-0.834622763025916,-0.322774399329556,-0.284294896822894,6.44,0.88,3,2.72,0.35,0.75,0,0
736205,-1.6378611500618,-0.00128095994565041,-0.300241944592856,-1.02692300756408,-0.779109144485122,1.14091936378539,-1.11668149964543,1,1,0,0.349029987743511,-1.13712513235627,-0.592010182043272,1.43347371525225,-0.934514146327045,-0.0832398870642786,4.18,1.54,4.9,11.8,1.1,1.71,6.84,0.42
814394,0.991180405305867,0.635356133042705,0.135119824809473,-0.120385290407153,0.712191794652044,-1.2371922106205,-0.250523551422599,1,1,0,-0.46202530751659,-1.13712513235627,-0.0330585621205556,-0.334607684035779,-1.12952288663629,-0.256897049468377,24,7,7.67,1.08,15.6,3.6,10.2,0.77
618294,0.772093609025229,0.635356133042705,0.135119824809473,0.786152426749776,-1.27620945753084,-0.856694358715553,-0.250523551422599,0,0,0,1.56561293063366,0.578567875299864,-0.87148599200463,2.14361000005924,0.115327428214498,-0.146403120731248,21,8.85,7.5,8,3,2.4,2.8,2
288413,1.42935399786714,1.27199322603106,-0.735603713995184,-0.638406843068255,1.70639242074349,1.4262927527141,-1.11668149964543,1,1,0,2.78219587352381,1.43641437912793,-0.172796467101235,0.0409088521000808,-0.288046815438869,1.52915089117033,5.25,10.5,8.75,1.7,6.75,3,6,1.95
745643,-0.761513964939242,1.27199322603106,-0.0825610598916914,0.786152426749776,0.215091481606322,-1.2371922106205,1.04871337091164,0,1,0,0.349029987743511,1.43641437912793,0.735499915273179,0.282992306637743,0.502673556226009,-0.271513388355372,18.9,5.75,9.4,2.75,1.85,1.75,5.2,0
463932,-0.323340372377965,-0.637918052934006,0.570481594211801,-0.120385290407153,0.712191794652044,1.23604382676163,-0.250523551422599,0,1,0,-0.46202530751659,0.578567875299864,-0.522141229552932,-0.300730891298413,-1.67715017106635,-0.297120171960439,15.3,6.8,18,5.67,6.48,9.75,8.91,4.14
393085,0.333920016463951,-0.00128095994565041,0.570481594211801,-0.120385290407153,1.20929210769777,0.284799196999272,-0.250523551422599,0,1,0,0.349029987743511,0.578567875299864,-0.0330585621205556,-0.33077859600267,0.414518920195802,-0.198914831664276,22.5,4,19,0,1.5,11.25,7.5,0
996783,0.55300681274459,1.27199322603106,-1.17096548339751,-1.28593378389463,-1.27620945753084,-0.761569895739318,0.182555422688815,0,0,0,-0.867552955146641,0.578567875299864,0.5957620102925,0.652552483610989,-0.277361405010965,-0.247094057665312,9,0,2,2,0.5,1,20,0.5
878667,-0.761513964939242,-0.637918052934006,0.570481594211801,0.656647038584501,1.20929210769777,0.379923659975508,0.61563439680023,1,1,0,-0.0564976598865395,-1.13712513235627,-1.22083075445633,-0.698424228959362,1.28270851746298,-0.191859856097361,18.75,9,14.2,2.45,12.35,5.85,0,3.85
835921,-0.761513964939242,-0.637918052934006,1.44120513301646,1.6926901439067,0.215091481606322,0.189674734023037,0.182555422688815,1,1,0,-0.46202530751659,0.578567875299864,-1.22083075445633,0.65590293563996,3.51061659168091,5.97778519332849,14.2,9,10.8,2.65,2.6,18.5,6.8,3.7
117839,-1.41877435378116,-2.54782933189907,0.352800709510637,1.43367936757615,-0.779109144485122,-1.14206774764426,1.04871337091164,1,1,0,1.56561293063366,1.43641437912793,-0.522141229552932,0.20002873258705,1.62998435636985,-0.300873646050153,22.5,7.5,9.75,3,7,3,4.25,3
585000,-0.323340372377965,0.635356133042705,1.44120513301646,0.397636262253949,-0.2820088314394,0.855545974856685,-0.250523551422599,1,1,0,-0.46202530751659,0.578567875299864,-0.87148599200463,0.162535578929526,0.198139359030751,-0.192613329833166,4.59,15.48,2.6,4.81,0.9,1.74,1.4,0.72
424054,-1.19968755750052,-1.27455514592236,0.352800709510637,-0.379396066737704,0.712191794652044,1.23604382676163,-1.11668149964543,1,1,0,-0.0564976598865395,0.578567875299864,-1.08109284947565,0.824010536649088,-0.450999324464401,-0.125224875958577,6.45,7.35,6.15,8.25,7.8,9.15,2.8,2.65
477281,-0.104253576097326,-0.00128095994565041,0.135119824809473,-0.897417619398806,-1.27620945753084,-0.476196506810611,0.182555422688815,1,1,0,0.754557635373562,0.578567875299864,-0.522141229552932,0.0249543186287937,0.839263984704977,-0.144861883779658,1.62,4.83,41.58,2.48,3.84,6.86,2.67,1.2
708236,0.114833220183313,-1.27455514592236,-0.0825610598916914,-1.67444994839046,-0.779109144485122,-1.04694328466802,-1.54976047375684,1,1,0,-1.27308060277669,-0.279278628528205,-0.94135494449497,-0.707358767703283,0.25156641117027,-0.108663707497649,4.8,6,11.05,6.6,2.46,13.3,16,4.59
795570,-0.323340372377965,-1.27455514592236,-0.51792282929402,-1.15642839572936,-0.779109144485122,-0.0956986549056695,-0.250523551422599,1,1,0,-0.867552955146641,-1.13712513235627,0.66563096278284,-0.583392042631382,-0.702106469520139,-0.281392903179476,4.18,4.44,8.67,8.8,1.08,4.5,0.76,5
386978,-2.73329513146499,-0.00128095994565041,2.31192867182112,2.21071169656781,0.712191794652044,-0.666445432763082,1.04871337091164,1,0,0,1.56561293063366,1.43641437912793,-0.102927514610895,-0.451448050823838,0.684325533500372,-0.0576845212027307,21.6,14.4,16,1,21.6,2.04,0.05,0.6
142132,-0.104253576097326,0.635356133042705,-0.953284598696349,-0.379396066737704,0.215091481606322,-0.0956986549056695,0.182555422688815,0,1,0,0.349029987743511,2.294260882956,-0.172796467101235,-0.963322666360965,0.532058434902744,-0.313475155394251,19.6,4.1,6,0.25,7.4,0,4.5,0
169022,0.114833220183313,-0.00128095994565041,0.135119824809473,-0.120385290407153,-0.779109144485122,-0.0956986549056695,-0.250523551422599,0,1,0,-0.46202530751659,-0.279278628528205,-0.731748087023951,0.459396265051941,-0.90512926765031,-0.184851327422538,6.6,2.7,12.2,2.4,10.6,6.6,6.3,0.05
696387,0.772093609025229,0.635356133042705,1.22352424831529,0.527141650419225,1.70639242074349,3.0434086233101,-0.250523551422599,1,1,0,0.754557635373562,2.294260882956,0.0368103903697839,1.71326305056039,-1.8160605066291,-0.283933682187724,17.94,11.06,13.2,12.88,7.65,6.82,2,0.7
589008,-0.323340372377965,-1.27455514592236,0.352800709510637,0.527141650419225,1.70639242074349,3.23365754926257,-0.250523551422599,1,1,0,1.56561293063366,0.578567875299864,-0.522141229552932,3.07397202854823,-1.84010268009189,-0.282633309378928,15.6,0,44,0,5.6,8,1.5,0
656149,1.64844079414778,-0.00128095994565041,-1.38864636809868,-1.54494456022518,0.712191794652044,0.665297048904214,-1.11668149964543,1,1,0,-0.46202530751659,-1.13712513235627,-0.452272277062593,-0.707358767703283,0.25156641117027,-0.108663707497649,3.74,1.08,8.5,3.5,0,0.7,5.7,2.82
441220,1.64844079414778,1.27199322603106,-1.60632725279984,-1.80395533655573,1.20929210769777,1.90191506759528,0.61563439680023,0,1,0,-0.46202530751659,0.578567875299864,0.805368867763519,1.9753428537154,-0.787589752943368,-0.286297549574279,0,10,15,9,3,3,5,8
928831,-0.104253576097326,-0.00128095994565041,-0.300241944592856,-0.120385290407153,0.215091481606322,0.76042151188045,-0.250523551422599,0,1,0,0.349029987743511,0.578567875299864,-0.522141229552932,-0.834729126582391,-0.608609128275981,-0.292069774011551,20.5,0,0,0,1.8,6.46,9.88,0
867851,0.55300681274459,0.635356133042705,0.135119824809473,0.268130874088674,0.712191794652044,0.0945502710468015,-0.683602525534014,0,1,0,-0.46202530751659,-1.13712513235627,1.01497572523454,-0.575361594117501,-0.878415741580551,-0.307528500373768,4.2,1,11.2,0.3,1.5,0.04,0.75,0.04
130139,0.114833220183313,-0.00128095994565041,-0.953284598696349,-0.76791223123353,-0.779109144485122,1.4262927527141,0.61563439680023,0,1,0,0.349029987743511,0.578567875299864,-1.22083075445633,-0.681512423479798,0.630898481360853,-0.296411075555082,6.1,7.28,20.46,8.32,4.16,1.68,7,0.63
877779,-0.980600761219881,-0.00128095994565041,-0.51792282929402,-0.508901454902979,1.70639242074349,2.47266184545269,-1.11668149964543,1,0,0,2.37666822589376,-0.279278628528205,0.246417247840803,-0.451979868606215,0.839263984704977,-0.0810038944912284,12,12,22.5,0,7.5,8,11.25,0
850231,-0.323340372377965,1.27199322603106,-0.0825610598916914,-0.76791223123353,0.712191794652044,-0.856694358715553,-1.98283944786826,1,0,0,-0.46202530751659,0.578567875299864,-0.172796467101235,-0.168255081708493,0.451917856693466,-0.170157463464845,9.31,15.2,17.94,11.96,4.41,8.9,2.52,2.36
278076,0.114833220183313,0.635356133042705,-0.51792282929402,-0.897417619398806,1.70639242074349,2.47266184545269,0.61563439680023,1,1,0,-0.0564976598865395,0.578567875299864,-0.592010182043272,0.00134160909128881,1.06365760369095,0.166140616879626,0,0,25,2.5,2.5,2.5,3.5,0
389836,-0.980600761219881,-1.91119223891072,1.22352424831529,0.138625485923398,1.20929210769777,-0.28594758085814,1.48179234502306,1,1,0,1.16008528300361,0.578567875299864,0.735499915273179,-0.00557202207960225,-0.43229985621557,-0.250547084563431,16.25,3.75,18.75,1.25,0.75,3,10.5,2
872575,0.55300681274459,-1.27455514592236,-0.0825610598916914,0.786152426749776,0.712191794652044,-1.2371922106205,-2.84899739609109,0,1,0,-0.0564976598865395,-1.13712513235627,-0.661879134533612,0.780826932720137,-0.990612551073539,-0.296233202264837,6.4,10.08,18.24,6.72,7.32,6,12.78,6.32
700864,0.772093609025229,-0.00128095994565041,-1.60632725279984,-1.41543917205991,0.712191794652044,0.570172585927979,-1.11668149964543,0,1,0,-0.46202530751659,-0.279278628528205,-1.01122389698531,-0.895515899107995,-0.910471972864261,-0.312131716820739,3.25,9,6,1.8,10,1,10,4.5
163911,1.42935399786714,-0.00128095994565041,-1.17096548339751,-0.249890678572428,-1.27620945753084,-0.571320969786847,-3.2820763702025,0,1,0,-0.867552955146641,0.578567875299864,0.386155152821482,-0.615194746017481,-0.389558214503955,-0.284115693680366,3.15,1.29,1.84,0.52,0.02,0,2,0
916968,0.55300681274459,0.635356133042705,-1.17096548339751,-0.249890678572428,-0.2820088314394,1.4262927527141,-2.41591842197967,0,0,0,0.349029987743511,0.578567875299864,0.246417247840803,1.38215329925295,-0.96389902500378,-0.236553347726531,1.8,2.25,5.94,1.89,4.35,2,9,1.55
984948,0.333920016463951,-1.27455514592236,-0.0825610598916914,0.656647038584501,0.712191794652044,0.475048122951743,-1.11668149964543,1,1,0,-0.0564976598865395,0.578567875299864,-0.522141229552932,-0.930456327410114,-0.907800620257286,-0.311066368309698,3.5,4.4,10,6.8,9,3.85,19.5,2.05
796417,-0.323340372377965,-1.27455514592236,-0.300241944592856,0.268130874088674,0.712191794652044,2.56778630842892,1.04871337091164,0,1,0,-0.0564976598865395,-0.279278628528205,-0.0330585621205556,-0.107096036735226,1.45634643691642,-0.252520564041954,10.44,6.44,14,8.5,9.36,8.96,2.24,0.86
175900,0.991180405305867,0.635356133042705,-1.17096548339751,-0.76791223123353,-1.27620945753084,-0.476196506810611,0.182555422688815,0,1,0,-0.0564976598865395,0.578567875299864,-1.08109284947565,0.729985152724969,0.104642017786594,-0.245951355595231,5.76,2.88,3.4,2.73,6.6,2.2,12.3,1.25
722891,-0.980600761219881,1.27199322603106,1.00584336361413,0.656647038584501,1.70639242074349,0.855545974856685,0.61563439680023,0,0,1,-0.867552955146641,-1.13712513235627,-0.172796467101235,-0.681033787475659,0.516030319260888,-0.218339306918149,1.2,1.8,2.86,0.88,2,0.96,0.81,0
954110,0.991180405305867,1.27199322603106,-1.38864636809868,-0.897417619398806,-0.779109144485122,-0.666445432763082,-0.250523551422599,0,0,0,-0.0564976598865395,-1.13712513235627,-1.43043761192735,-0.451448050823838,0.684325533500372,-0.0576845212027307,0,2,0,0,0,0,50,7.5
243464,0.991180405305867,1.27199322603106,-0.953284598696349,-0.897417619398806,-1.27620945753084,-1.2371922106205,-1.54976047375684,1,1,1,-0.867552955146641,-1.13712513235627,-1.22083075445633,0.490560787099188,0.542743845330648,0.078376239982754,0,0,1.9,80,1.5,0,0,0
616921,0.114833220183313,-0.00128095994565041,0.135119824809473,-0.76791223123353,0.215091481606322,-0.761569895739318,0.182555422688815,1,0,0,-0.867552955146641,-1.13712513235627,-0.592010182043272,-0.553344337927125,-1.7279058705989,-0.310300716431593,4.5,3,4,4.5,3,1,7.5,1
467094,0.55300681274459,1.27199322603106,-0.953284598696349,-0.508901454902979,0.712191794652044,-0.856694358715553,-0.683602525534014,0,1,0,-1.27308060277669,1.43641437912793,-1.15096180196599,-1.27220243436508,0.556100608365527,-0.293046717537139,1.95,0,1.55,12.2,0.65,8.8,27.6,2.75
629059,-0.542427168658603,-0.00128095994565041,-0.953284598696349,-0.76791223123353,1.70639242074349,0.665297048904214,-0.250523551422599,1,1,0,0.349029987743511,0.578567875299864,1.22458258270556,-0.390129460515858,-0.394900919717906,-0.298407529312367,7,4.2,5.6,3,0.5,5.6,7,2
868217,-0.104253576097326,-0.00128095994565041,-0.300241944592856,-0.508901454902979,0.215091481606322,0.76042151188045,-0.250523551422599,1,0,0,-0.46202530751659,0.578567875299864,-0.522141229552932,0.814225089453365,-1.28446133784089,-0.270179033127717,25.5,14.44,9,0.75,5,7,7,3.55
294232,-2.73329513146499,-1.91119223891072,1.87656690241879,1.1746685912456,1.70639242074349,0.284799196999272,0.61563439680023,1,1,0,0.349029987743511,0.578567875299864,-0.0330585621205556,0.388132682213525,-0.421614445787666,-0.290493908095413,12.6,4.86,9.24,9.3,10.72,8.25,8.7,3.15
231765,0.991180405305867,-0.00128095994565041,-0.953284598696349,-0.249890678572428,-0.779109144485122,-1.04694328466802,0.61563439680023,1,1,0,2.78219587352381,0.578567875299864,0.0368103903697839,0.421211748277327,0.168754480354016,-0.210448074289885,7.5,1.5,2.5,0.25,0.5,0.5,1.5,0.25
443080,-1.19968755750052,0.635356133042705,1.22352424831529,1.30417397941088,1.70639242074349,-0.571320969786847,1.04871337091164,1,1,0,1.56561293063366,-1.13712513235627,1.99314106009929,0.810661910311444,-1.70920640235007,-0.272439200083725,23.2,9.5,26.1,10,0,10.4,0,0
378508,0.114833220183313,-0.00128095994565041,-0.300241944592856,-0.76791223123353,-0.779109144485122,1.14091936378539,-0.683602525534014,0,1,0,-0.867552955146641,0.578567875299864,-0.731748087023951,-0.0681669750652852,0.56678601879343,-0.0742926185405716,0.88,0.12,4.65,0.1,7,0.4,11,0.05
607948,0.55300681274459,1.27199322603106,-0.735603713995184,0.915657814915051,1.70639242074349,1.4262927527141,1.48179234502306,0,1,0,-0.0564976598865395,1.43641437912793,0.386155152821482,-1.13903526165807,-0.929171441113094,-0.307205858543614,12,3.9,14.4,3.3,7.6,7.2,3.6,5.5
451659,0.114833220183313,-1.91119223891072,0.570481594211801,-1.02692300756408,1.20929210769777,-0.571320969786847,0.61563439680023,1,1,0,2.78219587352381,0.578567875299864,-1.08109284947565,1.99847692724877,-0.328117104543508,-0.256602589233309,11.8,13,12.4,6.3,7.2,6.7,2.35,3.95
255449,1.42935399786714,1.27199322603106,-0.735603713995184,-1.28593378389463,-1.27620945753084,-1.2371922106205,-0.683602525534014,0,1,0,-0.867552955146641,-1.13712513235627,-1.43043761192735,-0.252707745549839,-0.515111787031823,-0.303748419448007,2.21,0.32,1.25,0,0.36,0.15,8,0.03
676643,-0.104253576097326,0.635356133042705,-0.300241944592856,-1.41543917205991,0.215091481606322,-0.190823117881905,-0.683602525534014,0,0,0,-1.27308060277669,-1.13712513235627,0.246417247840803,-0.451979868606215,0.839263984704977,-0.0810038944912284,6,1,12.5,9,6,7,8,1.5
495649,-0.323340372377965,-0.00128095994565041,1.22352424831529,1.04516320308033,-0.779109144485122,-0.28594758085814,1.04871337091164,0,1,0,-0.0564976598865395,-1.13712513235627,0.316286200331142,0.190456012504278,-1.1508937074921,-0.266971926122114,7.3,6,9.2,9.2,10.8,17.4,4.7,9
931173,-1.19968755750052,-1.91119223891072,0.570481594211801,0.00912009775812287,1.20929210769777,0.570172585927979,-1.11668149964543,1,0,0,0.349029987743511,0.578567875299864,-0.312534372081914,-1.00331536359566,-0.119751601199385,-0.302660793101609,0,8.1,50,0,0,30,10,0
675211,0.55300681274459,-0.00128095994565041,0.352800709510637,0.397636262253949,-0.779109144485122,-0.951818821691789,-0.683602525534014,1,0,0,0.349029987743511,-1.13712513235627,-1.36056865943701,0.28283276130303,0.841935337311952,-0.0994189351207952,4.32,0.7,45.5,0,16,0,0,0
594837,-0.761513964939242,-0.637918052934006,0.570481594211801,0.915657814915051,0.712191794652044,0.189674734023037,-0.250523551422599,0,0,0,2.37666822589376,0.578567875299864,-0.592010182043272,1.3832169348177,0.275608584633054,-0.303512470471128,12.2,5.3,9.3,11.55,5.6,9.6,4.25,6.3
565709,1.21026720158651,1.27199322603106,-0.735603713995184,-1.41543917205991,-0.779109144485122,-1.14206774764426,-1.11668149964543,1,1,0,-0.46202530751659,0.578567875299864,0.246417247840803,-1.03139534250512,0.673640123072468,-0.0653661268163611,4.35,3.5,5,7.65,1.95,1.05,2.5,1.65
906530,-0.980600761219881,-1.27455514592236,-0.300241944592856,0.527141650419225,1.70639242074349,2.37753738247645,-1.98283944786826,0,1,0,2.78219587352381,1.43641437912793,0.0368103903697839,-0.834729126582391,-0.608609128275981,-0.292069774011551,1.75,1.5,15,4.5,3,11.25,11,4
975952,0.333920016463951,-0.00128095994565041,-0.51792282929402,-0.897417619398806,-1.27620945753084,-1.2371922106205,-1.98283944786826,1,1,0,1.16008528300361,0.578567875299864,-0.592010182043272,0.119724247448239,-0.881087094187526,-0.300249804625706,2.97,4.75,3.24,0,0,3.36,0,0
414295,0.772093609025229,1.27199322603106,-0.51792282929402,-0.120385290407153,0.215091481606322,-0.28594758085814,0.61563439680023,0,0,0,-0.46202530751659,-1.13712513235627,-0.452272277062593,-0.733471020817956,-0.378872804076051,-0.274942517250432,20.7,1,1.25,0.25,0.5,1.4,3,0
673007,0.114833220183313,-0.637918052934006,-0.51792282929402,0.786152426749776,1.70639242074349,1.90191506759528,-3.2820763702025,1,1,0,0.754557635373562,1.43641437912793,1.15471363021522,-0.852598204070233,1.29072257528391,-0.290527335242958,11.52,0.4,0.72,0.91,1.96,4.07,0.82,0.56
541601,0.114833220183313,-1.27455514592236,-0.300241944592856,0.527141650419225,0.215091481606322,-0.190823117881905,1.04871337091164,0,1,0,2.78219587352381,0.578567875299864,0.176548295350463,0.19646555344513,-0.3067462836877,-0.234502518689294,0,13.5,34,0,10.5,18,0,0
903397,-1.85694794634244,-0.00128095994565041,0.788162478912966,1.6926901439067,0.215091481606322,-0.571320969786847,0.61563439680023,0,1,0,-0.46202530751659,0.578567875299864,2.41235477504133,-0.695977867160431,-0.0663245490598667,-0.292813510871078,6.5,10.5,9,0.48,6.97,5.07,0.96,4.68
481097,-0.323340372377965,-1.27455514592236,-0.0825610598916914,0.915657814915051,-0.2820088314394,0.950670437832921,0.182555422688815,0,1,0,-0.0564976598865395,1.43641437912793,0.316286200331142,-0.553344337927125,-1.7279058705989,-0.310300716431593,3.77,3.78,11.76,12.35,6.63,6.63,1.2,1.56
927726,-0.104253576097326,0.635356133042705,0.352800709510637,-0.508901454902979,0.215091481606322,1.4262927527141,0.182555422688815,1,1,0,0.349029987743511,-1.13712513235627,-1.29069970694667,-0.0228029182285923,-1.27110457480601,-0.281562467326973,9,10,38,3,7,14.25,9.5,1.8
141667,-0.980600761219881,-1.27455514592236,-0.0825610598916914,-0.379396066737704,-0.779109144485122,0.189674734023037,-0.683602525534014,0,0,0,0.349029987743511,-0.279278628528205,1.78353420262827,1.9641746802855,-0.0556391386319627,-0.122041971120993,8.8,6.08,7.04,0.88,4.62,1.5,0,0.9
959790,1.21026720158651,1.27199322603106,-1.60632725279984,-1.28593378389463,-0.2820088314394,-0.951818821691789,0.61563439680023,0,1,0,-0.867552955146641,0.578567875299864,-0.592010182043272,-0.188836429886453,0.267594526812126,-0.261337796151367,2,1,2,0.6,0.4,0.7,1.1,0.15
343708,-1.41877435378116,-0.00128095994565041,-0.300241944592856,0.397636262253949,0.712191794652044,0.379923659975508,-1.11668149964543,0,1,0,-0.867552955146641,0.578567875299864,0.66563096278284,-0.436078516913165,0.393148099339996,-0.282936154457457,17,7.8,49,4.65,3.95,9.1,0,0
981479,0.55300681274459,0.635356133042705,-1.17096548339751,-0.76791223123353,-0.779109144485122,-1.04694328466802,1.48179234502306,1,1,0,-1.27308060277669,0.578567875299864,-1.15096180196599,-0.816434594868649,-0.49106961356904,-0.315190416346504,10.08,1.2,12.65,7.2,8,12,5.6,1.6
545372,-2.29512153890371,-2.54782933189907,-1.60632725279984,-2.19247150105156,-1.27620945753084,1.04579490080916,-1.11668149964543,1,1,0,-0.0564976598865395,1.43641437912793,-0.731748087023951,-0.470487127432907,0.369105925877212,-0.202140140984396,0.02,0.02,0.02,0.02,0.03,0.01,0.01,87
812300,1.21026720158651,1.27199322603106,-0.51792282929402,-0.897417619398806,-1.27620945753084,-0.571320969786847,-1.54976047375684,0,0,0,-0.46202530751659,0.578567875299864,-0.94135494449497,0.65590293563996,3.51061659168091,5.97778519332849,0.88,0.24,0.2,1.3,0.65,0.66,1.12,4.68
687317,1.21026720158651,1.27199322603106,-1.38864636809868,-1.15642839572936,0.215091481606322,-0.951818821691789,1.48179234502306,0,1,0,-0.0564976598865395,-0.279278628528205,0.5957620102925,1.06316899338368,-1.74660533884773,-0.256013212436543,2.7,20.8,14.07,1.64,1.2,2.66,0.2,3.78
812394,0.991180405305867,-0.637918052934006,-1.38864636809868,-0.638406843068255,-0.779109144485122,-1.04694328466802,0.61563439680023,1,1,0,-1.27308060277669,-0.279278628528205,0.386155152821482,-0.318121332782116,-0.0663245490598667,-0.107537467668724,0.25,14,16.25,0.66,0.75,3.4,15,0
185502,-1.85694794634244,0.635356133042705,2.31192867182112,1.82219553207198,1.70639242074349,0.189674734023037,0.61563439680023,1,1,0,1.16008528300361,0.578567875299864,-0.0330585621205556,0.995468589687186,-0.103723485557529,-0.248242921298852,9.1,20,10,8,9,5.5,14,5
218910,0.772093609025229,1.27199322603106,0.352800709510637,-1.67444994839046,-1.27620945753084,-0.761569895739318,-1.11668149964543,0,0,1,-0.0564976598865395,0.578567875299864,-1.15096180196599,0.738600600799464,0.49465949840508,0.153361826732287,1.4,0.28,0.55,19.2,0.08,5,15,0.7
104220,0.772093609025229,1.27199322603106,-0.953284598696349,-0.249890678572428,1.70639242074349,0.950670437832921,-0.250523551422599,0,1,0,2.78219587352381,-1.13712513235627,0.176548295350463,0.505558048562198,-1.58098147721522,-0.283585484717704,12.5,0.18,1.3,0,0,1.2,0.48,0
331229,0.114833220183313,0.635356133042705,-0.953284598696349,-0.897417619398806,0.215091481606322,-0.381072043834376,-0.683602525534014,0,1,0,0.754557635373562,-1.13712513235627,-0.731748087023951,-1.18009159445752,0.0538863182540505,-0.287333022013334,7.92,0,0,0,0,0,6,0
425136,1.42935399786714,0.635356133042705,-1.17096548339751,-1.02692300756408,-0.2820088314394,-1.14206774764426,-1.11668149964543,0,0,0,1.16008528300361,0.578567875299864,-0.522141229552932,1.87429747506392,-1.3165175691246,-0.19723299560848,8.2,0.5,28.4,0,4,7.5,10,0
727893,0.114833220183313,-0.637918052934006,-0.735603713995184,-0.379396066737704,-1.27620945753084,-0.0956986549056695,-1.11668149964543,1,0,0,-0.46202530751659,-1.13712513235627,-1.08109284947565,-0.0681669750652852,0.56678601879343,-0.0742926185405716,30,12.5,2.5,0,8,0,0,0
950794,0.333920016463951,-0.00128095994565041,1.00584336361413,0.397636262253949,-0.2820088314394,0.855545974856685,0.61563439680023,1,1,0,-0.46202530751659,-1.13712513235627,-1.29069970694667,-0.311367246945938,-0.239962468513303,-0.31062071252664,21.25,7,16,1.5,11.25,10.5,2.5,3.75
801270,1.42935399786714,0.635356133042705,-0.300241944592856,-1.02692300756408,-1.27620945753084,-1.2371922106205,-1.11668149964543,1,1,0,0.754557635373562,1.43641437912793,-0.102927514610895,-0.465647585613284,-0.285375462831893,-0.216795691877611,1,0.2,0.75,3,0.3,0.2,1.4,0.1
887106,-1.6378611500618,-1.91119223891072,1.00584336361413,1.56318475574143,-0.2820088314394,-0.381072043834376,0.61563439680023,0,1,0,0.349029987743511,0.578567875299864,-0.102927514610895,0.663773838819128,0.31033616852374,-0.210826148460901,26.4,9.9,7.38,8.28,11.62,5.28,7.9,2.8
357672,0.333920016463951,0.635356133042705,-0.300241944592856,-1.02692300756408,0.712191794652044,-0.0956986549056695,1.48179234502306,0,0,0,0.349029987743511,-1.13712513235627,-0.522141229552932,-1.21747838455857,1.22661011271649,-0.225493748363763,11.76,3.52,0.72,0.23,1.87,0.01,11.7,1.14
367642,1.42935399786714,1.27199322603106,-1.60632725279984,-1.28593378389463,-1.27620945753084,-1.2371922106205,-1.98283944786826,1,1,0,-0.867552955146641,-1.13712513235627,-1.50030656441769,1.923331074599,-0.624637243917837,-0.246770798644792,0.9,0.19,0,22.05,5.4,0,10.85,0
255273,0.772093609025229,-0.00128095994565041,-0.300241944592856,-1.28593378389463,0.712191794652044,1.61654167866657,-2.41591842197967,1,1,0,-0.46202530751659,-1.13712513235627,-0.382403324572253,-1.00363445426508,0.470617324942297,-0.284602043630669,2.5,8,8,14,1,9,9,4
406327,1.64844079414778,1.27199322603106,-0.953284598696349,0.138625485923398,-1.27620945753084,-0.476196506810611,-0.250523551422599,1,1,0,-0.867552955146641,-1.13712513235627,-0.312534372081914,-0.20904550561675,-1.57831012460825,-0.302550873446813,7.2,5,9.3,28.8,7.05,2.4,0.42,0.8
257520,1.42935399786714,1.27199322603106,-0.953284598696349,-0.120385290407153,1.20929210769777,-1.14206774764426,1.04871337091164,0,1,0,-1.27308060277669,-1.13712513235627,0.735499915273179,-1.51566861513692,1.62731300376288,-0.310977225983854,8.58,0.6,6,5.18,1.44,0.54,0.24,1.85
508500,-0.980600761219881,0.635356133042705,1.44120513301646,1.82219553207198,0.712191794652044,0.950670437832921,-0.683602525534014,0,1,0,0.754557635373562,0.578567875299864,-0.382403324572253,-0.633755186622412,0.232866942921439,-0.210969636170605,12.24,7.7,6.5,9.75,7.7,5.25,9.92,6.75
309392,-0.542427168658603,-1.27455514592236,-0.735603713995184,-0.508901454902979,1.20929210769777,2.66291077140516,-1.11668149964543,0,1,0,-0.867552955146641,-1.13712513235627,1.22458258270556,-0.329874505772631,-0.402914977538835,-0.31511486116307,4,12,3.19,0.25,0.48,5.36,6.66,0.07
730496,-0.542427168658603,-1.27455514592236,0.135119824809473,0.138625485923398,1.20929210769777,-0.28594758085814,0.61563439680023,1,1,0,-1.27308060277669,0.578567875299864,-0.102927514610895,-0.77500598962154,-0.434971208822545,-0.303287161805846,9,10,20,3.75,6,15,4,3.5
536815,-0.542427168658603,0.635356133042705,0.352800709510637,0.268130874088674,0.215091481606322,0.76042151188045,0.61563439680023,0,1,0,-0.46202530751659,0.578567875299864,-1.08109284947565,-0.141717374367919,0.0886139021447383,-0.304824905141292,5.4,12.78,31.2,18.4,2.8,2.2,0.72,0
564182,0.333920016463951,-0.637918052934006,-0.735603713995184,0.527141650419225,-0.2820088314394,-0.381072043834376,-1.11668149964543,1,1,0,0.754557635373562,-1.13712513235627,-0.172796467101235,-0.637105638651382,-1.1508937074921,-0.311727349087972,1.71,2.88,9.89,1.53,1.44,1.08,1.36,1.65
422033,0.55300681274459,-1.27455514592236,-1.17096548339751,-1.41543917205991,0.712191794652044,0.570172585927979,-0.250523551422599,1,1,0,1.56561293063366,1.43641437912793,0.945106772744198,-0.628064736350986,0.561443313579479,-0.237195812271143,3.75,3.5,8.75,5.25,3.5,4,2.5,1
866123,0.333920016463951,0.635356133042705,-0.51792282929402,-0.379396066737704,0.712191794652044,-0.190823117881905,0.61563439680023,0,0,0,-0.867552955146641,-1.13712513235627,0.106679342860123,-0.875519550490649,0.385134041519067,-0.291358770578104,16.5,0.51,7.68,2.6,4.1,3.71,27.16,8.16
201809,-0.104253576097326,-0.00128095994565041,1.00584336361413,0.00912009775812287,-0.2820088314394,0.665297048904214,-0.683602525534014,1,1,0,-0.867552955146641,-0.279278628528205,-0.382403324572253,-0.497663016112333,-0.640665359559692,-0.26762257454365,18,1,7.5,1.25,2,2.1,2.5,0
554210,0.114833220183313,0.635356133042705,0.352800709510637,0.00912009775812287,-0.779109144485122,-0.951818821691789,-0.250523551422599,1,1,0,-0.0564976598865395,0.578567875299864,-0.522141229552932,0.164875577171981,0.660283360037588,-0.140882051407795,4.4,10.54,14.28,6.72,0.36,10.4,5.28,6.48
315333,-0.542427168658603,-1.91119223891072,1.22352424831529,1.30417397941088,1.20929210769777,1.04579490080916,1.04871337091164,0,1,0,-0.46202530751659,-0.279278628528205,0.875237820253859,-1.21216020673481,-0.173178653338904,-0.308973045443306,9.75,13.5,14.4,8.1,8.1,8.46,16.92,7.83
520196,-0.761513964939242,-0.00128095994565041,0.788162478912966,0.268130874088674,-0.779109144485122,-1.2371922106205,0.182555422688815,1,1,0,-0.46202530751659,0.578567875299864,0.5957620102925,-0.318121332782116,-0.0663245490598667,-0.107537467668724,20,8,12,0,3,5,0,0
296143,-0.761513964939242,-0.637918052934006,0.788162478912966,1.1746685912456,-0.2820088314394,1.4262927527141,-0.250523551422599,1,1,0,-0.867552955146641,0.578567875299864,-1.29069970694667,-0.0191333755301963,1.93184720095813,-0.308524364892115,14.4,6.1,6.9,6.3,14,6.4,5.9,7.4
625226,-0.542427168658603,-0.00128095994565041,0.570481594211801,1.56318475574143,-0.779109144485122,-0.761569895739318,1.48179234502306,0,1,0,0.754557635373562,1.43641437912793,0.0368103903697839,-1.27220243436508,0.556100608365527,-0.293046717537139,14,9,17.8,10,12,18,2.5,0
349975,0.991180405305867,0.635356133042705,-1.38864636809868,-1.67444994839046,-0.779109144485122,1.14091936378539,-1.54976047375684,1,1,0,-1.27308060277669,0.578567875299864,-0.452272277062593,0.37526269188002,-0.881087094187526,-0.288533200852659,10.26,0.5,0,3,0.63,0.15,1.44,0
819061,-0.104253576097326,-0.00128095994565041,0.135119824809473,-0.120385290407153,-0.2820088314394,0.570172585927979,-0.683602525534014,1,0,0,1.16008528300361,-1.13712513235627,0.66563096278284,-0.164319630118909,-0.752862169052682,-0.307936618990166,13.77,7.2,13.44,1.44,6,1.14,5.61,0
861585,1.42935399786714,1.27199322603106,-1.60632725279984,-0.76791223123353,-0.2820088314394,-0.571320969786847,0.61563439680023,1,1,0,0.349029987743511,0.578567875299864,0.0368103903697839,0.77428557399691,0.0378582026121952,-0.190820679918774,7.95,7.02,7.7,5.7,4.08,4.48,0.03,3.5
217616,-0.980600761219881,-0.637918052934006,0.352800709510637,0.138625485923398,1.20929210769777,1.23604382676163,-1.11668149964543,1,1,0,0.754557635373562,0.578567875299864,-0.522141229552932,0.0409088521000808,-0.288046815438869,1.52915089117033,30.36,10.8,13.05,6.96,12.18,7.83,3.44,4.4
525063,-0.761513964939242,-1.91119223891072,0.135119824809473,0.656647038584501,1.70639242074349,1.23604382676163,-1.11668149964543,0,1,0,1.56561293063366,1.43641437912793,-0.102927514610895,-0.168255081708493,0.451917856693466,-0.170157463464845,0,5,60,4.5,2.4,5,5,0
309193,-1.6378611500618,-1.27455514592236,0.570481594211801,1.1746685912456,0.712191794652044,1.23604382676163,-0.250523551422599,0,1,0,2.78219587352381,0.578567875299864,-0.87148599200463,0.490560787099188,0.542743845330648,0.078376239982754,12.3,11.25,13.35,13.95,6.1,14.25,2,8.58
440125,-0.761513964939242,-0.637918052934006,0.352800709510637,-0.120385290407153,-1.27620945753084,-0.28594758085814,0.61563439680023,1,1,0,0.349029987743511,2.294260882956,0.0368103903697839,0.839911888342137,0.128684191249377,-0.270342693198718,1.02,2.25,10,10.08,1.29,6.72,4.56,0
145922,-1.85694794634244,-1.91119223891072,0.570481594211801,1.04516320308033,0.215091481606322,-0.856694358715553,0.61563439680023,0,1,0,-0.867552955146641,0.578567875299864,-0.522141229552932,0.368880878491505,-0.135779716841241,-0.290105299766211,5,4.6,12.2,2.85,5.6,1.4,3,5
526760,0.114833220183313,-0.00128095994565041,0.788162478912966,0.397636262253949,0.215091481606322,0.475048122951743,-1.54976047375684,1,1,0,1.16008528300361,0.578567875299864,-0.102927514610895,0.0484606646098233,-1.32453162694553,-0.273900464118876,11.84,8.26,11.22,6.6,6.9,6.63,5.39,4.16
752772,0.333920016463951,1.27199322603106,-0.0825610598916914,0.397636262253949,0.215091481606322,-0.571320969786847,-0.250523551422599,1,1,0,-0.46202530751659,-0.279278628528205,-0.382403324572253,0.0484606646098233,-1.32453162694553,-0.273900464118876,4,4,7,13.5,3,4.5,3,3
542148,-1.85694794634244,-0.637918052934006,1.22352424831529,1.6926901439067,0.712191794652044,0.379923659975508,0.61563439680023,1,0,0,-0.0564976598865395,0.578567875299864,-0.801617039514291,0.490560787099188,0.542743845330648,0.078376239982754,1.05,4.32,1.82,0.06,2.8,1.44,0.5,2.1
628929,0.114833220183313,0.635356133042705,0.352800709510637,-0.897417619398806,0.215091481606322,0.284799196999272,-0.683602525534014,0,1,0,-0.0564976598865395,-1.13712513235627,-0.172796467101235,1.5997731358013,-0.894443857222406,-0.218735162328781,7.6,8,15.5,0,6,0,6,6
669616,-0.761513964939242,-1.91119223891072,1.00584336361413,0.656647038584501,0.215091481606322,1.23604382676163,0.61563439680023,0,1,0,1.97114057826371,0.578567875299864,-0.242665419591574,0.018838414131467,-1.00931201932237,-0.308632149728838,27,0.9,22.5,2.8,12,4.8,3.75,3.25
722563,0.772093609025229,-0.00128095994565041,-0.953284598696349,-0.379396066737704,-1.27620945753084,0.379923659975508,-1.54976047375684,0,1,0,0.754557635373562,-1.13712513235627,-0.731748087023951,-1.54364223048991,0.0966279599656652,-0.308829916068116,7.2,1.8,9.01,2.5,4,10.08,12,2.5
398009,1.64844079414778,1.27199322603106,-1.60632725279984,-1.54494456022518,0.712191794652044,-0.666445432763082,-0.250523551422599,0,1,0,-0.867552955146641,-1.13712513235627,-0.661879134533612,-0.81909368378053,-0.154479185090072,-0.216084786461169,43,0.48,0.78,0.42,0.63,0.42,0.49,0.48
166819,0.114833220183313,-0.637918052934006,-0.300241944592856,-0.120385290407153,0.215091481606322,-0.476196506810611,0.61563439680023,1,1,0,1.97114057826371,0.578567875299864,-0.382403324572253,-1.17323114506487,-0.135779716841241,-0.314781049813886,6.6,10.65,11.85,8.01,8.69,12.18,7.65,11.84
505185,0.333920016463951,0.635356133042705,1.00584336361413,1.6926901439067,-0.2820088314394,0.950670437832921,-0.250523551422599,1,1,0,0.349029987743511,0.578567875299864,-1.01122389698531,-1.11781573214126,-0.493740966176015,-0.29971835360748,6.48,2.8,3.92,5.4,5.61,7.26,4.59,4.64
627907,-0.761513964939242,-1.91119223891072,1.00584336361413,1.6926901439067,0.215091481606322,-0.951818821691789,-0.250523551422599,0,1,0,-0.867552955146641,0.578567875299864,-0.382403324572253,-0.536857986673462,-1.33788838998041,-0.309272452312905,13.2,14.91,21.5,4.8,7.84,4.2,0,2.04
978323,-0.323340372377965,-0.00128095994565041,0.788162478912966,0.915657814915051,-0.779109144485122,-0.761569895739318,-1.11668149964543,1,1,0,1.56561293063366,0.578567875299864,0.386155152821482,-0.892803628417876,1.15448359232814,-0.0772219379765817,20.7,5.5,10.8,7.92,6.9,6.9,5,7
573401,0.114833220183313,-0.637918052934006,-0.300241944592856,0.268130874088674,0.215091481606322,-0.666445432763082,-0.683602525534014,0,1,0,0.754557635373562,1.43641437912793,-0.312534372081914,-0.395926274343759,-0.921157383292165,-0.283259636143109,3,1.05,7.75,5.25,2,2.72,3,0.93
716879,0.772093609025229,0.635356133042705,-1.38864636809868,-0.379396066737704,1.70639242074349,0.665297048904214,-1.11668149964543,1,1,0,2.37666822589376,0.578567875299864,0.875237820253859,0.282992306637743,0.502673556226009,-0.271513388355372,0,0,10.5,0,3.6,0,26.5,0
460869,-0.104253576097326,-0.00128095994565041,-0.953284598696349,-0.249890678572428,-0.779109144485122,-0.571320969786847,-0.250523551422599,1,1,0,-0.0564976598865395,0.578567875299864,-0.731748087023951,0.0435679410119619,-0.199892179408664,-0.228522688894691,14.25,6.4,11,2.7,2.7,2.72,1.68,1.1
953820,-0.104253576097326,-0.00128095994565041,0.788162478912966,0.268130874088674,-1.27620945753084,-0.571320969786847,1.48179234502306,0,1,0,0.349029987743511,1.43641437912793,0.316286200331142,0.65590293563996,3.51061659168091,5.97778519332849,14.25,6.5,35,10,2.5,9.5,5,5
461385,0.772093609025229,1.27199322603106,-0.953284598696349,0.00912009775812287,-1.27620945753084,-1.2371922106205,-1.98283944786826,1,0,0,1.97114057826371,-0.279278628528205,0.66563096278284,-0.44155624007164,0.115327428214498,-0.293091988655064,12.2,16,14,0,11.2,16,0,0
265520,-2.73329513146499,-0.00128095994565041,1.22352424831529,1.6926901439067,1.20929210769777,0.475048122951743,0.182555422688815,1,0,0,-0.0564976598865395,0.578567875299864,-0.592010182043272,0.490560787099188,0.542743845330648,0.078376239982754,14.49,16.79,9.94,0.63,7.35,1.6,1.02,5.85
564935,-1.19968755750052,-0.00128095994565041,0.788162478912966,0.397636262253949,0.712191794652044,1.52141721569033,0.61563439680023,0,1,0,-0.867552955146641,0.578567875299864,-0.592010182043272,2.14361000005924,0.115327428214498,-0.146403120731248,16.4,3.23,1.26,0,0.99,0.4,0.66,0
726166,0.114833220183313,-1.27455514592236,0.352800709510637,-0.379396066737704,1.70639242074349,-0.00057419192943401,1.48179234502306,0,1,0,0.754557635373562,-1.13712513235627,-0.0330585621205556,0.320751369186456,-0.782247047729417,-0.305947420860254,3,5,9,4,6,6,8.85,4
518893,0.333920016463951,1.27199322603106,-0.953284598696349,-1.28593378389463,-1.27620945753084,-1.14206774764426,0.61563439680023,0,1,0,-0.867552955146641,0.578567875299864,-0.731748087023951,0.19646555344513,-0.3067462836877,-0.234502518689294,13.5,0,0,2.25,0.5,3,22.5,0
385015,0.333920016463951,1.27199322603106,-0.0825610598916914,-0.897417619398806,1.20929210769777,1.33116828973786,-1.54976047375684,0,0,0,-1.27308060277669,0.578567875299864,0.246417247840803,-0.479900302180967,-0.0128974969203479,-0.239731863814232,4,7.35,6,1.2,3.15,16.6,5.1,1.86
746528,-0.323340372377965,-0.00128095994565041,1.44120513301646,0.656647038584501,0.712191794652044,1.23604382676163,-0.683602525534014,0,1,0,-0.0564976598865395,2.294260882956,-0.382403324572253,-0.107096036735226,1.45634643691642,-0.252520564041954,4.48,5.32,2.72,3.4,0,2.64,0,1.71
486148,0.772093609025229,-1.91119223891072,0.570481594211801,0.527141650419225,1.20929210769777,0.0945502710468015,-1.11668149964543,0,1,0,-0.46202530751659,-0.279278628528205,1.01497572523454,-0.760753273053857,0.339721047200477,-0.271312419057027,1.9,1.1,11.4,0.8,0.91,8.05,5.5,0.9
238302,-0.761513964939242,-0.00128095994565041,0.352800709510637,1.30417397941088,0.712191794652044,-0.761569895739318,1.04871337091164,0,0,0,-0.0564976598865395,0.578567875299864,-0.731748087023951,-1.03139534250512,0.673640123072468,-0.0653661268163611,54,3.6,1.92,0,7.56,0,4.23,0
954450,-1.6378611500618,-1.27455514592236,0.788162478912966,1.04516320308033,1.20929210769777,1.80679060461904,0.182555422688815,0,1,0,1.16008528300361,1.43641437912793,0.386155152821482,0.721954704211088,-1.14555100227814,-0.304248228393441,10.5,4,5,1,1.5,4.8,0.6,0.39
788462,0.114833220183313,-1.91119223891072,-0.0825610598916914,0.656647038584501,0.712191794652044,-0.761569895739318,0.61563439680023,0,1,0,0.754557635373562,-0.279278628528205,0.945106772744198,-0.0409379046076219,-0.718134585161994,-0.287183127810788,1.71,3.48,9.03,5.46,6.12,2.42,3,2.05
949969,0.55300681274459,-0.637918052934006,-0.735603713995184,-1.15642839572936,1.20929210769777,2.56778630842892,-2.41591842197967,1,1,0,-0.867552955146641,-1.13712513235627,0.176548295350463,-1.334850569129,0.0432009078261479,-0.306225095680876,6,2.5,23.4,0.6,2.4,3,7.8,0.7
617836,-2.07603474262307,-1.91119223891072,1.22352424831529,0.786152426749776,1.20929210769777,0.379923659975508,-0.250523551422599,1,1,0,0.349029987743511,-0.279278628528205,0.0368103903697839,-0.479900302180967,-0.0128974969203479,-0.239731863814232,3,0,28,0,12,10,18.75,0
406068,-0.323340372377965,-0.00128095994565041,0.352800709510637,0.268130874088674,1.20929210769777,0.570172585927979,0.61563439680023,1,1,0,-1.27308060277669,-1.13712513235627,-0.452272277062593,-0.974650385125579,-0.736834053410825,-0.311678881988922,14,9,12,0.8,10.5,3.8,15,1.2
157937,0.333920016463951,-1.27455514592236,0.352800709510637,0.00912009775812287,1.20929210769777,-0.666445432763082,0.61563439680023,1,1,0,1.16008528300361,0.578567875299864,-0.801617039514291,1.27174792763164,-1.55159659853849,-0.26663061421097,16,10.5,19,4,9,11.25,4.5,2
790031,-0.542427168658603,-1.27455514592236,1.00584336361413,-0.638406843068255,0.712191794652044,1.4262927527141,-1.11668149964543,1,1,0,0.754557635373562,0.578567875299864,-0.592010182043272,1.62790629648901,0.0245014395773155,-0.168237013313137,0.75,0.75,30,7.5,4.5,8,4,2.25
144042,-0.323340372377965,1.27199322603106,1.00584336361413,0.138625485923398,1.20929210769777,-0.00057419192943401,0.61563439680023,1,1,0,2.78219587352381,1.43641437912793,-1.08109284947565,-0.451448050823838,0.684325533500372,-0.0576845212027307,17.29,10.68,16.56,6.39,15,5.98,3.78,2.37
230657,-0.980600761219881,-1.27455514592236,0.352800709510637,-0.379396066737704,0.215091481606322,0.189674734023037,1.48179234502306,0,1,0,-0.46202530751659,-1.13712513235627,0.735499915273179,0.115948341193368,-0.704777822127115,-0.30749951028772,9,0,49,0,9.13,9.75,11,3.7
334312,-2.07603474262307,-0.00128095994565041,1.65888601771762,1.82219553207198,-0.779109144485122,1.14091936378539,0.61563439680023,1,1,0,-0.46202530751659,2.294260882956,-0.731748087023951,0.431901285703089,-0.274690052403989,-0.1959655496125,8.1,15.12,17.8,2.9,17.2,19.4,0.06,3.15
795314,-1.19968755750052,0.635356133042705,1.65888601771762,1.82219553207198,1.70639242074349,-0.856694358715553,1.48179234502306,0,1,0,-0.0564976598865395,0.578567875299864,-0.94135494449497,0.573417997593406,1.83834985971398,-0.147315188312367,20,15,12,0,24,0,0,0
129004,1.42935399786714,1.27199322603106,-1.60632725279984,-1.93346072472101,-0.779109144485122,-0.666445432763082,0.182555422688815,0,0,0,-0.46202530751659,0.578567875299864,1.2944515351959,-0.211704594528631,-0.170507300731927,-0.273236985606196,0.81,0.4,1.8,0.1,0,3.15,26.1,0.1
908981,-0.542427168658603,0.635356133042705,1.65888601771762,1.30417397941088,0.712191794652044,1.52141721569033,-0.250523551422599,1,1,0,0.349029987743511,0.578567875299864,0.106679342860123,-1.11781573214126,-0.493740966176015,-0.29971835360748,2.1,1.82,2.73,2.08,3.36,1.43,1.76,2.4
473652,-0.542427168658603,-0.00128095994565041,1.00584336361413,1.43367936757615,1.20929210769777,0.665297048904214,-0.250523551422599,1,1,0,-0.867552955146641,-0.279278628528205,-1.36056865943701,-0.929764964293025,-0.210577589836566,-0.297639202778257,16.2,7.5,18,6.4,7.5,8.1,6,8.4
690006,0.333920016463951,-1.27455514592236,-0.300241944592856,0.138625485923398,0.215091481606322,-0.666445432763082,1.48179234502306,0,1,0,0.349029987743511,0.578567875299864,-0.312534372081914,-0.465647585613284,-0.285375462831893,-0.216795691877611,9.1,14.3,15.4,12,9.9,1.6,0,1.5
270777,0.55300681274459,-1.91119223891072,-1.17096548339751,-0.379396066737704,1.70639242074349,0.570172585927979,-0.250523551422599,0,1,0,-0.0564976598865395,-0.279278628528205,1.15471363021522,-0.114275576797305,-0.9505422619689,-0.295691757838199,0,13.94,9.62,0,5,11,33.44,0
223597,1.64844079414778,1.27199322603106,-1.17096548339751,-0.379396066737704,-0.2820088314394,-0.381072043834376,1.04871337091164,0,1,0,-0.867552955146641,-0.279278628528205,0.106679342860123,-0.424006253253224,-1.14555100227814,-0.312226686615052,8,5,8,8,2,2,8,8
535032,-1.41877435378116,-2.54782933189907,1.00584336361413,-0.379396066737704,1.70639242074349,1.61654167866657,1.48179234502306,0,1,0,0.349029987743511,-0.279278628528205,0.386155152821482,-0.887644995928827,-1.08945259753165,-0.313219735434271,9.5,10,19,10,10.92,14,13.44,7
544853,0.991180405305867,1.27199322603106,-0.735603713995184,-0.249890678572428,1.70639242074349,1.4262927527141,1.04871337091164,0,1,0,-0.0564976598865395,-1.13712513235627,1.36432048768624,-0.123954660436552,-1.12685153402931,-0.297825414758896,13.65,11.55,18.6,0,10.2,14.25,14.1,0.3
671908,-0.980600761219881,-0.00128095994565041,0.352800709510637,0.138625485923398,0.215091481606322,0.284799196999272,-1.11668149964543,0,1,0,-0.0564976598865395,-0.279278628528205,-0.382403324572253,-0.705922859690867,-1.29781810087577,-0.314709956994907,0,0,0,0,0,0,0,0
839594,-0.104253576097326,0.635356133042705,0.352800709510637,0.138625485923398,0.712191794652044,-0.190823117881905,-0.250523551422599,0,0,0,-0.0564976598865395,0.578567875299864,-0.592010182043272,0.467958531348198,-1.44207114165247,-0.302091370874706,7.5,6.3,7.35,5.2,7.2,7.65,6.75,0
630163,-0.323340372377965,-0.00128095994565041,0.352800709510637,0.138625485923398,0.712191794652044,1.14091936378539,-1.11668149964543,0,1,0,0.349029987743511,-0.279278628528205,0.5957620102925,-0.815105050412708,-0.312088988901652,-0.303178219391003,4.08,7.92,9.9,2.04,1.68,8.4,1.68,3.04
244142,-2.29512153890371,-1.91119223891072,1.00584336361413,1.6926901439067,0.712191794652044,1.14091936378539,1.04871337091164,1,1,0,0.754557635373562,1.43641437912793,-0.87148599200463,-0.611472021540848,-0.210577589836566,-0.271952147203065,20,0,24,0,12,15,4,0
591468,-1.85694794634244,0.635356133042705,1.44120513301646,2.08120630840253,-0.2820088314394,-0.0956986549056695,-0.250523551422599,0,1,0,-0.0564976598865395,0.578567875299864,0.176548295350463,-1.56651039513209,0.908719152486351,-0.313734481261758,26.39,14.11,13.09,10.2,8.6,6.64,3.48,2.28
733124,0.55300681274459,-0.00128095994565041,0.352800709510637,0.268130874088674,0.712191794652044,0.570172585927979,1.04871337091164,0,1,0,2.78219587352381,1.43641437912793,0.246417247840803,1.99847692724877,-0.328117104543508,-0.256602589233309,1.71,3.45,4.94,2.24,6.4,4.4,1.36,2.66
462078,0.114833220183313,-0.00128095994565041,1.00584336361413,0.138625485923398,0.712191794652044,-0.666445432763082,1.48179234502306,1,1,0,2.37666822589376,2.294260882956,0.176548295350463,0.667177472626336,-0.301403578473748,-0.269246929327574,14.2,4.59,8.06,26,7.59,5.22,7.38,2.67
705308,0.772093609025229,1.27199322603106,-1.17096548339751,-1.15642839572936,-1.27620945753084,1.4262927527141,-1.11668149964543,1,1,0,-0.46202530751659,-1.13712513235627,-0.801617039514291,0.388132682213525,-0.421614445787666,-0.290493908095413,0.95,3.8,2.42,2.79,0.5,1,0.33,1.55
338055,-0.104253576097326,0.635356133042705,0.570481594211801,0.00912009775812287,0.712191794652044,0.950670437832921,-2.41591842197967,1,1,0,-0.0564976598865395,-0.279278628528205,-0.242665419591574,0.402066308111782,-0.509769081817872,-0.270859048480368,1.3,6.48,22.2,0.6,2.4,1.32,8.7,3.19
743564,0.333920016463951,1.27199322603106,-0.0825610598916914,0.915657814915051,0.712191794652044,0.855545974856685,0.182555422688815,0,1,0,-0.0564976598865395,-1.13712513235627,0.525893057802161,2.16147907754708,-0.57655289699227,-0.174238271385454,1.35,7.8,1.14,1.36,0.45,0.52,0.18,5.18
322442,0.991180405305867,0.635356133042705,-0.953284598696349,-1.41543917205991,0.215091481606322,0.379923659975508,-1.54976047375684,1,1,0,-0.0564976598865395,0.578567875299864,-0.382403324572253,-0.834729126582391,-0.608609128275981,-0.292069774011551,12,5.8,15,1.12,3.6,3,5.18,0
384317,-0.323340372377965,0.635356133042705,-1.60632725279984,-0.638406843068255,1.70639242074349,0.665297048904214,-1.98283944786826,0,1,0,0.349029987743511,-0.279278628528205,-0.382403324572253,-0.750489189853996,-0.0128974969203479,-0.307313032084115,0.5,15,9,0,0,0,1.2,0
568556,-0.104253576097326,1.27199322603106,-0.51792282929402,0.527141650419225,1.20929210769777,0.284799196999272,0.61563439680023,1,1,0,-0.0564976598865395,0.578567875299864,-0.87148599200463,0.703500627162633,-1.81338915402213,-0.28950738797805,2.5,10.5,6,1,24,0.5,6,1
297368,-0.104253576097326,-0.00128095994565041,1.22352424831529,1.04516320308033,1.20929210769777,-0.476196506810611,-0.250523551422599,0,0,0,-0.867552955146641,-1.13712513235627,-1.01122389698531,-0.423048981244947,0.924747268128206,-0.311988633336152,4,7,18,3,4,4,2.5,2.25
625007,-1.6378611500618,-2.54782933189907,0.135119824809473,0.915657814915051,1.20929210769777,0.665297048904214,0.182555422688815,1,1,0,-0.0564976598865395,-0.279278628528205,-0.522141229552932,3.28701823216815,-0.913143325471237,-0.0613020342796265,9.66,6.4,15.64,14.28,14.8,3,5.22,4.85
221730,1.21026720158651,0.635356133042705,-0.0825610598916914,-0.76791223123353,1.20929210769777,0.570172585927979,0.61563439680023,0,0,0,-1.27308060277669,-1.13712513235627,0.176548295350463,-0.451979868606215,0.839263984704977,-0.0810038944912284,7.5,3.75,7,6.5,7.5,1.5,8,4.25
206204,-0.323340372377965,-2.54782933189907,0.352800709510637,0.656647038584501,1.20929210769777,0.379923659975508,1.04871337091164,0,1,0,-0.46202530751659,-1.13712513235627,1.15471363021522,-0.298816347281859,-0.49106961356904,-0.307279735601022,1.04,6.3,17.22,3.61,4.34,0,0,0
967051,-0.542427168658603,-1.27455514592236,1.00584336361413,0.397636262253949,0.712191794652044,0.189674734023037,-0.250523551422599,0,1,0,-0.0564976598865395,0.578567875299864,-0.522141229552932,-1.29863377814918,2.30049386072081,-0.312899476786239,3.75,20.5,35.2,1.86,9.75,7.9,0.87,1.68
493968,0.772093609025229,0.635356133042705,-0.953284598696349,-1.02692300756408,1.20929210769777,2.18728845652398,0.182555422688815,1,1,0,0.754557635373562,-0.279278628528205,-0.452272277062593,0.647872487126079,0.358420515449308,-0.121922519592984,0.5,2.5,6.3,3,1.2,2.2,8,4.3
471118,1.64844079414778,1.27199322603106,-1.60632725279984,-1.15642839572936,1.70639242074349,-0.571320969786847,-0.250523551422599,0,1,0,-0.867552955146641,0.578567875299864,0.246417247840803,-1.07782303490657,-0.352159278006291,-0.302601977214623,0.35,1.02,0.22,0,0.1,0.2,0.65,0
312074,0.55300681274459,-0.00128095994565041,-0.735603713995184,0.397636262253949,1.20929210769777,1.33116828973786,1.04871337091164,0,1,0,1.16008528300361,0.578567875299864,-0.0330585621205556,0.131583783995229,-0.416271740573714,-0.265430782888539,7.75,2.7,20.25,3.2,10.2,3.32,2.45,3.36
152063,0.333920016463951,-0.637918052934006,-0.0825610598916914,-0.120385290407153,0.215091481606322,1.04579490080916,0.182555422688815,0,1,0,0.754557635373562,-1.13712513235627,-0.242665419591574,-0.758572820146114,0.339721047200477,-0.312129193532223,9.6,1.08,12.3,5.04,4.51,7.8,4.4,1.08
420736,-0.761513964939242,0.635356133042705,1.22352424831529,2.08120630840253,1.70639242074349,0.475048122951743,1.04871337091164,1,1,0,-0.46202530751659,0.578567875299864,-1.01122389698531,0.490560787099188,0.542743845330648,0.078376239982754,12,9,9.75,6,9.75,6,1.75,6.5
777861,-0.323340372377965,-1.27455514592236,1.87656690241879,1.82219553207198,0.712191794652044,-1.14206774764426,1.48179234502306,0,1,0,0.349029987743511,0.578567875299864,-0.87148599200463,1.97268376480352,1.77423739714655,-0.120230513752469,27,12.8,19.55,4.25,7.7,8.32,0.7,1.62
872476,0.55300681274459,-0.637918052934006,-0.51792282929402,0.397636262253949,1.70639242074349,1.33116828973786,-1.98283944786826,1,1,0,-0.0564976598865395,0.578567875299864,1.15471363021522,-0.384013556018532,0.371777278484187,-0.238400420746024,1.3,3.2,18.48,0,4.4,3.12,14.56,3
982278,-0.104253576097326,-0.00128095994565041,-0.51792282929402,-0.249890678572428,1.20929210769777,0.570172585927979,1.04871337091164,0,1,0,-0.46202530751659,0.578567875299864,1.15471363021522,0.115948341193368,-0.704777822127115,-0.30749951028772,24.07,22.36,44.1,0,0,0,0,0
450965,0.772093609025229,-0.00128095994565041,0.788162478912966,-0.897417619398806,1.20929210769777,2.37753738247645,0.182555422688815,1,1,0,-0.0564976598865395,0.578567875299864,-0.731748087023951,0.162535578929526,0.198139359030751,-0.192613329833166,21,0,35,0,6,0,0,0
898085,-1.6378611500618,-0.00128095994565041,-0.953284598696349,-0.897417619398806,1.70639242074349,0.665297048904214,0.182555422688815,1,1,0,-0.867552955146641,-0.279278628528205,-0.661879134533612,1.12650849126469,-0.589909660027149,-0.20879974294449,0.27,0.66,0.9,1.95,0.42,1.35,0.45,1.4
448074,-1.85694794634244,-1.27455514592236,0.570481594211801,1.30417397941088,1.20929210769777,2.18728845652398,1.04871337091164,0,1,0,2.37666822589376,1.43641437912793,-0.801617039514291,1.97268376480352,1.77423739714655,-0.120230513752469,12,10.5,7.5,8.5,6,4.5,7.5,12
963058,1.21026720158651,-1.91119223891072,-0.735603713995184,-0.638406843068255,0.712191794652044,0.0945502710468015,-0.250523551422599,1,1,0,-0.46202530751659,0.578567875299864,0.456024105311821,-0.32093996702871,-0.00221208649244389,-0.217818221659824,9.03,7.93,6.48,14.4,3.42,2.52,2.12,0
816148,0.772093609025229,1.27199322603106,-0.0825610598916914,0.397636262253949,1.70639242074349,-0.381072043834376,1.04871337091164,1,1,0,-0.0564976598865395,-0.279278628528205,-0.102927514610895,-0.451979868606215,0.839263984704977,-0.0810038944912284,1.9,0.5,4.2,0,1.2,0.25,6,0
723990,-0.542427168658603,-1.91119223891072,0.788162478912966,0.656647038584501,0.712191794652044,0.475048122951743,0.182555422688815,1,1,0,-0.867552955146641,-0.279278628528205,-1.08109284947565,-1.04192533459617,-1.4607706099013,-0.315320315322493,16.2,11.18,15.68,12.74,8.14,11.76,9.24,5.58
189969,-0.323340372377965,0.635356133042705,-0.51792282929402,-0.120385290407153,1.70639242074349,1.14091936378539,-0.250523551422599,0,1,0,-0.46202530751659,0.578567875299864,1.01497572523454,1.62790629648901,0.0245014395773155,-0.168237013313137,6,2,10.5,5.2,0.35,0.2,0.5,0.6
681365,1.64844079414778,-0.00128095994565041,-0.735603713995184,-2.06296611288629,0.712191794652044,0.379923659975508,-0.683602525534014,1,1,0,-0.0564976598865395,0.578567875299864,-0.382403324572253,-1.05830532229336,-0.440313914036497,-0.30015064934009,3.4,5.2,1.65,3.84,1.71,4.65,0.11,0
528717,-2.07603474262307,-1.91119223891072,1.65888601771762,1.6926901439067,1.20929210769777,-0.951818821691789,1.04871337091164,1,1,0,-0.0564976598865395,0.578567875299864,-1.08109284947565,0.28283276130303,0.841935337311952,-0.0994189351207952,26.1,11.7,0,0,6,2.4,15,6
755226,1.42935399786714,-1.27455514592236,-0.953284598696349,-1.67444994839046,0.712191794652044,1.52141721569033,-0.683602525534014,1,1,0,-0.46202530751659,0.578567875299864,-0.102927514610895,-0.980713107844668,1.20523929186068,-0.271506701206266,3.5,10.98,5.75,3.3,10.12,2.9,6.5,0
727512,0.772093609025229,1.27199322603106,-1.60632725279984,0.656647038584501,1.70639242074349,1.7116661416428,0.61563439680023,0,1,0,2.78219587352381,1.43641437912793,-0.0330585621205556,0.555814828996752,-0.683407001271307,-0.296505579316093,4,18,25.73,0,8.7,0,3.75,0
378468,0.55300681274459,-0.00128095994565041,-0.51792282929402,0.656647038584501,0.712191794652044,1.7116661416428,-0.683602525534014,1,0,0,1.16008528300361,-1.13712513235627,1.92327210760895,0.309157741530654,0.166083127747041,-0.15495905405284,7.5,6.1,7.2,6.8,2.25,2.4,3,5.44
645998,0.333920016463951,-1.27455514592236,-0.300241944592856,-0.897417619398806,1.20929210769777,-0.00057419192943401,1.48179234502306,1,1,0,1.97114057826371,0.578567875299864,-0.522141229552932,0.28283276130303,0.841935337311952,-0.0994189351207952,26.52,2.6,15.84,1,13.44,0.08,0.74,0
