"PID","Status","Progress","Duration..in.seconds.","Finished","consent","uspaper_48","uspaper_51","uspaper_55","uspaper_56","uspaper_57","uspaper_58","uspaper_59","uspaper_60","practice_9","practice_10","practice_11","practice_12","practice_13","practice_14","practice_15","practice_16","ideal_48","ideal_51","ideal_55","ideal_56","ideal_57","ideal_58","ideal_59","ideal_60","antiest_1","antiest_2","antiest_3","antiest_4","check","trust_congress","trust_gov","trust_courts","trust_media","trust_edu","trust_police","trust_millitary","trust_finance","trust_med","SDO_1","SDO_2","SDO_3","SDO_4","SDO_5","SDO_6","SDO_7","SDO_8","TIPI_1","TIPI_2","TIPI_3","TIPI_4","TIPI_5","TIPI_6","TIPI_7","TIPI_8","TIPI_9","TIPI_10","change","ideo_1","ideo_2","ideo_3","ideo_4","ideo_5","ideo_DO_1","ideo_DO_2","ideo_DO_3","ideo_DO_4","ideo_DO_5","party_id_DO_1","party_id_DO_2","party_id_DO_3","vote_2020_DO_1","vote_2020_DO_2","vote_2020_DO_3","vote_2020_DO_4","vote_likely","vote_tomorrow","vote_2024_6_TEXT","vote_2024_DO_1","vote_2024_DO_2","vote_2024_DO_3","vote_2024_DO_4","vote_2024_DO_5","vote_2024_DO_6","age","gender_.99_TEXT","race_8_TEXT","feedback","FL_34_DO_Anti.Establishment","FL_34_DO_TrustinInstitutions","FL_35_DO_SDO","FL_35_DO_TIPI","FL_14_DO_Change","FL_14_DO_Politics","Anti.Establishment_DO_antiest_4","Anti.Establishment_DO_antiest_3","Anti.Establishment_DO_antiest_2","Anti.Establishment_DO_antiest_1","Anti.Establishment_DO_intro","Anti.Establishment_DO_check","TrustinInstitutions_DO_intro","TrustinInstitutions_DO_trust_finance","TrustinInstitutions_DO_trust_millitary","TrustinInstitutions_DO_trust_police","TrustinInstitutions_DO_trust_edu","TrustinInstitutions_DO_trust_media","TrustinInstitutions_DO_trust_courts","TrustinInstitutions_DO_trust_gov","TrustinInstitutions_DO_trust_congress","TrustinInstitutions_DO_trust_med","SDO_DO_SDO_5","SDO_DO_SDO_4","SDO_DO_SDO_3","SDO_DO_SDO_2","SDO_DO_SDO_1","SDO_DO_intro","SDO_DO_SDO_8","SDO_DO_SDO_7","SDO_DO_SDO_6","TIPI_DO_TIPI_2","TIPI_DO_TIPI_10","TIPI_DO_TIPI_9","TIPI_DO_TIPI_4","TIPI_DO_TIPI_3","TIPI_DO_TIPI_1","TIPI_DO_TIPI_8","TIPI_DO_TIPI_7","TIPI_DO_TIPI_6","TIPI_DO_TIPI_5","TIPI_DO_intro","party_id","vote_2020","vote_2024","gender","race_1","race_2","race_3","race_4","race_5","race_6","race_7","race_8","income","edu","county_1","county_2"
705404,"0","100","214","1","1","22","15","26","8","7","17","1","4","49","38","63","72","22","31","15","13","20","5","16","24","10","9","2","14","1","1","1","7","5","5","5","5","5","6","6","6","5","7","1","1","7","4","1","1","5","7","1","1","7","1","7","7","7","1","7","7","2","5","4","4","4","3","1","5","3","2","4","2","1","3","2","1","3","4","2","1","","2","1","3","4","5","6","28","","","","1","2","1","2","2","1","6","3","4","5","1","2","1","7","9","8","6","5","4","3","2","10","8","9","5","6","3","1","7","4","2","9","7","3","4","5","6","10","8","11","2","1","Republican","Joe Biden","Joe Biden","man","","Hispanic, Latino, or Spanish origin","","","","","","","$100,001-$120,000","MA","Texas","Harris"
914223,"0","100","271","1","1","13","4","12","8","3","0","54","6","51","13","32","81","15","10","89","57","6","23","19","16","15","11","5","5","7","4","4","3","5","1","2","2","3","4","3","3","2","3","6","1","6","7","2","1","7","7","4","1","6","2","6","5","6","1","6","2","5","3","4","4","4","4","5","1","2","3","4","1","2","3","1","2","3","4","4","1","","1","2","3","4","5","6","38","","","","2","1","1","2","1","2","5","2","6","4","1","3","1","5","6","9","8","7","4","2","3","10","4","8","3","2","5","1","6","9","7","4","11","5","6","3","7","9","10","2","8","1","Democrat","Joe Biden","Joe Biden","woman","","","Black or African American","","","","","","$40,001-$60,000","2yearColl","Kentucky","Scott"
834767,"0","100","279","1","1","75","25","0","0","0","0","0","0","62","70","67","49","89","86","82","78","23","36","41","0","0","0","0","0","5","6","5","3","5","5","6","5","5","5","6","5","3","6","5","5","5","5","6","6","5","6","5","6","5","5","6","5","3","6","6","5","5","3","5","5","5","4","5","4","1","3","2","1","2","3","2","1","3","4","2","0","","1","2","3","4","5","6","30","","","","1","2","2","1","1","2","4","5","3","6","1","2","1","10","9","8","6","7","4","3","2","5","3","5","8","9","2","1","6","4","7","3","5","8","10","9","4","6","11","2","7","1","Democrat","Joe Biden","Joe Biden","woman","White","","","","","","","","$40,001-$60,000","MA","New York","New York"
636440,"0","100","323","1","1","20","10","50","0","0","10","10","0","80","70","90","70","90","80","80","60","0","0","60","0","0","15","15","10","3","3","4","6","5","6","7","7","6","6","7","7","6","7","1","1","7","7","1","1","7","7","5","2","6","2","4","5","6","2","6","5","2","7","1","1","3","1","2","4","5","1","3","1","2","3","1","2","3","4","2","0","","1","2","3","4","5","6","49","","","","1","2","2","1","2","1","4","5","6","2","1","3","1","7","10","5","6","9","2","3","4","8","9","2","6","3","8","1","7","5","4","9","10","11","2","7","4","5","3","6","8","1","Republican","I did not vote","Donald Trump","man","White","","","Asian","","","","","$20,001-$40,000","4yearColl","Texas","Bell"
686129,"0","100","283","1","1","53","5","12","0","0","0","30","0","81","3","8","99","5","48","95","4","0","10","90","0","0","0","0","0","7","1","7","1","5","1","1","1","1","2","5","6","1","5","5","1","7","1","1","1","7","7","1","3","6","4","6","7","6","2","5","2","6","","","","","6","4","5","1","2","3","2","1","3","2","1","3","4","1","0","","2","1","3","4","5","6","35","","","","1","2","2","1","1","2","6","5","3","4","1","2","1","8","7","9","5","10","4","3","2","6","9","5","8","7","2","1","3","6","4","5","11","8","9","4","7","2","10","6","3","1","Independent","I did not vote","Donald Trump","man","","","","Asian","","","","","$120,001-$140,000","MA","New York","Nassau"
184675,"0","100","324","1","1","24","10","34","2","7","13","4","6","80","67","73","52","57","62","49","46","30","5","30","0","10","3","20","2","3","4","5","5","5","6","2","5","2","3","7","7","5","6","6","5","4","4","5","4","4","6","5","2","6","2","6","3","5","2","6","3","4","7","1","1","5","2","1","3","5","4","2","2","1","3","2","1","3","4","5","1","","1","2","3","4","5","6","33","","","","1","2","1","2","1","2","2","3","6","5","1","4","1","5","6","7","9","8","4","3","2","10","4","2","3","5","9","1","6","8","7","11","4","3","7","10","5","2","9","8","6","1","Republican","Donald Trump","Donald Trump","man","White","","","","American Indian or Alaska Native","","","","$40,001-$60,000","GED","Pennsylvania","York"
330290,"0","100","408","1","1","15","10","20","10","5","30","5","5","70","60","60","70","50","50","40","40","10","15","25","5","15","25","2","3","6","5","5","5","3","4","5","4","2","5","3","5","3","6","4","3","5","5","4","3","5","6","2","3","6","4","4","5","4","5","5","3","4","2","3","3","2","3","4","3","1","5","2","2","1","3","2","1","3","4","1","0","","1","2","3","4","5","6","32","","","","2","1","2","1","1","2","5","3","4","6","1","2","1","8","9","7","5","10","3","2","4","6","5","4","8","9","6","1","3","2","7","7","8","6","5","4","10","3","9","2","11","1","Independent","I did not vote","Donald Trump","man","","","","Asian","","","","","$20,001-$40,000","4yearColl","Nevada","Clark"
620699,"0","100","412","1","1","15","12","15","12","12","12","10","12","59","40","67","69","71","58","79","50","16","16","16","11","16","8","9","8","1","4","5","5","5","6","5","5","4","3","6","6","4","3","4","1","3","5","5","3","4","5","7","4","6","4","6","2","6","4","5","3","2","5","5","1","4","1","1","2","5","4","3","1","2","3","2","1","3","4","5","1","","2","1","3","4","5","6","34","","","None. Thank you!","1","2","2","1","2","1","2","6","5","3","1","4","1","6","9","8","5","7","3","4","2","10","9","5","3","8","2","1","4","6","7","2","7","5","9","8","6","3","11","4","10","1","Independent","Third-party candidate","Joe Biden","man","White","Hispanic, Latino, or Spanish origin","","","","","","","Over $200,000","MA","Texas","Tarrant"
350547,"0","100","505","1","1","50","20","10","2","10","2","0","6","25","10","11","11","5","5","100","5","50","10","10","5","10","5","0","10","7","5","7","5","5","3","7","5","4","5","5","6","5","3","1","1","7","7","1","1","7","7","6","5","7","1","5","5","7","1","6","1","5","1","7","6","1","7","5","2","4","1","3","2","1","3","2","1","3","4","5","1","","2","1","3","4","5","6","55","","","","2","1","1","2","2","1","3","6","4","2","1","5","1","10","9","7","6","8","3","2","4","5","9","7","4","8","3","1","5","6","2","10","3","5","4","11","6","2","7","9","8","1","Democrat","Joe Biden","Joe Biden","woman","White","Hispanic, Latino, or Spanish origin","","","","","","","$120,001-$140,000","4yearColl","Maine","Cumberland"
424350,"0","100","429","1","1","41","9","20","8","7","0","6","9","27","58","24","100","8","0","81","17","21","10","15","0","32","22","0","0","7","6","7","1","5","2","2","2","1","5","4","4","1","1","1","1","7","7","3","1","7","7","4","4","4","5","4","4","5","1","7","4","7","1","2","7","1","5","2","3","4","1","5","1","2","3","2","1","3","4","3","1","","2","1","3","4","5","6","54","","","","1","2","1","2","1","2","6","4","2","3","1","5","1","10","8","9","7","6","4","2","3","5","2","6","7","9","8","1","3","4","5","10","6","5","4","2","3","11","9","8","7","1","Independent","Joe Biden","Joe Biden","man","","Hispanic, Latino, or Spanish origin","","","","","","","$80,001-$100,000","GED","Massachusetts","Bristol"
946869,"0","100","331","1","1","20","20","20","0","20","20","0","0","19","19","8","5","8","8","89","90","25","25","25","0","0","25","0","0","4","5","5","3","5","5","6","4","4","3","3","3","4","5","3","5","5","5","6","3","6","5","5","5","5","5","6","5","5","5","5","5","4","2","3","5","","3","5","2","3","4","1","1","2","3","2","1","3","4","5","1","","2","1","3","4","5","6","34","","","","2","1","1","2","2","1","2","6","4","5","1","3","1","10","7","9","6","8","3","4","2","5","2","7","4","5","3","1","8","6","9","9","5","4","11","7","6","10","3","8","2","1","Democrat","Joe Biden","Joe Biden","man","","","","Asian","","","","","$140,001-$160,000","MA","Texas","Harris"
560162,"0","100","356","1","1","0","20","20","0","0","20","20","20","0","0","0","0","0","0","0","0","0","10","50","10","0","10","10","10","3","6","6","2","5","1","1","3","1","1","3","5","1","3","4","5","6","6","6","6","1","7","4","3","5","3","4","4","4","3","5","5","4","4","4","1","2","1","2","1","3","5","4","2","1","3","1","2","3","4","5","1","","2","1","3","4","5","6","55","","","","1","2","2","1","2","1","3","5","2","4","1","6","1","10","7","6","8","9","4","3","2","5","4","9","3","7","6","1","5","2","8","4","3","5","8","9","6","11","10","2","7","1","Independent","Donald Trump","Donald Trump","man","White","Hispanic, Latino, or Spanish origin","","","","","","","$80,001-$100,000","4yearColl","Texas","El Paso"
403387,"0","100","397","1","1","9","14","6","9","8","12","13","29","0","8","4","10","9","3","3","34","12","14","8","10","11","12","4","29","7","7","7","2","5","3","3","3","3","4","1","4","4","4","1","1","7","5","1","7","7","7","2","5","4","5","5","5","5","3","3","5","7","5","5","6","5","5","5","3","1","2","4","1","2","3","1","2","3","4","1","0","","2","1","3","4","5","6","27","","","","1","2","2","1","2","1","4","3","5","6","1","2","1","8","9","10","6","5","3","2","4","7","3","4","7","2","8","1","9","5","6","7","11","4","10","6","2","5","8","9","3","1","Independent","I did not vote","Robert F. Kennedy Jr.","woman","","","","Asian","","","","","$60,001-$80,000","4yearColl","New York","New York"
485483,"0","100","497","1","1","19","12","14","12","10","11","12","10","69","73","70","76","73","79","74","62","13","12","13","12","13","13","12","12","4","3","4","4","5","3","4","4","3","5","3","4","4","5","4","2","4","5","5","3","5","5","6","2","6","2","6","2","6","2","6","2","4","1","6","3","2","5","1","4","5","2","3","1","2","3","2","1","3","4","5","1","","2","1","3","4","5","6","37","","","","1","2","2","1","2","1","2","6","5","3","1","4","1","8","9","5","6","10","4","2","3","7","4","6","8","5","7","1","3","2","9","8","3","2","10","4","5","9","7","6","11","1","Democrat","Joe Biden","Joe Biden","man","","","Black or African American","","","","","","$100,001-$120,000","4yearColl","Illinois","Cook"
233189,"0","100","325","1","1","17","10","20","9","17","7","8","12","37","6","26","7","19","7","7","7","38","8","13","9","13","5","12","2","7","5","4","6","5","5","6","6","3","5","7","7","6","7","1","1","7","7","7","1","7","7","3","3","6","4","5","5","6","1","6","3","5","1","1","1","1","2","1","5","2","4","3","2","1","3","2","1","3","4","5","1","","2","1","3","4","5","6","77","","","","2","1","1","2","1","2","6","3","2","5","1","4","1","5","10","7","8","9","3","2","4","6","6","8","2","5","4","1","3","7","9","9","11","7","5","8","6","2","3","4","10","1","Independent","Joe Biden","Joe Biden","woman","White","","","","","","","","$0-$20,000","2yearColl","Pennsylvania","Allegheny"
816563,"0","100","441","1","1","35","10","15","5","5","5","20","5","60","40","50","30","45","35","55","45","10","10","20","10","10","10","20","10","4","5","5","3","5","4","4","4","2","3","3","4","5","2","2","1","6","6","3","1","6","7","1","3","5","2","7","6","5","4","6","2","5","5","4","5","4","5","1","4","2","5","3","1","2","3","2","1","3","4","2","1","","1","2","3","4","5","6","21","","","","1","2","2","1","2","1","6","2","3","4","1","5","1","10","9","5","7","6","4","3","2","8","9","5","6","3","2","1","4","8","7","10","4","5","11","8","3","7","2","9","6","1","Independent","I did not vote","Jill Stein","man","","","Black or African American","","","","","","$20,001-$40,000","GED","Missouri","Pemiscot"
303093,"0","100","258","1","1","9","18","17","16","9","10","10","11","39","42","41","44","42","39","43","41","19","19","19","11","9","5","10","8","5","5","5","5","5","5","5","5","5","5","5","5","5","5","1","1","7","7","6","6","7","6","7","5","7","1","7","1","7","1","7","1","7","5","3","3","3","3","1","3","2","4","5","2","1","3","1","2","3","4","5","1","","2","1","3","4","5","6","39","","","","1","2","1","2","1","2","4","5","6","2","1","3","1","9","10","7","6","5","3","2","4","8","7","5","8","6","3","1","9","2","4","5","10","8","3","4","11","2","7","9","6","1","Republican","Donald Trump","Donald Trump","woman","","","Black or African American","","","","","","$100,001-$120,000","4yearColl","Tennessee","Madison"
506266,"0","100","251","1","1","0","50","50","0","0","0","0","0","45","35","20","55","35","20","70","50","0","50","50","0","0","0","0","0","7","7","7","1","5","1","1","1","2","3","1","4","2","4","1","1","7","7","1","1","7","7","1","1","7","1","7","7","7","1","7","1","4","1","1","1","1","1","3","5","2","1","4","2","1","3","1","2","3","4","1","0","None","2","1","3","4","5","6","31","","","","1","2","2","1","2","1","2","3","4","5","1","6","1","5","8","9","10","6","3","2","4","7","7","2","4","6","5","1","8","9","3","5","9","10","3","8","2","4","6","7","11","1","Independent","I did not vote","Other","man","","","Black or African American","","","","","","$60,001-$80,000","GED","Maryland","Charles"
755424,"0","100","406","1","1","29","3","50","4","4","3","4","3","58","41","70","46","36","24","49","36","15","16","15","8","16","14","2","14","7","6","5","4","5","5","6","5","6","4","5","5","3","5","5","2","7","7","3","5","5","7","2","2","5","3","3","7","4","5","6","6","2","1","5","5","1","5","5","1","3","2","4","2","1","3","2","1","3","4","3","0","","1","2","3","4","5","6","44","","","","1","2","2","1","2","1","5","2","3","6","1","4","1","5","8","7","10","9","4","2","3","6","9","6","8","2","4","1","7","3","5","3","8","9","10","6","4","11","5","7","2","1","Democrat","I did not vote","Joe Biden","man","","","","Asian","","","","","$40,001-$60,000","2yearColl","New York","New York"
706456,"0","100","421","1","1","20","20","20","10","10","10","0","10","40","40","60","70","20","50","100","20","10","20","20","10","10","25","0","5","7","7","6","1","5","1","1","1","2","4","1","1","1","4","1","1","7","7","1","1","7","7","4","6","6","6","6","4","7","1","4","2","7","1","4","7","","7","4","3","1","2","5","1","2","3","2","1","3","4","5","1","","1","2","3","4","5","6","31","","","","1","2","1","2","2","1","6","4","5","3","1","2","1","6","10","5","8","7","4","2","3","9","3","7","4","6","9","1","2","5","8","8","9","11","10","3","2","4","6","5","7","1","Democrat","Joe Biden","Joe Biden","woman","","","","Asian","","","Native Hawaiian or Other Pacific Islander","","$40,001-$60,000","GED","Hawaii","Kauai"
160312,"0","100","434","1","1","8","23","29","21","15","2","0","2","49","71","96","63","53","75","72","64","10","15","15","10","30","10","0","10","4","4","4","3","5","4","4","4","3","2","3","4","3","3","1","1","7","7","1","1","7","7","7","3","7","1","7","1","5","1","6","1","7","3","5","5","4","7","3","5","2","4","1","1","2","3","1","2","3","4","1","0","","1","2","3","4","5","6","31","","","","1","2","1","2","2","1","6","4","5","2","1","3","1","6","7","10","8","9","4","2","3","5","8","4","3","5","2","1","9","7","6","4","10","7","6","11","8","2","3","9","5","1","Democrat","I did not vote","Joe Biden","woman","","","Black or African American","","","","","","Prefer not to answer","2yearColl","Nevada","Clark"
961017,"0","100","662","1","1","7","35","19","0","27","12","0","0","31","60","33","32","65","54","71","66","14","33","20","27","3","3","0","0","5","3","6","5","5","6","7","6","6","6","6","5","6","7","3","7","7","7","6","1","5","7","5","3","7","3","5","6","5","1","7","1","6","7","3","5","3","5","4","3","1","5","2","1","2","3","2","1","3","4","4","1","","2","1","3","4","5","6","27","","","it was good","2","1","1","2","1","2","2","4","6","3","1","5","1","10","8","9","6","7","2","4","3","5","5","6","7","4","3","1","2","9","8","7","11","5","4","8","3","2","9","10","6","1","Republican","Donald Trump","Donald Trump","woman","","","Black or African American","","","","","","$20,001-$40,000","MA","Delaware","New Castle"
223689,"0","100","442","1","1","18","21","16","0","23","9","0","13","39","10","18","7","18","4","29","8","21","21","20","0","25","4","0","9","6","5","4","2","5","2","3","3","1","4","2","3","1","2","1","1","7","7","7","1","7","7","4","3","5","2","5","3","4","3","5","3","5","1","4","4","1","4","4","3","2","5","1","1","2","3","1","2","3","4","5","1","","2","1","3","4","5","6","65","","","","1","2","2","1","1","2","5","6","2","3","1","4","1","7","9","10","8","6","4","3","2","5","4","7","3","5","2","1","9","8","6","5","2","6","11","4","9","8","7","3","10","1","Democrat","Joe Biden","Joe Biden","man","White","","","","","","","","$20,001-$40,000","4yearColl","Oregon","Tillamook"
623815,"0","100","539","1","1","0","5","10","5","5","50","20","5","49","32","31","30","31","63","56","14","9","7","19","8","7","27","17","6","5","6","5","3","5","3","3","6","2","2","6","6","4","3","5","5","3","6","6","5","3","6","6","5","4","5","4","6","5","5","5","6","3","6","1","1","1","1","3","1","5","2","4","2","1","3","1","2","3","4","2","1","","1","2","3","4","5","6","74","","","nope","1","2","1","2","2","1","3","5","6","2","1","4","1","5","6","10","8","9","2","3","4","7","6","9","3","8","5","1","7","4","2","3","6","7","8","5","9","2","10","4","11","1","Republican","I did not vote","Donald Trump","man","White","","","","","","","","$60,001-$80,000","GED","Arizona","Yuma"
697740,"0","100","617","1","1","20","15","15","10","15","10","5","10","70","55","65","70","65","65","60","60","20","20","15","10","15","10","5","5","6","6","6","5","5","5","6","5","5","7","6","7","6","6","6","2","7","6","2","1","6","5","2","2","7","2","6","7","6","1","6","2","6","6","3","7","5","6","4","5","1","2","3","1","2","3","2","1","3","4","5","1","","1","2","3","4","5","6","25","","","","2","1","2","1","1","2","2","4","3","5","1","6","1","9","8","6","5","7","4","2","3","10","9","8","6","2","4","1","3","5","7","6","9","11","3","2","5","4","7","10","8","1","Republican","Donald Trump","Other","man","","","Black or African American","","","","","","$40,001-$60,000","4yearColl","Washington","King"
476944,"0","100","654","1","1","15","15","15","15","15","10","5","10","70","60","70","70","60","65","81","60","15","15","15","10","10","10","10","15","6","6","6","2","5","2","2","2","2","4","2","4","2","4","3","1","5","6","2","2","5","6","1","2","6","5","5","7","6","2","5","5","6","4","4","4","4","4","1","2","3","4","5","1","2","3","1","2","3","4","5","1","","1","2","3","4","5","6","37","","","Excellent survey.","2","1","2","1","1","2","3","5","4","6","1","2","1","6","9","7","5","10","3","4","2","8","5","9","8","4","7","1","2","6","3","3","8","5","11","6","9","7","2","4","10","1","Independent","Third-party candidate","Jill Stein","man","","","","Asian","","","","","$0-$20,000","GED","South Dakota","Pennington"
480867,"0","100","445","1","1","11","8","15","8","0","23","19","16","15","10","4","3","1","5","78","4","16","14","17","0","14","18","0","21","4","3","3","2","5","3","4","1","3","4","1","3","1","1","3","4","6","5","4","3","5","5","2","2","2","5","4","3","2","3","4","5","6","1","4","5","1","5","4","3","2","5","1","1","2","3","1","2","3","4","5","1","","2","1","3","4","5","6","27","","","","2","1","1","2","2","1","4","3","5","2","1","6","1","10","6","7","9","8","2","4","3","5","7","9","3","5","8","1","6","2","4","8","6","2","7","10","5","3","4","9","11","1","Independent","Joe Biden","Joe Biden","man","","","Black or African American","","","","","","$40,001-$60,000","4yearColl","New Jersey","Hudson"
692098,"0","100","359","1","1","30","15","20","10","4","12","7","2","80","10","85","40","70","85","95","40","30","30","15","5","6","7","1","6","7","6","6","2","5","2","5","5","1","6","5","6","1","2","1","1","7","7","1","1","7","7","2","6","6","5","6","6","6","5","3","1","5","1","6","4","","5","4","5","1","3","2","1","2","3","2","1","3","4","5","1","","1","2","3","4","5","6","63","","","","1","2","2","1","2","1","6","3","5","2","1","4","1","5","10","9","7","8","2","4","3","6","8","7","6","5","3","1","4","2","9","10","7","2","3","11","5","9","6","4","8","1","Democrat","Joe Biden","Joe Biden","woman","White","","","","","","","","$120,001-$140,000","4yearColl","Wisconsin","Door"
594763,"0","100","223","1","1","24","14","40","7","9","5","0","1","57","74","100","38","42","36","74","38","0","20","40","5","20","10","0","5","7","6","6","4","5","3","3","4","3","7","2","5","4","2","5","2","7","7","2","2","6","7","5","3","5","2","5","4","7","2","6","4","6","","","","","","4","5","1","2","3","2","1","3","1","2","3","4","4","1","","2","1","3","4","5","6","20","","","","2","1","2","1","2","1","2","3","5","4","1","6","1","5","6","8","7","10","4","3","2","9","8","9","2","7","5","1","3","6","4","9","3","2","6","4","11","8","5","10","7","1","Independent","I did not vote","Donald Trump","woman","White","Hispanic, Latino, or Spanish origin","","","","","","","$20,001-$40,000","GED","Massachusetts","Essex"
397847,"0","100","534","1","1","19","6","18","6","12","17","16","6","62","29","50","31","40","53","32","8","20","13","20","4","8","14","15","6","5","5","5","3","5","3","3","5","2","5","5","6","3","3","5","1","6","6","4","6","3","5","2","1","5","2","3","7","6","3","6","4","5","","","","","","4","2","1","5","3","1","2","3","1","2","3","4","4","1","","1","2","3","4","5","6","63","","","Worried about where this country is headed.  Can barely afford to eat these days","1","2","1","2","2","1","3","6","4","2","1","5","1","5","10","8","6","9","4","3","2","7","9","7","4","3","2","1","8","6","5","10","6","3","5","11","8","7","2","4","9","1","Republican","Donald Trump","Donald Trump","woman","White","","","","","","","","$60,001-$80,000","GED","Tennessee","Greene"
827447,"0","100","492","1","1","20","10","20","10","5","20","10","5","60","25","85","85","50","91","90","50","14","14","14","12","12","12","10","12","6","5","5","3","5","4","4","3","2","3","2","2","2","1","4","2","5","4","4","4","4","5","3","2","5","5","4","6","7","3","4","3","4","4","5","3","","4","5","1","4","2","3","2","1","3","1","2","3","4","2","0","","2","1","3","4","5","6","28","","","","1","2","2","1","1","2","5","6","2","3","1","4","1","5","10","8","7","9","3","2","4","6","6","3","8","5","2","1","7","9","4","7","2","11","3","4","8","9","10","6","5","1","Democrat","Joe Biden","Joe Biden","woman","White","","Black or African American","","","","","","$20,001-$40,000","4yearColl","Missouri","Franklin"
178509,"0","100","355","1","1","20","0","30","10","10","20","10","0","10","20","50","40","50","50","85","10","15","0","25","5","25","15","5","10","6","6","7","1","5","1","2","4","1","4","4","7","2","5","7","3","4","6","7","7","2","1","5","3","7","1","6","5","4","1","6","2","6","5","1","5","7","3","4","5","2","1","3","1","2","3","2","1","3","4","5","1","","1","2","3","4","5","6","47","","","","2","1","2","1","2","1","6","5","2","3","1","4","1","6","8","7","9","5","3","2","4","10","7","9","2","3","4","1","5","6","8","10","7","11","4","8","9","5","2","3","6","1","Independent","Third-party candidate","Robert F. Kennedy Jr.","man","White","Hispanic, Latino, or Spanish origin","","","","","","","$100,001-$120,000","4yearColl","Florida","Orange"
864793,"0","100","306","1","1","18","5","16","16","7","7","21","10","33","33","46","21","19","24","38","47","6","20","5","9","11","8","37","4","4","5","6","6","4","4","6","5","3","4","3","4","5","6","5","3","5","5","3","6","6","4","4","6","6","4","5","6","4","5","4","4","4","4","4","4","5","5","1","2","5","4","3","2","1","3","2","1","3","4","2","1","","1","2","3","4","5","6","23","","","","2","1","1","2","2","1","6","4","2","3","1","5","1","6","5","10","8","7","3","2","4","9","9","5","7","6","2","1","3","4","8","11","5","7","3","4","9","2","6","8","10","1","Democrat","Joe Biden","Robert F. Kennedy Jr.","man","","","Black or African American","","","","","Other (please specify)","$100,001-$120,000","4yearColl","Colorado","Denver"
994636,"0","100","361","1","1","15","28","14","9","7","8","0","19","38","25","24","31","33","62","26","31","5","12","14","19","15","22","0","13","7","7","7","1","5","2","2","3","3","1","1","2","1","1","1","1","7","7","1","4","6","6","5","6","5","5","4","6","5","6","4","1","6","1","5","7","1","7","4","2","1","3","5","2","1","3","1","2","3","4","5","1","","2","1","3","4","5","6","34","","","","1","2","1","2","1","2","3","6","5","2","1","4","1","10","8","7","5","6","3","4","2","9","7","9","5","6","2","1","4","8","3","9","3","5","11","6","10","8","7","4","2","1","Democrat","Joe Biden","Joe Biden","woman","","","","Asian","","","","","Over $200,000","GED","New York","Queens"
225067,"0","100","304","1","1","14","7","14","7","16","17","9","16","68","62","73","76","73","70","70","73","10","9","12","16","18","16","14","5","1","1","1","7","5","6","7","7","7","6","6","7","7","7","1","1","7","7","1","1","7","7","2","1","7","1","7","5","6","1","7","1","3","3","3","2","3","3","1","4","3","2","5","1","2","3","1","2","3","4","5","1","","2","1","3","4","5","6","41","","","it was fun thanks ","1","2","2","1","2","1","2","5","3","4","1","6","1","9","5","8","7","10","4","3","2","6","6","3","4","9","5","1","2","7","8","9","11","8","3","2","6","10","5","7","4","1","Independent","Joe Biden","Donald Trump","man","","","Black or African American","","","","","","$60,001-$80,000","4yearColl","Ohio","Cuyahoga"
391627,"0","100","699","1","1","13","7","10","9","10","9","30","12","59","50","78","72","44","59","71","35","20","20","10","10","20","10","0","10","3","3","5","5","5","5","5","6","6","7","6","6","6","6","3","4","3","7","3","3","6","6","5","2","5","3","6","6","5","2","6","2","5","3","6","6","5","5","5","2","1","4","3","2","1","3","1","2","3","4","3","1","","1","2","3","4","5","6","24","","","","1","2","2","1","2","1","3","5","6","2","1","4","1","8","6","7","10","9","2","3","4","5","9","6","3","8","2","1","5","7","4","4","5","9","8","10","7","11","2","6","3","1","Democrat","Donald Trump","Donald Trump","woman","","","Black or African American","","","","","","$40,001-$60,000","4yearColl","Georgia",""
689512,"0","100","670","1","1","15","15","15","10","10","15","10","10","90","70","80","80","60","75","80","75","15","15","20","10","10","10","10","10","7","6","6","3","5","2","2","2","5","6","3","6","2","2","1","1","7","7","1","7","7","7","7","3","5","5","6","1","3","1","5","1","6","3","3","3","3","","3","4","1","5","2","2","1","3","2","1","3","4","1","0","","1","2","3","4","5","6","45","","","","2","1","2","1","1","2","5","6","2","3","1","4","1","6","7","8","9","10","2","3","4","5","8","5","9","4","6","1","7","2","3","11","3","5","10","4","8","6","9","7","2","1","Democrat","Joe Biden","Joe Biden","woman","","","Black or African American","","","","","","$40,001-$60,000","2yearColl","North Carolina","Mecklenburg"
627581,"0","100","249","1","1","0","26","13","21","20","18","0","2","2","84","87","72","78","75","84","37","0","25","36","0","0","0","39","0","6","7","6","2","5","2","3","3","2","6","2","6","2","2","4","4","6","6","3","2","6","6","2","3","6","5","7","6","7","2","5","3","5","4","5","2","3","5","3","1","5","4","2","2","1","3","1","2","3","4","4","1","","2","1","3","4","5","6","31","","","","2","1","2","1","1","2","5","3","6","2","1","4","1","7","5","10","8","6","2","4","3","9","7","2","4","6","5","1","3","8","9","10","7","8","11","3","2","6","9","4","5","1","Republican","Donald Trump","Donald Trump","man","","Hispanic, Latino, or Spanish origin","","","","","","","$40,001-$60,000","2yearColl","New York","Queens"
679697,"0","100","275","1","1","27","18","31","2","10","2","7","3","23","4","19","9","8","5","91","3","14","20","26","1","14","9","0","16","6","2","6","3","5","3","3","3","4","5","2","4","4","5","1","1","7","7","1","1","7","7","5","6","5","6","5","2","6","4","5","2","5","1","4","1","5","1","5","1","3","2","4","2","1","3","2","1","3","4","2","0","","2","1","3","4","5","6","33","","","Thank you!","2","1","1","2","2","1","2","4","5","6","1","3","1","9","10","6","7","8","3","4","2","5","5","2","9","4","8","1","6","3","7","9","4","8","3","2","6","5","7","11","10","1","Independent","Joe Biden","Robert F. Kennedy Jr.","man","White","Hispanic, Latino, or Spanish origin","","","","","","","$60,001-$80,000","2yearColl","New Hampshire","Rockingham"
738646,"0","100","302","1","1","50","0","30","0","0","20","0","0","70","50","80","70","50","70","60","80","40","0","40","0","0","20","0","0","6","5","4","5","5","4","5","3","5","6","4","5","3","5","4","1","6","6","2","2","5","5","4","2","7","2","7","6","5","1","6","3","5","","","","","","3","5","1","4","2","1","2","3","1","2","3","4","3","1","","1","2","3","4","5","6","26","","","","1","2","2","1","2","1","6","4","3","2","1","5","1","9","8","10","7","5","2","3","4","6","6","3","7","8","5","1","4","2","9","10","6","7","3","11","2","8","5","9","4","1","Democrat","Joe Biden","Joe Biden","man","","","","Asian","","","","","$60,001-$80,000","4yearColl","New York","Kings"
266985,"0","100","542","1","1","20","15","20","6","17","4","15","3","70","60","75","75","60","65","40","40","15","5","20","7","20","20","10","3","4","6","6","2","5","1","1","5","2","5","6","6","3","5","4","3","5","3","1","7","4","7","6","1","7","1","6","5","6","1","6","1","2","7","1","1","6","1","4","1","2","3","5","2","1","3","1","2","3","4","5","1","","1","2","3","4","5","6","69","","","The current administration is a disaster!","1","2","2","1","1","2","4","2","3","6","1","5","1","8","5","9","7","10","2","4","3","6","4","5","7","2","3","1","9","8","6","8","4","5","10","7","6","11","3","2","9","1","Republican","Donald Trump","Donald Trump","woman","White","","","","","","","","$20,001-$40,000","GED","Texas","Bell"
630439,"0","100","517","1","1","14","21","19","3","20","4","0","19","25","14","15","27","","1","51","14","20","27","29","7","8","0","0","9","7","7","7","2","5","1","2","2","4","3","2","3","5","5","1","1","6","7","3","1","3","6","1","5","5","5","6","7","6","5","5","3","6","1","","","","","5","1","2","4","3","2","1","3","1","2","3","4","4","1","","2","1","3","4","5","6","26","","","","2","1","2","1","1","2","3","2","6","4","1","5","1","6","7","8","10","9","3","4","2","5","9","8","2","5","6","1","7","3","4","9","2","6","4","7","3","11","10","5","8","1","Independent","Third-party candidate","Joe Biden","woman","","","Black or African American","","","","","","$0-$20,000","4yearColl","Oklahoma","Cleveland"
759298,"0","100","473","1","1","35","10","36","5","5","5","4","0","50","15","50","25","0","0","75","0","25","25","25","0","0","0","0","25","6","4","3","4","5","3","3","3","2","3","1","2","1","2","1","1","7","7","1","1","7","7","1","1","5","5","6","5","6","3","2","1","7","1","","6","1","7","1","4","2","3","5","2","1","3","1","2","3","4","5","1","","2","1","3","4","5","6","32","","","","2","1","2","1","1","2","4","2","3","5","1","6","1","8","9","6","7","10","3","2","4","5","6","8","7","4","2","1","3","5","9","11","9","2","7","10","8","5","3","6","4","1","Democrat","Joe Biden","Joe Biden","woman","White","Hispanic, Latino, or Spanish origin","","","","","","","$20,001-$40,000","2yearColl","Florida","Alachua"
522537,"0","100","813","1","1","2","28","5","10","24","22","6","3","46","22","35","46","31","54","80","25","13","15","15","11","26","9","0","11","5","5","7","6","5","6","6","5","3","7","6","6","7","6","7","7","7","7","1","1","7","7","4","2","7","3","4","6","5","3","7","1","5","7","4","6","5","3","5","2","4","3","1","2","1","3","2","1","3","4","5","1","","1","2","3","4","5","6","38","","","it was good","1","2","1","2","2","1","5","2","4","6","1","3","1","5","9","10","6","8","4","3","2","7","9","7","2","3","8","1","5","4","6","3","11","6","7","9","8","10","5","2","4","1","Republican","Donald Trump","Donald Trump","woman","White","","","","","","","","$20,001-$40,000","4yearColl","Virginia","Arlington"
886393,"0","100","387","1","1","24","13","18","24","6","6","2","7","76","22","69","100","33","33","8","39","12","12","12","9","26","15","0","14","6","3","2","3","5","3","5","2","6","6","3","3","5","6","1","1","7","7","3","1","7","7","5","5","6","6","6","5","6","1","5","2","5","2","6","5","4","5","2","3","4","1","5","2","1","3","1","2","3","4","5","1","","1","2","3","4","5","6","29","","","","1","2","1","2","1","2","6","5","2","4","1","3","1","9","6","8","10","7","3","2","4","5","3","4","6","8","7","1","5","2","9","4","6","3","5","11","7","10","2","9","8","1","Democrat","Joe Biden","Joe Biden","woman","White","","","","","","","","$80,001-$100,000","MA","Connecticut","Middlesex"
876409,"0","100","255","1","1","19","24","13","5","19","12","0","8","30","41","32","54","27","12","71","16","23","27","21","0","29","0","0","0","5","6","6","3","5","3","3","3","4","4","2","2","2","3","4","4","6","6","2","3","6","6","4","5","6","5","6","5","5","2","5","5","5","1","3","6","1","5","4","3","2","1","5","1","2","3","2","1","3","4","4","1","","1","2","3","4","5","6","29","","","","2","1","1","2","1","2","2","3","4","6","1","5","1","10","5","9","6","8","2","4","3","7","2","3","5","7","6","1","9","4","8","2","5","4","8","7","11","3","10","6","9","1","Democrat","Joe Biden","Cornel West","woman","","Hispanic, Latino, or Spanish origin","","","","","","","$40,001-$60,000","4yearColl","California","Orange"
648722,"0","100","307","1","1","32","9","14","6","10","8","16","5","50","80","82","95","27","86","38","86","21","0","22","6","28","6","16","1","7","7","7","1","5","1","2","1","1","1","6","6","1","1","1","1","7","7","7","1","7","7","3","2","6","2","5","5","5","3","6","3","7","3","5","1","5","4","2","3","5","1","4","1","2","3","1","2","3","4","5","1","","2","1","3","4","5","6","41","","","","2","1","1","2","2","1","6","5","2","4","1","3","1","6","8","5","10","9","4","2","3","7","8","5","7","3","9","1","2","4","6","8","4","7","5","2","6","9","3","11","10","1","Democrat","Joe Biden","Donald Trump","man","White","Hispanic, Latino, or Spanish origin","","","","","","","$40,001-$60,000","4yearColl","California","San Luis Obispo"
993772,"0","100","206","1","1","12","23","25","16","14","2","0","8","42","20","58","57","33","16","0","18","24","26","23","9","9","9","0","0","5","4","5","5","5","5","5","5","4","5","5","5","4","4","3","3","5","6","6","2","6","6","2","2","5","4","3","6","6","3","5","6","5","2","1","3","1","","2","5","3","4","1","1","2","3","1","2","3","4","2","0","","1","2","3","4","5","6","36","","","","2","1","1","2","2","1","6","4","2","3","1","5","1","6","9","5","8","7","4","2","3","10","2","4","5","3","8","1","9","6","7","11","5","8","9","3","2","6","7","10","4","1","Independent","I did not vote","Jill Stein","woman","","","","Asian","","","","","Over $200,000","4yearColl","Washington","King"
195208,"0","100","396","1","1","15","20","20","10","10","10","5","10","19","52","48","48","41","41","75","49","20","20","20","10","5","5","0","20","7","7","5","2","5","3","3","2","1","3","3","3","1","6","1","1","7","7","1","1","7","7","5","1","6","1","6","2","7","2","6","2","6","1","7","5","4","2","1","3","4","2","5","2","1","3","1","2","3","4","5","1","","2","1","3","4","5","6","37","","","","2","1","1","2","1","2","4","3","6","2","1","5","1","5","9","6","10","7","4","2","3","8","3","8","7","9","4","1","6","5","2","10","6","11","5","8","3","4","9","2","7","1","Democrat","Joe Biden","Joe Biden","woman","White","","","","American Indian or Alaska Native","","","","$80,001-$100,000","2yearColl","Washington","King"
697823,"0","100","319","1","1","7","6","25","23","9","7","17","6","7","10","22","30","19","8","25","21","14","14","17","15","18","12","1","9","5","3","2","5","5","6","6","6","4","6","5","6","6","6","1","1","6","6","2","1","6","6","5","2","5","2","5","2","5","2","5","2","5","2","4","5","2","5","2","3","1","4","5","2","1","3","1","2","3","4","5","1","","2","1","3","4","5","6","32","","","","2","1","2","1","1","2","5","4","3","6","1","2","1","9","7","10","8","5","3","2","4","6","2","4","9","7","8","1","5","6","3","5","11","8","2","4","7","10","6","3","9","1","Independent","Joe Biden","Joe Biden","man","","Hispanic, Latino, or Spanish origin","","","","","","","$60,001-$80,000","MA","Louisana","Lafayette"
397370,"0","100","514","1","1","25","3","30","7","15","10","5","5","59","54","71","81","53","56","70","54","22","20","29","0","14","10","0","5","6","6","4","3","5","2","2","1","3","4","2","2","2","3","1","1","7","7","2","2","5","7","4","2","6","2","6","5","4","3","6","2","6","1","4","5","2","6","3","1","2","4","5","1","2","3","2","1","3","4","4","1","","1","2","3","4","5","6","23","","","","1","2","2","1","2","1","5","4","6","3","1","2","1","6","5","9","10","8","4","3","2","7","3","5","6","4","2","1","9","8","7","6","7","8","5","3","10","9","4","2","11","1","Independent","Joe Biden","Joe Biden","man","","","","Asian","","","","","$80,001-$100,000","4yearColl","California","San Diego"
435438,"0","100","857","1","1","10","20","30","10","10","10","10","0","69","40","62","80","39","46","62","31","5","10","20","5","20","20","10","10","4","4","6","4","5","5","5","5","4","5","5","5","6","5","3","1","6","6","2","2","6","5","2","1","5","6","6","6","7","6","5","3","4","4","5","4","4","4","5","4","1","2","3","1","2","3","2","1","3","4","3","1","","1","2","3","4","5","6","29","","","","2","1","2","1","2","1","3","6","5","2","1","4","1","6","8","5","7","10","4","3","2","9","9","4","3","5","6","1","7","8","2","4","3","7","8","9","5","2","10","6","11","1","Democrat","Joe Biden","Joe Biden","woman","","","","Asian","","","","","$40,001-$60,000","4yearColl","California","Santa Clara"
615731,"0","100","870","1","1","11","22","12","1","26","12","7","9","44","60","59","16","50","62","35","59","14","14","7","3","14","20","14","14","6","6","6","6","5","6","7","6","6","6","6","7","5","7","5","5","6","5","5","4","6","4","4","2","6","5","6","6","6","1","6","1","6","5","4","5","4","5","5","1","2","4","3","1","2","3","1","2","3","4","4","1","","1","2","3","4","5","6","33","","","Thank you","2","1","2","1","2","1","4","6","2","5","1","3","1","9","5","8","6","7","3","2","4","10","7","2","8","4","5","1","6","9","3","2","8","9","11","4","10","6","3","7","5","1","Independent","Joe Biden","Donald Trump","man","","","Black or African American","","","","","","$40,001-$60,000","4yearColl","Wisconsin","Chippewa"
697755,"0","100","553","1","1","15","5","25","5","10","25","10","5","50","50","50","35","50","35","65","35","15","15","15","10","15","15","0","15","5","5","6","3","5","3","3","3","2","3","3","3","2","3","1","1","7","7","1","1","7","7","3","3","4","5","4","5","5","3","4","3","5","3","5","4","","","1","5","3","2","4","1","2","3","1","2","3","4","2","1","","1","2","3","4","5","6","41","","","none","1","2","1","2","1","2","2","6","4","3","1","5","1","6","5","10","9","8","4","3","2","7","4","8","5","7","2","1","3","6","9","3","10","4","7","5","6","11","2","9","8","1","Independent","I did not vote","Joe Biden","man","","Hispanic, Latino, or Spanish origin","","","","","","","$60,001-$80,000","4yearColl","Texas","Harris"
503299,"0","100","914","1","1","29","11","12","11","15","11","11","0","71","80","74","65","70","65","64","66","19","12","13","13","13","14","16","0","4","4","4","4","5","4","4","4","4","4","4","5","4","4","4","4","4","4","4","4","4","4","4","4","5","4","5","4","5","4","5","4","4","6","5","5","5","5","2","3","1","4","5","2","1","3","1","2","3","4","3","1","","1","2","3","4","5","6","45","","","","2","1","1","2","1","2","4","6","5","3","1","2","1","5","10","7","9","6","3","4","2","8","2","3","9","4","5","1","8","6","7","4","11","5","7","10","8","6","3","9","2","1","Republican","Joe Biden","Joe Biden","woman","","","Black or African American","","","","","","$40,001-$60,000","MA","Texas","Dallas"
371309,"0","100","555","1","1","20","10","40","5","5","0","20","0","75","20","90","100","20","90","100","20","20","30","20","0","10","10","0","10","6","7","6","5","5","5","5","5","6","6","2","5","6","7","1","1","7","7","1","1","7","7","2","1","6","1","6","7","7","3","7","4","5","1","6","6","1","4","1","4","3","2","5","2","1","3","2","1","3","4","5","1","","1","2","3","4","5","6","35","","","","2","1","2","1","2","1","2","3","6","5","1","4","1","10","6","7","5","8","3","4","2","9","3","4","7","5","2","1","6","8","9","2","5","11","4","10","3","8","6","7","9","1","Democrat","Joe Biden","Joe Biden","woman","","","Black or African American","","","","","","$20,001-$40,000","4yearColl","Virginia","Henry"
963281,"0","100","957","1","1","0","23","13","20","23","21","0","0","49","54","39","17","36","39","52","44","1","3","29","32","17","0","18","0","3","4","5","6","5","7","5","6","2","7","6","7","6","7","5","6","6","7","1","7","4","7","3","5","6","3","4","6","6","5","6","3","5","7","5","3","3","3","4","1","2","5","3","1","2","3","2","1","3","4","4","1","","1","2","3","4","5","6","49","","","it was good","2","1","2","1","1","2","4","2","5","6","1","3","1","8","10","5","6","9","2","3","4","7","8","9","4","2","7","1","5","6","3","8","5","2","9","4","10","3","11","6","7","1","Democrat","Joe Biden","Joe Biden","woman","","","Black or African American","","","","","","$40,001-$60,000","4yearColl","Arizona","Yuma"
474366,"0","100","592","1","1","10","20","10","10","20","10","10","10","76","83","84","89","100","86","86","81","18","18","17","14","15","8","7","3","5","5","5","5","5","6","6","6","6","5","5","6","6","6","5","5","5","5","5","5","5","5","1","1","5","1","5","5","5","1","5","1","4","4","4","4","4","4","1","4","5","2","3","1","2","3","1","2","3","4","5","1","","1","2","3","4","5","6","23","","","no comments","2","1","1","2","2","1","4","6","3","5","1","2","1","9","10","6","7","5","3","2","4","8","3","8","9","5","7","1","6","2","4","9","11","5","2","8","3","6","10","4","7","1","Democrat","Joe Biden","Joe Biden","man","","","Black or African American","","","","","","$80,001-$100,000","4yearColl","New York","New York"
461486,"0","100","418","1","1","25","3","26","8","7","8","23","0","58","3","30","21","27","17","99","10","20","19","20","8","16","12","0","5","7","2","5","5","5","6","6","6","6","5","5","3","6","6","2","1","7","6","3","1","7","7","1","3","5","2","6","7","6","2","7","7","7","1","2","5","2","5","4","5","1","3","2","1","2","3","2","1","3","4","5","1","","1","2","3","4","5","6","40","","","","1","2","2","1","1","2","4","3","5","6","1","2","1","7","10","5","6","9","4","3","2","8","6","2","4","5","9","1","7","8","3","10","5","7","4","11","6","8","9","2","3","1","Democrat","Joe Biden","Joe Biden","woman","","","Black or African American","","","","","","$80,001-$100,000","MA","Ohio","Summit"
436629,"0","100","554","1","1","10","20","50","3","10","5","1","1","5","10","5","70","8","5","49","15","10","20","50","5","10","3","1","1","7","7","6","2","5","1","1","1","1","2","1","3","1","2","1","1","7","7","1","1","7","7","5","1","6","1","7","7","7","1","7","1","7","2","6","","","7","2","1","4","3","5","1","2","3","1","2","3","4","5","1","","2","1","3","4","5","6","30","","","","2","1","1","2","2","1","4","2","3","5","1","6","1","10","9","5","8","7","4","2","3","6","9","3","8","7","4","1","5","6","2","7","5","10","11","8","2","6","3","9","4","1","Independent","Joe Biden","Joe Biden","man","","","Black or African American","","","","","","$40,001-$60,000","MA","Florida","Duval"
171594,"0","100","400","1","1","10","40","50","0","0","0","0","0","38","39","100","35","95","52","29","41","0","0","50","0","50","0","0","0","7","4","4","1","5","4","4","4","4","4","4","4","4","4","4","4","4","3","4","7","4","4","4","4","6","3","5","4","7","1","7","1","7","4","5","5","5","","5","4","3","1","2","1","2","3","1","2","3","4","1","0","N/A","1","2","3","4","5","6","49","","N/A","","2","1","2","1","1","2","3","4","5","2","1","6","1","5","8","6","7","10","2","3","4","9","3","6","9","4","8","1","5","7","2","10","7","2","4","5","11","6","3","9","8","1","Independent","I did not vote","Other","woman","","","","","","","","Other (please specify)","$60,001-$80,000","2yearColl","Georgia","Gwinnett"
776555,"0","100","556","1","1","30","3","34","6","2","5","20","0","20","30","35","80","50","20","90","30","25","20","20","0","5","15","0","15","7","7","6","1","5","2","1","2","1","3","1","1","1","5","1","1","7","7","2","1","7","7","3","5","7","7","6","5","7","2","6","1","7","1","7","6","1","7","4","1","3","5","2","1","2","3","2","1","3","4","2","0","","1","2","3","4","5","6","25","","","","2","1","2","1","1","2","6","5","2","3","1","4","1","5","6","8","9","7","2","4","3","10","9","8","7","6","3","1","5","4","2","7","5","8","3","11","10","9","2","6","4","1","Independent","Joe Biden","Jill Stein","woman","White","","","Asian","","","","","$60,001-$80,000","GED","New Jersey","Camden"
574685,"0","100","465","1","1","50","50","0","0","0","0","0","0","40","50","49","60","50","50","51","50","0","50","0","0","0","0","0","50","7","7","7","1","5","2","1","5","2","5","2","2","1","2","1","7","7","7","2","1","7","7","7","5","7","1","7","1","7","1","7","1","7","7","6","7","1","1","5","3","4","2","1","2","1","3","1","2","3","4","5","1","","1","2","3","4","5","6","32","","","Thank you for this opportunity!","2","1","1","2","1","2","6","3","4","2","1","5","1","7","8","6","5","9","3","4","2","10","7","3","5","2","4","1","9","8","6","9","11","2","5","6","7","8","4","10","3","1","Democrat","Joe Biden","Jill Stein","woman","","","Black or African American","","","","","","$60,001-$80,000","4yearColl","Florida","Miami-Dade"
576048,"0","100","710","1","1","20","15","20","10","17","8","5","5","70","60","55","60","50","55","65","60","20","10","15","15","20","10","3","7","6","3","3","5","5","5","3","5","3","5","6","6","5","5","6","5","5","5","3","3","6","6","3","3","6","1","6","6","5","1","7","2","5","5","5","4","4","4","1","3","4","5","2","2","1","3","2","1","3","4","5","1","","2","1","3","4","5","6","29","","","no technical issues, thanks","2","1","1","2","1","2","2","6","4","5","1","3","1","9","10","7","8","5","2","4","3","6","6","5","8","3","7","1","9","4","2","6","7","4","9","2","10","11","8","5","3","1","Republican","Donald Trump","Donald Trump","man","","Hispanic, Latino, or Spanish origin","","","","","","","$100,001-$120,000","2yearColl","Colorado","Weld"
786317,"0","100","834","1","1","15","5","30","10","5","5","25","5","73","76","92","78","74","64","90","91","2","11","11","16","17","15","11","17","7","6","6","2","5","1","1","5","5","4","5","5","4","3","1","4","7","4","6","5","5","4","4","1","7","1","6","4","6","1","7","1","7","4","2","1","4","2","1","3","2","5","4","1","2","3","1","2","3","4","5","1","","2","1","3","4","5","6","57","","","","2","1","1","2","2","1","2","4","6","5","1","3","1","6","10","8","7","5","2","3","4","9","5","6","9","7","4","1","2","8","3","3","8","10","2","11","4","9","7","6","5","1","Independent","Third-party candidate","Jill Stein","man","","","Black or African American","","","","","","$40,001-$60,000",NA,"Illinois","Cook"
183274,"0","100","526","1","1","15","10","15","10","15","10","15","10","60","61","51","42","62","44","50","50","16","15","15","10","12","12","5","15","4","5","5","5","5","5","5","6","5","6","6","6","6","6","3","5","6","6","3","3","6","7","5","2","6","3","6","5","5","2","6","2","5","5","3","5","3","5","2","4","1","5","3","1","2","3","2","1","3","4","3","1","","2","1","3","4","5","6","23","","","","2","1","2","1","2","1","2","5","3","6","1","4","1","8","7","9","10","5","3","4","2","6","2","4","6","5","9","1","7","8","3","4","5","2","9","10","8","3","7","6","11","1","Republican","Donald Trump","Donald Trump","man","","","Black or African American","","","","","","$40,001-$60,000","4yearColl","Oklahoma","Oklahoma"
738449,"0","100","590","1","1","19","24","24","2","16","5","0","10","30","21","49","30","20","10","100","10","12","12","16","10","25","15","0","10","7","6","6","3","5","2","5","2","7","5","2","6","1","5","1","1","7","7","1","1","7","7","6","1","7","2","6","4","5","1","6","2","6","1","7","7","2","7","3","5","1","2","4","2","1","3","2","1","3","4","5","1","","1","2","3","4","5","6","60","","","","1","2","2","1","1","2","5","2","6","4","1","3","1","10","9","5","6","8","3","2","4","7","3","6","7","2","4","1","8","9","5","9","3","6","8","7","4","2","10","5","11","1","Democrat","Joe Biden","Joe Biden","man","White","","","","","","","","$0-$20,000","GED","California","Los Angeles"
359947,"0","100","545","1","1","25","10","10","10","5","25","5","10","10","5","1","1","1","1","100","1","40","40","20","0","0","0","0","0","7","5","7","2","5","2","5","1","4","3","3","2","1","1","1","1","7","1","1","1","7","7","3","4","5","5","5","3","6","3","3","2","7","1","6","5","1","6","4","1","5","2","3","2","1","3","2","1","3","4","5","1","","1","2","3","4","5","6","31","","","","1","2","2","1","1","2","3","4","6","5","1","2","1","10","8","6","7","5","3","2","4","9","3","5","2","9","4","1","7","8","6","2","4","11","6","3","9","8","5","7","10","1","Independent","Joe Biden","Joe Biden","woman","","Hispanic, Latino, or Spanish origin","","","","","","","$0-$20,000","GED","California","Los Angeles"
148169,"0","100","468","1","1","38","18","21","16","7","0","0","0","26","12","0","14","8","0","0","0","0","58","42","0","0","0","0","0","4","3","2","6","5","4","5","4","3","5","4","6","3","5","1","1","7","7","7","1","7","7","7","1","1","1","7","3","7","1","7","1","7","4","5","","5","5","5","1","3","4","2","1","2","3","2","1","3","4","4","1","","1","2","3","4","5","6","26","","","","2","1","2","1","1","2","2","5","6","4","1","3","1","8","6","9","10","7","3","2","4","5","8","7","9","6","5","1","4","3","2","11","3","2","9","4","6","5","10","8","7","1","Democrat","Joe Biden","Joe Biden","man","","","Black or African American","","","","","","$80,001-$100,000","GED","Missouri","St. Louis"
758907,"0","100","343","1","1","33","8","20","3","14","5","13","4","75","35","28","22","42","4","79","50","21","15","15","10","15","9","5","10","7","7","5","2","5","2","2","2","3","2","1","4","1","1","1","1","7","7","7","1","7","7","1","5","7","3","6","7","4","1","6","5","7","1","3","1","1","2","3","1","4","5","2","2","1","3","1","2","3","4","3","1","","1","2","3","4","5","6","40","","","good study","1","2","2","1","2","1","4","2","6","3","1","5","1","6","5","8","10","9","3","2","4","7","5","6","2","3","7","1","4","9","8","7","2","5","8","4","3","11","6","10","9","1","Democrat","I did not vote","Joe Biden","man","","","Black or African American","","","","","","$120,001-$140,000","GED","Texas","Denton"
812045,"0","100","499","1","1","13","12","14","13","12","12","12","12","80","0","85","90","75","70","70","75","13","13","13","13","13","13","10","12","7","5","6","5","5","4","4","4","5","2","6","5","4","5","1","1","7","7","1","1","7","7","5","3","3","7","6","7","7","3","3","2","7","2","7","7","4","7","2","1","3","5","4","1","2","3","2","1","3","4","3","1","","1","2","3","4","5","6","30","","","I don't have any additional comments or feedback, thank you.","2","1","1","2","1","2","2","5","4","6","1","3","1","7","6","9","10","5","4","3","2","8","4","9","3","2","7","1","5","8","6","5","10","11","7","2","6","4","9","8","3","1","Democrat","Joe Biden","Joe Biden","woman","","Hispanic, Latino, or Spanish origin","","","","","","","$0-$20,000","2yearColl","Texas","Tarrant"
708891,"0","100","943","1","1","15","15","15","15","10","10","10","10","74","75","73","76","54","76","71","72","12","12","12","13","13","13","13","12","5","4","4","4","5","2","4","4","2","4","1","4","2","4","1","1","7","7","1","1","7","7","5","1","7","2","7","6","7","1","7","1","4","1","5","6","1","6","3","1","2","4","5","1","2","3","2","1","3","4","5","1","","1","2","3","4","5","6","35","","","","1","2","2","1","1","2","2","6","4","5","1","3","1","6","7","8","5","9","4","3","2","10","9","2","3","5","6","1","8","4","7","9","7","8","5","4","3","6","11","2","10","1","Democrat","Joe Biden","Joe Biden","man","","Hispanic, Latino, or Spanish origin","","","","","","","Over $200,000","MA","New Jersey","Bergen"
164843,"0","100","268","1","1","46","49","5","0","0","0","0","0","48","51","50","52","53","54","58","58","50","50","0","0","0","0","0","0","5","5","5","5","5","6","5","6","5","5","6","6","5","6","6","6","6","5","5","5","6","5","6","6","5","6","6","6","5","5","6","5","5","4","3","3","3","3","4","3","5","1","2","2","1","3","2","1","3","4","3","1","","2","1","3","4","5","6","26","","","","1","2","1","2","2","1","6","3","2","5","1","4","1","5","6","10","9","7","2","3","4","8","3","5","6","2","4","1","9","8","7","6","10","9","11","8","7","3","5","2","4","1","Republican","I did not vote","Donald Trump","man","","","","Asian","","","","","Over $200,000","MA","New Jersey","Bergen"
728695,"0","100","891","1","1","40","4","17","0","20","0","19","0","75","65","90","84","59","90","80","55","13","15","18","11","13","0","0","30","6","7","6","3","5","3","3","5","1","3","6","6","1","2","4","1","4","7","3","6","6","6","1","3","6","3","5","5","7","1","6","2","2","4","4","2","2","3","3","2","1","4","5","2","1","3","2","1","3","4","4","1","Not sure","1","2","3","4","5","6","76","","","","2","1","2","1","1","2","4","6","5","3","1","2","1","9","6","10","8","5","3","2","4","7","6","3","8","5","4","1","9","2","7","6","9","4","7","8","3","2","5","11","10","1","Independent","Joe Biden","Other","woman","White","","","","","","","","$0-$20,000","PHD","Arizona","Maricopa"
947777,"0","100","339","1","1","23","15","15","15","15","15","1","1","50","0","50","50","50","0","100","50","20","20","20","20","0","20","0","0","7","7","7","4","5","4","4","4","6","6","4","4","4","4","1","1","7","7","1","1","7","7","4","1","4","7","7","7","7","1","4","1","5","1","7","7","1","7","3","1","4","5","2","1","2","3","1","2","3","4","5","1","","1","2","3","4","5","6","34","","","","2","1","2","1","2","1","3","4","6","5","1","2","1","8","9","6","10","7","4","2","3","5","7","8","9","6","3","1","2","4","5","11","4","5","8","3","9","2","7","10","6","1","Democrat","Joe Biden","Joe Biden","woman","","","","Asian","","","","","$0-$20,000","4yearColl","California","San Francisco"
813601,"0","100","493","1","1","30","5","10","38","0","0","11","6","61","19","5","65","3","1","2","15","31","11","12","10","16","18","0","2","7","7","7","1","5","1","1","1","1","1","1","1","1","1","1","1","7","7","1","1","7","7","3","5","3","5","5","5","6","5","3","3","7","1","5","6","5","5","4","1","2","5","3","2","1","3","1","2","3","4","1","0","","2","1","3","4","5","6","22","","","","2","1","2","1","2","1","4","5","3","2","1","6","1","8","7","5","10","9","3","2","4","6","9","3","2","5","6","1","7","8","4","4","2","3","9","8","6","7","11","5","10","1","Democrat","I did not vote","Other","woman","","","Black or African American","","","","","","$60,001-$80,000","4yearColl","Oklahoma","Cleveland"
235350,"0","100","820","1","1","10","7","20","38","8","12","4","1","85","32","94","94","57","82","67","59","13","4","20","27","19","12","4","1","6","3","6","5","5","5","6","6","2","4","5","6","3","6","2","1","7","5","5","2","5","6","5","2","6","6","5","6","6","2","7","1","5","6","3","","3","","5","4","1","3","2","2","1","3","2","1","3","4","2","1","","2","1","3","4","5","6","26","","","","1","2","1","2","1","2","6","4","2","5","1","3","1","8","9","5","7","10","3","2","4","6","9","8","4","6","5","1","3","2","7","9","7","11","10","5","6","4","8","2","3","1","Republican","I did not vote","Donald Trump","man","","Hispanic, Latino, or Spanish origin","","","","","","","$60,001-$80,000","MA","California","Orange"
922355,"0","100","462","1","1","10","20","30","10","0","10","0","20","20","34","84","29","45","27","68","86","0","30","40","0","0","30","0","0","7","6","5","3","3","2","3","2","1","3","2","3","3","2","5","5","3","5","4","5","5","5","4","3","3","6","5","5","3","6","3","5","5","3","2","3","","4","5","2","3","1","4","1","2","3","2","1","3","4","1","0","","1","2","3","4","5","6","31","","","","2","1","1","2","2","1","6","3","4","5","1","2","1","8","7","10","5","6","2","3","4","9","3","9","5","7","2","1","8","6","4","10","7","11","8","5","2","6","3","9","4","1","Independent","I did not vote","Joe Biden","man","","Hispanic, Latino, or Spanish origin","","","","","","","$40,001-$60,000","2yearColl","Maryland","Montgomery"
327151,"0","100","283","1","1","50","0","24","0","0","14","12","0","100","51","62","84","54","54","85","53","48","25","2","0","14","11","0","0","5","5","5","4","5","3","4","3","1","6","4","6","1","3","4","1","6","5","2","2","4","6","2","5","6","2","6","7","6","2","6","2","4","1","4","4","1","4","2","1","5","4","3","2","1","3","2","1","3","4","2","0","","1","2","3","4","5","6","28","","","","2","1","1","2","2","1","5","6","4","3","1","2","1","10","9","5","7","8","2","4","3","6","7","5","2","9","4","1","6","3","8","8","3","5","7","2","11","4","10","9","6","1","Independent","I did not vote","Joe Biden","man","","","","Asian","","","","","$40,001-$60,000","4yearColl","Arkansas","Sebastian"
560371,"0","100","531","1","1","10","10","20","10","10","10","20","10","52","51","51","38","41","42","57","53","0","0","30","0","20","20","30","0","7","7","6","1","5","2","2","2","4","2","2","5","2","6","3","1","7","7","3","2","6","6","4","1","5","5","6","4","6","5","3","2","6","3","6","3","6","5","2","5","3","4","1","1","2","3","1","2","3","4","5","1","","1","2","3","4","5","6","46","","","","1","2","1","2","2","1","4","2","5","6","1","3","1","9","10","8","6","7","4","3","2","5","2","4","6","7","3","1","8","5","9","3","10","5","8","2","11","7","6","4","9","1","Democrat","Joe Biden","Joe Biden","woman","","Hispanic, Latino, or Spanish origin","","","","","","","$60,001-$80,000","2yearColl","New York","Chenango"
138693,"0","100","289","1","1","10","1","50","7","1","15","15","1","0","0","0","0","0","0","25","0","10","15","15","15","15","15","10","5","7","7","7","1","5","1","1","1","1","1","1","1","1","1","1","1","7","7","1","1","7","7","4","4","6","3","6","5","6","3","5","3","7","4","4","4","4","4","2","4","1","5","3","1","2","3","2","1","3","4","1","0","","2","1","3","4","5","6","27","","","","1","2","1","2","2","1","4","3","2","5","1","6","1","9","5","10","6","8","3","4","2","7","2","9","3","6","7","1","5","8","4","10","9","11","4","3","8","2","6","5","7","1","Independent","Third-party candidate","Donald Trump","man","","","Black or African American","Asian","","","","","$40,001-$60,000","2yearColl","Florida","Collier"
246258,"0","100","482","1","1","15","15","15","15","15","15","5","5","45","45","45","35","45","45","0","0","16","16","16","16","16","16","0","4","6","6","6","3","5","5","5","5","2","5","5","6","2","5","2","4","4","1","1","2","7","6","5","1","7","5","6","6","7","1","6","1","6","3","5","5","3","5","2","5","1","4","3","1","2","3","2","1","3","4","5","1","","2","1","3","4","5","6","30","","","","2","1","2","1","2","1","5","6","4","3","1","2","1","6","5","7","8","9","2","3","4","10","2","9","5","4","3","1","6","7","8","10","3","11","9","7","2","4","6","5","8","1","Democrat","Joe Biden","Joe Biden","woman","","","Black or African American","","","","","","$20,001-$40,000","MA","Maryland","Baltimore"
351166,"0","100","1077","1","1","24","4","24","12","24","6","6","0","90","33","76","40","75","50","90","25","21","4","21","15","21","7","5","6","5","6","6","2","5","2","3","5","1","3","6","5","3","5","4","6","6","2","6","6","2","6","1","1","6","6","3","7","5","2","4","6","2","6","1","1","5","1","2","3","1","5","4","2","1","3","1","2","3","4","3","1","","2","1","3","4","5","6","70","","","","2","1","1","2","2","1","6","3","4","5","1","2","1","7","10","9","5","6","3","4","2","8","6","4","9","2","8","1","7","5","3","10","7","9","11","6","3","5","2","4","8","1","Republican","I did not vote","Donald Trump","man","","","","Asian","","","","","$0-$20,000","2yearColl","California","Los Angeles"
419809,"0","100","1062","1","1","21","13","14","8","19","3","14","8","50","34","83","71","62","75","54","55","15","21","16","14","20","10","0","4","4","3","4","6","5","6","6","6","4","6","6","6","6","7","1","1","7","7","1","1","7","7","5","1","7","2","5","6","7","1","7","1","5","3","6","4","5","7","3","5","4","1","2","2","1","3","1","2","3","4","4","1","","2","1","3","4","5","6","28","","","I had a good time completing this study","1","2","1","2","2","1","3","4","6","5","1","2","1","10","5","6","8","9","3","2","4","7","9","6","2","4","8","1","7","5","3","2","6","8","4","10","7","11","9","3","5","1","Democrat","Joe Biden","Joe Biden","woman","","","Black or African American","","","","","","$120,001-$140,000","4yearColl","New York","Suffolk"
799085,"0","100","872","1","1","30","31","10","4","5","6","7","7","30","10","32","25","27","12","54","55","51","9","11","11","8","4","4","2","6","6","6","3","5","3","3","3","3","5","3","4","3","5","4","1","7","7","1","1","7","7","5","1","7","3","5","5","7","3","5","3","7","4","4","4","4","4","4","2","3","1","5","2","1","3","1","2","3","4","5","1","","1","2","3","4","5","6","32","","","","1","2","1","2","1","2","3","4","6","5","1","2","1","5","8","9","6","10","4","2","3","7","3","2","6","8","4","1","7","9","5","11","9","4","3","8","2","6","5","10","7","1","Democrat","Joe Biden","Joe Biden","woman","","Hispanic, Latino, or Spanish origin","","","","","","","$40,001-$60,000","GED","Rhode Island","Kent"
451483,"0","100","438","1","1","24","23","22","17","3","8","0","3","70","39","39","62","75","55","65","24","31","30","29","10","0","0","0","0","4","3","2","4","5","3","5","5","4","6","6","6","6","6","1","1","7","7","1","1","7","7","7","3","5","3","7","1","7","3","5","2","5","3","6","3","5","5","3","1","5","4","2","1","2","3","2","1","3","4","5","1","","1","2","3","4","5","6","32","","","","2","1","1","2","2","1","6","2","5","4","1","3","1","5","6","8","10","9","4","2","3","7","7","4","8","5","6","1","9","3","2","8","10","6","3","5","7","11","4","2","9","1","Democrat","Joe Biden","Joe Biden","man","","","","Asian","","","","","Over $200,000","MA","Massachusetts","Suffolk"
162159,"0","100","435","1","1","18","4","12","12","14","16","22","2","45","21","26","37","13","46","60","24","10","10","20","5","11","17","24","3","2","3","5","3","5","4","2","3","1","3","4","6","4","4","6","3","4","4","6","5","3","4","2","4","6","5","3","6","4","2","5","4","5","7","1","1","5","1","1","4","5","2","3","1","2","3","2","1","3","4","5","1","","2","1","3","4","5","6","68","","","","2","1","1","2","2","1","6","4","3","5","1","2","1","5","6","8","9","10","2","3","4","7","9","2","5","7","6","1","4","8","3","8","7","5","4","11","10","2","3","9","6","1","Republican","Donald Trump","Donald Trump","woman","White","","","","","","","","$0-$20,000","GED","Iowa","Cass"
136840,"0","100","481","1","1","15","21","22","7","10","19","3","3","40","30","15","5","1","5","4","10","10","18","18","6","18","18","2","10","6","6","6","2","5","1","1","2","1","2","3","3","2","2","4","1","7","7","7","7","1","7","6","2","6","2","6","2","6","2","6","2","6","5","5","3","4","2","4","5","3","2","1","2","1","3","1","2","3","4","5","1","","1","2","3","4","5","6","64","","","Thanks, it was interesting.","2","1","2","1","1","2","3","5","6","2","1","4","1","5","8","10","9","7","2","3","4","6","8","6","9","7","4","1","5","2","3","7","11","3","9","4","10","2","5","8","6","1","Independent","Joe Biden","Donald Trump","man","White","Hispanic, Latino, or Spanish origin","","","","","","","$60,001-$80,000","2yearColl","Florida","Sumter"
605159,"0","100","447","1","1","11","11","17","14","11","17","11","8","40","50","60","60","50","50","40","40","10","10","20","10","10","20","10","10","5","6","5","3","5","4","2","3","2","4","4","5","4","4","3","3","5","5","4","4","5","5","3","4","6","4","5","5","6","2","5","3","5","5","2","2","2","2","5","1","3","2","4","1","2","3","1","2","3","4","1","0","","1","2","3","4","5","6","38","","","","2","1","1","2","2","1","4","2","5","6","1","3","1","9","7","6","5","10","2","4","3","8","5","9","3","8","2","1","7","6","4","5","2","9","4","6","10","11","8","3","7","1","Republican","I did not vote","Donald Trump","man","","","","Asian","","","","","$80,001-$100,000","4yearColl","Pennsylvania","Cumberland"
801249,"0","100","611","1","1","13","20","20","20","5","16","2","4","13","27","18","60","6","11","100","17","0","0","0","0","0","100","0","0","2","5","4","1","5","1","1","1","1","4","1","1","4","6","1","5","7","7","1","1","7","7","7","7","7","1","7","7","7","1","7","1","6","2","7","2","3","3","2","1","3","5","4","2","1","3","1","2","3","4","5","1","","1","2","3","4","5","6","31","","","","1","2","2","1","2","1","5","2","6","3","1","4","1","8","9","6","10","5","3","2","4","7","9","3","4","7","2","1","6","8","5","10","9","5","11","4","3","6","2","7","8","1","Democrat","Joe Biden","Joe Biden","man","","Hispanic, Latino, or Spanish origin","","","","","","","$180,001-$200,000","4yearColl","Illinois","Cook"
803155,"0","100","671","1","1","20","35","20","5","5","5","5","5","5","5","20","5","5","0","10","5","10","30","20","10","10","10","0","10","5","6","5","3","5","5","5","5","1","3","5","6","2","5","1","1","7","7","2","1","4","7","4","2","5","3","5","5","5","2","4","3","6","4","4","4","4","4","3","1","2","4","5","1","2","3","2","1","3","4","4","1","","2","1","3","4","5","6","26","","","","2","1","2","1","2","1","4","6","2","3","1","5","1","6","7","9","5","8","2","4","3","10","8","5","6","3","2","1","7","4","9","9","6","4","8","7","11","2","5","3","10","1","Independent","Joe Biden","Joe Biden","man","White","Hispanic, Latino, or Spanish origin","","","","","","","$80,001-$100,000","GED","California","Contra Costa"
969465,"0","100","594","1","1","8","1","5","61","6","5","12","2","52","52","53","100","30","29","100","50","9","17","16","10","16","14","4","14","5","5","6","3","5","4","4","2","4","2","3","4","2","2","1","1","7","6","1","2","7","6","3","2","4","5","5","5","5","5","4","3","5","4","","","","4","3","4","5","1","2","2","1","3","2","1","3","4","1","0","None ","1","2","3","4","5","6","36","","","","1","2","2","1","1","2","3","5","4","2","1","6","1","10","5","7","6","9","2","4","3","8","7","9","6","5","3","1","2","8","4","2","3","11","4","10","7","9","5","6","8","1","Independent","I did not vote","Other",NA,"","","Black or African American","","","","","","$0-$20,000",NA,"Maryland","Washington"
573027,"0","100","794","1","1","19","9","37","5","6","8","9","7","62","30","63","41","30","50","20","24","19","28","7","7","13","14","3","9","5","3","5","5","5","5","6","6","5","6","5","7","6","6","1","1","7","7","1","1","7","7","3","1","7","3","3","7","7","1","6","5","5","1","7","7","6","7","1","4","3","2","5","2","1","3","1","2","3","4","5","1","","1","2","3","4","5","6","59","","","","2","1","2","1","2","1","5","4","3","6","1","2","1","8","6","9","5","7","4","2","3","10","5","2","4","3","9","1","8","6","7","2","7","9","11","3","10","8","4","5","6","1","Democrat","Joe Biden","Joe Biden","woman","","","Black or African American","","","","","","$20,001-$40,000","GED","Florida","Palm Beach"
990329,"0","100","764","1","1","24","20","19","2","20","6","5","4","91","52","78","60","48","93","100","5","19","18","20","8","15","17","0","3","5","6","5","3","5","3","3","3","3","5","3","4","3","5","3","3","6","6","4","3","5","6","4","3","5","3","5","5","5","2","5","3","5","2","4","5","4","4","3","4","5","2","1","2","1","3","1","2","3","4","5","1","","2","1","3","4","5","6","48","","","","1","2","2","1","2","1","3","4","6","5","1","2","1","6","10","5","9","7","4","3","2","8","6","4","5","8","9","1","7","2","3","4","9","5","2","10","7","8","11","3","6","1","Independent","Joe Biden","Joe Biden","woman","White","","","","","","","","$80,001-$100,000","2yearColl","Louisana","Lafayette"
954348,"0","100","681","1","1","4","3","18","7","14","28","13","13","30","46","78","79","64","77","74","67","6","13","13","7","18","24","6","13","5","4","6","5","5","4","4","5","6","5","6","5","5","4","6","6","6","7","4","4","4","6","5","6","6","5","6","6","5","4","5","5","6","","2","","","","2","5","3","4","1","1","2","3","2","1","3","4","1","0","","1","2","3","4","5","6","53","","","","1","2","2","1","1","2","6","4","2","5","1","3","1","6","8","5","10","7","4","2","3","9","4","8","7","3","9","1","6","2","5","7","5","6","3","11","8","4","2","9","10","1","Democrat","I did not vote","Donald Trump","woman","","","Black or African American","","","","","","$20,001-$40,000","GED","Virginia","Northumberland"
117056,"0","100","274","1","1","8","25","10","9","20","9","9","10","15","16","5","7","26","6","36","26","6","10","17","16","15","6","27","3","6","6","5","6","5","3","3","3","6","2","2","5","5","6","3","3","7","7","3","2","2","7","6","2","7","2","7","3","7","2","6","2","7","2","2","2","2","4","4","3","1","2","5","2","1","3","1","2","3","4","5","1","","1","2","3","4","5","6","23","","","","2","1","1","2","2","1","2","4","5","3","1","6","1","6","10","7","8","9","2","4","3","5","9","5","8","7","2","1","4","6","3","11","2","9","5","8","10","6","4","7","3","1","Independent","Donald Trump","Cornel West","woman","","Hispanic, Latino, or Spanish origin","","","","","","","$40,001-$60,000","2yearColl","Texas","Lubbock"
907989,"0","100","625","1","1","20","15","15","10","15","10","5","10","60","40","45","55","55","50","30","35","15","15","10","10","20","15","10","5","7","6","7","2","5","2","5","4","2","7","5","7","6","7","5","1","7","6","1","1","7","7","6","1","7","5","6","2","7","2","6","2","7","3","7","7","6","6","1","3","2","5","4","2","1","3","1","2","3","4","4","0","","1","2","3","4","5","6","27","","","","1","2","1","2","2","1","5","2","4","3","1","6","1","6","10","8","7","5","2","4","3","9","7","4","9","6","3","1","2","8","5","6","2","7","11","5","3","10","8","4","9","1","Democrat","Joe Biden","","man","","","Black or African American","","","","","","$20,001-$40,000","4yearColl","Illinois","Cook"
200934,"0","100","451","1","1","14","14","24","9","13","9","15","2","23","10","38","21","9","19","83","13","16","21","8","8","13","20","0","14","6","6","5","3","5","5","5","5","2","6","1","2","3","3","3","3","6","5","3","2","5","5","3","3","6","5","6","6","6","5","4","2","5","1","6","6","2","6","3","5","1","4","2","1","2","3","1","2","3","4","5","1","","2","1","3","4","5","6","28","","","","1","2","1","2","1","2","4","3","2","5","1","6","1","7","8","9","5","6","2","4","3","10","4","9","8","5","3","1","7","6","2","9","11","8","2","5","7","10","4","3","6","1","Democrat","Joe Biden","Joe Biden","woman","","","","Asian","","","","","$80,001-$100,000","4yearColl","Texas","Travis"
658569,"0","100","866","1","1","20","20","20","15","10","10","5","0","19","5","5","5","3","4","100","2","30","15","10","8","10","15","2","10","7","7","7","1","5","1","1","1","1","1","1","1","1","1","3","1","7","7","1","1","7","7","5","2","7","3","6","5","7","5","5","2","7","1","7","7","1","7","5","3","4","1","2","1","2","3","2","1","3","4","5","1","","1","2","3","4","5","6","41","","","","1","2","2","1","1","2","2","4","3","6","1","5","1","6","10","5","9","7","2","3","4","8","8","4","6","2","3","1","7","9","5","6","10","8","7","3","9","5","4","11","2","1","Democrat","Joe Biden","Joe Biden","woman","White","","Black or African American","","","","","","$40,001-$60,000","GED","South Carolina","Pickens"
963219,"0","100","570","1","1","4","21","19","22","13","12","2","7","50","30","61","63","41","71","76","57","6","12","20","19","8","18","0","17","5","4","4","4","5","3","2","3","4","3","4","4","3","3","1","1","7","7","1","1","7","7","5","2","6","2","6","4","6","2","6","2","6","2","7","4","4","6","1","2","4","3","5","1","2","3","2","1","3","4","4","1","","2","1","3","4","5","6","53","","","I have no further comments.","2","1","1","2","2","1","5","6","3","4","1","2","1","7","5","8","6","9","4","3","2","10","9","4","2","8","5","1","3","7","6","6","8","2","9","3","7","5","11","4","10","1","Democrat","Joe Biden","Joe Biden","woman","","","Black or African American","","","","","","$80,001-$100,000","4yearColl","New Jersey","Bergen"
983415,"0","100","702","1","1","10","16","20","4","25","4","4","17","82","44","85","24","68","66","83","73","10","23","23","1","23","10","3","7","5","5","6","4","5","5","5","5","3","5","4","6","3","6","2","2","7","7","1","2","7","7","5","1","6","2","7","5","6","2","7","1","5","3","5","5","5","","5","3","2","1","4","1","2","3","1","2","3","4","5","1","","1","2","3","4","5","6","27","","","","1","2","2","1","1","2","5","3","6","2","1","4","1","5","6","7","8","10","2","3","4","9","8","2","4","6","3","1","9","5","7","6","5","7","8","9","3","4","11","2","10","1","Democrat","Joe Biden","Joe Biden","man","White","","","","","","","","$80,001-$100,000","4yearColl","Maine","Cumberland"
343023,"0","100","1133","1","1","40","20","0","0","40","0","0","0","51","59","70","42","49","28","25","10","14","12","17","9","16","15","0","17","4","5","5","3","5","2","6","7","6","6","2","7","3","6","1","1","7","7","1","1","7","7","7","2","7","1","7","2","7","2","7","3","5","2","5","","5","5","4","1","2","5","3","1","2","3","1","2","3","4","4","1","","2","1","3","4","5","6","27","","","","1","2","2","1","1","2","6","3","4","5","1","2","1","10","5","9","7","8","2","3","4","6","2","6","5","3","4","1","9","7","8","6","8","7","5","4","11","3","10","2","9","1","Independent","Joe Biden","Joe Biden","man","","","Black or African American","","","","","","$60,001-$80,000","4yearColl","Illinois","Cook"
324963,"0","100","433","1","1","40","10","20","0","20","0","10","0","50","10","20","10","10","20","100","20","50","10","20","0","20","0","0","0","5","5","5","5","5","1","3","3","2","4","4","4","1","4","3","5","4","5","4","2","5","5","3","5","6","4","5","4","4","2","5","2","6","2","5","7","3","7","4","5","1","2","3","2","1","3","1","2","3","4","5","1","","1","2","3","4","5","6","37","","","","1","2","2","1","1","2","2","5","6","4","1","3","1","10","9","8","6","5","2","4","3","7","5","4","6","2","3","1","8","7","9","2","3","7","4","11","9","10","6","5","8","1","Democrat","Joe Biden","Joe Biden","man","White","","","Asian","","","","","Over $200,000","4yearColl","California","Los Angeles"
133071,"0","100","431","1","1","34","17","26","3","3","6","2","9","45","27","24","42","40","28","25","37","14","9","21","16","13","1","13","13","3","5","4","3","5","4","6","5","6","5","2","4","4","5","5","3","4","4","4","3","5","5","6","4","4","4","5","2","3","3","5","3","5","4","5","3","3","3","3","5","2","1","4","1","2","3","1","2","3","4","3","1","","1","2","3","4","5","6","22","","","","2","1","2","1","2","1","2","4","6","5","1","3","1","5","10","7","8","9","4","2","3","6","7","3","4","5","2","1","6","9","8","6","4","8","10","3","7","2","11","9","5","1","Independent","Donald Trump","Donald Trump","man","","","Black or African American","","","","","","$120,001-$140,000","4yearColl","California","El Dorado"
943732,"0","100","1418","1","1","35","15","20","10","5","5","10","0","80","60","100","50","20","30","30","0","20","20","20","10","10","10","10","0","5","5","6","5","5","4","4","4","4","4","4","4","4","4","2","1","6","7","2","2","6","6","3","1","6","1","6","6","6","1","7","1","5","1","5","4","","5","5","1","2","3","4","2","1","3","2","1","3","4","5","1","","2","1","3","4","5","6","33","","","","1","2","2","1","1","2","2","3","6","5","1","4","1","10","6","9","7","8","3","2","4","5","8","2","3","6","9","1","5","7","4","9","2","10","3","7","4","8","5","6","11","1","Democrat","Joe Biden","Joe Biden","woman","","","Black or African American","","","","","","$20,001-$40,000","4yearColl","Mississippi","Lowndes"
634122,"0","100","338","1","1","38","4","33","11","6","4","3","1","35","49","72","87","31","37","33","46","25","29","23","7","4","6","5","1","6","7","7","3","5","2","1","2","1","2","1","4","2","3","1","1","7","7","1","1","7","7","2","5","6","3","7","5","2","1","5","1","6","2","4","4","4","4","1","2","5","4","3","2","1","3","1","2","3","4","5","1","","2","1","3","4","5","6","27","","","","2","1","1","2","1","2","5","6","2","3","1","4","1","6","5","8","10","9","3","4","2","7","3","2","5","9","4","1","8","7","6","10","7","11","3","6","2","8","4","5","9","1","Independent","Third-party candidate","Joe Biden","woman","","Hispanic, Latino, or Spanish origin","","","","","","","$80,001-$100,000","2yearColl","New York","Kings"
376221,"0","100","477","1","1","100","0","0","0","0","0","0","0","20","10","50","100","15","35","100","0","100","0","0","0","0","0","0","0","7","7","7","5","5","1","1","1","1","3","1","7","1","2","1","1","7","7","1","1","7","7","1","5","4","6","4","7","5","4","3","5","7","2","4","6","1","1","1","5","4","3","2","1","2","3","1","2","3","4","5","1","","1","2","3","4","5","6","28","","","","2","1","2","1","1","2","6","3","2","4","1","5","1","5","6","7","8","9","2","4","3","10","2","3","7","9","5","1","4","6","8","3","4","8","5","11","6","9","2","7","10","1","Democrat","Joe Biden","Joe Biden","man","","Hispanic, Latino, or Spanish origin","Black or African American","","","","","","$120,001-$140,000","GED","New Jersey","Union"
587069,"0","100","790","1","1","16","5","16","11","16","19","5","12","39","20","90","100","30","87","35","73","18","17","10","10","20","11","0","14","6","5","7","2","5","6","6","5","6","6","2","5","1","2","1","1","7","7","1","1","7","7","5","1","6","5","7","6","6","1","5","1","6","2","5","6","6","5","1","5","3","4","2","2","1","3","1","2","3","4","5","1","","1","2","3","4","5","6","25","","","","2","1","1","2","2","1","4","2","6","5","1","3","1","10","9","6","7","5","3","2","4","8","9","6","8","4","5","1","7","2","3","7","4","9","11","6","8","5","3","10","2","1","Democrat","Donald Trump","Robert F. Kennedy Jr.","woman","","","Black or African American","","","","","","$80,001-$100,000","4yearColl","Texas","El Paso"
515175,"0","100","620","1","1","11","27","21","9","7","12","6","7","65","82","78","65","73","80","61","63","12","16","17","14","12","9","12","8","5","5","5","3","5","3","3","5","3","6","1","6","2","6","1","1","7","7","1","1","7","7","5","2","7","2","7","7","7","1","7","2","5","2","6","5","4","3","2","3","4","5","1","1","2","3","2","1","3","4","4","1","","2","1","3","4","5","6","34","","","","1","2","2","1","2","1","5","6","4","3","1","2","1","5","6","8","7","9","2","3","4","10","5","8","3","6","7","1","9","2","4","6","11","8","10","4","9","2","7","5","3","1","Democrat","Joe Biden","Joe Biden","man","","","Black or African American","","","","","","$0-$20,000","2yearColl","Georgia","DeKalb"
568031,"0","100","1118","1","1","20","5","20","20","20","5","5","5","13","5","10","20","12","5","30","5","15","16","16","10","13","15","0","15","5","2","1","5","5","4","6","5","4","6","1","2","1","7","1","1","7","7","1","1","7","7","3","2","4","6","6","5","6","6","3","4","6","1","6","6","2","6","2","1","3","5","4","1","2","3","2","1","3","4","5","1","","1","2","3","4","5","6","36","","","","1","2","1","2","2","1","2","4","5","6","1","3","1","10","7","8","9","5","3","2","4","6","3","2","5","7","8","1","4","9","6","2","9","11","7","10","8","3","4","6","5","1","Democrat","Joe Biden","Joe Biden","woman","","","","Asian","","","","","$60,001-$80,000","PHD","District of Columbia","Washington"
852815,"0","100","748","1","1","24","11","15","11","16","10","3","10","100","57","66","60","93","83","24","77","12","19","16","10","17","10","6","10","6","6","7","5","5","5","6","5","7","5","5","7","3","5","5","5","1","4","6","5","4","7","5","2","7","2","6","6","5","1","6","2","3","7","","5","","4","1","2","4","3","5","2","1","3","2","1","3","4","5","1","","2","1","3","4","5","6","25","","","","1","2","2","1","1","2","2","4","5","3","1","6","1","5","8","10","6","9","3","2","4","7","3","9","6","4","5","1","8","7","2","7","4","5","11","3","6","10","9","8","2","1","Democrat","Joe Biden","Joe Biden","man","","","Black or African American","","","","","","$0-$20,000","4yearColl","Florida","Jackson"
572835,"0","100","727","1","1","25","15","20","10","15","10","3","2","50","40","60","55","45","50","30","35","20","15","20","10","15","10","5","5","5","5","5","5","5","2","3","5","5","6","6","7","6","2","5","5","5","3","5","5","3","3","3","6","6","2","6","5","1","6","7","2","5","3","5","3","3","4","5","4","2","3","1","1","2","3","2","1","3","4","4","1","","2","1","3","4","5","6","34","","","","2","1","1","2","2","1","4","3","2","5","1","6","1","8","10","9","7","6","4","2","3","5","8","5","2","9","7","1","6","3","4","6","2","7","3","9","4","8","10","5","11","1","Democrat","Joe Biden","Joe Biden","man","","","","Asian","","","","","Over $200,000","4yearColl","Virginia","Loudoun"
696009,"0","100","716","1","1","6","11","8","10","19","19","12","15","3","2","15","3","0","17","46","2","26","15","20","14","18","7","0","0","7","6","6","1","5","5","3","6","4","5","1","1","3","2","2","1","7","7","2","1","7","6","2","2","7","7","4","7","5","2","5","2","7","1","6","1","2","1","2","4","1","5","3","2","1","3","1","2","3","4","1","0","","2","1","3","4","5","6","20","","","","1","2","1","2","2","1","4","6","2","5","1","3","1","9","7","5","10","8","4","2","3","6","6","3","9","4","8","1","7","2","5","11","8","9","7","4","5","6","2","3","10","1","Democrat","Joe Biden","Joe Biden","woman","","","Black or African American","","","","","","$40,001-$60,000","4yearColl","Florida","Broward"
129070,"0","100","766","1","1","16","20","28","8","8","8","2","10","80","75","85","80","60","80","95","85","5","12","26","14","14","14","0","15","5","5","6","4","5","4","4","4","5","4","3","3","6","6","1","1","7","7","1","1","7","7","4","1","6","1","5","3","7","1","6","3","5","3","","4","","","5","2","1","3","4","2","1","3","2","1","3","4","1","0","not vote","2","1","3","4","5","6","70","","","none","2","1","1","2","1","2","2","4","5","3","1","6","1","8","5","9","10","6","3","2","4","7","7","9","4","5","6","1","8","3","2","8","5","6","9","3","11","7","4","10","2","1","Democrat","I did not vote","Other","woman","White","","","","","","","","$40,001-$60,000","GED","Pennsylvania","Westmoreland"
148780,"0","100","478","1","1","19","0","31","10","6","9","15","10","60","50","69","84","85","50","75","40","10","30","30","0","10","20","0","0","7","7","7","7","5","4","4","4","4","2","1","5","4","4","1","1","7","7","1","4","7","7","7","7","7","1","7","1","7","1","7","1","7","","","","","","2","4","3","5","1","1","2","3","2","1","3","4","5","1","","2","1","3","4","5","6","33","","","","1","2","2","1","2","1","5","3","4","2","1","6","1","5","7","9","8","10","3","2","4","6","8","4","3","7","9","1","5","2","6","11","7","6","5","8","4","2","9","3","10","1","Independent","Joe Biden","Robert F. Kennedy Jr.","man","","","","Asian","","","","","$0-$20,000","GED","Nevada","Clark"
391754,"0","100","439","1","1","25","8","17","6","10","5","22","7","21","16","24","13","11","14","34","5","17","22","16","11","11","9","4","10","6","6","6","3","5","3","2","3","4","5","7","6","4","5","1","1","7","7","1","1","7","7","4","2","5","6","6","4","7","3","3","2","7","1","7","6","","7","3","1","2","5","4","1","2","3","2","1","3","4","4","1","","2","1","3","4","5","6","31","","","","2","1","1","2","1","2","4","6","5","3","1","2","1","10","7","5","8","6","3","4","2","9","9","6","3","8","7","1","4","5","2","4","2","6","10","8","9","11","3","7","5","1","Democrat","Joe Biden","Joe Biden","woman","","Hispanic, Latino, or Spanish origin","","","","","","","$40,001-$60,000","2yearColl","Kentucky","Jefferson"
914970,"0","100","1145","1","1","20","25","15","10","10","5","5","10","44","37","69","76","13","46","54","43","10","50","5","5","25","5","0","0","5","6","5","5","5","4","4","4","3","3","2","5","3","3","2","1","7","7","7","3","7","7","5","2","5","3","5","2","7","3","5","3","7","4","4","5","4","5","1","3","4","5","2","2","1","3","2","1","3","4","5","1","","2","1","3","4","5","6","35","","","none","1","2","2","1","2","1","5","6","2","4","1","3","1","5","9","10","7","8","3","4","2","6","2","6","4","8","9","1","5","3","7","11","8","6","4","9","3","2","5","10","7","1","Democrat","Joe Biden","Robert F. Kennedy Jr.","woman","White","","Black or African American","","","","","","$160,001-$180,000","MA","West Virginia","Berkeley"
187698,"0","100","406","1","1","3","9","11","23","16","20","6","12","15","56","54","100","20","77","58","84","10","11","15","8","39","10","3","4","7","6","4","2","5","1","2","3","1","1","2","3","1","3","4","3","6","6","4","2","6","6","3","5","3","6","5","3","5","5","3","2","6","5","1","1","4","1","4","5","2","3","1","1","2","3","1","2","3","4","2","0","","2","1","3","4","5","6","44","","","","2","1","2","1","2","1","5","6","4","2","1","3","1","8","10","6","7","9","2","3","4","5","7","2","4","8","6","1","5","3","9","10","2","9","11","6","4","8","5","7","3","1","Independent","I did not vote","Donald Trump","man","","","Black or African American","","","","","","$20,001-$40,000","GED","Texas","Bexar"
299189,"0","100","405","1","1","10","20","20","15","5","20","5","5","40","30","60","90","15","20","50","15","15","20","15","10","10","20","0","10","7","7","7","1","5","2","3","1","3","5","1","1","3","4","1","1","7","7","1","1","7","7","7","5","4","3","7","1","3","6","5","3","6","1","5","4","1","6","3","2","5","4","1","1","2","3","2","1","3","4","5","1","","1","2","3","4","5","6","30","","","","1","2","2","1","2","1","2","4","3","6","1","5","1","6","8","10","5","9","4","2","3","7","9","7","6","2","5","1","4","3","8","5","6","10","4","9","2","7","3","8","11","1","Democrat","Joe Biden","Joe Biden","man","","Hispanic, Latino, or Spanish origin","","","","","","","$100,001-$120,000","MA","New York","Albany"
695238,"0","100","658","1","1","3","10","19","1","9","30","21","7","32","52","73","73","64","77","73","77","11","12","15","13","11","13","13","12","7","7","6","2","5","1","1","3","1","2","5","6","1","1","1","1","7","6","6","6","6","7","7","1","7","1","6","1","7","1","7","1","3","5","3","2","5","4","5","1","4","3","2","1","2","3","1","2","3","4","5","1","","2","1","3","4","5","6","62","","","","2","1","2","1","1","2","5","2","6","3","1","4","1","5","6","7","8","10","2","3","4","9","8","6","7","5","4","1","9","3","2","8","10","2","6","3","9","7","4","11","5","1","Independent","Donald Trump","Donald Trump","man","White","","","","","","","","$40,001-$60,000","GED","Florida","Okaloosa"
483700,"0","100","1020","1","1","12","15","15","12","13","11","11","11","90","28","60","65","45","44","92","59","15","15","15","11","14","15","5","10","6","6","3","4","5","4","5","5","5","5","6","6","3","5","5","1","6","7","3","2","5","7","5","2","5","2","4","5","6","5","5","2","5","4","5","4","2","5","2","4","3","5","1","1","2","3","2","1","3","4","4","1","bernie saunders","2","1","3","4","5","6","68","","","","2","1","2","1","2","1","6","4","2","5","1","3","1","10","6","7","5","8","2","3","4","9","8","9","2","5","3","1","7","6","4","9","11","4","2","7","10","8","6","5","3","1","Democrat","I did not vote","Other","woman","White","","","","","","","","$80,001-$100,000","2yearColl","Pennsylvania","Lehigh"
156625,"0","100","211","1","1","41","14","16","7","5","1","16","0","30","0","0","18","0","0","20","0","21","21","17","7","18","10","0","6","5","7","5","3","5","3","4","4","2","4","1","3","4","4","2","1","6","6","3","2","6","5","3","2","6","3","4","2","6","3","5","4","5","","","","","","2","5","1","4","3","1","2","3","1","2","3","4","5","1","","1","2","3","4","5","6","25","","","","1","2","1","2","2","1","2","4","6","5","1","3","1","6","9","7","8","5","4","2","3","10","4","8","3","6","9","1","5","7","2","3","6","11","9","2","10","8","4","5","7","1","Democrat","Joe Biden","Joe Biden","woman","","Hispanic, Latino, or Spanish origin","","","","","","","$80,001-$100,000","4yearColl","California","San Bernardino"
472707,"0","100","649","1","1","26","22","9","15","6","9","7","6","73","47","58","36","37","23","61","35","11","15","9","12","19","19","3","12","6","5","6","2","5","3","3","5","2","5","3","6","5","5","3","2","5","6","2","1","6","6","7","1","7","1","5","4","7","1","7","3","3","3","5","3","4","5","5","1","2","3","4","2","1","3","1","2","3","4","5","1","","2","1","3","4","5","6","29","","","","2","1","2","1","2","1","3","4","6","2","1","5","1","6","5","9","10","7","2","4","3","8","3","5","9","2","6","1","8","7","4","5","10","9","3","2","7","8","11","6","4","1","Independent","Donald Trump","Donald Trump","man","","","Black or African American","","","","","","$120,001-$140,000","PHD","New York","New York"
216643,"0","100","422","1","1","52","0","11","0","0","29","8","0","21","1","1","1","13","1","82","1","20","19","12","0","31","18","0","0","6","6","6","2","5","2","2","3","2","3","1","3","3","5","2","3","6","6","3","2","6","6","2","1","5","5","5","6","5","3","4","1","7","1","6","","","","3","4","1","2","5","2","1","3","1","2","3","4","5","1","","2","1","3","4","5","6","31","","","","2","1","1","2","2","1","5","6","4","2","1","3","1","9","5","6","10","8","4","2","3","7","2","7","3","6","4","1","8","5","9","7","6","11","9","3","5","2","4","8","10","1","Independent","Third-party candidate","Robert F. Kennedy Jr.","woman","","Hispanic, Latino, or Spanish origin","Black or African American","","","","","","$60,001-$80,000","4yearColl","North Carolina","Gaston"
447385,"0","100","1282","1","1","20","10","20","10","20","10","5","5","70","70","70","60","80","80","50","50","20","20","20","10","10","10","5","5","4","4","4","4","5","6","6","6","5","6","5","6","6","6","2","1","7","7","1","1","7","7","7","2","6","5","6","5","7","3","5","2","4","4","6","5","5","5","2","5","4","1","3","1","2","3","2","1","3","4","5","1","","1","2","3","4","5","6","27","","","","2","1","1","2","2","1","6","2","5","4","1","3","1","7","5","6","9","10","3","4","2","8","4","8","2","7","6","1","5","3","9","6","8","9","3","4","10","11","5","7","2","1","Democrat","Joe Biden","Joe Biden","man","","","Black or African American","","","","","","$180,001-$200,000","MA","Texas","Montgomery"
760304,"0","100","826","1","1","26","25","17","21","0","11","0","0","30","20","20","30","78","88","25","30","0","25","50","0","0","25","0","0","6","6","2","5","5","2","1","1","5","2","1","7","1","6","4","2","1","7","1","1","7","7","2","1","7","5","7","7","6","2","7","2","7","3","","5","","6","3","1","4","5","2","2","1","3","2","1","3","4","4","1","","1","2","3","4","5","6","22","","","I do not have any comments. Thank you.","2","1","2","1","2","1","3","6","5","2","1","4","1","10","7","8","9","6","3","2","4","5","6","5","9","8","7","1","3","2","4","9","10","7","3","2","4","8","6","11","5","1","Democrat","Joe Biden","Robert F. Kennedy Jr.","woman","White","","Black or African American","","","","","","$80,001-$100,000","4yearColl","South Carolina","Charleston"
211969,"0","100","1269","1","1","30","10","10","10","20","10","5","5","100","70","80","80","90","100","100","80","20","20","10","10","20","10","0","10","5","3","3","5","5","5","6","7","6","6","5","7","6","5","2","2","6","6","2","2","6","6","5","2","6","3","6","5","6","3","6","2","2","3","5","5","5","5","3","1","4","2","5","2","1","3","1","2","3","4","2","1","","1","2","3","4","5","6","24","","","","2","1","1","2","1","2","4","3","6","2","1","5","1","6","7","10","8","9","2","4","3","5","3","6","9","5","4","1","7","8","2","8","3","5","4","10","9","6","2","7","11","1","Democrat","Joe Biden","Joe Biden","man","","","Black or African American","","","","","","$40,001-$60,000","4yearColl","New York","New York"
417611,"0","100","647","1","1","20","20","20","5","20","10","0","5","72","73","72","54","75","58","30","52","20","20","20","7","20","10","0","3","5","4","4","5","5","6","6","6","5","6","4","5","6","6","3","2","5","4","6","2","5","6","6","2","6","2","6","6","6","2","6","2","5","5","4","3","5","5","2","5","4","3","1","2","1","3","2","1","3","4","1","0",NA,"2","1","3","4","5","6","44","","","","2","1","1","2","2","1","6","2","3","4","1","5","1","9","6","5","10","8","4","2","3","7","2","8","9","7","3","1","6","5","4","6","11","3","4","5","2","7","9","10","8","1","Independent","I did not vote","Other","man","","","","Asian","","","","","$20,001-$40,000","GED","New Jersey","Mercer"
208446,"0","100","776","1","1","30","10","20","10","10","10","10","0","20","20","20","20","5","5","5","5","10","10","10","10","10","20","20","10","6","5","5","6","5","5","6","6","6","7","6","7","6","7","6","6","6","7","5","6","7","6","6","5","6","2","6","2","5","1","7","6","6","2","3","2","2","4","1","5","3","4","2","1","2","3","1","2","3","4","4","1","","2","1","3","4","5","6","36","","","good survey","2","1","1","2","2","1","2","6","5","4","1","3","1","9","10","7","5","8","3","2","4","6","7","3","4","2","8","1","9","5","6","7","8","3","5","9","4","10","11","2","6","1","Republican","Donald Trump","Donald Trump","man","","","Black or African American","","","","","","$40,001-$60,000","MA","North Carolina","Mecklenburg"
671780,"0","100","765","1","1","30","15","20","10","5","5","10","5","20","10","20","6","10","10","15","5","15","15","15","10","10","10","15","10","5","5","5","3","5","3","3","3","5","5","5","5","4","5","3","4","3","5","5","5","5","3","5","2","6","2","5","5","5","2","5","2","5","4","5","5","5","5","2","5","4","3","1","2","1","3","2","1","3","4","4","1","","1","2","3","4","5","6","52","","","Thank you for the survey. It was great!","1","2","1","2","2","1","3","4","2","6","1","5","1","5","6","9","10","8","3","2","4","7","7","2","5","9","8","1","6","3","4","6","3","5","4","9","7","2","11","8","10","1","Republican","Donald Trump","Donald Trump","woman","","","Black or African American","","","","","","$80,001-$100,000","4yearColl","Georgia","Cobb"
682574,"0","100","329","1","1","18","16","18","14","14","9","2","9","15","6","20","20","9","4","18","10","14","14","14","13","14","14","0","17","5","3","4","5","5","3","5","5","5","5","5","5","4","3","1","1","7","5","5","5","5","5","4","2","7","1","7","5","5","1","7","1","5","1","5","7","2","7","4","2","5","1","3","2","1","3","1","2","3","4","5","1","","2","1","3","4","5","6","41","","","","1","2","2","1","1","2","2","3","5","6","1","4","1","7","8","9","5","6","3","2","4","10","2","3","5","4","8","1","7","6","9","4","5","3","10","7","6","2","11","8","9","1","Democrat","Joe Biden","Joe Biden","man","White","","","Asian","","","","","$140,001-$160,000","MA","Maryland","Montgomery"
614420,"0","100","487","1","1","25","6","24","4","10","20","5","6","40","20","50","22","22","70","91","26","24","11","10","5","15","20","0","15","5","5","6","3","5","5","5","3","4","3","5","5","2","3","3","2","2","1","3","2","6","5","4","5","4","3","6","4","4","4","3","3","5","4","4","3","4","5","4","1","2","3","5","2","1","3","2","1","3","4","5","1","","2","1","3","4","5","6","39","","","","1","2","2","1","2","1","4","3","2","5","1","6","1","8","9","6","5","7","4","2","3","10","2","5","6","3","8","1","4","7","9","3","2","10","4","8","6","9","5","11","7","1","Democrat","Joe Biden","Joe Biden","man","","Hispanic, Latino, or Spanish origin","","","","","","","$60,001-$80,000","GED","New York","Kings"
550512,"0","100","1543","1","1","15","30","15","5","10","10","5","10","80","65","65","80","50","30","85","65","20","30","15","10","10","10","0","5","7","6","4","3","5","4","4","4","4","2","2","4","1","4","2","2","7","6","1","1","7","7","2","1","7","2","6","5","6","1","6","4","5","2","4","4","2","5","2","3","1","5","4","2","1","3","1","2","3","4","5","1","","2","1","3","4","5","6","29","","","","2","1","2","1","1","2","3","4","2","5","1","6","1","9","7","8","6","5","4","2","3","10","4","9","3","2","5","1","6","7","8","9","6","5","2","10","3","4","8","7","11","1","Democrat","Joe Biden","Joe Biden","man","","","","Asian","","","","","$60,001-$80,000","4yearColl","Pennsylvania","Montgomery"
779037,"0","100","392","1","1","30","20","25","2","10","3","10","0","60","30","30","30","30","30","80","30","20","20","20","20","10","10","0","0","6","5","4","5","5","5","6","5","5","5","3","4","4","4","6","5","5","5","5","6","5","6","4","4","7","2","6","5","6","1","6","2","5","3","5","5","4","6","3","4","2","5","1","2","1","3","2","1","3","4","5","1","","2","1","3","4","5","6","34","","","","2","1","2","1","2","1","2","3","6","5","1","4","1","6","5","10","9","7","4","3","2","8","8","3","7","2","9","1","6","4","5","7","5","11","6","4","8","2","9","10","3","1","Democrat","Joe Biden","Joe Biden","woman","","","","Asian","","","","","$120,001-$140,000","4yearColl","Oregon","Multnomah"
806153,"0","100","611","1","1","30","20","20","0","20","0","10","0","50","30","65","50","50","70","60","50","15","15","15","15","15","10","10","5","6","6","6","3","5","2","2","3","2","4","3","4","2","4","4","2","6","6","2","2","6","6","5","2","6","3","5","5","6","2","6","4","6","1","1","1","1","1","4","5","1","3","2","1","2","3","1","2","3","4","4","1","Not sure yet","1","2","3","4","5","6","60","","","","2","1","1","2","1","2","6","5","2","3","1","4","1","10","6","5","7","9","3","2","4","8","2","7","3","8","9","1","5","4","6","2","8","6","9","11","3","7","10","4","5","1","Independent","Donald Trump","Other","man","White","","","","","","","","$0-$20,000","GED","Florida","Taylor"
960622,"0","100","1267","1","1","5","25","20","15","15","10","10","0","75","65","70","60","70","65","75","55","15","20","20","10","15","10","5","5","6","6","6","6","5","5","5","6","5","6","7","6","6","7","6","3","3","3","5","5","7","7","3","6","7","2","6","6","6","2","6","2","5","","","","","","1","5","2","4","3","2","1","3","2","1","3","4","3","1","","1","2","3","4","5","6","23","","","","2","1","2","1","1","2","5","6","4","2","1","3","1","7","8","5","9","10","4","2","3","6","3","8","2","5","6","1","7","4","9","9","3","2","7","8","6","10","11","4","5","1","Democrat","Donald Trump","Donald Trump","woman","","","Black or African American","","","","","","$60,001-$80,000","PHD","U.S. Virgin Islands",""
199682,"0","100","670","1","1","10","0","80","0","0","10","0","0","20","0","50","20","50","20","80","20","40","0","40","20","0","0","0","0","4","6","6","3","5","3","3","3","5","6","6","6","6","6","1","1","7","7","1","1","7","7","2","2","6","2","3","6","6","2","6","2","5","1","5","5","1","4","2","3","4","1","5","1","2","3","1","2","3","4","3","0","","2","1","3","4","5","6","51","","","Thank you for allowing me to take part in your study.  Have a great rest of your day!","1","2","2","1","1","2","2","5","4","6","1","3","1","10","9","5","8","6","3","2","4","7","4","3","9","7","2","1","8","5","6","8","4","3","11","5","10","9","6","7","2","1","Democrat","Joe Biden","Joe Biden","woman","White","","","","","","","","$40,001-$60,000","GED","New York","Westchester"
468306,"0","100","538","1","1","4","0","10","0","10","31","30","15","2","51","31","16","8","32","13","84","0","0","41","28","31","0","0","0","6","5","6","4","5","4","4","4","2","1","4","4","4","6","6","4","4","5","7","7","4","7","6","5","6","1","6","5","6","1","6","1","4","7","1","","6","","4","3","2","1","5","2","1","3","1","2","3","4","3","1","","2","1","3","4","5","6","23","","","","1","2","1","2","1","2","3","6","4","2","1","5","1","8","9","10","6","7","3","2","4","5","5","9","7","4","2","1","6","8","3","11","6","5","2","9","4","3","10","8","7","1","Republican","Donald Trump","Donald Trump","man","","","Black or African American","","","","","","$80,001-$100,000","4yearColl","Virginia","Arlington"
887346,"0","100","919","1","1","10","15","15","10","15","10","15","10","30","20","30","30","30","60","45","45","12","13","13","11","14","12","13","12","5","5","5","3","5","3","3","4","4","3","3","5","3","4","4","3","4","4","3","4","5","5","4","5","5","4","4","5","5","3","5","3","4","","","","","","5","2","1","3","4","2","1","3","1","2","3","4","3","1","","2","1","3","4","5","6","28","","","","1","2","2","1","2","1","3","4","5","2","1","6","1","7","9","5","8","6","2","3","4","10","6","7","8","5","4","1","9","3","2","9","7","2","10","4","5","3","11","6","8","1","Republican","I did not vote","Donald Trump","man","","Hispanic, Latino, or Spanish origin","","","","","","","$20,001-$40,000","GED","",""
339116,"0","100","733","1","1","21","10","21","11","7","4","15","11","71","25","65","53","17","25","94","75","10","10","15","10","20","15","10","10","6","7","6","3","5","2","3","3","4","4","1","4","2","2","2","1","1","7","2","4","4","7","2","2","6","2","3","6","6","2","6","2","3","3","3","2","","3","5","1","2","3","4","1","2","3","1","2","3","4","5","1","Not yet sure","2","1","3","4","5","6","41","","","","1","2","2","1","2","1","2","5","3","6","1","4","1","10","7","5","9","6","4","3","2","8","8","4","5","3","9","1","7","6","2","9","7","10","3","6","8","5","4","11","2","1","Independent","Joe Biden","Other","woman","","","Black or African American","","","","","","$60,001-$80,000","2yearColl","Florida","Osceola"
784170,"0","100","877","1","1","15","5","20","15","15","20","5","5","30","10","10","40","40","25","75","20","10","15","15","15","20","15","0","10","5","6","7","3","5","2","3","3","3","2","3","2","3","2","2","1","7","7","6","6","7","7","2","3","5","3","4","6","6","4","6","3","4","3","5","4","5","4","1","5","3","2","4","1","2","3","2","1","3","4","2","0","Unsure","2","1","3","4","5","6","40","","","N/A","1","2","2","1","1","2","4","6","3","2","1","5","1","7","9","6","5","8","3","2","4","10","8","2","3","5","9","1","7","4","6","11","2","7","4","3","10","9","6","5","8","1","Independent","I did not vote","Other","man","","","Black or African American","","","","","","$0-$20,000","GED","Maryland","Montgomery"
782657,"0","100","713","1","1","27","10","20","1","20","1","20","1","50","50","50","25","50","25","50","50","50","10","10","5","10","0","15","0","5","3","5","3","5","6","1","6","1","2","7","7","2","6","1","1","6","7","7","6","6","7","7","1","7","3","6","2","6","1","6","2","3","6","1","1","4","1","2","4","5","1","3","2","1","3","2","1","3","4","5","1","Nikki Haley","1","2","3","4","5","6","77","","","None, thank you.","1","2","1","2","1","2","4","6","3","5","1","2","1","6","10","9","7","8","3","4","2","5","7","9","5","4","2","1","8","6","3","9","7","3","8","11","10","6","4","2","5","1","Republican","Third-party candidate","Other","woman","White","","","","","","","","$40,001-$60,000","GED","Texas","Nacogdoches"
147815,"0","100","522","1","1","14","17","17","16","13","12","5","6","18","17","21","21","17","7","33","11","15","21","22","10","18","5","4","5","7","7","5","3","5","3","5","3","3","3","3","6","3","5","5","5","5","5","5","5","5","4","3","3","5","5","5","5","5","3","5","5","3","","","4","","","4","5","2","3","1","2","1","3","1","2","3","4","4","1","","1","2","3","4","5","6","33","","","","1","2","1","2","2","1","5","6","4","2","1","3","1","8","6","7","10","5","4","2","3","9","2","9","8","5","3","1","4","6","7","5","10","7","4","6","3","11","2","9","8","1","Democrat","Joe Biden","Joe Biden","man","","","","Asian","","","","","$80,001-$100,000","MA","Texas","Collin"
466230,"0","100","609","1","1","20","20","20","6","18","4","8","4","48","47","53","9","7","17","50","6","10","20","15","15","15","15","0","10","6","5","6","2","5","3","2","1","3","4","2","3","2","3","1","1","7","7","2","1","7","7","1","3","5","5","5","7","3","5","3","5","5","3","6","6","","","3","4","5","1","2","2","1","3","2","1","3","4","1","0","","2","1","3","4","5","6","26","","","","1","2","1","2","1","2","2","5","3","4","1","6","1","7","5","6","9","8","4","3","2","10","8","2","6","7","5","1","9","3","4","5","2","4","9","3","8","10","6","7","11","1","Democrat","I did not vote","Jill Stein","woman","","","","Asian","","","","","$20,001-$40,000","4yearColl","Georgia","Fulton"
522920,"0","100","766","1","1","6","20","24","10","10","10","10","10","57","34","36","28","56","55","54","56","14","16","8","12","16","17","8","9","4","3","5","5","4","5","5","5","4","6","2","5","5","5","2","5","6","7","5","1","5","7","5","4","6","2","5","6","5","2","6","5","5","3","7","7","5","5","4","1","5","3","2","1","2","3","2","1","3","4","3","1","","2","1","3","4","5","6","22","","","no comments","1","2","2","1","2","1","2","3","6","5","1","4","1","5","10","7","9","6","4","3","2","8","9","5","4","2","3","1","6","8","7","2","6","10","9","5","11","8","4","7","3","1","Democrat","Donald Trump","Donald Trump","man","","","Black or African American","","","","","","$100,001-$120,000","4yearColl","Alabama","Crenshaw"
668970,"0","100","1642","1","1","13","21","21","11","12","10","5","7","35","49","63","37","46","47","19","27","9","23","25","7","12","13","3","8","6","5","6","2","5","5","5","5","3","5","3","6","3","5","1","1","7","6","2","1","7","7","5","2","5","2","5","5","6","5","6","3","5","5","3","5","3","4","2","4","1","3","5","2","1","3","1","2","3","4","5","1","","2","1","3","4","5","6","48","","","","1","2","1","2","2","1","2","3","6","4","1","5","1","8","9","6","7","10","2","4","3","5","3","4","8","2","5","1","6","9","7","4","2","10","9","8","7","5","3","11","6","1","Democrat","Joe Biden","Joe Biden","woman","","","Black or African American","","","","","","$60,001-$80,000","MA","South Carolina","Richland"
588532,"0","100","781","1","1","27","5","38","0","10","0","15","5","65","40","55","30","30","20","60","40","28","28","23","0","6","0","0","15","6","5","5","2","5","5","5","2","5","6","1","7","2","2","1","1","7","7","7","1","7","7","5","2","2","5","6","3","7","3","3","2","5","1","6","5","2","6","5","3","4","1","2","2","1","3","2","1","3","4","5","1","","1","2","3","4","5","6","38","","","","2","1","2","1","1","2","5","3","4","2","1","6","1","6","5","10","9","7","3","2","4","8","2","7","6","9","8","1","5","3","4","6","5","8","9","7","10","2","11","4","3","1","Democrat","Joe Biden","Joe Biden","man","","","Black or African American","","","","","","$20,001-$40,000","GED","Washington","Thurston"
526338,"0","100","551","1","1","20","10","20","5","10","10","20","5","40","70","60","50","40","50","50","50","20","10","20","10","10","10","10","10","4","4","5","4","5","3","2","6","2","2","6","6","5","5","5","5","5","4","6","5","4","5","4","2","7","2","6","4","6","1","6","1","2","6","2","1","5","2","5","1","4","2","3","1","2","3","2","1","3","4","5","1","","1","2","3","4","5","6","61","","","","2","1","2","1","1","2","2","5","4","3","1","6","1","9","5","10","6","8","2","4","3","7","3","6","2","5","4","1","7","8","9","8","4","7","2","5","6","11","3","10","9","1","Independent","Donald Trump","Donald Trump","man","","","","Asian","","","","","$80,001-$100,000","4yearColl","New Jersey","Mercer"
888617,"0","100","590","1","1","10","5","5","30","5","20","20","5","8","1","8","89","1","5","97","1","20","20","20","5","20","2","3","10","7","4","2","2","5","2","2","2","2","6","1","6","2","6","1","1","7","7","1","1","7","7","4","4","6","2","6","3","5","2","6","2","5","2","2","4","2","4","3","5","2","4","1","2","1","3","2","1","3","4","5","1","","1","2","3","4","5","6","39","","","","2","1","2","1","2","1","4","3","2","6","1","5","1","8","7","6","10","9","3","4","2","5","4","9","6","3","5","1","7","2","8","3","9","10","2","6","8","7","11","5","4","1","Independent","Joe Biden","Joe Biden","man","","","Black or African American","","","","","","$40,001-$60,000","2yearColl","Ohio","Hamilton"
261901,"0","100","835","1","1","17","15","19","5","17","5","15","7","76","70","81","72","80","68","100","70","18","12","18","10","18","12","7","5","5","5","3","3","5","5","5","5","3","4","5","6","4","3","4","3","5","5","4","3","5","5","5","5","6","3","6","7","3","2","6","3","5","4","1","1","1","2","1","5","3","4","2","2","1","3","2","1","3","4","5","1","","2","1","3","4","5","6","32","","","none","2","1","2","1","2","1","5","2","3","4","1","6","1","5","8","10","7","6","4","2","3","9","5","2","8","7","6","1","4","3","9","5","11","2","10","3","7","6","4","8","9","1","Republican","Donald Trump","Joe Biden","woman","","Hispanic, Latino, or Spanish origin","","","","","","","$0-$20,000","GED","New Jersey","Passaic"
682116,"0","100","487","1","1","18","9","15","13","14","9","12","10","50","20","70","91","57","45","97","43","17","17","9","10","16","14","0","17","4","4","4","4","5","6","6","6","5","6","1","4","6","7","1","1","7","7","1","1","7","7","1","1","7","1","7","6","7","1","7","1","5","2","7","7","2","7","2","4","1","3","5","1","2","3","2","1","3","4","5","1","","2","1","3","4","5","6","30","","","","1","2","1","2","2","1","3","2","6","5","1","4","1","6","7","5","8","9","3","4","2","10","7","9","2","5","4","1","8","3","6","9","5","7","3","10","2","6","11","4","8","1","Democrat","Joe Biden","Joe Biden","man","","","Black or African American","","","","","","$40,001-$60,000","4yearColl","Missouri","St. Louis"
630777,"0","100","645","1","1","17","8","20","20","12","7","10","6","29","12","18","24","12","11","28","11","21","14","25","4","9","20","1","6","5","6","6","2","5","3","3","5","2","4","3","5","3","3","1","1","6","6","5","2","5","6","3","2","5","4","5","5","5","3","5","2","6","3","4","5","5","4","1","4","3","5","2","1","2","3","1","2","3","4","3","1","","1","2","3","4","5","6","71","","","","1","2","2","1","2","1","3","5","4","2","1","6","1","6","5","10","8","7","2","4","3","9","3","7","8","2","5","1","4","6","9","8","11","2","3","4","9","5","6","10","7","1","Independent","Joe Biden","Robert F. Kennedy Jr.","woman","White","","","","","","","","$20,001-$40,000","PHD","Connecticut","Litchfield"
121721,"0","100","679","1","1","20","17","20","11","13","13","1","5","17","13","17","11","7","7","18","6","15","37","30","6","9","2","0","1","5","5","6","6","5","6","5","7","3","6","3","5","3","6","3","4","7","7","2","1","6","6","5","1","5","2","6","6","6","2","5","2","6","6","","5","","","3","1","2","5","4","1","2","3","1","2","3","4","5","1","","2","1","3","4","5","6","26","","","","2","1","2","1","2","1","2","6","5","3","1","4","1","6","7","8","10","5","3","4","2","9","5","8","2","9","3","1","4","6","7","5","8","7","3","10","6","4","9","2","11","1","Republican","Donald Trump","Donald Trump","man","","","Black or African American","","","","","","$60,001-$80,000","4yearColl","New York","Bronx"
190403,"0","100","341","1","1","19","16","12","16","12","6","11","8","38","46","63","54","48","52","65","50","14","15","20","18","16","10","3","4","5","5","4","4","5","3","3","4","3","5","4","4","4","5","6","5","4","6","6","6","4","7","6","2","6","2","7","2","6","2","7","2","3","4","4","1","6","2","2","3","1","5","4","1","2","3","2","1","3","4","5","1","Write in candidate","2","1","3","4","5","6","28","","","","2","1","1","2","2","1","3","2","6","4","1","5","1","10","5","6","9","7","3","4","2","8","6","9","7","5","8","1","2","4","3","2","8","9","6","11","3","7","5","4","10","1","Independent","Joe Biden","Other","woman","","","","Asian","","","","","$100,001-$120,000","MA","New Jersey","Hudson"
429484,"0","100","463","1","1","11","8","32","2","11","5","27","4","12","9","16","6","12","20","29","10","10","21","21","11","13","15","2","7","6","5","5","3","5","3","3","3","5","5","3","5","5","3","3","4","5","6","3","2","6","5","5","4","5","5","5","3","5","5","5","3","5","4","4","5","4","4","4","5","1","2","3","2","1","3","2","1","3","4","3","0","","2","1","3","4","5","6","27","","West Indian caribbean islander ","","2","1","1","2","1","2","3","5","6","4","1","2","1","8","7","9","5","6","2","3","4","10","3","7","5","4","8","1","2","6","9","3","2","6","5","4","8","11","10","7","9","1","Democrat","Joe Biden","Joe Biden","woman","","","","","","","","Other (please specify)","$60,001-$80,000","GED","Michigan",""
345099,"0","100","921","1","1","22","22","22","0","21","7","6","0","28","20","25","14","20","30","49","21","17","17","17","10","17","12","5","5","5","6","3","5","5","2","4","1","4","2","2","6","3","3","1","1","7","6","2","2","7","7","6","2","6","2","6","2","6","2","6","3","7","2","5","5","5","5","1","2","4","3","5","2","1","3","2","1","3","4","5","1","","2","1","3","4","5","6","53","","","","1","2","2","1","2","1","3","5","4","6","1","2","1","5","10","6","8","9","2","4","3","7","4","2","6","9","7","1","8","5","3","2","9","11","3","6","5","7","10","4","8","1","Democrat","Joe Biden","Joe Biden","man","","","Black or African American","","","","","","Over $200,000","MA","New Jersey","Mercer"
475387,"0","100","693","1","1","18","13","17","5","20","13","0","14","91","45","42","77","56","75","54","40","30","10","20","3","18","14","0","5","6","5","4","6","5","4","5","6","5","6","4","7","4","6","5","5","6","7","6","6","6","7","6","1","6","1","6","7","7","2","5","1","6","2","5","6","2","6","5","2","4","3","1","2","1","3","1","2","3","4","4","1","","1","2","3","4","5","6","25","","","","1","2","2","1","2","1","4","6","5","3","1","2","1","8","5","9","7","10","3","4","2","6","4","7","8","2","6","1","9","5","3","7","11","8","3","9","2","5","10","6","4","1","Democrat","Joe Biden","Joe Biden","woman","","","Black or African American","","","","","","$80,001-$100,000","4yearColl","Virginia","Loudoun"
880793,"0","100","619","1","1","38","12","5","8","11","6","6","14","83","38","50","63","75","95","86","81","50","50","0","0","0","0","0","0","7","7","7","7","5","6","7","7","7","7","7","7","7","3","7","7","7","7","6","7","7","7","7","4","7","2","6","5","7","1","7","2","6","4","7","7","","6","3","2","5","1","4","1","2","3","1","2","3","4","5","1","","2","1","3","4","5","6","37","","","","2","1","1","2","2","1","3","6","4","5","1","2","1","8","10","5","6","9","2","4","3","7","3","2","7","5","6","1","8","4","9","2","9","8","4","10","11","6","3","5","7","1","Democrat","Joe Biden","Joe Biden","man","","","","Asian","","","","","$20,001-$40,000","GED","New York","Monroe"
791705,"0","100","1601","1","1","10","15","10","10","15","15","15","10","90","80","90","70","75","70","90","80","10","20","15","10","10","20","10","5","7","5","5","5","5","7","7","7","2","5","5","5","5","6","2","1","7","7","3","2","6","7","5","3","5","2","6","5","6","4","6","2","6","3","5","5","4","6","3","2","1","5","4","2","1","3","2","1","3","4","2","0","","1","2","3","4","5","6","34","","","","2","1","2","1","2","1","2","5","4","6","1","3","1","5","7","6","10","9","2","3","4","8","5","2","4","6","8","1","3","7","9","10","8","4","3","11","5","9","2","6","7","1","Democrat","I did not vote","Joe Biden","man","","Hispanic, Latino, or Spanish origin","","","","","","","$60,001-$80,000","GED","Florida","Pasco"
646036,"0","100","486","1","1","43","15","21","3","7","6","4","1","50","3","47","1","6","11","52","2","29","43","17","2","4","5","0","0","5","5","5","4","5","3","3","3","2","4","4","4","2","3","2","1","6","7","2","2","7","7","3","3","6","5","4","6","6","2","4","4","5","5","3","4","4","4","1","2","4","3","5","1","2","3","1","2","3","4","3","1","","2","1","3","4","5","6","43","","","","1","2","1","2","1","2","5","2","6","4","1","3","1","6","8","5","10","7","4","2","3","9","2","5","7","3","6","1","9","4","8","9","2","6","5","8","7","3","11","10","4","1","Independent","Joe Biden","Joe Biden","woman","White","","","Asian","","","Native Hawaiian or Other Pacific Islander","","$60,001-$80,000","4yearColl","Florida","Palm Beach"
763985,"0","100","662","1","1","21","20","10","10","7","14","14","4","38","31","45","35","34","38","72","58","13","14","9","13","14","11","12","14","7","5","4","5","5","3","2","3","3","3","3","3","3","3","1","1","7","7","7","1","7","7","5","1","6","2","5","5","7","1","6","2","7","4","1","4","1","4","3","1","5","2","4","2","1","3","1","2","3","4","5","1","","2","1","3","4","5","6","34","","","","2","1","2","1","2","1","6","4","5","3","1","2","1","9","8","5","10","6","4","3","2","7","3","6","4","9","2","1","5","7","8","8","7","3","4","9","10","11","2","5","6","1","Democrat","Joe Biden","Donald Trump","woman","White","","Black or African American","","","","","","$60,001-$80,000","4yearColl","Alabama","Russell"
209910,"0","100","526","1","1","30","5","27","5","0","4","5","24","100","28","74","100","53","76","54","57","30","0","0","0","70","0","0","0","5","4","5","5","5","4","4","4","4","5","4","5","5","5","1","1","7","7","1","1","7","7","5","1","7","1","6","5","7","1","7","3","4","6","4","6","4","5","5","1","4","2","3","2","1","3","1","2","3","4","5","1","","1","2","3","4","5","6","41","","","","1","2","1","2","1","2","4","2","3","5","1","6","1","8","5","10","9","6","2","3","4","7","7","4","9","8","2","1","5","3","6","10","11","8","3","9","5","6","2","4","7","1","Republican","Joe Biden","Joe Biden","woman","","","Black or African American","","","","","","$20,001-$40,000","GED","Michigan","Wayne"
323574,"0","100","291","1","1","8","23","0","5","15","20","0","29","7","13","5","100","13","17","100","7","0","33","33","0","0","34","0","0","6","6","7","2","5","1","2","2","1","5","1","1","1","2","1","1","7","7","1","1","7","7","1","5","7","6","7","7","5","1","3","1","6","1","5","5","5","5","2","5","3","1","4","2","1","3","2","1","3","4","5","1","","2","1","3","4","5","6","33","","","","2","1","1","2","1","2","2","5","4","6","1","3","1","5","6","10","7","9","3","2","4","8","3","2","5","8","7","1","6","4","9","9","8","4","6","2","5","7","11","3","10","1","Democrat","Joe Biden","Joe Biden","woman","","Hispanic, Latino, or Spanish origin","","","","","","","$140,001-$160,000","4yearColl","South Carolina","Berkeley"
653840,"0","100","672","1","1","12","11","14","12","14","14","15","8","100","50","100","100","51","100","80","40","9","8","19","9","19","14","20","2","3","3","5","5","5","6","6","6","1","4","5","5","1","1","1","4","7","7","4","4","5","7","2","2","7","2","6","5","6","1","7","2","5","7","1","7","1","7","3","1","5","2","4","2","1","3","2","1","3","4","3","1","","1","2","3","4","5","6","68","","","","2","1","2","1","2","1","5","3","4","6","1","2","1","9","5","7","6","8","2","4","3","10","2","6","4","9","8","1","7","3","5","10","2","7","5","6","4","11","9","3","8","1","Republican","I did not vote","Donald Trump","man","White","","","","","","","","$20,001-$40,000","2yearColl","Texas","Collin"
506181,"0","100","441","1","1","20","30","15","5","10","5","5","10","100","89","78","72","65","83","83","88","20","30","10","5","10","5","10","10","6","5","5","5","5","6","6","6","6","6","5","7","6","6","1","1","7","7","1","1","7","7","7","1","7","1","6","1","7","1","7","1","5","3","6","5","4","3","3","2","4","5","1","2","1","3","2","1","3","4","5","1","","1","2","3","4","5","6","30","","","i have nothing else to add","1","2","2","1","2","1","2","6","4","5","1","3","1","10","9","8","6","5","3","2","4","7","3","9","8","2","5","1","7","6","4","5","4","2","9","3","10","8","7","6","11","1","Democrat","Joe Biden","Joe Biden","man","","","Black or African American","","","","","","$60,001-$80,000","4yearColl","California","San Francisco"
706839,"0","100","889","1","1","15","15","15","15","15","10","0","15","28","6","10","12","12","14","91","10","15","20","15","10","15","10","0","15","7","6","5","2","5","2","5","1","4","3","2","4","4","5","2","1","7","7","1","1","7","7","2","1","4","5","5","7","7","4","5","3","6","1","6","5","2","4","3","5","4","1","2","1","2","3","1","2","3","4","3","1","","2","1","3","4","5","6","52","","","None","2","1","1","2","1","2","4","2","3","5","1","6","1","9","6","7","5","10","3","2","4","8","6","7","2","9","5","1","8","3","4","9","11","6","4","10","2","8","5","7","3","1","Democrat","Joe Biden","Joe Biden","woman","","","Black or African American","","","","","","$80,001-$100,000","GED","Wisconsin","Menominee"
844443,"0","100","1055","1","1","14","14","14","15","14","14","15","0","77","78","78","73","75","74","67","70","19","14","13","14","14","14","12","0","4","4","4","4","5","4","4","4","4","6","4","5","4","4","4","4","4","4","4","4","5","4","5","4","5","4","5","4","5","4","5","4","4","6","5","6","5","5","1","5","2","4","3","2","1","3","1","2","3","4","3","1","","2","1","3","4","5","6","27","","","","2","1","2","1","1","2","2","3","6","4","1","5","1","7","5","8","10","9","2","4","3","6","5","4","9","8","7","1","3","2","6","8","6","2","9","10","4","3","5","11","7","1","Democrat","Joe Biden","Joe Biden","woman","","","Black or African American","","","","","","$20,001-$40,000","4yearColl","New Jersey","Ocean"
459745,"0","100","741","1","1","10","5","25","15","5","20","20","0","50","51","40","90","20","60","100","40","20","20","20","0","20","20","0","0","7","6","6","2","5","2","2","2","2","2","2","2","2","3","1","1","7","7","1","1","7","7","5","3","5","5","6","5","4","2","4","5","6","2","6","6","4","5","5","2","1","3","4","1","2","3","1","2","3","4","5","1","","2","1","3","4","5","6","32","","","","2","1","2","1","1","2","3","2","5","6","1","4","1","6","8","7","5","9","2","3","4","10","8","9","5","2","4","1","7","3","6","5","3","4","2","11","10","9","6","7","8","1","Democrat","Joe Biden","Joe Biden","woman","","","","Asian","","","","","$80,001-$100,000","MA","Massachusetts","Middlesex"
770471,"0","100","487","1","1","8","15","20","10","15","20","12","0","13","5","14","7","15","7","26","5","0","21","15","8","30","14","10","2","5","3","5","3","5","4","4","5","3","3","3","5","5","5","2","2","6","2","5","2","5","5","5","2","5","2","6","5","5","2","6","2","5","3","1","2","","1","2","4","5","1","3","1","2","3","1","2","3","4","4","1","","1","2","3","4","5","6","47","","","","1","2","1","2","2","1","3","5","2","6","1","4","1","9","5","10","7","6","4","3","2","8","5","8","9","3","7","1","6","2","4","4","6","11","10","9","8","3","7","2","5","1","Democrat","Donald Trump","Donald Trump","woman","","","Black or African American","","","","","","$20,001-$40,000","2yearColl","Louisana","Morehouse"
681754,"0","100","675","1","1","30","15","15","0","30","0","10","0","40","15","70","1","10","1","80","1","5","20","20","0","50","5","0","0","7","6","6","2","5","7","7","3","7","6","6","7","7","7","1","1","7","7","2","4","7","7","4","4","5","4","6","5","4","4","5","5","7","4","4","4","1","4","1","3","5","4","2","2","1","3","2","1","3","4","1","0","","2","1","3","4","5","6","48","","","","2","1","2","1","2","1","6","3","2","5","1","4","1","9","5","10","6","8","2","4","3","7","7","9","8","5","6","1","2","4","3","2","7","5","3","8","10","9","11","4","6","1","Democrat","I did not vote","Donald Trump","woman","","Hispanic, Latino, or Spanish origin","","","","","","","$40,001-$60,000","MA","New York","Queens"
387908,"0","100","634","1","1","3","10","26","13","22","4","5","17","9","6","34","18","25","23","19","32","8","5","19","6","38","16","4","4","2","2","5","5","5","6","5","6","6","6","7","7","7","5","6","3","6","3","6","6","6","4","6","1","7","1","6","6","6","1","6","1","7","3","2","5","2","5","1","5","2","4","3","2","1","3","1","2","3","4","5","1","","2","1","3","4","5","6","22","","","a very nice project","2","1","1","2","1","2","5","4","2","3","1","6","1","7","5","10","6","9","2","3","4","8","5","6","9","2","8","1","3","4","7","5","6","7","10","2","8","9","4","3","11","1","Democrat","Joe Biden","Joe Biden","man","","","Black or African American","","","","","","Over $200,000","4yearColl","California","Los Angeles"
220060,"0","100","419","1","1","19","20","30","10","10","6","5","0","15","10","20","25","10","15","50","20","20","15","18","4","18","12","0","13","6","4","2","3","5","2","2","2","2","3","1","1","1","2","3","1","4","7","5","5","5","6","4","2","4","4","5","4","5","3","5","3","6","1","","5","2","","1","3","2","4","5","2","1","3","1","2","3","4","5","1","","2","1","3","4","5","6","21","","","","2","1","1","2","2","1","3","4","2","6","1","5","1","9","5","8","10","7","3","4","2","6","2","6","7","4","3","1","9","8","5","3","4","10","7","5","9","2","8","11","6","1","Democrat","I did not vote","Joe Biden","woman","","Hispanic, Latino, or Spanish origin","","","","","","","$40,001-$60,000","4yearColl","Texas","Dallas"
890483,"0","100","606","1","1","15","11","25","7","25","8","4","5","57","48","55","52","27","33","46","45","18","14","17","12","12","14","10","3","5","5","5","2","5","4","2","3","2","4","5","6","5","6","5","5","3","2","5","5","3","6","4","2","6","5","3","4","4","2","6","5","5","6","2","3","2","1","1","5","3","4","2","2","1","3","1","2","3","4","5","1","","1","2","3","4","5","6","70","","","","1","2","2","1","2","1","6","5","2","4","1","3","1","9","6","5","7","8","4","2","3","10","7","6","9","5","4","1","3","2","8","4","11","8","2","3","6","7","5","10","9","1","Republican","Donald Trump","Donald Trump","man","White","","","","","","","","$40,001-$60,000","2yearColl","Colorado","Arapahoe"
388750,"0","100","1020","1","1","17","16","18","10","10","14","5","10","50","20","83","71","40","59","27","52","13","18","16","10","15","10","5","13","6","6","7","6","5","6","6","5","5","5","2","6","1","2","3","1","7","7","1","6","7","7","6","2","6","3","6","6","5","1","6","1","6","2","6","5","6","5","5","1","2","4","3","1","2","3","2","1","3","4","5","1","","1","2","3","4","5","6","25","","","","1","2","2","1","2","1","4","2","5","3","1","6","1","9","5","7","8","10","4","3","2","6","9","3","5","7","4","1","6","8","2","6","8","5","11","3","10","2","9","4","7","1","Democrat","Donald Trump","Donald Trump","woman","","","Black or African American","","","","","","$80,001-$100,000","4yearColl","Oklahoma","Oklahoma"
103566,"0","100","1015","1","1","19","19","19","10","19","6","2","6","81","81","68","82","96","48","47","32","19","18","17","12","15","14","0","5","5","5","5","3","5","6","6","6","6","7","5","6","5","7","2","3","5","6","3","3","6","6","5","3","6","3","6","4","5","3","6","1","4","","7","","","","3","4","1","5","2","1","2","3","2","1","3","4","3","1","","2","1","3","4","5","6","23","","","","2","1","1","2","2","1","4","3","2","5","1","6","1","6","7","5","8","10","3","4","2","9","2","9","7","8","3","1","5","4","6","11","8","7","5","6","2","3","9","4","10","1","Democrat","Joe Biden","Joe Biden","man","White","","","","","","","","$80,001-$100,000","4yearColl","Florida","Miami-Dade"
635057,"0","100","990","1","1","20","10","20","5","5","5","30","5","40","20","10","15","10","15","40","20","22","22","21","5","5","25","0","0","5","4","5","5","5","5","5","2","5","5","5","6","4","6","2","4","6","7","1","1","6","7","6","1","7","3","6","1","6","1","6","1","5","2","4","5","4","4","5","3","1","4","2","2","1","3","1","2","3","4","4","1","","2","1","3","4","5","6","27","","","","2","1","1","2","1","2","2","3","4","6","1","5","1","9","5","6","8","7","4","3","2","10","3","8","5","2","7","1","6","4","9","10","7","11","4","6","2","5","3","8","9","1","Democrat","Joe Biden","Joe Biden","woman","","Hispanic, Latino, or Spanish origin","Black or African American","","","","","","Prefer not to answer","MA","Virginia","Mecklenburg"
188868,"0","100","1181","1","1","23","11","28","5","15","11","7","0","43","55","63","46","59","34","41","75","21","24","26","11","11","3","0","4","3","5","4","4","5","5","6","7","1","2","6","5","5","2","6","1","7","5","4","6","6","6","5","1","5","2","6","5","6","3","6","1","2","4","2","1","4","4","2","1","4","3","5","2","1","3","1","2","3","4","5","0","","2","1","3","4","5","6","40","","","","2","1","1","2","1","2","6","3","5","2","1","4","1","9","6","10","8","5","4","3","2","7","5","2","8","6","7","1","3","4","9","2","8","4","3","6","11","5","7","9","10","1","Republican","Donald Trump","Donald Trump","woman","","Hispanic, Latino, or Spanish origin","","","","","","","$60,001-$80,000","2yearColl","Virginia","Virginia Beach"
985100,"0","100","271","1","1","8","17","30","38","7","0","0","0","14","56","67","54","42","53","41","17","3","4","14","12","27","20","20","0","5","4","7","4","5","3","4","4","4","5","4","4","3","4","4","4","4","4","3","3","4","4","4","1","4","6","4","7","4","1","1","1","4","5","4","4","4","4","4","5","2","3","1","2","1","3","1","2","3","4","5","1","","1","2","3","4","5","6","54","","","None","1","2","1","2","2","1","3","4","5","2","1","6","1","7","10","8","9","6","2","3","4","5","2","4","5","7","8","1","9","6","3","7","11","4","3","5","6","8","10","2","9","1","Republican","Donald Trump","Donald Trump","woman","","","Black or African American","","","","","","$0-$20,000","2yearColl","North Carolina","Craven"
783400,"0","100","580","1","1","25","15","25","0","25","5","5","0","70","70","70","50","50","50","65","50","30","17","30","0","16","0","7","0","4","5","4","4","5","4","4","4","2","4","4","4","4","4","4","4","4","4","1","6","4","2","4","1","7","1","4","7","7","1","7","4","4","1","1","1","1","1","3","2","1","5","4","2","1","3","2","1","3","4","4","1","","1","2","3","4","5","6","38","","","","2","1","1","2","2","1","4","5","6","3","1","2","1","8","7","5","10","9","3","4","2","6","5","7","8","6","9","1","2","4","3","2","11","5","8","10","9","6","4","3","7","1","Independent","Donald Trump","Donald Trump",NA,"","","Black or African American","","","","","","Prefer not to answer",NA,"Georgia","Cobb"
629995,"0","100","702","1","1","13","13","13","14","14","14","5","14","5","14","46","68","14","13","79","2","15","15","15","15","12","14","2","12","6","7","5","4","5","1","1","1","2","3","1","2","1","5","1","1","7","7","1","1","7","7","2","4","4","5","4","6","6","5","3","2","6","1","3","6","1","7","5","4","3","2","1","2","1","3","1","2","3","4","4","1","","2","1","3","4","5","6","37","","","","2","1","2","1","2","1","6","2","3","4","1","5","1","10","8","5","9","7","4","3","2","6","6","8","4","3","9","1","2","5","7","11","7","3","10","9","6","4","8","2","5","1","Democrat","Joe Biden","Joe Biden","man","","","Black or African American","","","","","","$20,001-$40,000","4yearColl","Illinois","Cook"
249840,"0","100","901","1","1","0","39","45","16","0","0","0","0","50","20","0","0","8","0","23","19","0","0","50","25","0","25","0","0","7","7","6","1","5","1","1","1","1","3","1","1","1","3","5","4","7","7","3","2","7","6","1","6","6","5","7","6","6","3","5","4","7","5","5","","3","6","4","5","2","3","1","2","1","3","1","2","3","4","5","1","","2","1","3","4","5","6","29","","","","2","1","2","1","2","1","3","4","5","2","1","6","1","8","7","5","9","6","4","3","2","10","6","2","3","4","7","1","8","9","5","10","4","11","2","9","3","7","8","5","6","1","Democrat","Joe Biden","Joe Biden","man","","","","Asian","","","","","$60,001-$80,000","4yearColl","Georgia","Gwinnett"
727703,"0","100","725","1","1","0","0","17","0","20","0","63","0","4","3","4","5","5","2","3","4","11","8","9","0","15","16","20","21","6","6","6","3","5","4","4","4","4","4","3","4","4","4","3","3","6","6","5","3","5","3","5","4","5","4","5","5","5","4","5","3","5","","","","","","2","3","1","5","4","2","1","3","2","1","3","4","1","0","","1","2","3","4","5","6","41","","","","1","2","2","1","2","1","5","3","6","2","1","4","1","5","10","9","8","7","2","3","4","6","5","4","7","8","2","1","3","6","9","3","4","8","2","7","10","11","6","5","9","1","Independent","I did not vote","Other","woman","","","Black or African American","","","","","","$20,001-$40,000","GED","Texas","Williamson"
596827,"0","100","958","1","1","14","15","23","12","16","5","10","5","52","49","48","46","42","46","41","38","13","15","13","17","18","14","4","6","3","4","3","5","5","6","5","5","7","6","6","7","6","7","5","5","4","6","2","2","5","7","5","2","5","3","5","5","6","2","6","3","4","3","3","3","5","5","2","4","5","3","1","1","2","3","1","2","3","4","3","1","","2","1","3","4","5","6","21","","","very good survey","2","1","1","2","1","2","3","6","2","4","1","5","1","9","10","8","5","6","4","3","2","7","5","7","4","6","8","1","3","9","2","3","10","4","5","6","7","8","9","2","11","1","Republican","Donald Trump","Donald Trump","man","","","Black or African American","","","","","","$100,001-$120,000","MA","New York","New York"
299974,"0","100","423","1","1","20","15","29","5","15","10","1","5","90","97","100","91","93","82","19","77","25","20","20","10","15","5","0","5","7","7","5","1","5","5","5","2","1","5","5","6","6","5","4","3","7","6","4","2","5","6","6","1","7","2","6","3","7","1","7","3","6","2","6","5","5","6","2","5","4","1","3","2","1","3","1","2","3","4","4","1","","1","2","3","4","5","6","41","","","I enjoyed the study","2","1","1","2","2","1","5","4","3","2","1","6","1","9","5","10","6","8","2","4","3","7","4","6","9","2","7","1","3","5","8","2","9","3","4","5","6","11","7","10","8","1","Democrat","Joe Biden","Cornel West","man","","Hispanic, Latino, or Spanish origin","","","","","","","$60,001-$80,000","4yearColl","California","San Mateo"
561450,"0","100","646","1","1","27","13","33","0","0","27","0","0","85","92","44","99","51","65","58","51","39","31","21","9","0","0","0","0","6","6","4","2","5","3","3","2","1","2","5","5","1","1","4","6","2","4","6","3","4","3","4","4","3","4","5","5","4","3","5","5","6","5","5","","3","","3","1","5","2","4","1","2","3","2","1","3","4","2","0","","2","1","3","4","5","6","25","","","","1","2","1","2","2","1","5","3","4","6","1","2","1","8","10","6","5","7","3","4","2","9","4","7","3","5","2","1","8","6","9","11","10","5","4","3","2","7","8","9","6","1","Democrat","Joe Biden","Joe Biden","woman","","","","Asian","","","","","$60,001-$80,000","4yearColl","Maryland","Howard"
128594,"0","100","745","1","1","20","20","20","5","10","18","5","2","95","90","90","72","78","84","85","66","6","22","22","3","15","25","5","2","6","5","6","3","5","6","5","6","6","6","6","7","2","7","2","1","7","7","1","1","7","7","4","1","6","1","6","5","7","1","7","2","3","5","2","3","3","5","1","2","3","5","4","2","1","3","1","2","3","4","4","1","","2","1","3","4","5","6","33","","","This survey was easy to follow and well put together","1","2","1","2","1","2","3","4","2","6","1","5","1","9","6","8","7","5","2","3","4","10","2","3","5","8","7","1","4","9","6","10","5","2","7","6","4","11","8","9","3","1","Republican","Donald Trump","Donald Trump","man","","","","Asian","","","","","$80,001-$100,000","4yearColl","Washington","Spokane"
109677,"0","100","896","1","1","11","7","40","3","21","6","6","6","75","83","77","67","74","67","68","73","9","23","32","5","8","10","5","8","3","3","3","5","5","6","2","6","2","2","7","7","1","6","1","1","7","7","2","1","7","7","1","1","7","3","3","7","6","1","6","3","2","6","2","1","5","1","2","3","4","5","1","1","2","3","1","2","3","4","5","1","","1","2","3","4","5","6","38","","","","1","2","1","2","2","1","6","2","3","5","1","4","1","7","10","8","9","5","4","3","2","6","5","6","3","8","7","1","4","2","9","5","2","10","3","6","8","11","7","4","9","1","Republican","Donald Trump","Donald Trump","woman","White","","Black or African American","","","","","","$40,001-$60,000","4yearColl","Indiana","Whitley"
515402,"0","100","456","1","1","39","21","33","0","3","4","0","0","72","40","78","62","42","56","72","37","40","21","19","0","10","10","0","0","5","4","4","3","5","5","7","5","2","5","3","7","3","6","4","1","6","6","3","4","4","6","5","2","4","2","5","2","7","5","5","3","3","3","6","3","3","4","2","1","5","4","3","2","1","3","1","2","3","4","5","1","","2","1","3","4","5","6","49","","","","1","2","2","1","1","2","4","3","5","2","1","6","1","5","10","9","7","6","4","2","3","8","2","4","6","3","8","1","5","9","7","6","10","3","11","7","4","5","9","2","8","1","Democrat","Joe Biden","Joe Biden","woman","","","","","American Indian or Alaska Native","","","","Over $200,000","MA","Oklahoma","McIntosh"
317113,"0","100","794","1","1","51","49","0","0","0","0","0","0","50","49","51","50","51","47","48","47","51","49","0","0","0","0","0","0","7","7","7","1","5","1","1","1","1","5","5","1","1","5","4","1","7","7","6","1","7","7","1","1","6","5","6","7","7","1","5","1","7","4","4","4","4","4","1","2","5","4","3","1","2","3","1","2","3","4","5","1","","1","2","3","4","5","6","20","","","","1","2","1","2","2","1","3","6","5","4","1","2","1","7","5","9","8","6","2","4","3","10","9","2","6","8","3","1","5","7","4","10","2","3","5","6","9","8","7","4","11","1","Independent","Donald Trump","Joe Biden","man","","","Black or African American","","","","","","$0-$20,000","GED","Wisconsin","Milwaukee"
791747,"0","100","1020","1","1","21","21","19","11","13","6","3","6","93","85","83","68","78","63","83","91","23","17","19","17","15","4","0","5","5","6","5","3","5","6","6","6","4","6","5","7","5","6","4","4","4","5","5","4","5","6","5","2","6","5","3","5","6","3","5","6","5","3","5","5","5","5","3","4","2","1","5","2","1","3","2","1","3","4","4","1","","1","2","3","4","5","6","24","","","","2","1","1","2","1","2","3","5","2","4","1","6","1","10","6","8","7","9","2","3","4","5","9","3","8","5","7","1","6","4","2","2","8","6","9","4","11","7","5","10","3","1","Democrat","Joe Biden","Joe Biden","man","","","Black or African American","","","","","","$100,001-$120,000","4yearColl","Georgia","Montgomery"
758111,"0","100","767","1","1","20","10","30","0","10","15","10","5","60","82","73","5","50","36","53","5","20","20","20","0","10","15","0","15","5","3","5","4","5","5","5","5","5","6","5","6","5","6","3","3","6","7","3","2","5","6","5","3","6","3","6","5","5","3","5","2","5","3","6","5","5","","3","2","4","5","1","2","1","3","1","2","3","4","4","1","","2","1","3","4","5","6","43","","","","1","2","1","2","2","1","6","3","5","4","1","2","1","9","6","7","8","10","4","2","3","5","3","7","4","5","8","1","2","6","9","9","5","6","3","4","10","7","8","11","2","1","Democrat","Joe Biden","Joe Biden","woman","White","","Black or African American","Asian","American Indian or Alaska Native","","","","$60,001-$80,000","2yearColl","Texas","Harris"
395640,"0","100","424","1","1","0","0","52","21","6","3","18","0","8","22","15","9","11","0","0","3","0","0","58","17","0","9","16","0","7","6","7","1","5","1","1","2","1","3","5","5","4","2","4","4","4","3","6","5","3","5","4","1","7","4","5","7","7","3","7","5","5","7","1","2","6","1","4","2","5","1","3","2","1","3","2","1","3","4","5","1","","1","2","3","4","5","6","69","","","","1","2","2","1","2","1","3","6","2","4","1","5","1","5","7","8","6","10","4","2","3","9","9","8","7","6","4","1","2","5","3","2","9","6","3","4","8","5","7","10","11","1","Republican","Donald Trump","Donald Trump","woman","White","","","","","","","","$40,001-$60,000","GED","Texas","Wise"
489607,"0","100","429","1","1","20","15","12","10","13","10","0","20","65","40","65","70","22","50","35","31","15","22","10","18","13","7","0","15","6","5","4","3","5","3","3","3","3","5","3","6","5","6","4","4","6","6","3","3","5","5","5","5","4","3","5","4","3","3","5","3","7","3","4","1","2","5","5","4","3","2","1","2","1","3","1","2","3","4","5","1","","1","2","3","4","5","6","40","","","","2","1","1","2","2","1","6","5","2","4","1","3","1","5","9","6","7","10","2","3","4","8","5","8","3","9","2","1","6","7","4","4","5","11","7","10","2","9","8","6","3","1","Independent","Joe Biden","Joe Biden","man","","","","Asian","","","","","$60,001-$80,000","4yearColl","New York","New York"
347662,"0","100","675","1","1","20","20","20","2","10","8","10","10","75","57","74","90","63","60","98","56","20","30","20","5","10","5","3","7","6","3","4","4","5","4","4","5","6","5","5","6","3","6","1","1","7","7","1","1","7","7","6","2","6","2","5","1","7","2","6","3","3","5","5","2","2","2","5","1","2","3","4","1","2","3","2","1","3","4","5","1","","2","1","3","4","5","6","54","","","","1","2","1","2","1","2","4","3","2","6","1","5","1","9","7","8","6","10","2","4","3","5","3","2","4","5","8","1","6","9","7","9","6","2","4","8","11","10","3","5","7","1","Independent","Joe Biden","Joe Biden","woman","","","Black or African American","","","","","","$40,001-$60,000","4yearColl","Virginia","Richmond"
680595,"0","100","452","1","1","31","4","14","5","20","21","5","0","61","31","50","69","48","78","75","22","17","17","20","5","16","8","2","15","6","6","4","3","5","1","4","3","3","4","4","6","3","4","3","3","5","5","3","3","5","5","4","3","5","3","5","5","5","3","5","3","5","4","5","4","4","5","4","3","2","5","1","1","2","3","1","2","3","4","5","1","","2","1","3","4","5","6","61","","","","1","2","1","2","2","1","6","5","4","3","1","2","1","6","5","9","8","7","3","2","4","10","6","7","8","4","9","1","3","2","5","6","2","4","5","9","10","11","3","7","8","1","Democrat","Joe Biden","Joe Biden","woman","White","","","","","","","","$60,001-$80,000","4yearColl","Connecticut","Hartford"
635814,"0","100","667","1","1","10","2","25","7","33","16","7","0","11","22","73","8","66","56","28","50","9","4","36","16","27","4","4","0","6","4","6","6","5","6","7","5","4","6","6","6","5","6","5","6","6","6","5","4","4","6","7","1","6","1","7","6","7","2","7","2","6","4","3","5","3","5","2","5","1","3","4","1","2","3","2","1","3","4","5","1","","2","1","3","4","5","6","22","","","nice","1","2","1","2","1","2","2","5","3","4","1","6","1","9","8","10","5","6","3","4","2","7","2","6","9","4","7","1","3","8","5","2","5","9","3","6","11","4","8","7","10","1","Democrat","Joe Biden","Joe Biden","man","","","Black or African American","","","","","","$180,001-$200,000","4yearColl","Texas","Johnson"
191750,"0","100","1377","1","1","17","16","18","7","13","12","10","7","55","60","80","75","50","45","70","70","14","15","15","11","15","13","4","13","5","5","6","2","5","2","3","2","3","5","5","5","4","4","2","1","7","7","3","2","7","7","3","2","6","5","5","6","7","1","6","2","5","3","5","6","","5","5","3","2","1","4","1","2","3","1","2","3","4","3","1","","1","2","3","4","5","6","23","","","","2","1","2","1","1","2","4","6","5","2","1","3","1","9","6","5","10","7","3","2","4","8","9","8","2","5","3","1","7","4","6","8","10","2","11","9","3","4","5","7","6","1","Democrat","Joe Biden","Robert F. Kennedy Jr.","woman","","","Black or African American","Asian","","","","","$40,001-$60,000","4yearColl","North Carolina","Wake"
757093,"0","100","202","1","1","5","0","5","5","10","20","35","20","20","15","30","20","40","50","70","64","10","15","20","10","15","15","15","0","5","5","5","4","5","4","4","5","5","6","6","5","3","5","3","2","6","6","3","4","5","4","7","4","7","3","7","1","5","5","6","4","5","7","1","","3","4","3","5","1","4","2","2","1","3","2","1","3","4","5","1","","1","2","3","4","5","6","27","","","","1","2","1","2","1","2","3","5","6","4","1","2","1","10","6","9","8","7","4","2","3","5","8","5","4","9","2","1","3","7","6","4","11","6","5","8","2","3","10","9","7","1","Republican","Donald Trump","Donald Trump","man","White","","Black or African American","","","","","","$160,001-$180,000","2yearColl","Illinois","Kendall"
156243,"0","100","447","1","1","18","12","32","10","14","12","2","0","100","100","100","84","92","79","65","50","32","18","19","10","15","3","2","1","4","3","3","4","5","7","7","7","6","7","6","7","6","6","4","4","4","4","2","3","7","7","6","4","6","2","6","6","6","2","6","2","4","1","5","4","6","","4","5","1","3","2","1","2","3","1","2","3","4","5","1","","1","2","3","4","5","6","24","","","","2","1","2","1","1","2","4","5","2","3","1","6","1","9","5","7","6","8","2","3","4","10","9","7","2","3","6","1","5","4","8","11","4","10","9","6","3","8","7","2","5","1","Democrat","I did not vote","Joe Biden","man","","","Black or African American","","","","","","$0-$20,000","GED","Pennsylvania","Philadelphia"
914255,"0","100","367","1","1","20","10","20","10","10","5","15","10","45","15","65","60","35","30","80","40","20","20","20","5","10","15","5","5","7","5","2","2","5","3","2","5","2","3","1","3","2","5","3","2","7","7","1","2","7","7","3","5","5","2","6","7","6","5","5","2","6","2","3","3","1","3","5","4","3","1","2","2","1","3","1","2","3","4","4","1","","1","2","3","4","5","6","26","","","","1","2","2","1","1","2","4","6","2","5","1","3","1","10","8","9","5","6","4","3","2","7","3","9","6","5","7","1","8","4","2","4","11","5","2","10","9","7","8","3","6","1","Democrat","Joe Biden","Joe Biden","man","","","Black or African American","","","","","","$60,001-$80,000","2yearColl","Pennsylvania","Philadelphia"
989671,"0","100","307","1","1","13","12","13","12","13","13","12","12","66","49","60","86","44","58","83","51","13","13","13","13","12","12","12","12","6","6","6","2","5","3","2","3","4","2","1","3","6","5","1","1","7","7","1","1","7","7","4","5","6","2","7","4","6","2","6","2","4","1","1","1","1","1","2","3","1","4","5","2","1","3","1","2","3","4","5","1","","2","1","3","4","5","6","32","","","","2","1","1","2","2","1","4","2","6","3","1","5","1","7","9","5","10","8","3","4","2","6","4","2","8","3","5","1","7","9","6","8","7","4","10","9","5","2","3","6","11","1","Independent","Joe Biden","Donald Trump","man","","","Black or African American","","","","","","$40,001-$60,000","4yearColl","Texas","Dallas"
736994,"0","100","607","1","1","20","15","8","0","8","29","0","20","80","36","90","100","80","15","0","50","5","20","5","0","5","50","0","15","7","6","5","4","5","3","3","4","1","6","1","4","2","2","1","4","7","6","3","1","7","7","3","1","7","4","7","5","7","3","6","1","5","1","6","4","5","6","3","4","2","1","5","1","2","3","2","1","3","4","4","1","","1","2","3","4","5","6","29","","","no feedback","1","2","2","1","2","1","6","3","5","4","1","2","1","7","6","9","5","8","2","4","3","10","4","6","3","7","8","1","5","2","9","10","9","8","6","11","2","5","7","4","3","1","Democrat","Joe Biden","Joe Biden","man","White","","Black or African American","","","","","","Prefer not to answer",NA,"California","Merced"
634138,"0","100","592","1","1","15","15","35","5","15","5","5","5","70","45","55","50","20","30","60","25","10","15","30","10","20","10","0","5","4","4","5","3","5","3","4","3","3","4","2","4","4","5","1","2","7","7","2","1","7","7","3","4","4","2","6","6","5","3","4","3","5","2","5","5","4","4","2","1","4","5","3","2","1","3","1","2","3","4","2","0","","2","1","3","4","5","6","37","","","","2","1","2","1","1","2","4","2","6","5","1","3","1","10","7","9","6","8","3","2","4","5","5","2","7","3","9","1","4","8","6","8","9","11","3","10","4","5","6","7","2","1","Democrat","Joe Biden","Joe Biden","woman","","","Black or African American","","","","","","$40,001-$60,000","GED","North Carolina","Guilford"
871698,"0","100","470","1","1","39","25","2","5","5","5","10","9","50","40","25","6","5","15","15","15","10","20","25","10","15","15","0","5","6","5","3","2","5","2","2","2","3","4","4","4","3","4","4","4","6","6","5","2","4","6","6","2","6","3","5","5","7","3","6","4","6","4","2","2","2","3","3","5","1","2","4","2","1","3","1","2","3","4","4","1","","1","2","3","4","5","6","33","","","","1","2","2","1","1","2","3","5","4","6","1","2","1","5","6","7","10","9","3","4","2","8","4","6","8","9","2","1","7","5","3","10","7","2","11","5","3","8","9","4","6","1","Independent","I did not vote","Donald Trump","woman","","Hispanic, Latino, or Spanish origin","","","","","","","$80,001-$100,000","4yearColl","New Jersey","Hudson"
768538,"0","100","600","1","1","31","10","19","5","13","10","2","10","84","60","87","38","74","92","22","88","25","18","13","3","20","10","0","11","4","3","3","5","5","5","5","6","5","6","5","6","5","5","2","2","7","7","2","2","6","7","3","5","6","2","6","6","6","2","6","2","3","6","6","5","5","","4","5","2","3","1","2","1","3","2","1","3","4","2","1","","2","1","3","4","5","6","29","","","none","1","2","2","1","2","1","5","3","2","4","1","6","1","8","5","6","9","7","2","4","3","10","8","2","4","7","3","1","5","6","9","11","3","9","2","4","6","8","7","5","10","1","Independent","Donald Trump","Donald Trump","man","","","Black or African American","","","","","","$0-$20,000","4yearColl","Texas","Houston"
259128,"0","100","1097","1","1","10","5","15","30","10","5","20","5","35","10","35","45","15","25","50","15","15","20","15","10","15","10","0","15","6","6","6","3","5","2","2","3","2","2","3","4","2","2","4","1","4","6","2","1","7","7","5","1","4","5","5","2","7","2","5","1","6","1","5","3","4","3","4","2","5","1","3","2","1","3","2","1","3","4","4","1","","2","1","3","4","5","6","27","","","","2","1","1","2","2","1","3","6","5","2","1","4","1","8","5","6","10","9","2","4","3","7","3","5","6","8","4","1","9","2","7","3","4","11","6","7","8","2","10","5","9","1","Democrat","Joe Biden","Robert F. Kennedy Jr.","woman","White","Hispanic, Latino, or Spanish origin","","","","","","","$60,001-$80,000","4yearColl","Florida","Flagler"
450203,"0","100","597","1","1","13","19","23","6","15","12","3","9","71","54","75","56","42","64","30","45","15","17","20","9","14","13","2","10","6","5","5","3","5","3","2","3","2","5","2","5","2","5","2","2","7","6","2","2","6","7","6","3","6","2","5","5","6","2","6","2","6","6","2","5","3","3","3","4","5","1","2","1","2","3","2","1","3","4","5","1","","2","1","3","4","5","6","25","","","","2","1","2","1","2","1","4","2","3","6","1","5","1","7","10","5","9","8","2","4","3","6","4","9","5","6","7","1","8","3","2","6","8","10","4","3","9","11","7","5","2","1","Republican","Donald Trump","Donald Trump","man","","","Black or African American","","","","","","$40,001-$60,000","4yearColl","California","Los Angeles"
333128,"0","100","432","1","1","29","18","12","16","12","8","5","0","81","72","85","89","84","69","60","68","23","20","12","13","9","14","9","0","5","7","6","6","5","6","6","7","5","6","7","5","6","6","6","6","5","7","5","5","6","6","6","4","5","3","5","6","6","3","7","5","5","6","5","6","5","5","1","5","4","3","2","2","1","3","2","1","3","4","5","1","","2","1","3","4","5","6","53","","",NA,"1","2","1","2","2","1","3","5","6","2","1","4","1","8","9","7","10","5","3","4","2","6","3","5","7","6","4","1","2","8","9","8","7","5","3","2","6","11","10","9","4","1","Democrat","Joe Biden","Joe Biden","man","","","Black or African American","","","","","","$40,001-$60,000","4yearColl","Kansas","Ford"
906894,"0","100","1267","1","1","10","20","20","5","20","15","5","5","50","40","40","30","40","50","50","40","15","15","15","5","30","10","5","5","5","3","3","6","5","5","5","5","3","3","3","5","3","3","1","1","7","7","1","1","7","7","6","2","7","1","7","4","6","1","7","1","6","3","5","2","5","4","1","2","5","3","4","2","1","3","2","1","3","4","5","1","","2","1","3","4","5","6","38","","","I have no comments","2","1","2","1","1","2","4","3","6","5","1","2","1","9","6","7","5","8","3","2","4","10","8","5","3","2","4","1","6","9","7","3","6","7","5","11","2","9","8","10","4","1","Republican","I did not vote","Donald Trump","woman","","","","Asian","","","","","$80,001-$100,000","4yearColl","North Carolina","Guilford"
671163,"0","100","486","1","1","10","1","2","5","1","1","79","1","10","10","10","10","1","5","100","10","24","15","20","9","10","6","1","15","7","7","7","2","5","1","2","1","1","1","1","5","1","6","1","1","7","7","2","1","7","7","1","5","2","6","5","5","5","6","2","5","6","1","6","4","2","7","2","5","3","4","1","1","2","3","2","1","3","4","5","1","","1","2","3","4","5","6","64","","","","2","1","2","1","2","1","4","6","2","3","1","5","1","6","5","9","8","10","2","3","4","7","5","9","8","6","3","1","4","2","7","9","6","4","7","3","5","8","2","10","11","1","Democrat","Joe Biden","Joe Biden","man","White","","","","","","","","$20,001-$40,000","GED","Pennsylvania","Allegheny"
871542,"0","100","415","1","1","36","11","7","8","14","2","14","8","64","23","8","15","13","24","34","20","22","0","0","18","1","21","24","14","4","3","5","6","5","4","6","5","2","3","4","3","4","5","6","3","6","4","3","4","5","6","3","2","6","4","5","5","6","1","5","5","7","3","2","5","4","4","2","4","1","5","3","1","2","3","2","1","3","4","4","1","","2","1","3","4","5","6","25","","","","2","1","1","2","1","2","6","5","4","3","1","2","1","5","9","8","6","10","2","4","3","7","9","7","6","5","2","1","4","8","3","4","6","11","3","9","7","10","5","8","2","1","Independent","Third-party candidate","Donald Trump","woman","","","Black or African American","","","","","","$60,001-$80,000","GED","Louisana","Lafayette"
644579,"0","100","586","1","1","30","10","30","0","10","10","5","5","71","60","90","70","60","70","50","60","20","20","20","10","0","10","0","20","7","3","5","3","5","5","5","3","5","5","2","5","1","5","2","1","7","7","7","2","7","7","5","2","5","3","6","3","7","3","5","3","5","3","5","6","2","6","2","5","3","4","1","2","1","3","2","1","3","4","5","1","","1","2","3","4","5","6","34","","","","1","2","2","1","1","2","6","4","2","3","1","5","1","9","6","8","5","7","3","2","4","10","2","5","9","4","8","1","6","7","3","2","5","3","9","4","10","7","6","8","11","1","Democrat","Joe Biden","Joe Biden","woman","White","","","","","","","","$20,001-$40,000","2yearColl","Illinois","Cook"
231971,"0","100","557","1","1","0","30","30","5","35","0","0","0","20","20","50","75","1","30","50","35","10","19","19","12","25","5","0","10","7","7","7","2","5","2","2","4","1","3","3","5","1","5","2","1","7","7","7","1","7","7","1","6","6","2","4","7","7","1","5","2","7","4","2","4","4","4","2","4","5","3","1","1","2","3","1","2","3","4","4","1","","2","1","3","4","5","6","37","","","","1","2","1","2","2","1","5","4","3","2","1","6","1","10","9","5","8","6","3","2","4","7","8","5","9","7","2","1","4","3","6","6","8","2","3","4","7","5","9","10","11","1","Independent","Third-party candidate","Robert F. Kennedy Jr.","man","","","Black or African American","","","","","","$0-$20,000","2yearColl","Arkansas","Dallas"
242320,"0","100","276","1","1","30","20","18","10","5","5","4","8","45","65","83","96","55","80","57","67","27","16","10","18","10","11","5","3","5","7","6","7","5","4","3","4","1","2","5","4","3","3","2","1","6","5","2","2","7","5","5","6","6","5","3","6","5","2","5","4","7","4","5","4","3","4","5","1","3","2","4","1","2","3","2","1","3","4","5","1","","2","1","3","4","5","6","29","","","","2","1","2","1","2","1","6","5","3","4","1","2","1","10","9","6","8","5","3","4","2","7","4","3","8","5","9","1","2","7","6","9","11","10","6","2","8","7","4","5","3","1","Independent","Donald Trump","Donald Trump","man","White","Hispanic, Latino, or Spanish origin","","","","","","","$40,001-$60,000","4yearColl","Pennsylvania","Lehigh"
153622,"0","100","901","1","1","30","20","15","5","10","10","3","7","80","35","60","50","65","60","50","60","30","30","10","5","14","5","1","5","3","4","4","5","5","5","6","5","6","5","4","7","5","4","4","3","5","6","3","3","6","6","5","2","5","2","5","4","4","1","6","3","4","3","6","4","4","5","3","1","4","5","2","2","1","3","1","2","3","4","4","1","","1","2","3","4","5","6","24","","","","2","1","1","2","2","1","5","3","6","4","1","2","1","5","10","7","8","9","2","4","3","6","3","4","2","9","7","1","5","8","6","2","10","7","4","8","3","5","9","6","11","1","Democrat","Joe Biden","Joe Biden","man","","","Black or African American","","","","","","$60,001-$80,000","4yearColl","Connecticut","Fairfield"
226020,"0","100","930","1","1","30","23","15","5","7","5","10","5","70","40","65","40","60","50","40","41","25","25","25","5","10","5","0","5","2","4","4","6","5","6","6","6","6","7","6","6","6","6","4","1","6","6","4","6","6","5","5","1","6","2","6","6","7","2","6","1","4","6","4","5","4","7","3","1","2","5","4","2","1","3","1","2","3","4","1","0","","2","1","3","4","5","6","24","","","","2","1","2","1","1","2","2","6","4","3","1","5","1","10","5","6","7","9","4","3","2","8","7","6","4","5","8","1","9","3","2","11","10","5","2","6","8","4","9","7","3","1","Republican","I did not vote","Donald Trump","woman","","","Black or African American","","","","","","$120,001-$140,000","4yearColl","New York","New York"
332675,"0","100","608","1","1","10","23","18","15","11","8","10","5","24","17","12","18","41","14","17","13","9","7","14","11","9","4","14","32","6","6","6","5","5","4","6","4","2","4","6","3","5","3","4","6","3","3","5","4","6","5","4","5","7","4","3","6","6","4","5","3","6","5","6","2","3","5","2","1","3","4","5","2","1","3","1","2","3","4","4","1","","1","2","3","4","5","6","51","","","","1","2","2","1","2","1","6","2","4","5","1","3","1","5","6","10","8","9","4","2","3","7","5","8","7","6","9","1","4","2","3","8","10","2","7","5","6","11","3","4","9","1","Democrat","Joe Biden","Joe Biden","man","","","Black or African American","","","","","","$40,001-$60,000","4yearColl","Nebraska","Burt"
604549,"0","100","680","1","1","5","20","40","5","10","10","5","5","70","70","100","50","70","100","100","70","2","25","30","7","10","10","1","15","4","4","4","5","5","6","5","7","5","6","6","7","5","6","1","1","7","7","1","1","7","7","6","4","7","1","7","2","7","1","7","1","4","","6","6","","6","5","4","2","3","1","1","2","3","2","1","3","4","5","1","","2","1","3","4","5","6","22","","","","2","1","1","2","1","2","2","4","6","3","1","5","1","7","10","9","5","8","4","3","2","6","3","5","6","8","9","1","7","4","2","7","10","5","11","6","4","9","3","2","8","1","Democrat","Joe Biden","Joe Biden","man","","Hispanic, Latino, or Spanish origin","","","","","","","$60,001-$80,000","2yearColl","Texas","El Paso"
324991,"0","100","1239","1","1","20","20","21","6","14","11","3","5","96","90","97","85","89","98","39","88","17","17","20","12","14","17","0","3","2","2","2","6","5","6","6","7","5","6","6","7","5","7","4","3","7","6","3","4","6","7","5","2","6","2","6","7","6","3","7","5","4","6","1","5","1","6","5","3","4","2","1","2","1","3","1","2","3","4","1","0","","1","2","3","4","5","6","29","","","None","1","2","1","2","1","2","4","3","6","5","1","2","1","8","7","6","9","10","4","3","2","5","7","4","2","8","6","1","9","5","3","2","4","9","6","3","5","7","10","11","8","1","Republican","I did not vote","Donald Trump","man","","","Black or African American","","","","","","$100,001-$120,000","4yearColl","New York","New York"
858688,"0","100","448","1","1","18","18","18","4","18","12","12","0","89","82","85","85","80","72","80","89","15","15","15","7","15","15","4","14","7","7","6","5","5","3","5","3","3","3","2","5","3","5","1","1","7","7","1","1","7","7","5","2","6","4","7","5","7","2","7","1","7","1","7","7","4","7","1","4","2","3","5","2","1","3","2","1","3","4","5","1","","1","2","3","4","5","6","27","","","","1","2","2","1","1","2","2","4","5","3","1","6","1","8","6","5","7","9","3","4","2","10","5","3","7","2","8","1","6","4","9","4","10","2","5","7","6","3","11","8","9","1","Democrat","Joe Biden","Joe Biden","man","","","Black or African American","","American Indian or Alaska Native","","","","$20,001-$40,000","4yearColl","Oklahoma","Oklahoma"
329773,"0","100","464","1","1","23","5","17","23","2","0","25","5","70","30","79","96","25","10","89","20","13","24","11","3","24","0","0","25","6","6","5","4","5","3","1","1","1","3","2","3","1","5","1","1","7","7","1","1","7","7","6","4","6","6","7","5","6","5","5","1","6","1","6","7","","7","5","2","4","3","1","1","2","3","2","1","3","4","5","1","","2","1","3","4","5","6","21","","","","2","1","1","2","1","2","4","5","6","2","1","3","1","8","10","9","7","5","2","4","3","6","2","6","4","3","8","1","5","7","9","6","9","8","10","4","3","5","7","11","2","1","Democrat","Joe Biden","Joe Biden","woman","","","Black or African American","","","","","","$0-$20,000","GED","Connecticut","Hartford"
248794,"0","100","1088","1","1","25","10","25","5","10","10","12","3","10","1","1","30","3","2","89","5","25","25","30","0","10","10","0","0","7","6","6","2","5","5","5","1","2","6","3","3","6","6","4","2","7","1","1","1","6","7","5","1","6","1","6","6","5","1","7","3","7","5","3","5","5","5","2","5","3","1","4","2","1","3","1","2","3","4","2","0","","2","1","3","4","5","6","58","","","","2","1","1","2","2","1","2","4","3","6","1","5","1","8","9","6","10","5","4","2","3","7","8","4","3","2","5","1","7","6","9","4","7","5","2","6","3","10","8","9","11","1","Independent","Joe Biden","Donald Trump","woman","","","Black or African American","","","","","","$20,001-$40,000","4yearColl","Washington","Pacific"
867063,"0","100","364","1","1","23","19","21","14","7","7","9","0","75","55","53","70","55","62","53","69","27","16","37","20","0","0","0","0","6","6","6","6","5","6","7","7","6","7","6","6","7","7","6","7","7","7","4","5","6","6","7","1","7","1","7","7","6","1","7","3","6","2","6","5","6","6","3","4","5","2","1","1","2","3","1","2","3","4","5","1","","2","1","3","4","5","6","38","","","","1","2","1","2","2","1","3","2","4","5","1","6","1","8","7","5","10","9","2","3","4","6","4","8","9","6","5","1","3","2","7","4","6","8","5","10","2","3","7","9","11","1","Democrat","Joe Biden","Joe Biden","man","","","Black or African American","","","","","","$80,001-$100,000","4yearColl","New York","Bronx"
462540,"0","100","989","1","1","47","53","0","0","0","0","0","0","79","65","67","87","62","72","51","49","75","25","0","0","0","0","0","0","6","6","6","1","5","1","1","1","1","1","1","1","2","3","4","2","6","6","3","4","5","5","3","3","4","6","4","5","4","5","3","4","7","2","5","3","3","3","4","2","5","3","1","1","2","3","2","1","3","4","5","1","","1","2","3","4","5","6","22","","","","2","1","1","2","2","1","4","5","6","2","1","3","1","8","7","10","5","6","2","4","3","9","8","2","3","9","7","1","4","6","5","11","4","10","3","2","8","6","7","9","5","1","Democrat","Joe Biden","Robert F. Kennedy Jr.","woman","White","","Black or African American","","","","","","$0-$20,000","GED","North Carolina","Stanly"
160108,"0","100","652","1","1","15","15","20","10","10","10","10","10","81","75","82","95","66","67","52","40","15","20","15","10","10","20","0","10","5","5","4","3","5","4","4","4","3","5","3","4","3","3","3","1","6","5","3","3","6","7","3","2","5","5","5","5","5","2","3","3","5","2","6","5","4","","1","5","2","4","3","2","1","3","2","1","3","4","4","1","","1","2","3","4","5","6","26","","","","1","2","2","1","2","1","3","5","2","6","1","4","1","9","7","8","5","10","4","3","2","6","9","5","6","8","3","1","2","4","7","11","4","9","3","7","5","2","8","10","6","1","Democrat","Joe Biden","Joe Biden","woman","","Hispanic, Latino, or Spanish origin","","","","","","","$60,001-$80,000","MA","Texas","Dallas"
940526,"0","100","551","1","1","30","6","20","2","20","10","5","7","30","4","25","80","7","12","86","6","30","8","13","4","17","13","5","10","6","5","5","4","5","2","3","2","2","2","1","4","2","2","4","1","6","4","4","4","4","5","4","4","5","3","6","4","4","2","6","4","4","3","5","5","3","5","2","1","3","4","5","2","1","3","1","2","3","4","4","1","","1","2","3","4","5","6","31","","","","2","1","2","1","2","1","6","2","3","5","1","4","1","7","10","8","5","6","3","2","4","9","5","7","6","3","2","1","4","8","9","11","5","10","4","8","2","6","3","7","9","1","Democrat","I did not vote","Joe Biden","man","","Hispanic, Latino, or Spanish origin","","","","","","","$40,001-$60,000","4yearColl","Arizona","Pima"
351490,"0","100","595","1","1","7","21","21","6","27","14","2","2","67","80","78","73","83","78","88","70","13","17","17","3","18","15","10","7","5","5","5","4","5","3","3","3","3","3","5","5","2","4","4","3","5","4","3","5","5","6","4","3","6","4","5","6","6","5","6","3","3","5","5","5","3","5","4","1","3","2","5","2","1","3","2","1","3","4","4","1","","1","2","3","4","5","6","52","","","Thx","1","2","2","1","1","2","3","6","5","2","1","4","1","8","5","10","9","7","3","4","2","6","6","5","7","9","4","1","8","3","2","6","10","4","7","3","11","8","9","5","2","1","Independent","I did not vote","Donald Trump","man","White","","","","","","","","$20,001-$40,000","2yearColl","Florida","Brevard"
392644,"0","100","884","1","1","8","0","51","0","13","25","3","0","10","25","25","26","11","32","40","22","26","44","16","0","9","5","0","0","6","5","6","3","5","3","5","2","6","6","5","6","3","6","1","1","7","7","1","1","7","7","6","1","7","1","5","2","6","1","7","1","3","5","4","","","","4","3","2","1","5","2","1","3","1","2","3","4","5","1","","1","2","3","4","5","6","38","","","","1","2","1","2","1","2","4","2","3","5","1","6","1","6","9","8","7","10","4","3","2","5","7","6","2","3","9","1","5","4","8","10","2","9","3","11","5","7","4","8","6","1","Democrat","Joe Biden","Joe Biden","woman","","","Black or African American","","","","","","$20,001-$40,000","4yearColl","Illinois","Cook"
165911,"0","100","295","1","1","20","30","20","8","9","10","0","3","10","15","20","30","4","15","80","50","12","30","27","3","14","14","0","0","6","5","5","2","5","3","1","3","1","3","1","6","4","5","1","1","7","7","1","1","6","7","1","1","5","5","5","6","6","2","5","2","5","1","7","5","","7","2","1","5","3","4","2","1","3","2","1","3","4","5","1","","1","2","3","4","5","6","23","","","","2","1","2","1","1","2","6","5","2","4","1","3","1","6","5","10","9","7","3","4","2","8","8","6","9","2","7","1","5","4","3","3","4","5","6","8","7","11","10","2","9","1","Democrat","Joe Biden","Joe Biden","woman","","","","Asian","","","","","$100,001-$120,000","GED","New Jersey","Middlesex"
713212,"0","100","319","1","1","0","0","3","0","0","0","97","0","0","0","4","1","1","1","98","1","26","28","12","8","9","6","4","7","7","6","7","1","5","1","1","2","1","2","1","2","3","2","1","1","7","7","3","2","7","7","6","2","5","5","6","2","6","3","5","2","7","4","2","3","","4","4","2","1","5","3","1","2","3","1","2","3","4","5","1","","2","1","3","4","5","6","46","","taino","","2","1","1","2","1","2","3","2","5","4","1","6","1","6","8","10","7","5","3","2","4","9","8","6","9","4","5","1","2","3","7","3","8","11","10","9","4","2","7","5","6","1","Independent","Joe Biden","Cornel West","woman","","Hispanic, Latino, or Spanish origin","Black or African American","","","","","Other (please specify)","$0-$20,000","GED","North Carolina","Durham"
454663,"0","100","689","1","1","38","0","29","0","0","0","33","0","46","87","100","64","47","35","85","30","59","0","35","0","0","6","0","0","6","7","7","3","5","1","1","2","3","7","6","7","2","3","1","1","7","7","1","1","7","7","7","1","7","1","7","7","7","5","7","1","4","1","6","7","1","6","4","3","5","1","2","1","2","3","2","1","3","4","4","1","","1","2","3","4","5","6","21","","","","2","1","1","2","1","2","5","3","4","2","1","6","1","6","7","10","9","8","3","4","2","5","4","2","9","6","8","1","3","5","7","11","7","2","4","10","6","9","8","3","5","1","Independent","I did not vote","Robert F. Kennedy Jr.","woman","","","Black or African American","","","","","","$0-$20,000","GED","New York","Bronx"
176577,"0","100","517","1","1","30","15","10","6","15","15","4","5","65","80","75","85","86","39","96","80","24","10","24","10","10","10","10","2","5","3","3","6","5","6","5","7","3","5","6","7","5","3","2","1","5","5","5","3","5","5","3","5","5","2","3","5","3","3","5","5","3","4","6","5","3","3","1","5","2","4","3","1","2","3","2","1","3","4","1","0","","2","1","3","4","5","6","44","","","","2","1","1","2","2","1","3","2","5","4","1","6","1","10","9","7","8","6","4","3","2","5","6","9","8","5","3","1","4","7","2","5","3","2","6","8","11","4","10","9","7","1","Democrat","Joe Biden","Joe Biden","man","","","Black or African American","","","","","","$20,001-$40,000","2yearColl","Texas","McLennan"
261618,"0","100","938","1","1","20","15","15","7","12","12","10","9","80","74","70","89","79","93","51","63","18","15","13","12","15","12","5","10","5","2","2","5","5","5","5","5","4","6","4","7","6","7","6","4","5","7","7","4","6","4","6","2","7","2","5","6","6","1","7","1","4","6","2","4","2","5","3","1","4","2","5","2","1","3","1","2","3","4","5","1","","2","1","3","4","5","6","25","","","","1","2","1","2","1","2","3","4","2","6","1","5","1","5","6","9","8","10","3","2","4","7","9","3","7","8","5","1","6","2","4","7","10","4","5","6","3","2","9","8","11","1","Republican","Donald Trump","Donald Trump","man","","","Black or African American","","","","","","$60,001-$80,000","4yearColl","Nevada","White Pine"
617896,"0","100","942","1","1","20","15","12","7","12","12","13","9","87","71","75","75","65","76","30","65","18","15","13","12","15","12","5","10","5","3","2","6","5","4","5","5","6","6","5","7","6","7","6","4","4","6","6","4","5","4","6","2","6","2","6","7","6","2","7","1","5","7","2","5","","6","5","1","3","2","4","2","1","3","1","2","3","4","5","1","","1","2","3","4","5","6","25","","","","1","2","2","1","2","1","6","3","4","2","1","5","1","7","10","6","8","9","3","2","4","5","9","6","7","8","4","1","2","3","5","9","2","6","7","4","11","3","10","8","5","1","Republican","Donald Trump","Donald Trump","woman","","","Black or African American","","","","","","$60,001-$80,000","4yearColl","New Jersey","Middlesex"
610022,"0","100","352","1","1","18","10","25","3","12","17","10","5","31","37","78","91","48","37","75","26","16","17","7","0","20","20","0","20","7","7","7","3","5","2","2","3","4","3","1","1","2","3","1","2","7","7","1","1","7","7","1","5","4","5","5","7","5","3","4","2","7","1","6","5","1","6","4","2","3","5","1","1","2","3","2","1","3","4","5","1","","2","1","3","4","5","6","27","","","","1","2","1","2","1","2","2","3","6","4","1","5","1","10","8","9","5","7","4","2","3","6","2","4","3","7","6","1","8","9","5","6","9","8","4","10","2","3","7","5","11","1","Democrat","Joe Biden","Joe Biden","woman","","","Black or African American","","","","","","$40,001-$60,000","GED","Pennsylvania","Philadelphia"
181734,"0","100","625","1","1","0","0","0","70","0","0","30","0","1","5","0","30","0","0","50","10","0","20","0","10","20","40","0","10","7","7","7","1","5","1","1","1","1","1","1","1","1","1","1","1","7","7","4","1","6","7","1","6","2","5","6","7","2","3","3","1","7","1","1","2","2","3","3","2","1","5","4","1","2","3","2","1","3","4","5","1","","1","2","3","4","5","6","43","","","For the first part of the survey, strictly speaking, I was talking about how the US itself behaves presently, not the principles the country was founded upon. The US government fixes or overthrows elections when it doesn't like the results so it doesn't value Democracy. They imprison journalists for telling the truth. They send police and the national guard to brutalize protestors for speaking out on humanitarian rights. And even for a ""capitalist"" nation they must sanction all other nations to prevent them from trading freely. Morally bankrupt.","2","1","2","1","2","1","5","4","6","3","1","2","1","5","10","7","8","6","4","3","2","9","2","8","7","6","4","1","5","9","3","10","3","7","9","6","5","2","8","4","11","1","Independent","Third-party candidate","Jill Stein","man","","","","Asian","","","","","Prefer not to answer","2yearColl","California","Los Angeles"
811935,"0","100","340","1","1","34","9","23","4","19","4","6","1","39","10","17","9","22","31","34","4","15","5","25","10","30","10","5","0","5","5","5","3","5","2","3","3","4","5","5","5","3","5","4","4","6","6","6","5","3","5","3","2","6","3","5","5","5","2","5","2","6","5","1","3","2","2","5","4","2","3","1","2","1","3","2","1","3","4","3","1","","1","2","3","4","5","6","60","","","Ive never seen things so bad as they are now ","1","2","2","1","2","1","2","4","5","3","1","6","1","8","7","6","10","5","2","3","4","9","9","8","7","3","5","1","4","6","2","2","4","7","6","8","10","5","3","11","9","1","Republican","Donald Trump","Joe Biden","man","White","","","","","","","","$80,001-$100,000","4yearColl","Virginia","Virginia Beach"
747260,"0","100","321","1","1","15","5","5","10","5","30","10","20","6","3","1","9","9","4","5","6","10","15","20","5","15","10","15","10","5","5","4","2","5","5","4","5","2","2","5","5","2","2","5","4","5","6","4","4","5","5","3","5","3","5","4","6","5","4","4","5","5","6","2","2","3","1","1","3","2","4","5","1","2","3","1","2","3","4","5","1","","2","1","3","4","5","6","32","","","","1","2","1","2","2","1","6","2","5","4","1","3","1","10","5","9","8","6","4","3","2","7","3","5","8","9","4","1","7","6","2","8","6","5","7","2","3","11","10","4","9","1","Republican","Donald Trump","Donald Trump","woman","","Hispanic, Latino, or Spanish origin","","","","","","","$60,001-$80,000","4yearColl","Texas","Collin"
302818,"0","100","458","1","1","26","26","30","0","18","0","0","0","73","48","68","78","60","72","48","72","29","23","16","18","14","0","0","0","6","4","5","6","5","4","6","7","5","7","6","5","6","6","7","7","7","6","2","2","6","7","6","4","6","3","7","6","7","2","7","1","7","6","6","6","3","6","1","4","5","3","2","1","2","3","2","1","3","4","5","1","","1","2","3","4","5","6","40","","","","2","1","1","2","1","2","3","5","4","6","1","2","1","7","5","8","10","6","2","3","4","9","6","2","5","8","3","1","7","4","9","5","10","7","6","3","8","9","2","4","11","1","Democrat","Joe Biden","Joe Biden","man","","","Black or African American","","","","","","$80,001-$100,000","4yearColl","Texas","Andrews"
864570,"0","100","477","1","1","8","7","12","37","0","0","18","18","8","19","5","37","6","16","40","12","8","20","17","4","16","13","20","2","7","7","7","1","5","1","1","5","1","5","2","1","2","2","5","1","7","7","1","1","7","7","4","7","7","5","5","4","5","1","6","5","7","4","4","3","","3","3","1","5","2","4","2","1","3","2","1","3","4","1","0","","2","1","3","4","5","6","30","","","None","1","2","1","2","2","1","6","3","4","2","1","5","1","10","6","7","5","8","2","3","4","9","7","2","9","6","3","1","8","4","5","2","10","5","4","3","9","11","8","6","7","1","Democrat","Joe Biden","Jill Stein","man","","","","Asian","","","","","$120,001-$140,000","PHD","California","Orange"
688952,"0","100","799","1","1","14","13","22","3","16","8","18","6","85","42","52","26","84","57","100","34","19","15","17","9","18","10","0","12","6","4","5","5","5","2","5","2","5","5","5","4","4","6","4","1","6","5","1","1","7","7","4","4","6","2","5","6","6","2","6","4","6","4","5","3","2","5","5","4","1","2","3","1","2","3","1","2","3","4","5","1","","2","1","3","4","5","6","45","","","","2","1","2","1","1","2","2","4","5","3","1","6","1","10","7","6","8","5","4","2","3","9","6","3","9","5","8","1","2","7","4","9","5","7","4","3","8","6","11","2","10","1","Democrat","Joe Biden","Joe Biden","man","","","","Asian","","","","","Over $200,000","MA","Massachusetts","Plymouth"
355518,"0","100","325","1","1","21","11","11","7","17","12","10","11","28","9","15","11","13","7","12","9","15","14","15","11","11","11","11","12","3","3","4","6","5","6","6","6","5","6","6","5","6","6","2","2","6","6","2","2","6","6","4","2","6","2","5","2","5","2","6","3","3","2","6","4","2","5","4","2","3","1","5","1","2","3","1","2","3","4","3","0","","1","2","3","4","5","6","63","","","None","2","1","1","2","2","1","5","3","6","2","1","4","1","7","10","6","9","8","2","3","4","5","5","4","3","7","9","1","2","6","8","2","4","5","9","6","10","7","11","3","8","1","Democrat","I did not vote","Jill Stein","woman","White","","","","","","","","$120,001-$140,000","4yearColl","California","Santa Clara"
317699,"0","100","454","1","1","5","10","20","5","30","20","5","5","39","50","12","79","9","10","49","88","5","5","15","5","25","20","25","0","5","7","4","1","5","1","1","1","1","1","5","3","1","1","4","6","4","4","6","3","4","5","2","3","6","5","5","6","5","1","4","2","7","7","2","1","3","1","1","4","2","5","3","2","1","3","2","1","3","4","5","1","","1","2","3","4","5","6","66","","","","1","2","1","2","1","2","3","6","4","5","1","2","1","7","6","10","8","5","4","2","3","9","4","6","7","5","8","1","3","9","2","2","7","4","3","5","8","11","6","9","10","1","Independent","Donald Trump","Donald Trump","woman","White","","","","","","","","$60,001-$80,000","4yearColl","Pennsylvania","Allegheny"
390680,"0","100","616","1","1","19","21","33","0","22","2","2","1","62","32","56","69","89","81","100","81","9","20","32","11","17","3","0","8","7","6","7","5","5","5","5","5","1","5","6","7","7","7","4","1","7","7","3","1","6","7","7","1","7","1","7","1","7","1","7","1","5","","3","","","","3","4","1","2","5","2","1","3","1","2","3","4","5","1","","2","1","3","4","5","6","67","","","","1","2","1","2","1","2","2","6","3","5","1","4","1","9","8","10","7","6","4","3","2","5","2","5","3","6","8","1","7","9","4","7","6","2","3","10","11","5","9","8","4","1","Independent","Joe Biden","Joe Biden","woman","White","","","","","","","","$60,001-$80,000","4yearColl","Pennsylvania","York"
559573,"0","100","495","1","1","15","2","38","12","12","8","6","7","64","35","30","14","25","50","2","9","11","18","14","16","17","15","0","9","5","5","5","3","5","5","3","1","5","5","1","1","1","3","1","2","7","6","2","1","7","7","5","3","5","3","5","6","5","3","3","2","7","1","7","7","4","6","3","2","1","4","5","2","1","3","2","1","3","4","4","1","","2","1","3","4","5","6","25","","","","1","2","1","2","1","2","3","5","2","4","1","6","1","5","10","6","8","7","3","2","4","9","9","8","3","4","6","1","2","7","5","5","2","11","4","8","7","9","3","10","6","1","Democrat","Joe Biden","Joe Biden","woman","","","Black or African American","","","","","","$60,001-$80,000","4yearColl","Texas","Travis"
563590,"0","100","785","1","1","20","5","15","10","10","15","20","5","72","22","63","20","74","64","91","22","20","20","15","5","20","5","5","10","5","5","6","3","5","2","5","3","3","3","3","7","2","6","5","5","7","7","1","1","7","7","5","5","6","5","5","5","7","2","5","2","2","2","6","","","5","1","2","5","4","3","2","1","3","1","2","3","4","4","1","","2","1","3","4","5","6","65","","","n/a","2","1","2","1","1","2","6","2","5","3","1","4","1","5","10","6","7","8","2","3","4","9","7","2","3","5","6","1","4","8","9","7","9","2","6","4","3","8","10","11","5","1","Independent","Joe Biden","Joe Biden","man","White","","","","","","","","$0-$20,000","GED","Ohio","Coshocton"
957186,"0","100","569","1","1","7","1","8","5","43","11","16","9","46","59","54","50","38","40","49","41","21","6","13","14","23","10","10","3","5","5","5","2","5","1","1","2","4","1","5","5","3","4","6","7","1","1","7","7","1","4","5","5","3","4","3","3","4","2","3","6","4","7","1","1","2","1","2","5","1","3","4","2","1","3","2","1","3","4","5","1","","2","1","3","4","5","6","35","","","","2","1","1","2","2","1","6","5","4","2","1","3","1","10","6","5","9","7","3","4","2","8","3","2","6","5","9","1","7","4","8","3","7","2","10","6","5","11","8","4","9","1","Republican","Donald Trump","Donald Trump","man","","","","Asian","","","","","Over $200,000","MA","Nevada","Clark"
668795,"0","100","908","1","1","5","5","2","3","5","5","70","5","20","11","18","18","10","21","93","23","15","30","15","5","20","5","5","5","6","7","7","1","5","2","3","2","5","4","4","6","1","4","1","1","1","7","1","1","7","7","2","4","6","2","6","5","6","1","7","2","7","1","4","5","4","5","1","5","3","2","4","2","1","3","1","2","3","4","1","0","","1","2","3","4","5","6","43","","","","1","2","2","1","1","2","5","3","2","4","1","6","1","6","9","8","10","7","2","4","3","5","8","4","3","9","2","1","5","6","7","4","8","11","6","9","7","2","3","5","10","1","Independent","Joe Biden","Joe Biden","woman","","","Black or African American","","","","","","$60,001-$80,000","GED","Tennessee","Shelby"
115381,"0","100","853","1","1","14","12","14","11","12","12","14","11","47","62","73","52","20","55","69","38","13","12","13","12","13","12","13","12","5","5","7","5","5","2","1","3","2","2","6","6","1","4","4","5","4","5","6","4","4","4","2","2","6","4","5","5","5","3","6","4","5","6","3","1","3","3","4","3","1","2","5","1","2","3","2","1","3","4","5","1","","1","2","3","4","5","6","60","","","","2","1","2","1","2","1","2","6","5","3","1","4","1","5","7","6","8","10","2","3","4","9","8","2","4","5","9","1","3","7","6","6","10","9","4","5","8","11","7","2","3","1","Republican","Donald Trump","Donald Trump","woman","White","","","","","","","","$20,001-$40,000","4yearColl","Texas","Concho"
396293,"0","100","154","1","1","20","20","20","10","10","10","0","10","35","52","42","44","56","42","25","47","20","20","20","10","10","10","0","10","4","4","4","4","5","4","4","4","4","4","4","4","4","4","4","4","4","4","4","4","4","4","4","4","4","4","5","4","5","3","5","2","5","2","3","3","2","3","4","1","3","2","5","1","2","3","1","2","3","4","3","1","","1","2","3","4","5","6","32","","","","2","1","1","2","1","2","5","6","3","4","1","2","1","9","8","10","5","6","4","3","2","7","2","8","3","5","7","1","4","6","9","10","2","5","9","3","6","7","8","11","4","1","Democrat","Joe Biden","Joe Biden","man","White","","","","","","","","$40,001-$60,000","4yearColl","Pennsylvania","Indiana"
648942,"0","100","878","1","1","36","5","39","5","5","5","0","5","20","6","15","20","5","5","30","12","40","10","15","10","5","5","0","15","5","6","7","2","5","4","4","4","2","3","3","7","3","6","4","4","5","4","2","5","4","4","5","3","5","5","6","4","5","4","4","1","5","6","1","1","3","2","1","4","5","2","3","2","1","3","1","2","3","4","5","1","","1","2","3","4","5","6","37","","","","1","2","1","2","1","2","6","3","2","4","1","5","1","10","6","5","8","9","3","4","2","7","2","7","9","3","6","1","5","8","4","6","9","8","4","10","3","5","7","2","11","1","Republican","Donald Trump","Donald Trump","woman","White","Hispanic, Latino, or Spanish origin","","Asian","American Indian or Alaska Native","","","","$180,001-$200,000","MA","New York","Queens"
383209,"0","100","475","1","1","30","20","20","5","10","5","5","5","39","10","30","11","25","26","18","9","35","10","15","5","10","10","10","5","3","2","2","5","5","6","6","5","4","4","7","7","6","6","4","2","7","5","3","2","6","5","4","6","7","4","3","4","7","2","4","4","5","7","1","3","2","4","3","5","1","2","4","1","2","3","2","1","3","4","5","1","","1","2","3","4","5","6","23","","","","1","2","1","2","2","1","3","5","6","4","1","2","1","5","7","10","8","9","2","4","3","6","5","7","3","4","9","1","2","6","8","4","2","7","5","10","8","6","3","11","9","1","Republican","Donald Trump","Donald Trump","woman","White","Hispanic, Latino, or Spanish origin","","","","","","","Over $200,000","4yearColl","Pennsylvania","York"
962073,"0","100","686","1","1","52","10","6","7","6","6","6","7","98","88","87","87","89","87","87","87","49","7","8","9","9","9","5","4","5","5","5","5","5","7","7","7","6","6","7","6","7","6","5","5","5","5","5","5","5","5","5","2","4","2","2","4","2","2","4","5","5","1","6","1","7","1","1","5","2","3","4","1","2","3","1","2","3","4","5","1","","2","1","3","4","5","6","","","","","2","1","1","2","2","1","5","2","6","4","1","3","1","5","10","6","7","9","2","4","3","8","8","2","7","9","3","1","4","5","6","8","4","10","6","11","3","5","9","2","7","1","Republican","Donald Trump","Donald Trump","man","","","Black or African American","","","","","","$80,001-$100,000","MA","New York","Erie"
403502,"0","100","946","1","1","15","20","20","5","30","4","2","4","10","10","20","30","20","30","10","3","17","19","14","16","11","13","0","10","5","4","4","4","4","4","4","4","4","3","3","4","4","6","4","3","5","5","5","3","5","5","5","3","4","4","5","6","6","4","4","4","7","4","5","5","5","5","2","4","1","3","5","1","2","3","2","1","3","4","3","0","","1","2","3","4","5","6","55","","","","2","1","1","2","1","2","5","6","2","3","1","4","1","5","9","8","7","6","4","2","3","10","6","8","3","7","2","1","9","4","5","5","10","8","9","11","7","6","2","3","4","1","Independent","Third-party candidate","Jill Stein","woman","","","","Asian","","","","","$20,001-$40,000","GED","New York","New York"
155472,"0","100","733","1","1","25","15","20","7","10","10","5","8","90","60","70","75","70","55","80","70","14","14","14","11","14","14","5","14","6","3","5","5","5","5","6","3","6","5","3","3","6","3","2","1","7","7","2","2","6","7","4","5","6","5","5","5","6","2","5","5","3","1","5","5","1","6","5","2","4","3","1","2","1","3","1","2","3","4","5","1","","2","1","3","4","5","6","21","","","","1","2","2","1","1","2","6","4","5","2","1","3","1","10","6","7","8","9","4","2","3","5","8","4","3","6","7","1","5","2","9","5","4","11","8","2","3","10","6","9","7","1","Democrat","Joe Biden","Joe Biden","woman","","Hispanic, Latino, or Spanish origin","","","","","","","$60,001-$80,000","4yearColl","New York","Queens"
697765,"0","100","643","1","1","25","5","15","15","10","15","10","5","9","3","22","60","3","50","33","14","10","20","15","15","23","7","10","0","7","6","5","2","5","2","2","2","5","3","2","3","2","3","2","1","6","7","1","1","7","7","4","2","4","6","5","5","6","2","5","3","7","4","5","5","5","5","5","4","3","1","2","2","1","3","2","1","3","4","5","1","","2","1","3","4","5","6","56","","","","2","1","1","2","1","2","6","2","4","3","1","5","1","8","9","5","7","10","4","2","3","6","3","7","2","5","9","1","6","8","4","5","10","8","2","7","4","11","6","9","3","1","Independent","Joe Biden","Robert F. Kennedy Jr.","man","","","Black or African American","","","","","","$80,001-$100,000","MA","Ohio","Summit"
724867,"0","100","717","1","1","11","15","2","30","10","22","6","4","38","12","17","24","7","13","20","21","0","26","18","0","39","13","4","0","7","6","7","3","5","1","1","1","1","2","1","4","2","2","1","1","6","5","1","3","7","7","3","2","5","5","6","5","6","2","5","2","7","","","","","","1","5","2","4","3","2","1","3","1","2","3","4","4","1","","1","2","3","4","5","6","47","","","","1","2","2","1","1","2","2","4","3","5","1","6","1","5","7","8","6","9","4","3","2","10","6","5","9","2","4","1","3","8","7","10","3","8","2","6","9","4","5","7","11","1","Democrat","Joe Biden","Robert F. Kennedy Jr.","woman","","","Black or African American","","","","","","Prefer not to answer","4yearColl","Georgia","Richmond"
913577,"0","100","1422","1","1","32","17","12","7","0","9","10","13","37","15","9","61","9","9","17","12","20","0","2","4","15","16","26","17","7","7","7","3","5","3","3","3","3","4","3","2","1","3","4","1","7","7","1","1","7","7","7","4","7","4","7","5","6","3","6","4","7","3","3","6","5","5","2","1","3","5","4","1","2","3","1","2","3","4","4","1","","1","2","3","4","5","6","26","","","I have nothing to add ","2","1","1","2","1","2","2","5","6","4","1","3","1","6","5","8","7","10","4","2","3","9","6","4","9","5","3","1","8","2","7","10","7","5","11","4","3","2","6","8","9","1","Independent","Joe Biden","Joe Biden","man","","","","Asian","","","","","$120,001-$140,000","4yearColl","California","Orange"
120410,"0","100","348","1","1","24","13","28","3","16","9","0","7","54","40","40","66","25","22","86","18","15","18","20","9","13","9","0","16","7","7","7","2","5","1","1","1","2","4","1","2","1","4","1","1","7","7","1","1","7","7","2","3","4","4","6","6","5","2","5","3","7","1","5","7","2","7","3","1","4","5","2","2","1","3","2","1","3","4","5","1","","2","1","3","4","5","6","34","","","","1","2","2","1","2","1","2","5","3","4","1","6","1","7","8","5","9","10","3","4","2","6","6","9","2","8","5","1","4","3","7","3","9","7","11","10","6","8","4","2","5","1","Democrat","Joe Biden","Joe Biden","woman","","","Black or African American","","","","","","$60,001-$80,000","4yearColl","Pennsylvania","York"
224897,"0","100","738","1","1","20","18","14","12","12","14","0","10","82","62","93","71","67","80","93","30","20","19","19","13","17","8","0","4","3","4","4","6","5","6","6","6","5","6","6","6","5","6","1","1","7","7","3","1","6","7","5","1","7","1","5","7","6","1","7","1","4","4","3","5","3","5","5","3","2","4","1","1","2","3","2","1","3","4","5","1","","1","2","3","4","5","6","54","","","","2","1","1","2","2","1","3","6","4","5","1","2","1","7","8","9","5","10","3","4","2","6","6","3","9","7","8","1","4","2","5","10","6","4","8","3","9","11","2","5","7","1","Democrat","Joe Biden","Donald Trump","woman","","","Black or African American","","","","","","$40,001-$60,000","4yearColl","Texas","Dallas"
911611,"0","100","679","1","1","33","14","25","9","4","4","7","4","26","14","21","5","7","11","54","15","17","17","17","11","12","9","3","14","4","7","4","2","5","2","2","3","4","5","2","4","3","5","2","1","7","7","5","1","7","7","1","3","5","3","6","5","5","4","6","2","6","1","5","4","","","3","1","5","4","2","1","2","3","1","2","3","4","4","1","","1","2","3","4","5","6","22","","","","2","1","2","1","2","1","4","5","3","2","1","6","1","7","6","5","9","8","4","3","2","10","2","7","4","6","5","1","9","8","3","7","3","5","10","11","6","2","4","9","8","1","Independent","Joe Biden","Joe Biden","man","","","Black or African American","","","","","","$80,001-$100,000","4yearColl","California","Alameda"
841435,"0","100","676","1","1","23","9","0","0","20","18","27","3","62","58","65","61","66","65","79","59","20","10","8","0","30","6","20","6","2","6","5","2","5","3","1","6","3","2","7","7","5","6","6","2","4","4","6","6","4","6","6","2","6","2","6","2","6","2","7","3","2","6","1","1","4","2","5","3","4","2","1","2","1","3","2","1","3","4","5","1","","2","1","3","4","5","6","76","","","","1","2","2","1","1","2","4","6","5","3","1","2","1","9","10","8","7","5","4","3","2","6","8","5","7","4","9","1","6","2","3","9","6","3","10","8","5","11","7","4","2","1","Independent","Donald Trump","Donald Trump","man","White","","","","","","","","Over $200,000","MA","Georgia","Fayette"
504524,"0","100","331","1","1","18","18","18","12","13","10","4","7","46","28","25","16","14","13","19","14","26","17","12","17","11","10","1","6","6","5","4","3","5","3","4","5","4","2","2","4","4","3","2","1","7","7","1","1","7","7","4","3","5","5","5","5","5","6","5","2","6","1","3","5","3","4","2","4","1","3","5","2","1","3","2","1","3","4","4","1","","2","1","3","4","5","6","20","","","","2","1","2","1","1","2","2","6","5","3","1","4","1","5","8","9","10","6","2","3","4","7","2","6","5","9","7","1","8","4","3","10","8","9","6","5","3","7","4","11","2","1","Democrat","I did not vote","Joe Biden","woman","White","","Black or African American","","American Indian or Alaska Native","","","","Prefer not to answer","GED","Illinois","Cook"
308439,"0","100","845","1","1","19","5","39","24","3","4","2","4","14","3","35","16","4","5","14","5","23","22","15","9","10","7","0","14","7","5","5","2","5","2","1","1","1","5","2","1","2","1","6","1","6","6","2","2","7","7","6","2","6","5","7","2","6","3","6","3","6","4","5","3","4","5","5","2","1","4","3","1","2","3","2","1","3","4","2","0","","1","2","3","4","5","6","29","","","","1","2","1","2","1","2","4","3","6","2","1","5","1","8","9","10","5","7","4","3","2","6","7","5","3","8","9","1","2","4","6","6","9","8","11","3","10","5","4","2","7","1","Democrat","Joe Biden","Joe Biden","man","White","","","","","Middle Eastern or North African","","","$60,001-$80,000","4yearColl","Virginia","James City"
445472,"0","100","317","1","1","23","7","18","6","14","14","10","8","97","79","90","65","71","57","56","65","15","10","16","10","15","19","10","5","3","3","3","5","5","5","5","5","3","5","5","6","5","5","6","5","3","4","5","6","4","4","5","2","6","2","5","3","7","1","6","5","1","5","3","1","5","4","2","1","5","4","3","2","1","3","1","2","3","4","5","1","","1","2","3","4","5","6","61","","","","2","1","2","1","2","1","5","3","4","2","1","6","1","10","6","8","9","7","2","3","4","5","4","5","2","3","8","1","6","7","9","7","10","6","3","2","8","11","5","9","4","1","Independent","Donald Trump","Donald Trump","woman","White","","","","","","","","$100,001-$120,000","2yearColl","North Carolina","Iredell"
885920,"0","100","461","1","1","12","9","8","33","6","9","16","7","60","32","59","93","15","14","73","33","13","15","13","6","21","18","7","7","7","7","7","1","5","1","2","2","1","2","1","5","1","2","1","1","1","7","2","2","6","7","3","4","5","2","7","2","6","1","6","2","7","3","4","3","5","4","2","4","5","3","1","1","2","3","1","2","3","4","5","1","","2","1","3","4","5","6","34","","","","2","1","1","2","1","2","6","4","3","5","1","2","1","8","6","7","9","5","4","3","2","10","7","8","9","6","3","1","5","4","2","3","9","7","4","11","10","2","5","6","8","1","Independent","Joe Biden","Cornel West","man","","","Black or African American","","","","","","$60,001-$80,000","2yearColl","Florida","Leon"
510591,"0","100","1946","1","1","15","10","10","10","10","10","30","5","67","45","33","19","36","21","60","9","25","15","15","5","15","15","5","5","6","1","5","6","5","5","5","5","5","6","5","6","6","6","6","5","7","5","6","1","7","7","6","1","6","4","6","5","5","3","6","1","5","4","4","","4","5","5","2","1","3","4","2","1","3","1","2","3","4","1","0","","1","2","3","4","5","6","32","","","","1","2","2","1","1","2","2","5","4","6","1","3","1","10","9","6","5","7","2","3","4","8","8","7","5","9","6","1","3","2","4","4","2","11","7","6","5","9","8","10","3","1","Republican","Donald Trump","Donald Trump","man","","","Black or African American","","","","","","$140,001-$160,000","MA","Illinois","Clinton"
562442,"0","100","654","1","1","40","25","10","5","10","5","0","5","50","10","60","15","1","5","90","1","10","20","10","5","20","5","0","30","7","7","6","1","5","1","1","1","6","5","6","7","6","2","5","3","7","4","2","6","5","6","6","2","5","1","6","3","6","2","6","5","6","2","6","6","3","5","5","2","1","3","4","1","2","3","1","2","3","4","5","1","","2","1","3","4","5","6","61","","","","2","1","1","2","2","1","2","5","4","3","1","6","1","8","9","5","6","7","4","3","2","10","3","2","4","9","5","1","7","6","8","8","2","4","6","10","9","5","7","3","11","1","Democrat","Joe Biden","Joe Biden","woman","White","","","","","","","","$60,001-$80,000","GED","Ohio","Van Wert"
303744,"0","100","584","1","1","15","15","16","16","13","15","10","0","82","60","78","60","64","64","65","53","13","14","14","13","13","13","12","8","4","4","4","4","5","4","4","4","4","6","4","6","4","4","4","4","4","4","4","4","4","4","4","4","5","4","6","4","5","4","5","4","4","6","5","6","5","5","4","3","5","1","2","2","1","3","1","2","3","4","3","1","","2","1","3","4","5","6","38","","","","2","1","1","2","1","2","6","3","2","5","1","4","1","10","8","9","5","6","3","2","4","7","3","8","7","9","5","1","6","2","4","4","9","6","3","11","10","8","2","5","7","1","Republican","Donald Trump","Donald Trump","woman","","","Black or African American","","","","","","$40,001-$60,000","MA","Wisconsin","Brown"
634422,"0","100","346","1","1","5","5","10","5","10","10","50","5","30","20","50","35","25","15","85","20","15","15","10","10","15","15","5","15","6","6","5","1","5","2","2","2","2","4","1","2","2","3","1","1","7","7","2","1","7","7","5","3","6","5","7","3","7","3","3","1","7","1","6","5","4","6","3","2","1","4","5","2","1","3","2","1","3","4","5","1","","1","2","3","4","5","6","28","","","","1","2","2","1","2","1","2","3","6","5","1","4","1","9","6","5","8","10","4","3","2","7","7","6","8","5","9","1","3","4","2","7","10","3","5","4","9","8","6","2","11","1","Independent","Joe Biden","Joe Biden","woman","White","","","","","","","","$60,001-$80,000","2yearColl","California","San Diego"
167995,"0","100","476","1","1","15","15","15","10","15","15","0","15","10","10","5","10","5","5","20","15","14","14","14","11","14","14","5","14","5","4","5","4","5","4","4","2","4","4","2","4","4","4","1","1","7","5","3","2","6","7","2","2","6","1","6","6","6","4","6","1","5","3","5","3","3","5","1","4","2","5","3","1","2","3","1","2","3","4","5","1","","2","1","3","4","5","6","51","","","","2","1","1","2","1","2","3","2","6","5","1","4","1","10","6","5","7","8","4","3","2","9","2","6","5","9","7","1","8","4","3","5","6","11","3","2","4","9","8","10","7","1","Independent","Joe Biden","Joe Biden","man","","","Black or African American","","","","","","$120,001-$140,000","GED","Georgia","Gwinnett"
773336,"0","100","374","1","1","34","20","30","9","3","2","1","1","30","42","50","93","30","14","77","53","28","30","16","2","4","10","0","10","7","7","6","2","5","2","2","2","2","6","1","1","2","5","2","1","7","7","6","1","7","7","4","6","6","4","7","5","5","1","5","1","6","1","4","7","1","7","3","4","5","1","2","1","2","3","1","2","3","4","5","1","","1","2","3","4","5","6","24","","","","2","1","1","2","2","1","6","5","3","4","1","2","1","10","8","7","9","6","2","4","3","5","9","3","8","6","4","1","5","7","2","10","7","8","4","9","11","6","2","3","5","1","Democrat","Joe Biden","Joe Biden","woman","White","Hispanic, Latino, or Spanish origin","","","","","","","$80,001-$100,000","4yearColl","New York","Kings"
649375,"0","100","638","1","1","27","18","31","8","16","0","0","0","76","65","83","66","81","70","54","63","18","26","18","17","6","7","0","8","2","4","4","6","5","6","6","6","6","6","5","6","6","7","4","4","6","7","2","1","7","7","6","3","6","3","6","6","6","1","6","4","4","","","5","2","5","3","2","1","4","5","2","1","3","1","2","3","4","4","1","","1","2","3","4","5","6","24","","","NO COMMENTS","1","2","2","1","1","2","4","6","5","3","1","2","1","7","6","9","8","10","3","4","2","5","7","4","3","6","8","1","9","5","2","11","8","4","10","2","9","3","6","5","7","1","Republican","I did not vote","Joe Biden","man","","","Black or African American","","","","","","$80,001-$100,000","4yearColl","California","Los Angeles"
675465,"0","100","1215","1","1","15","10","25","10","10","10","10","10","40","80","60","90","50","40","60","70","13","10","25","10","10","12","11","9","5","7","6","2","5","2","2","3","1","5","3","5","2","5","5","6","5","5","5","6","3","4","2","5","6","5","3","7","3","2","4","3","7","7","2","1","5","3","4","5","3","2","1","2","1","3","2","1","3","4","5","1","","2","1","3","4","5","6","51","","","","2","1","2","1","1","2","6","2","5","4","1","3","1","7","6","5","8","9","3","2","4","10","6","8","3","7","2","1","4","5","9","5","3","2","6","7","9","8","4","10","11","1","Republican","Donald Trump","Donald Trump","man","White","","","","","","","","$120,001-$140,000","GED","Washington","Clark"
661449,"0","100","1309","1","1","14","13","14","14","12","12","10","11","58","49","50","62","47","53","65","49","15","15","14","14","14","14","0","14","7","5","4","3","5","3","4","2","3","4","2","4","3","3","2","2","6","6","2","2","7","7","6","2","2","3","6","2","6","2","5","3","4","1","4","7","2","7","3","2","4","5","1","1","2","3","2","1","3","4","5","1","","1","2","3","4","5","6","25","","","","1","2","2","1","2","1","5","2","3","4","1","6","1","10","9","5","6","7","3","2","4","8","4","9","6","2","5","1","7","3","8","4","10","8","5","7","11","2","9","3","6","1","Democrat","Joe Biden","Joe Biden","man","","","Black or African American","","","","","","$100,001-$120,000","4yearColl","Iowa","Johnson"
286288,"0","100","457","1","1","38","24","31","7","0","0","0","0","70","50","39","20","29","36","52","35","39","43","18","0","0","0","0","0","5","5","4","5","5","4","5","5","2","3","3","4","3","3","5","5","7","5","2","4","5","5","3","4","6","3","5","5","5","5","5","2","6","4","4","3","2","5","1","2","4","5","3","1","2","3","2","1","3","4","1","1","","1","2","3","4","5","6","24","","","","1","2","1","2","2","1","4","2","5","6","1","3","1","6","5","9","8","10","3","2","4","7","3","7","9","4","5","1","2","6","8","6","4","10","5","11","7","3","2","8","9","1","Democrat","Joe Biden","Donald Trump","woman","","","Black or African American","","","","","","$40,001-$60,000","4yearColl","Kentucky","Christian"
274872,"0","100","726","1","1","10","5","50","4","10","7","10","4","85","65","90","50","65","45","95","60","20","20","20","10","10","8","2","10","5","4","5","5","5","4","5","4","4","5","4","6","5","5","1","1","7","7","1","1","7","7","2","3","5","4","5","7","6","3","6","3","5","2","5","","","4","4","5","3","2","1","1","2","3","2","1","3","4","4","1","","2","1","3","4","5","6","36","","","","1","2","2","1","1","2","6","2","3","4","1","5","1","8","9","6","7","10","2","4","3","5","7","6","2","8","4","1","9","3","5","11","6","3","9","10","8","4","7","2","5","1","Democrat","Joe Biden","Joe Biden","woman","","","Black or African American","","","","","","$80,001-$100,000","GED","Indiana","Lake"
708612,"0","100","377","1","1","10","20","20","10","10","10","10","10","85","75","87","80","87","87","91","86","20","10","20","10","10","10","10","10","5","5","5","6","5","5","6","6","5","6","6","6","5","6","1","1","7","7","1","1","7","7","4","1","6","6","5","3","7","1","4","2","5","2","5","6","4","6","3","2","4","1","5","1","2","3","2","1","3","4","5","1","","2","1","3","4","5","6","65","","","","2","1","1","2","2","1","4","5","2","3","1","6","1","7","8","9","10","6","4","3","2","5","4","2","6","8","9","1","7","3","5","8","10","3","11","7","6","2","4","9","5","1","Democrat","Joe Biden","Joe Biden","woman","White","","","","","","","","$20,001-$40,000","2yearColl","Indiana","Delaware"
277851,"0","100","371","1","1","13","19","24","8","11","13","10","2","50","88","24","96","51","23","1","100","5","10","20","10","20","20","10","5","5","7","7","2","5","5","2","5","1","1","5","5","2","1","4","5","5","5","6","5","3","6","4","4","5","6","5","5","3","1","5","4","4","5","3","1","4","1","4","1","5","3","2","1","2","3","2","1","3","4","5","1","","1","2","3","4","5","6","26","","","","2","1","1","2","1","2","5","4","6","2","1","3","1","8","5","7","6","10","3","4","2","9","5","3","2","6","4","1","9","7","8","3","11","4","7","2","9","8","6","10","5","1","Independent","Donald Trump","Donald Trump","man","White","Hispanic, Latino, or Spanish origin","","","","","","","$60,001-$80,000","4yearColl","Georgia","Fulton"
307213,"0","100","1153","1","1","20","7","10","10","10","18","25","0","70","20","50","62","50","50","70","50","19","19","16","11","11","14","5","5","7","7","7","3","5","2","2","6","4","6","3","6","5","3","2","1","7","7","1","1","7","7","5","1","7","2","6","5","7","3","5","5","7","3","4","5","","4","2","3","5","1","4","2","1","3","1","2","3","4","3","1","","1","2","3","4","5","6","43","","","","1","2","1","2","1","2","4","2","5","3","1","6","1","6","9","8","10","5","4","3","2","7","8","7","4","3","6","1","9","5","2","6","5","11","3","4","2","7","9","10","8","1","Democrat","Joe Biden","Joe Biden","woman","","","Black or African American","","","","","","$20,001-$40,000","GED","Tennessee","Rutherford"
566343,"0","100","873","1","1","40","10","30","2","0","0","18","0","10","5","15","15","1","1","100","3","35","35","10","0","10","5","0","5","7","6","6","1","5","2","2","2","4","3","4","3","3","5","2","1","6","6","1","1","7","7","3","6","6","5","6","6","6","3","5","1","6","1","7","5","","6","2","1","4","3","5","1","2","3","1","2","3","4","5","1","","2","1","3","4","5","6","32","","","","1","2","1","2","1","2","6","4","2","5","1","3","1","10","9","8","6","7","2","3","4","5","6","3","7","4","2","1","9","8","5","9","4","6","7","2","3","5","8","11","10","1","Democrat","Joe Biden","Joe Biden","woman","","","Black or African American","","","","","","$100,001-$120,000","MA","South Carolina","Greenville"
607444,"0","100","242","1","1","17","18","9","17","16","3","15","5","10","23","40","33","17","28","52","6","10","25","25","5","10","15","5","5","2","7","5","2","5","3","3","3","1","3","3","4","2","2","4","2","6","4","4","3","5","5","3","3","6","2","5","4","5","2","6","5","5","3","4","3","","5","5","2","4","1","3","2","1","3","1","2","3","4","2","0","n/a","2","1","3","4","5","6","36","","","","1","2","2","1","1","2","3","2","6","4","1","5","1","5","10","8","9","7","4","2","3","6","7","6","2","8","3","1","5","4","9","4","2","10","3","5","11","9","7","8","6","1","Independent","I did not vote","Other","man","","","Black or African American","","","","","","$60,001-$80,000","4yearColl","North Carolina","Catawba"
222399,"0","100","1034","1","1","10","20","20","10","10","10","10","10","38","49","52","54","58","54","55","63","10","10","40","10","10","10","5","5","4","5","4","4","5","5","4","4","4","5","4","5","4","5","5","5","5","5","5","4","4","5","5","5","5","4","4","4","5","4","4","5","6","4","4","4","3","4","5","2","4","1","3","1","2","3","1","2","3","4","2","1","","1","2","3","4","5","6","28","","","","1","2","2","1","1","2","4","6","5","2","1","3","1","7","8","10","6","9","4","2","3","5","6","5","3","9","7","1","8","4","2","2","8","7","3","6","10","5","4","9","11","1","Republican","Donald Trump","Donald Trump","woman","","","Black or African American","","","","","","$60,001-$80,000","4yearColl","New York","Greene"
123004,"0","100","1907","1","1","20","18","22","10","15","8","5","2","70","40","80","85","50","61","91","32","25","25","20","5","15","5","0","5","5","5","5","4","5","3","3","5","3","5","3","6","2","6","3","5","4","5","3","2","5","6","6","3","5","2","5","5","5","2","6","2","5","1","7","7","3","4","1","5","3","2","4","1","2","3","2","1","3","4","4","1","","2","1","3","4","5","6","32","","","","2","1","2","1","2","1","5","6","4","3","1","2","1","8","7","10","9","5","2","4","3","6","7","9","3","8","2","1","5","4","6","10","3","11","2","8","5","4","6","9","7","1","Democrat","I did not vote","Joe Biden","man","","","Black or African American","","","","","","$60,001-$80,000","4yearColl","Illinois","Clay"
874000,"0","100","1158","1","1","28","15","16","9","17","2","9","4","60","30","35","40","40","25","48","30","13","13","13","13","13","13","9","13","5","3","5","5","5","5","5","5","5","5","5","5","3","3","1","1","7","7","1","1","7","7","5","1","6","1","6","5","6","1","6","1","6","2","5","5","2","5","4","2","5","3","1","1","2","3","1","2","3","4","5","1","","2","1","3","4","5","6","33","","","No comment","1","2","2","1","2","1","6","3","4","5","1","2","1","7","6","10","5","9","2","3","4","8","2","8","4","3","5","1","6","7","9","9","5","8","4","10","6","11","2","3","7","1","Democrat","Joe Biden","Joe Biden","woman","","","Black or African American","","","","","","$140,001-$160,000","4yearColl","Florida","Seminole"
712478,"0","100","990","1","1","30","0","0","0","0","0","50","20","1","1","1","1","1","1","100","3","5","25","25","10","25","0","5","5","7","7","7","1","5","1","1","1","4","4","1","1","4","3","4","1","7","7","1","1","7","7","7","1","6","5","2","1","7","1","1","2","7","1","1","","1","","1","4","3","2","5","2","1","3","2","1","3","4","5","1","","2","1","3","4","5","6","29","","","","1","2","2","1","1","2","3","2","4","5","1","6","1","8","9","10","6","5","4","2","3","7","2","4","6","7","5","1","9","3","8","11","9","10","5","7","3","6","2","4","8","1","Independent","I did not vote","Robert F. Kennedy Jr.","woman","","Hispanic, Latino, or Spanish origin","","","","","","","$0-$20,000","2yearColl","Illinois","Cook"
283617,"0","100","730","1","1","19","36","24","0","8","13","0","0","80","70","75","92","75","65","94","84","23","25","35","0","5","12","0","0","7","7","7","2","5","3","3","3","1","5","6","5","5","6","2","3","7","6","6","2","1","7","3","5","7","2","6","5","5","2","6","3","6","3","6","5","4","6","3","4","2","1","5","2","1","3","1","2","3","4","1","0","","2","1","3","4","5","6","37","","","","2","1","2","1","2","1","5","3","6","2","1","4","1","9","8","10","7","5","3","2","4","6","3","5","7","6","2","1","8","9","4","3","2","5","7","11","10","4","9","6","8","1","Democrat","I did not vote","Joe Biden","woman","","Hispanic, Latino, or Spanish origin","","","","","","","$140,001-$160,000","2yearColl","Texas","Fort Bend"
503094,"0","100","658","1","1","20","15","15","5","20","5","15","5","73","75","85","62","84","50","80","51","15","15","10","10","15","15","10","10","6","6","6","5","5","5","5","5","5","5","6","6","5","6","5","4","3","5","3","2","6","5","5","5","5","5","5","6","5","5","3","3","5","4","5","4","5","5","2","1","5","4","3","1","2","3","1","2","3","4","2","1","","1","2","3","4","5","6","48","","","","2","1","1","2","2","1","3","4","2","6","1","5","1","9","10","7","5","6","4","2","3","8","8","5","4","9","6","1","2","7","3","3","7","2","4","8","11","6","5","10","9","1","Independent","Donald Trump","Donald Trump","woman","White","Hispanic, Latino, or Spanish origin","","","","","","","$40,001-$60,000","2yearColl","Ohio","Cuyahoga"
594094,"0","100","808","1","1","20","33","20","16","3","0","0","8","13","20","10","27","14","9","100","10","20","16","18","17","17","12","0","0","6","6","6","2","5","3","3","3","2","5","1","4","3","4","3","3","6","7","2","1","7","7","6","1","5","5","5","1","6","1","4","2","5","2","5","4","","","5","2","1","3","4","1","2","3","2","1","3","4","1","0","nobody","2","1","3","4","5","6","24","","","","1","2","1","2","1","2","2","6","5","4","1","3","1","5","10","6","8","9","4","3","2","7","9","6","3","4","2","1","5","8","7","4","10","3","6","7","9","2","8","11","5","1","Independent","I did not vote","Other","woman","White","","Black or African American","","","","","","$0-$20,000","2yearColl","Maryland","Anne Arundel"
189665,"0","100","980","1","1","15","10","15","10","15","10","15","10","81","83","100","83","92","84","65","60","10","10","20","10","10","10","20","10","7","6","4","2","5","3","3","3","2","6","6","7","4","2","1","1","7","7","5","1","6","6","4","2","6","5","5","6","4","2","6","2","5","","","6","","","3","2","1","5","4","2","1","3","2","1","3","4","5","1","","1","2","3","4","5","6","67","","","","2","1","2","1","1","2","6","2","4","5","1","3","1","8","5","6","7","10","3","4","2","9","2","5","9","4","7","1","3","8","6","7","8","2","10","4","6","11","9","5","3","1","Democrat","Joe Biden","Joe Biden","woman","White","","","","","","","","$100,001-$120,000","GED","Michigan","Oakland"
502561,"0","100","760","1","1","7","24","16","14","6","20","8","5","1","1","1","3","3","3","2","5","7","1","8","9","3","5","33","34","7","7","6","1","5","1","1","3","1","1","2","4","1","1","1","1","7","7","7","1","7","7","1","1","5","4","6","6","7","5","5","1","7","4","","","","4","1","4","3","2","5","1","2","3","1","2","3","4","5","1","","1","2","3","4","5","6","41","","","","1","2","2","1","2","1","3","2","5","4","1","6","1","6","7","5","8","10","3","2","4","9","5","2","8","4","9","1","7","3","6","6","11","5","3","2","10","4","8","9","7","1","Independent","Third-party candidate","Robert F. Kennedy Jr.","woman","","","Black or African American","","","","","","Prefer not to answer","GED","New York","New York"
399193,"0","100","780","1","1","24","20","13","16","10","6","6","5","40","35","35","75","30","30","50","30","100","0","0","0","0","0","0","0","7","7","7","4","5","5","5","5","4","6","6","6","1","5","2","2","7","7","2","1","7","7","5","4","6","3","6","4","7","3","5","5","3","1","7","7","1","7","3","1","2","5","4","2","1","3","2","1","3","4","5","1","","2","1","3","4","5","6","65","","","no comments","2","1","1","2","1","2","4","3","5","2","1","6","1","10","7","6","5","8","4","3","2","9","6","3","4","7","9","1","2","5","8","9","8","10","4","3","11","7","5","6","2","1","Democrat","Joe Biden","Joe Biden","man","White","","","","","","","","$20,001-$40,000","2yearColl","Florida","Escambia"
636925,"0","100","1558","1","1","20","12","15","10","15","10","8","10","42","36","28","18","27","19","57","34","17","14","18","14","13","14","0","10","7","7","7","2","5","2","2","2","1","2","1","2","2","2","1","1","7","7","1","1","7","7","1","1","5","7","5","6","6","1","4","1","6","2","6","5","6","6","2","3","5","1","4","1","2","3","1","2","3","4","5","1","","2","1","3","4","5","6","25","","","","1","2","2","1","2","1","2","6","5","4","1","3","1","10","5","9","6","7","4","3","2","8","6","5","3","9","4","1","2","7","8","2","4","10","7","6","11","5","8","3","9","1","Democrat","Joe Biden","Joe Biden","woman","White","Hispanic, Latino, or Spanish origin","","","","","","","$40,001-$60,000","GED","New York","Bronx"
702254,"0","100","1060","1","1","15","15","15","13","14","14","4","10","64","53","64","49","53","63","83","62","17","16","20","10","15","14","3","5","5","5","5","5","5","5","5","5","5","5","5","5","5","5","3","1","7","7","3","1","7","7","5","1","7","1","6","7","5","1","7","2","3","2","3","5","3","4","5","2","1","4","3","1","2","3","1","2","3","4","5","1","","1","2","3","4","5","6","40","","","","1","2","2","1","2","1","3","4","5","6","1","2","1","9","7","5","8","6","3","4","2","10","9","5","3","8","7","1","2","4","6","4","10","2","5","8","6","9","11","7","3","1","Democrat","Joe Biden","Joe Biden","woman","","Hispanic, Latino, or Spanish origin","","","","","","","$120,001-$140,000","4yearColl","Texas","Randall"
856945,"0","100","364","1","1","6","19","21","10","22","13","9","0","40","43","37","26","25","26","27","25","12","13","13","13","13","12","13","11","7","5","6","2","5","1","2","5","1","1","6","6","4","5","4","4","4","4","4","4","4","6","3","2","7","2","5","5","6","2","7","5","2","6","2","1","3","1","2","3","4","1","5","1","2","3","2","1","3","4","5","1","","2","1","3","4","5","6","54","","","","2","1","1","2","1","2","5","3","6","4","1","2","1","7","6","10","9","5","2","3","4","8","9","2","3","6","8","1","4","5","7","9","8","10","2","7","4","3","11","5","6","1","Republican","Donald Trump","Donald Trump","woman","White","","","","","","","","$120,001-$140,000","4yearColl","North Carolina","Mecklenburg"
879936,"0","100","888","1","1","7","7","49","7","18","0","6","6","8","7","14","5","4","0","30","0","11","6","32","5","35","0","4","7","7","6","5","3","5","3","5","3","2","3","3","7","2","2","4","3","4","3","6","6","4","7","3","1","6","2","6","6","3","2","5","2","5","3","5","3","5","5","3","1","4","5","2","1","2","3","1","2","3","4","5","1","","2","1","3","4","5","6","74","","","","1","2","1","2","2","1","5","2","6","3","1","4","1","8","6","5","7","10","2","3","4","9","3","6","9","2","7","1","8","4","5","4","10","2","11","5","7","3","9","8","6","1","Democrat","Joe Biden","Joe Biden","woman","White","","","","American Indian or Alaska Native","","","","$20,001-$40,000","MA","New Mexico","Valencia"
623378,"0","100","490","1","1","4","4","20","22","5","20","20","5","10","30","20","40","20","10","80","25","20","20","15","5","20","5","0","15","7","7","7","2","5","2","2","2","2","5","1","4","1","6","1","1","7","7","2","1","5","7","6","2","6","2","7","3","5","4","6","1","6","1","5","","1","5","3","4","1","5","2","2","1","3","2","1","3","4","4","1","","1","2","3","4","5","6","64","","","","2","1","1","2","2","1","3","4","5","2","1","6","1","5","9","8","10","6","3","4","2","7","2","7","8","4","9","1","6","5","3","4","6","5","7","9","10","11","8","3","2","1","Independent","Joe Biden","Joe Biden","man","White","","","","","","","","$140,001-$160,000","MA","Indiana","Hamilton"
109653,"0","100","1110","1","1","35","5","25","3","20","7","3","2","70","50","25","86","30","50","100","40","25","25","20","3","15","5","1","6","6","3","5","4","5","3","4","5","5","6","3","7","6","5","1","3","7","4","2","1","7","7","3","2","7","7","5","3","5","2","2","1","2","1","7","5","4","6","4","2","3","5","1","2","1","3","1","2","3","4","5","1","","1","2","3","4","5","6","61","","","","2","1","2","1","2","1","3","4","5","2","1","6","1","5","10","8","7","9","2","4","3","6","8","6","5","2","7","1","4","3","9","6","2","10","9","11","3","4","7","8","5","1","Democrat","Joe Biden","Joe Biden","woman","White","","","","","","","","$20,001-$40,000","GED","Washington","Jefferson"
940438,"0","100","1119","1","1","10","25","20","10","10","10","5","10","47","62","64","36","70","50","32","54","7","35","19","23","12","0","4","0","2","5","4","4","5","4","5","5","6","6","6","6","6","3","1","1","7","7","1","1","7","7","3","2","6","5","6","5","7","1","6","2","4","","","","","","5","2","1","4","3","1","2","3","2","1","3","4","5","1","","1","2","3","4","5","6","60","","","","2","1","1","2","2","1","5","4","6","2","1","3","1","7","10","9","8","6","4","2","3","5","6","9","7","5","8","1","4","2","3","3","7","11","5","10","2","8","4","6","9","1","Independent","Joe Biden","Joe Biden","woman","White","","","","","","","","$60,001-$80,000","GED","Indiana","Henry"
148235,"0","100","651","1","1","20","5","10","5","15","15","25","5","3","2","7","1","8","12","97","3","20","15","28","10","8","9","1","9","7","7","7","1","5","1","1","1","3","1","1","1","2","3","2","2","7","7","2","2","7","7","3","4","7","2","7","4","5","1","7","1","7","2","6","6","6","7","3","1","5","2","4","1","2","3","1","2","3","4","5","1","","2","1","3","4","5","6","37","","","","2","1","2","1","1","2","4","6","5","2","1","3","1","8","7","10","5","6","2","4","3","9","2","4","6","5","8","1","3","7","9","6","4","11","10","3","7","8","9","5","2","1","Democrat","I did not vote","Joe Biden","man","","","Black or African American","","","","","","$0-$20,000","GED","Oklahoma","Washita"
434801,"0","100","598","1","1","21","13","16","11","16","11","4","8","25","17","58","20","21","28","30","26","18","19","18","8","17","9","3","8","2","2","2","5","5","5","6","6","6","6","4","6","4","6","4","4","4","4","4","4","4","4","2","2","6","2","5","4","5","2","6","2","5","2","5","5","5","5","1","5","4","3","2","1","2","3","2","1","3","4","4","1","","1","2","3","4","5","6","23","","","","1","2","1","2","2","1","2","3","6","5","1","4","1","10","8","7","6","5","4","3","2","9","2","5","3","8","9","1","4","6","7","2","7","8","11","4","3","10","6","5","9","1","Democrat","Joe Biden","Joe Biden","man","","","Black or African American","","","","","","$120,001-$140,000","4yearColl","California","Los Angeles"
593791,"0","100","781","1","1","10","10","16","5","18","19","16","6","23","16","4","26","0","5","13","18","17","11","17","2","17","14","18","4","6","5","5","3","5","3","1","5","5","4","6","6","3","5","4","4","6","6","5","6","5","5","3","2","5","2","4","5","6","3","5","4","6","6","1","1","4","2","4","2","1","3","5","2","1","3","1","2","3","4","5","1","","1","2","3","4","5","6","77","","","","1","2","2","1","2","1","3","2","6","4","1","5","1","10","7","6","8","9","2","3","4","5","5","9","2","3","8","1","4","6","7","11","5","7","6","8","3","4","9","2","10","1","Republican","Donald Trump","Donald Trump","man","White","","","","American Indian or Alaska Native","","","","$60,001-$80,000","2yearColl","North Carolina","Gaston"
286195,"0","100","1053","1","1","20","20","20","20","0","20","0","0","65","55","52","40","20","23","81","25","15","25","10","10","5","15","0","20","6","7","7","1","5","1","1","1","3","2","4","1","2","4","4","4","6","5","4","4","6","7","5","4","6","3","6","7","6","3","6","3","5","3","5","6","4","7","4","2","1","3","5","1","2","3","2","1","3","4","5","1","","2","1","3","4","5","6","60","","","","1","2","1","2","1","2","3","4","6","2","1","5","1","9","5","10","6","7","3","2","4","8","5","2","7","9","8","1","6","4","3","7","10","6","2","4","3","9","11","5","8","1","Democrat","Joe Biden","Joe Biden","woman","","","Black or African American","","","","","","$40,001-$60,000","2yearColl","Virginia",""
441582,"0","100","380","1","1","16","17","25","10","2","11","13","6","100","100","100","63","47","71","76","100","16","6","9","12","12","11","18","16","3","5","6","5","5","5","5","5","4","6","5","6","4","5","5","1","5","7","2","3","5","5","2","5","7","5","5","6","5","1","4","3","5","4","4","4","4","4","1","2","4","5","3","1","2","3","1","2","3","4","2","0","","1","2","3","4","5","6","29","","","","1","2","1","2","1","2","5","2","4","3","1","6","1","8","6","9","5","7","3","2","4","10","4","5","8","6","2","1","9","3","7","3","7","6","10","8","2","4","9","11","5","1","Independent","I did not vote","Donald Trump","man","","Hispanic, Latino, or Spanish origin","","","","","","","$20,001-$40,000","GED","Texas","El Paso"
292174,"0","100","508","1","1","0","30","20","0","0","50","0","0","15","33","33","22","33","33","80","37","24","40","36","0","0","0","0","0","6","6","5","2","5","2","5","2","1","1","5","4","1","2","1","1","7","7","1","1","7","7","7","4","6","1","7","2","5","3","6","1","5","2","6","6","4","6","4","1","2","3","5","2","1","3","1","2","3","4","5","1","","1","2","3","4","5","6","60","","","Thank you","2","1","2","1","2","1","4","5","2","6","1","3","1","9","8","7","5","6","4","3","2","10","6","5","4","8","3","1","7","9","2","8","9","3","11","4","7","5","10","6","2","1","Democrat","Joe Biden","Joe Biden","woman","White","","","","","","","","$180,001-$200,000","4yearColl","California","San Diego"
109548,"0","100","328","1","1","100","0","0","0","0","0","0","0","53","19","49","51","19","23","97","17","100","0","0","0","0","0","0","0","5","3","3","3","5","1","5","1","4","6","5","5","1","2","1","1","7","7","1","1","7","7","5","3","7","4","4","2","7","1","5","2","6","1","2","3","1","2","1","5","3","4","2","1","2","3","1","2","3","4","5","1","","1","2","3","4","5","6","64","","","","1","2","2","1","2","1","3","6","4","5","1","2","1","6","5","10","8","9","2","4","3","7","9","5","6","7","2","1","3","4","8","6","5","10","7","8","2","3","11","9","4","1","Democrat","Joe Biden","Joe Biden","woman","White","","","","","","","","$40,001-$60,000","MA","Arizona","Maricopa"
710655,"0","100","598","1","1","34","22","14","1","4","2","11","12","29","2","2","2","0","0","87","3","40","6","9","3","5","17","7","13","7","5","5","1","5","1","1","1","1","2","1","1","1","2","2","3","6","6","3","2","5","6","5","4","5","6","5","5","4","6","3","1","7","1","5","5","","","5","2","1","3","4","1","2","3","2","1","3","4","5","1","","2","1","3","4","5","6","28","","","","2","1","2","1","1","2","6","2","5","3","1","4","1","6","7","5","8","9","2","4","3","10","6","5","7","8","4","1","9","2","3","11","4","2","7","6","10","8","9","3","5","1","Democrat","Joe Biden","Joe Biden","woman","","Hispanic, Latino, or Spanish origin","","","","","","","$60,001-$80,000","GED","Texas","Falls"
455197,"0","100","691","1","1","30","5","35","4","11","5","1","9","14","3","47","48","92","100","100","51","24","10","15","0","12","14","13","12","7","6","5","5","5","6","4","7","6","2","6","4","2","5","1","1","6","7","2","2","4","6","2","2","5","4","4","6","5","1","4","1","1","","","","","","5","4","1","2","3","2","1","3","2","1","3","4","5","1","","2","1","3","4","5","6","62","","","none","2","1","1","2","2","1","2","5","4","3","1","6","1","5","10","6","8","9","3","4","2","7","5","8","9","4","7","1","6","2","3","3","11","10","9","8","4","6","7","2","5","1","Democrat","Joe Biden","Joe Biden","woman","White","","","","","","","","$40,001-$60,000","GED","Arizona","Maricopa"
890873,"0","100","802","1","1","20","20","20","5","20","5","5","5","32","20","30","71","19","47","93","30","17","17","17","7","15","8","0","19","7","6","4","3","5","1","2","2","2","1","1","3","3","2","6","5","6","7","6","5","6","7","2","3","7","1","5","6","5","2","6","7","5","2","4","6","2","5","5","1","2","4","3","1","2","3","1","2","3","4","5","1","","2","1","3","4","5","6","66","","","","2","1","1","2","1","2","4","2","6","5","1","3","1","6","10","8","7","5","2","3","4","9","6","7","5","3","9","1","4","8","2","7","3","2","8","6","5","10","4","9","11","1","Democrat","Joe Biden","Joe Biden","woman","White","","","","","","","","$80,001-$100,000","PHD","Texas","Bexar"
320676,"0","100","753","1","1","30","15","15","0","25","5","0","10","25","10","10","100","5","73","100","5","30","12","12","0","30","6","0","10","7","6","6","4","5","2","5","2","1","5","1","4","4","1","1","1","7","6","5","1","7","7","2","5","4","3","5","3","2","4","3","2","7","1","5","7","1","7","5","1","3","2","4","2","1","3","1","2","3","4","5","1","","2","1","3","4","5","6","40","","","","2","1","1","2","1","2","5","3","6","4","1","2","1","7","5","9","8","6","3","4","2","10","9","7","5","6","2","1","4","3","8","2","5","7","10","9","4","11","3","6","8","1","Democrat","Joe Biden","Joe Biden","man","","Hispanic, Latino, or Spanish origin","","","","","","","$40,001-$60,000","4yearColl","Missouri","St. Louis"
477348,"0","100","734","1","1","30","20","20","5","10","5","5","5","65","49","75","55","44","50","75","34","30","20","20","5","10","5","5","5","4","5","5","3","5","2","6","2","3","6","4","6","3","3","2","2","6","6","5","3","6","5","4","2","5","2","5","5","6","2","5","2","2","","","","","","4","5","3","1","2","2","1","3","2","1","3","4","5","1","","2","1","3","4","5","6","63","","","","1","2","2","1","1","2","4","5","3","6","1","2","1","6","7","9","5","8","3","4","2","10","6","7","5","4","9","1","8","3","2","11","4","9","8","5","7","6","10","2","3","1","Independent","Joe Biden","Joe Biden","woman","White","","","","","","","","$20,001-$40,000","4yearColl","Ohio","Mahoning"
912208,"0","100","983","1","1","20","7","20","7","7","8","21","10","85","85","75","65","65","75","75","95","10","10","15","5","15","10","20","15","5","7","7","4","5","4","1","4","1","2","7","7","2","3","4","1","7","7","5","2","7","7","4","5","6","5","6","5","7","4","6","4","1","7","2","1","2","4","1","4","2","3","5","1","2","3","2","1","3","4","5","1","","1","2","3","4","5","6","71","","","Thanks","1","2","2","1","1","2","6","3","4","2","1","5","1","10","7","8","5","6","4","3","2","9","7","5","4","9","6","1","2","3","8","3","7","2","9","6","10","5","8","11","4","1","Republican","Donald Trump","Donald Trump","woman","White","","","","","","","","$60,001-$80,000","4yearColl","Oregon","Douglas"
677813,"0","100","597","1","1","25","10","20","10","5","5","20","5","70","50","70","59","40","28","79","28","25","30","25","0","0","20","0","0","6","6","6","4","5","2","3","3","3","5","1","4","4","5","3","3","6","7","3","3","6","7","5","2","7","1","7","5","7","2","7","2","5","1","7","4","3","3","4","5","2","3","1","1","2","3","1","2","3","4","5","1","","1","2","3","4","5","6","26","","","","1","2","1","2","1","2","5","6","2","3","1","4","1","8","7","6","10","5","2","3","4","9","9","6","2","4","8","1","7","5","3","9","7","3","8","2","6","5","10","4","11","1","Democrat","Joe Biden","Joe Biden","man","","Hispanic, Latino, or Spanish origin","Black or African American","","","","","","$20,001-$40,000","MA","Iowa","Story"
651177,"0","100","660","1","1","16","12","12","12","12","12","12","12","81","69","83","91","81","66","74","55","14","15","16","12","14","12","5","12","3","4","4","4","5","4","4","3","3","4","4","6","4","2","1","1","7","7","2","1","7","7","3","2","6","2","6","5","5","2","6","2","3","1","6","4","1","7","2","4","3","5","1","1","2","3","2","1","3","4","5","1","","1","2","3","4","5","6","31","","","","2","1","2","1","2","1","4","5","6","2","1","3","1","9","10","7","6","8","2","4","3","5","3","5","9","8","6","1","4","7","2","2","9","4","5","7","8","6","11","10","3","1","Democrat","Joe Biden","Joe Biden","man","White","Hispanic, Latino, or Spanish origin","","","","","","","$40,001-$60,000","2yearColl","Florida","Brevard"
383165,"0","100","451","1","1","50","5","10","10","5","5","10","5","60","5","20","10","10","3","10","5","35","34","0","0","0","0","0","31","5","5","3","4","5","3","3","2","3","6","6","4","4","6","1","1","7","7","4","1","7","7","3","1","5","3","5","5","5","4","5","2","5","2","6","6","","6","1","4","5","3","2","2","1","3","1","2","3","4","5","1","","2","1","3","4","5","6","71","","","","2","1","2","1","2","1","5","6","4","3","1","2","1","5","7","9","10","6","2","4","3","8","9","2","8","7","3","1","6","5","4","4","2","3","8","11","10","7","9","6","5","1","Democrat","Joe Biden","Joe Biden","woman","White","","","","","","","","$40,001-$60,000","MA","Massachusetts","Middlesex"
583611,"0","100","652","1","1","21","4","21","4","21","4","21","4","21","10","50","10","20","10","100","20","17","17","17","8","20","5","0","16","6","5","2","2","5","2","4","3","4","4","4","2","2","4","4","1","5","5","4","3","5","4","2","2","5","5","5","5","5","3","5","3","4","2","5","5","4","4","4","5","3","1","2","1","2","3","2","1","3","4","5","1","","2","1","3","4","5","6","","","","","1","2","2","1","2","1","2","6","3","4","1","5","1","7","8","5","10","9","2","4","3","6","7","9","8","5","4","1","6","2","3","6","8","3","4","2","11","7","5","9","10","1","Democrat","Joe Biden","Joe Biden","woman","White","","","","","","","","Prefer not to answer","PHD","Maryland","Montgomery"
240654,"0","100","514","1","1","15","15","15","10","15","10","20","0","50","0","0","0","30","0","50","0","15","15","15","10","15","15","0","15","7","6","5","3","5","4","4","4","3","3","2","4","3","3","1","1","7","7","4","4","5","7","4","1","6","4","5","5","7","1","5","1","5","","4","","","","3","4","1","2","5","2","1","3","2","1","3","4","5","1","","2","1","3","4","5","6","27","","","","2","1","2","1","2","1","5","2","3","4","1","6","1","8","5","10","9","7","4","2","3","6","7","9","6","2","5","1","4","8","3","10","3","5","4","9","6","2","11","8","7","1","Democrat","Joe Biden","Joe Biden","woman","","Hispanic, Latino, or Spanish origin","","","","","","","$40,001-$60,000","MA","Texas","Hidalgo"
571353,"0","100","671","1","1","36","4","39","0","0","0","18","3","70","79","91","41","56","72","77","53","24","10","53","0","2","0","11","0","5","5","4","3","5","3","3","5","2","3","5","6","5","3","3","1","6","6","5","4","5","5","5","1","7","2","6","2","6","1","5","5","3","5","2","1","5","3","5","1","3","4","2","2","1","3","1","2","3","4","5","1","","2","1","3","4","5","6","66","","","","1","2","1","2","2","1","3","4","2","5","1","6","1","9","6","5","7","10","4","3","2","8","3","7","5","8","6","1","4","2","9","3","10","9","8","5","7","2","4","6","11","1","Republican","Donald Trump","Donald Trump","woman","White","","","","","","","","$140,001-$160,000","4yearColl","Oregon","Multnomah"
879179,"0","100","423","1","1","20","20","25","5","5","10","10","5","10","30","30","5","5","3","30","20","20","20","20","5","15","10","10","0","6","6","6","2","5","1","1","1","1","3","5","6","1","2","5","3","7","5","3","3","5","5","5","2","7","2","6","5","6","1","6","1","7","4","5","1","5","1","2","1","4","3","5","1","2","3","2","1","3","4","2","0","","2","1","3","4","5","6","34","","","","1","2","2","1","2","1","2","4","3","6","1","5","1","5","10","8","6","9","4","2","3","7","5","8","2","7","4","1","3","9","6","9","11","2","4","5","7","8","6","10","3","1","Independent","Third-party candidate","Robert F. Kennedy Jr.","woman","","Hispanic, Latino, or Spanish origin","","","","","","","$100,001-$120,000","4yearColl","Kentucky","Warren"
631373,"0","100","1068","1","1","21","13","19","9","19","10","3","6","90","52","26","20","70","20","89","20","20","20","19","0","19","0","0","22","7","5","4","3","5","3","4","1","7","5","3","6","3","5","1","1","4","7","2","1","6","7","3","5","6","5","5","2","6","5","5","3","2","3","6","7","5","6","1","4","2","3","5","2","1","3","1","2","3","4","5","1","","1","2","3","4","5","6","70","","","The 2nd amendment question was confusing - did you mean as written?  Of course, most people don’t realize that it doesn’t mean no regulation, it means the right to bear arms in a “well-regulated militia” - you might want to print the text of the second amendment on the survey.","1","2","1","2","2","1","5","3","4","2","1","6","1","10","7","6","5","8","4","2","3","9","4","3","8","2","9","1","6","7","5","8","7","2","11","4","3","9","5","10","6","1","Democrat","Joe Biden","Joe Biden","woman","White","","","","","","","","$100,001-$120,000","PHD","Massachusetts","Suffolk"
162810,"0","100","678","1","1","13","2","27","5","27","5","18","3","28","36","51","24","25","25","50","16","26","0","28","0","7","0","39","0","3","5","5","2","5","2","1","3","4","2","5","5","3","1","5","1","5","1","2","6","2","5","2","4","5","3","4","7","4","4","6","3","5","6","1","1","4","1","3","1","2","4","5","2","1","3","1","2","3","4","5","1","","1","2","3","4","5","6","40","","","","1","2","2","1","1","2","2","6","4","3","1","5","1","5","9","8","6","10","4","3","2","7","8","5","9","4","3","1","7","2","6","9","8","11","4","5","7","6","10","3","2","1","Republican","Donald Trump","Donald Trump","man","","Hispanic, Latino, or Spanish origin","","","","","","","$60,001-$80,000","4yearColl","Illinois","McLean"
541651,"0","100","747","1","1","10","5","35","0","10","10","28","2","2","2","15","1","1","3","2","1","5","5","30","0","25","5","25","5","5","6","5","2","5","1","1","3","1","3","5","3","1","3","5","3","5","3","6","6","5","5","5","4","5","2","5","4","5","1","5","4","5","7","1","1","2","1","5","3","2","4","1","2","1","3","2","1","3","4","5","1","","1","2","3","4","5","6","65","","","","1","2","1","2","1","2","5","6","3","2","1","4","1","7","5","8","9","6","3","2","4","10","2","8","3","4","9","1","7","6","5","4","9","11","8","3","7","2","10","5","6","1","Republican","Donald Trump","Donald Trump","woman","White","","","","","","","","$40,001-$60,000","GED","Louisana","East Baton Rouge"
808792,"0","100","742","1","1","10","15","25","10","10","10","10","10","70","40","40","50","50","50","75","30","15","20","20","10","10","10","5","10","7","7","6","4","5","4","3","4","2","4","4","4","3","4","2","1","7","7","3","3","7","7","2","4","6","5","4","7","5","2","5","5","6","2","5","5","4","5","1","4","3","5","2","1","2","3","1","2","3","4","5","1","","1","2","3","4","5","6","22","","","","1","2","2","1","1","2","2","4","6","3","1","5","1","6","10","7","9","8","4","3","2","5","9","6","7","8","3","1","4","5","2","4","10","2","11","7","9","6","8","3","5","1","Democrat","Joe Biden","Joe Biden","woman","White","Hispanic, Latino, or Spanish origin","","","","","","","$20,001-$40,000","GED","Iowa","Johnson"
728945,"0","100","1261","1","1","32","12","9","2","29","1","5","10","50","71","85","85","52","58","73","39","29","20","20","0","20","2","7","2","5","6","5","4","5","2","2","6","2","2","4","6","5","6","2","1","7","7","5","6","6","7","3","3","5","3","6","6","7","7","5","3","6","4","2","3","5","1","5","4","1","2","3","2","1","3","2","1","3","4","5","1","","1","2","3","4","5","6","64","","","","2","1","2","1","2","1","2","6","4","3","1","5","1","8","7","6","5","10","3","2","4","9","3","2","6","8","9","1","5","7","4","3","7","11","8","9","2","10","5","4","6","1","Democrat","Donald Trump","Donald Trump","man","White","","","","","","","","$120,001-$140,000","MA","Massachusetts","Suffolk"
333452,"0","100","363","1","1","28","19","20","6","11","2","2","12","71","60","85","77","68","82","89","57","22","21","20","18","8","6","0","5","5","4","3","5","5","5","6","4","5","6","5","6","5","5","1","1","7","7","1","1","7","7","6","1","7","1","7","2","7","1","7","1","5","2","5","4","3","5","3","2","4","5","1","2","1","3","1","2","3","4","5","1","","1","2","3","4","5","6","69","","","","2","1","1","2","1","2","6","5","3","2","1","4","1","7","10","6","8","9","4","2","3","5","2","6","8","4","5","1","3","7","9","6","3","2","7","4","8","9","10","11","5","1","Democrat","Joe Biden","Joe Biden","man","White","","","","","","","","$100,001-$120,000","4yearColl","Delaware","Sussex"
278887,"0","100","573","1","1","14","5","32","23","6","8","3","9","12","9","20","38","15","13","6","23","18","7","20","18","10","17","4","6","6","5","6","3","5","2","2","3","1","1","2","4","3","2","5","3","6","7","4","6","4","6","7","1","7","7","7","7","7","5","7","6","5","6","5","3","6","5","5","3","2","4","1","2","1","3","1","2","3","4","5","1","","1","2","3","4","5","6","37","","","enjoyed the political questions","2","1","1","2","1","2","2","6","4","5","1","3","1","10","5","8","9","7","4","3","2","6","4","6","5","9","2","1","3","7","8","11","10","6","8","3","7","5","2","9","4","1","Republican","Donald Trump","Donald Trump","man","","Hispanic, Latino, or Spanish origin","","","","","","","$40,001-$60,000","MA","Texas","Bell"
350835,"0","100","707","1","1","14","9","19","20","14","5","10","9","37","80","50","90","75","70","60","86","7","7","26","21","9","6","17","7","6","6","5","3","5","1","3","5","1","3","3","5","2","5","5","6","5","4","6","7","3","4","2","2","7","1","5","7","5","3","7","2","5","6","3","1","6","1","3","1","5","2","4","2","1","3","2","1","3","4","4","1","","2","1","3","4","5","6","30","","","","1","2","1","2","2","1","2","3","6","4","1","5","1","7","5","9","8","10","3","2","4","6","3","5","8","6","2","1","4","9","7","2","8","6","5","10","3","7","9","11","4","1","Independent","Donald Trump","Donald Trump","man","White","Hispanic, Latino, or Spanish origin","","","","","","","$80,001-$100,000","GED","Louisana","Tangipahoa"
908118,"0","100","650","1","1","20","5","20","10","15","15","10","5","81","87","81","85","54","86","100","87","20","10","25","0","20","10","5","10","5","3","3","4","5","4","5","6","5","3","3","6","4","5","2","2","5","6","5","4","6","7","5","3","6","3","7","3","5","5","6","4","2","3","4","3","4","4","5","1","3","2","4","1","2","3","1","2","3","4","3","1","","1","2","3","4","5","6","39","","","","2","1","2","1","1","2","6","3","5","2","1","4","1","6","10","9","7","5","4","2","3","8","7","9","2","3","8","1","6","4","5","7","9","4","3","5","2","10","8","11","6","1","Democrat","Joe Biden","Donald Trump","man","White","","","","","","","","$60,001-$80,000","4yearColl","Kansas","Linn"
378471,"0","100","335","1","1","5","4","24","25","5","6","26","5","16","20","21","58","20","41","54","28","18","20","13","18","15","3","0","13","5","5","5","3","5","3","3","3","4","5","5","5","3","5","2","2","6","7","2","2","6","6","3","4","6","4","6","5","6","2","5","2","5","3","5","","5","5","3","4","5","2","1","1","2","3","1","2","3","4","4","0","unsure","2","1","3","4","5","6","46","","","","2","1","1","2","2","1","4","2","6","3","1","5","1","9","10","6","8","7","2","4","3","5","9","5","3","7","8","1","2","4","6","9","6","3","11","5","2","7","4","10","8","1","Democrat","Joe Biden","Other","woman","","Hispanic, Latino, or Spanish origin","","","","","","","$60,001-$80,000","MA","New Jersey","Mercer"
344990,"0","100","453","1","1","10","12","34","9","10","15","5","5","10","70","75","90","65","75","60","40","5","20","20","10","20","5","0","20","4","6","5","2","5","2","2","3","1","3","5","6","4","1","2","2","6","6","2","1","7","7","2","4","5","3","5","6","6","3","5","3","5","5","5","","5","","3","5","1","4","2","2","1","3","1","2","3","4","1","0","","2","1","3","4","5","6","24","","","","1","2","2","1","2","1","5","3","4","6","1","2","1","9","5","6","10","8","2","4","3","7","2","3","9","7","5","1","6","4","8","10","6","2","4","8","9","5","7","11","3","1","Independent","I did not vote","Donald Trump","woman","","Hispanic, Latino, or Spanish origin","","","","","","","$0-$20,000","4yearColl","Texas","Hidalgo"
319166,"0","100","393","1","1","17","16","20","15","14","11","2","5","65","100","69","85","49","67","67","83","17","12","18","16","18","7","12","0","4","4","5","4","5","4","4","6","4","4","5","5","5","5","4","5","3","3","5","6","2","4","2","3","6","5","4","6","5","4","5","5","3","5","2","1","5","2","4","3","5","1","2","1","2","3","1","2","3","4","3","1","","1","2","3","4","5","6","35","","","","1","2","1","2","2","1","5","6","3","4","1","2","1","6","5","10","7","9","4","2","3","8","5","6","3","4","8","1","2","9","7","6","3","8","4","5","9","2","11","10","7","1","Republican","I did not vote","Donald Trump","man","White","Hispanic, Latino, or Spanish origin","","","","","","","$40,001-$60,000","4yearColl","Florida","Pinellas"
820113,"0","100","441","1","1","10","10","40","10","10","5","10","5","71","60","83","83","72","64","56","45","10","10","10","21","20","14","5","10","2","3","5","5","5","6","5","6","4","5","7","7","5","6","6","1","3","7","5","2","5","7","4","3","6","5","5","7","6","1","6","5","1","6","4","2","4","4","2","5","4","1","3","1","2","3","2","1","3","4","4","1","another republican","2","1","3","4","5","6","60","","","","2","1","2","1","1","2","5","6","3","4","1","2","1","6","5","8","9","10","2","4","3","7","3","7","2","5","6","1","9","8","4","7","4","3","11","9","8","6","2","5","10","1","Republican","I did not vote","Other","woman","White","","","","","","","","$20,001-$40,000","GED","California","Kern"
574105,"0","100","690","1","1","17","14","16","13","10","8","12","10","24","20","20","18","23","20","35","18","11","17","17","15","16","12","4","8","6","6","5","4","5","4","4","5","3","5","3","4","4","4","4","2","6","6","3","3","6","6","3","3","5","5","6","4","6","4","3","1","6","3","4","4","3","5","4","3","2","5","1","2","1","3","2","1","3","4","5","1","","2","1","3","4","5","6","40","","","","1","2","2","1","1","2","4","3","6","2","1","5","1","10","7","9","5","8","3","2","4","6","3","8","9","5","7","1","4","6","2","10","7","9","11","4","2","3","6","5","8","1","Democrat","Joe Biden","Joe Biden","woman","White","Hispanic, Latino, or Spanish origin","","","","","","","$80,001-$100,000","GED","Georgia","Cobb"
642349,"0","100","633","1","1","30","15","32","2","12","2","5","2","50","15","70","70","65","75","90","15","20","20","20","10","10","10","0","10","6","4","5","3","5","3","3","5","2","6","1","6","5","6","4","4","7","7","1","1","7","7","7","4","3","5","7","3","6","5","3","1","7","1","7","4","6","4","1","4","2","5","3","2","1","3","1","2","3","4","5","1","","2","1","3","4","5","6","44","","","","1","2","2","1","2","1","3","2","5","6","1","4","1","8","9","7","10","5","3","4","2","6","7","5","6","4","9","1","2","8","3","7","4","8","9","6","3","5","11","10","2","1","Democrat","Joe Biden","Joe Biden","man","White","Hispanic, Latino, or Spanish origin","","","","","","","$120,001-$140,000","4yearColl","Texas","Tarrant"
520288,"0","100","685","1","1","30","15","10","10","10","15","0","10","91","40","40","40","20","40","90","40","40","10","10","10","10","10","0","10","6","5","5","3","5","3","6","1","6","2","3","5","3","6","1","1","7","7","1","1","7","7","2","5","2","6","3","5","6","6","3","5","6","1","7","6","1","5","2","4","3","5","1","2","1","3","2","1","3","4","5","1","","1","2","3","4","5","6","61","","","","1","2","1","2","1","2","3","6","5","4","1","2","1","10","6","7","9","5","4","2","3","8","4","7","5","8","6","1","2","3","9","2","4","7","11","3","5","9","6","8","10","1","Democrat","Joe Biden","Joe Biden","woman","White","","","","","","","","$60,001-$80,000","4yearColl","Florida","Hernando"
174386,"0","100","460","1","1","29","19","21","0","8","13","0","10","70","45","55","60","45","62","85","21","20","31","22","0","6","6","0","15","5","4","5","4","5","4","6","6","6","5","6","5","3","5","1","1","7","7","1","1","7","7","4","4","5","5","5","4","6","2","4","2","4","1","5","3","2","5","1","2","5","3","4","1","2","3","1","2","3","4","2","0","","2","1","3","4","5","6","60","","","","2","1","1","2","2","1","6","5","3","4","1","2","1","10","6","9","5","8","3","2","4","7","5","7","8","9","2","1","4","6","3","11","6","5","3","10","9","8","4","7","2","1","Democrat","I did not vote","Joe Biden","man","White","","","","","","","","$0-$20,000","GED","Ohio","Cuyahoga"
602641,"0","100","379","1","1","35","5","25","5","10","5","10","5","20","10","15","5","5","1","5","5","4","6","25","15","15","20","10","5","7","7","7","1","5","1","1","1","1","1","2","2","1","2","2","1","7","5","2","3","3","7","6","5","6","2","6","2","6","2","6","6","5","7","1","1","1","1","1","5","4","3","2","2","1","3","1","2","3","4","5","1","","1","2","3","4","5","6","45","","","","1","2","2","1","2","1","3","4","5","2","1","6","1","10","8","7","5","6","2","4","3","9","4","8","7","6","3","1","9","2","5","11","2","6","5","3","4","9","10","8","7","1","Republican","Donald Trump","Donald Trump","man","","Hispanic, Latino, or Spanish origin","","","","","","","$60,001-$80,000","2yearColl","Florida","Lee"
759643,"0","100","849","1","1","50","11","13","0","25","0","1","0","91","66","100","52","52","26","52","71","50","25","0","0","25","0","0","0","4","4","4","5","5","4","5","4","6","7","6","7","4","6","4","4","7","4","4","4","4","7","5","4","6","2","6","4","5","2","6","3","4","4","4","4","3","3","3","1","2","4","5","1","2","3","1","2","3","4","5","1","","2","1","3","4","5","6","90","","","","2","1","1","2","2","1","6","3","4","2","1","5","1","9","10","6","8","7","2","4","3","5","5","7","6","2","8","1","4","9","3","2","6","5","8","9","7","10","4","11","3","1","Democrat","Joe Biden","Joe Biden","man","White","","","","","","","","$40,001-$60,000","MA","Maine","Waldo"
374593,"0","100","570","1","1","32","27","7","3","13","8","2","8","40","42","60","39","25","21","93","15","22","22","10","4","22","6","0","14","7","5","5","4","5","4","4","3","4","6","2","3","1","5","1","1","7","7","1","1","7","7","2","2","5","5","6","6","7","3","4","7","5","1","1","3","1","7","4","1","2","3","5","2","1","3","1","2","3","4","5","1","","2","1","3","4","5","6","61","","","","2","1","2","1","2","1","5","4","2","3","1","6","1","9","8","10","6","5","3","2","4","7","5","3","9","8","6","1","4","2","7","9","11","10","5","8","6","2","7","4","3","1","Democrat","Joe Biden","Joe Biden","woman","White","","","","","","","","$20,001-$40,000","GED","Michigan","Isabella"
817239,"0","100","307","1","1","29","20","30","0","8","9","4","0","71","42","40","10","34","34","55","45","18","19","18","0","15","9","0","21","6","6","6","2","5","3","3","3","2","4","2","3","2","4","3","2","6","6","2","2","5","5","3","3","5","5","5","6","6","3","5","3","5","2","5","5","2","4","5","1","4","2","3","1","2","3","1","2","3","4","5","1","","2","1","3","4","5","6","31","","","","1","2","2","1","1","2","4","3","2","5","1","6","1","6","8","10","7","5","3","2","4","9","4","3","7","9","8","1","5","6","2","7","6","10","3","5","11","8","9","2","4","1","Democrat","Joe Biden","Joe Biden","woman","","Hispanic, Latino, or Spanish origin","","","","","","","$40,001-$60,000","4yearColl","Massachusetts","Suffolk"
566513,"0","100","608","1","1","10","10","30","5","10","10","15","10","50","20","50","100","20","1","80","50","5","20","20","5","20","20","5","5","7","6","7","2","5","2","1","3","3","2","5","5","2","2","4","5","7","6","2","6","5","7","3","7","6","5","5","6","5","5","6","2","6","5","5","3","4","3","1","4","3","5","2","1","2","3","2","1","3","4","5","1","","2","1","3","4","5","6","39","","","","1","2","1","2","1","2","2","3","5","6","1","4","1","10","8","9","6","5","3","4","2","7","5","2","3","4","6","1","8","7","9","7","8","2","10","5","4","11","6","3","9","1","Independent","Donald Trump","Donald Trump","man","White","Hispanic, Latino, or Spanish origin","","","","","","","$20,001-$40,000","GED","Nevada","Clark"
791420,"0","100","714","1","1","10","50","30","0","10","0","0","0","15","10","50","10","2","10","5","5","10","40","40","0","10","0","0","0","7","7","7","7","5","1","1","1","2","2","1","5","6","5","2","1","7","7","6","2","7","6","6","2","7","2","7","1","7","1","6","1","7","3","7","6","6","7","4","3","1","2","5","1","2","3","2","1","3","4","5","1","","1","2","3","4","5","6","51","","","","1","2","2","1","2","1","5","6","2","4","1","3","1","10","8","7","5","6","4","2","3","9","4","6","5","9","7","1","2","3","8","11","7","6","5","4","2","10","3","8","9","1","Independent","Third-party candidate","Robert F. Kennedy Jr.","woman","White","","","","","","","","$100,001-$120,000","4yearColl","Arizona","Yavapai"
232255,"0","100","557","1","1","30","20","18","1","20","2","1","8","90","65","80","100","60","100","100","50","30","30","15","0","20","2","1","2","4","3","2","4","5","5","6","6","6","6","5","6","5","5","1","1","7","7","1","1","7","7","3","5","6","4","5","4","4","3","4","2","3","1","5","3","1","6","2","3","1","5","4","2","1","3","2","1","3","4","5","1","","2","1","3","4","5","6","66","","","","2","1","1","2","1","2","4","6","3","2","1","5","1","8","7","9","5","6","3","2","4","10","9","4","5","7","8","1","2","3","6","9","7","11","8","6","5","4","3","2","10","1","Democrat","Joe Biden","Joe Biden","woman","White","","","","","","","","$20,001-$40,000","PHD","Colorado","Jefferson"
321999,"0","100","319","1","1","20","10","15","0","23","32","0","0","27","38","60","25","35","30","12","14","18","57","24","0","1","0","0","0","4","3","5","4","5","4","4","4","3","5","5","5","3","4","4","3","5","5","4","4","4","5","4","2","5","3","5","5","5","2","5","4","5","3","4","3","","","1","2","4","5","3","2","1","3","1","2","3","4","5","1","","2","1","3","4","5","6","74","","","","1","2","2","1","2","1","6","4","3","5","1","2","1","10","6","5","7","8","2","4","3","9","6","8","3","2","4","1","9","5","7","10","6","11","2","7","9","8","3","5","4","1","Republican","Donald Trump","Donald Trump","woman","White","","","","","","","","$20,001-$40,000","2yearColl","Missouri","Greene"
216138,"0","100","442","1","1","25","5","18","4","20","3","20","5","20","18","21","20","19","16","20","18","25","5","20","3","20","3","20","4","5","5","7","3","5","5","2","6","1","3","7","7","2","5","1","1","7","7","4","1","7","7","1","1","7","1","6","7","7","1","7","7","1","4","1","1","1","1","5","4","2","3","1","1","2","3","1","2","3","4","5","1","","2","1","3","4","5","6","65","","","","1","2","2","1","1","2","3","2","6","5","1","4","1","8","10","5","7","6","4","3","2","9","6","9","7","4","3","1","5","2","8","9","11","2","6","7","10","3","8","5","4","1","Republican","Donald Trump","Donald Trump","woman","White","","","","","","","","$80,001-$100,000","2yearColl","Idaho","Bonneville"
330261,"0","100","477","1","1","20","20","10","10","10","10","10","10","91","81","74","82","73","66","56","56","20","20","10","10","10","10","10","10","6","6","6","5","5","6","4","5","6","5","6","4","5","5","6","5","5","5","6","4","6","5","4","5","4","6","5","5","6","5","6","5","5","7","5","6","5","6","5","4","1","2","3","1","2","3","1","2","3","4","4","1","","2","1","3","4","5","6","61","","","good","1","2","1","2","2","1","3","2","6","4","1","5","1","10","8","6","7","9","2","4","3","5","5","6","8","4","3","1","2","9","7","8","2","11","7","5","9","10","3","4","6","1","Democrat","Joe Biden","Joe Biden","man","White","","","","","","","","$80,001-$100,000","4yearColl","South Carolina","Aiken"
169515,"0","100","837","1","1","10","10","25","5","15","5","25","5","60","60","50","40","70","20","100","60","10","20","20","5","20","15","0","10","7","5","6","5","5","6","6","6","5","6","5","6","3","7","2","1","4","7","7","1","7","7","6","5","6","5","6","7","6","2","5","4","5","4","6","4","4","","3","4","2","5","1","2","1","3","1","2","3","4","2","0","","1","2","3","4","5","6","27","","","","2","1","1","2","1","2","6","3","2","5","1","4","1","8","10","6","7","9","2","3","4","5","7","2","8","6","3","1","4","9","5","6","10","3","8","2","4","5","7","11","9","1","Democrat","I did not vote","Joe Biden","woman","","Hispanic, Latino, or Spanish origin","","","","","","","$40,001-$60,000","4yearColl","Texas","El Paso"
461921,"0","100","600","1","1","15","2","40","5","10","11","10","7","42","27","12","25","70","37","89","74","18","9","48","0","16","5","4","0","7","6","6","2","5","2","1","2","1","3","5","5","3","3","5","5","7","3","3","2","6","5","2","1","7","2","5","5","6","1","6","2","5","6","1","1","1","1","1","2","3","5","4","1","2","3","1","2","3","4","5","1","","2","1","3","4","5","6","30","","","","1","2","2","1","1","2","3","6","5","4","1","2","1","6","8","10","7","5","2","4","3","9","8","4","5","9","6","1","7","2","3","10","5","4","11","8","7","9","6","2","3","1","Republican","Donald Trump","Donald Trump","man","White","Hispanic, Latino, or Spanish origin","","","","","","","$100,001-$120,000","4yearColl","Virginia","Henrico"
458253,"0","100","717","1","1","35","30","10","5","5","0","5","10","80","60","80","70","40","25","50","40","32","20","6","5","3","11","3","20","5","3","3","5","5","6","6","6","4","5","3","5","5","3","3","1","3","7","2","1","7","7","7","2","6","5","5","4","6","2","5","1","5","2","6","5","4","5","1","5","4","2","3","1","2","3","2","1","3","4","5","1","","2","1","3","4","5","6","60","","","","1","2","1","2","1","2","4","6","5","3","1","2","1","10","5","7","9","8","3","4","2","6","9","4","6","7","5","1","3","8","2","5","7","8","2","9","11","10","3","6","4","1","Democrat","Joe Biden","Joe Biden","woman","White","","","","","","","","$20,001-$40,000","MA","Illinois","Will"
367866,"0","100","418","1","1","18","24","24","3","2","6","20","3","11","20","12","3","5","2","7","2","100","0","0","0","0","0","0","0","7","7","6","1","5","1","1","1","1","2","2","3","1","3","1","1","7","6","4","2","5","7","3","1","5","5","5","6","6","1","5","1","6","1","7","5","3","5","4","1","3","2","5","2","1","3","1","2","3","4","5","1","","2","1","3","4","5","6","31","","","","2","1","1","2","2","1","4","2","3","6","1","5","1","10","8","6","5","9","4","3","2","7","4","7","5","6","2","1","3","8","9","8","11","9","4","2","6","5","3","10","7","1","Democrat","Joe Biden","Joe Biden","woman","White","Hispanic, Latino, or Spanish origin","","","","","","","$20,001-$40,000","GED","California","San Bernardino"
151981,"0","100","598","1","1","1","5","50","9","11","4","20","0","20","20","71","9","21","73","22","10","0","0","52","0","22","0","26","0","4","6","3","1","5","2","2","2","1","1","3","3","3","1","3","6","3","2","6","6","2","7","3","2","7","2","5","5","5","1","6","3","5","7","1","1","7","1","5","2","4","3","1","1","2","3","2","1","3","4","5","1","","2","1","3","4","5","6","63","","","None, thank you!","1","2","2","1","2","1","2","3","6","4","1","5","1","7","9","10","8","5","3","2","4","6","6","2","3","9","7","1","5","8","4","9","5","3","8","4","6","2","7","11","10","1","Independent","Donald Trump","Donald Trump","woman","White","","","","American Indian or Alaska Native","","","","$20,001-$40,000","GED","Alabama","St. Clair"
704086,"0","100","1062","1","1","35","10","21","4","4","2","20","4","20","2","9","2","9","2","15","8","10","15","15","15","10","15","5","15","7","7","6","2","5","2","1","3","3","5","5","5","3","3","1","1","7","7","1","1","7","7","2","3","5","6","3","6","6","5","4","5","6","4","4","4","","","1","3","4","2","5","1","2","3","2","1","3","4","1","0","Will not vote ","1","2","3","4","5","6","60","","","Interesting study, thanks!","2","1","1","2","1","2","4","2","5","3","1","6","1","7","6","9","8","10","2","4","3","5","5","7","4","9","8","1","2","3","6","11","2","9","4","10","7","5","8","3","6","1","Independent","I did not vote","Other","woman","White","","","","","","","","$20,001-$40,000","2yearColl","Ohio","Stark"
717912,"0","100","380","1","1","10","0","50","0","10","10","20","0","0","0","10","0","2","2","8","0","0","0","50","0","10","20","20","0","5","6","1","1","5","1","1","1","1","1","6","6","3","5","5","5","4","5","6","6","2","5","3","1","7","2","7","3","5","1","6","4","1","5","1","1","5","2","3","2","1","5","4","2","1","3","2","1","3","4","5","1","","2","1","3","4","5","6","44","","","","2","1","1","2","2","1","2","6","5","3","1","4","1","8","9","6","5","10","3","4","2","7","6","3","9","5","2","1","7","4","8","3","10","5","7","9","11","2","6","4","8","1","Independent","Third-party candidate","Robert F. Kennedy Jr.","woman","","Hispanic, Latino, or Spanish origin","","","","","","","$120,001-$140,000","2yearColl","Idaho","Canyon"
308108,"0","100","590","1","1","10","5","0","5","35","15","25","5","20","4","15","0","25","15","25","0","30","15","25","5","15","5","0","5","7","5","4","5","5","5","6","2","4","4","5","7","2","7","1","1","7","7","5","1","7","7","5","5","2","3","5","3","5","6","5","3","6","1","6","6","1","6","2","1","4","3","5","2","1","3","2","1","3","4","5","1","","1","2","3","4","5","6","61","","","","1","2","1","2","1","2","5","2","6","3","1","4","1","5","10","6","7","8","4","3","2","9","7","4","8","9","3","1","5","2","6","10","11","7","6","5","2","4","9","3","8","1","Democrat","Joe Biden","Joe Biden","man","White","","","","","","","","$0-$20,000","2yearColl","Indiana","Marion"
577963,"0","100","283","1","1","19","15","22","7","16","10","5","6","51","55","43","45","59","53","32","22","21","13","8","1","23","11","16","7","4","6","6","3","5","3","4","5","1","2","7","6","5","5","6","5","3","4","7","6","5","5","4","2","6","3","4","7","6","2","6","4","2","6","3","1","5","3","2","3","1","4","5","2","1","3","2","1","3","4","5","1","","1","2","3","4","5","6","71","","","","2","1","2","1","2","1","4","5","3","6","1","2","1","7","9","10","8","5","2","3","4","6","6","2","9","3","7","1","4","5","8","3","4","9","10","11","6","7","2","8","5","1","Republican","Donald Trump","Donald Trump","man","White","","","","","","","","$40,001-$60,000","GED","Wisconsin","Winnebago"
297277,"0","100","566","1","1","25","10","36","20","9","0","0","0","9","51","39","39","46","20","90","3","13","25","21","0","18","8","0","15","7","7","7","1","5","1","1","1","1","1","1","1","1","6","7","7","7","1","7","7","1","1","1","1","7","5","7","5","7","1","5","5","7","1","3","5","1","5","1","5","2","4","3","1","2","3","1","2","3","4","1","0","None","2","1","3","4","5","6","62","","","On groups: Should a Nazi group have the same opportunities as a group of teachers?","2","1","1","2","1","2","5","4","6","2","1","3","1","9","10","5","6","7","4","3","2","8","3","8","9","6","4","1","7","5","2","8","11","4","10","9","7","2","5","3","6","1","Independent","I did not vote","Other","man","White","","","","","","","","$0-$20,000","2yearColl","California","Shasta"
641062,"0","100","511","1","1","10","30","20","10","10","10","0","10","5","0","0","0","0","0","68","0","10","30","20","10","10","10","0","10","5","6","6","3","5","2","4","2","2","4","4","4","3","4","1","1","7","7","1","1","7","7","6","1","6","1","6","1","5","1","6","1","6","1","5","4","2","4","3","2","4","5","1","2","1","3","1","2","3","4","5","1","","2","1","3","4","5","6","69","","","","1","2","1","2","1","2","3","2","5","6","1","4","1","6","9","8","7","10","3","4","2","5","2","8","7","5","6","1","4","9","3","4","9","7","2","11","5","3","6","10","8","1","Democrat","Joe Biden","Joe Biden","woman","White","","","","","","Native Hawaiian or Other Pacific Islander","","$60,001-$80,000","4yearColl","Florida","Seminole"
251237,"0","100","703","1","1","10","10","10","5","15","10","30","10","51","58","70","39","58","35","84","28","18","28","12","7","28","3","0","4","6","3","3","4","5","5","4","2","5","6","6","6","3","6","3","1","7","7","1","1","7","7","3","3","5","5","6","6","7","5","6","2","4","2","5","4","5","6","3","5","2","1","4","2","1","3","2","1","3","4","5","1","","2","1","3","4","5","6","28","","","very interesting and engaging survey!","1","2","2","1","2","1","2","6","5","3","1","4","1","5","10","9","6","7","3","4","2","8","5","6","9","2","7","1","3","8","4","9","10","2","4","11","7","8","3","6","5","1","Democrat","Joe Biden","Joe Biden","woman","White","Hispanic, Latino, or Spanish origin","","","","","","","$60,001-$80,000","2yearColl","New Jersey","Morris"
468876,"0","100","1761","1","1","0","10","0","10","0","20","40","20","0","80","50","80","50","80","100","80","10","0","20","20","0","50","0","0","7","5","4","1","5","1","1","1","1","2","1","1","1","5","1","2","6","6","5","5","4","4","5","3","5","3","6","5","7","4","6","1","5","2","1","6","3","5","5","1","4","2","3","1","2","3","1","2","3","4","1","0","Free Palestine","1","2","3","4","5","6","30","","Jewish","","2","1","2","1","2","1","5","2","4","6","1","3","1","10","6","9","7","5","4","3","2","8","4","6","8","9","7","1","3","2","5","5","10","7","8","4","2","9","11","3","6","1","Independent","Donald Trump","Other","woman","White","","","","","","","Other (please specify)","Prefer not to answer",NA,"New York","Broome"
944197,"0","100","428","1","1","19","16","31","2","3","8","6","15","8","2","11","8","6","4","2","2","21","22","21","5","3","22","1","5","5","5","6","3","5","3","3","3","2","5","3","3","3","5","1","1","7","7","2","1","6","7","2","2","6","6","5","6","5","3","3","2","6","1","3","3","2","3","1","5","2","4","3","1","2","3","1","2","3","4","5","1","","1","2","3","4","5","6","32","","","","1","2","2","1","1","2","4","6","5","3","1","2","1","9","8","7","6","10","2","3","4","5","9","6","7","2","4","1","5","8","3","8","6","7","4","3","5","2","9","11","10","1","Democrat","Joe Biden","Joe Biden","woman","White","Hispanic, Latino, or Spanish origin","","","","","","","$60,001-$80,000","PHD","Oregon","Lane"
277428,"0","100","1154","1","1","5","7","27","5","22","0","30","4","10","20","47","10","10","10","40","10","5","10","27","5","11","7","30","5","7","7","7","1","5","1","2","2","1","2","5","5","1","1","3","1","3","3","6","5","2","2","5","2","7","1","7","3","7","2","7","1","5","6","3","1","4","1","2","1","4","3","5","2","1","3","1","2","3","4","5","1","","2","1","3","4","5","6","29","","","I believe one of the questions may yield inaccurate information. For ex: The U.S. government, as it is outlined in the constitution, and the states' governments outlined in their constitutions, are fine. And if the people want to change them there is an avenue for that.  It is the regulatory rule by the unelected, unaccountable, bureaucracies that are the issue. ","1","2","1","2","2","1","2","4","3","6","1","5","1","6","10","8","9","7","4","2","3","5","9","8","6","4","7","1","3","2","5","3","7","9","6","11","8","10","2","4","5","1","Independent","Donald Trump","Donald Trump","woman","","Hispanic, Latino, or Spanish origin","","","","","","","$20,001-$40,000","PHD","Maryland","Montgomery"
702814,"0","100","1031","1","1","14","9","28","12","19","8","6","4","70","55","81","81","61","60","75","57","25","0","11","16","22","26","0","0","5","6","2","2","5","5","2","5","1","6","5","6","6","1","7","2","5","6","7","7","1","7","2","6","6","1","5","6","3","1","6","4","3","4","3","1","6","3","2","5","3","1","4","2","1","3","1","2","3","4","3","1","","1","2","3","4","5","6","21","","","","1","2","1","2","1","2","4","5","3","6","1","2","1","6","9","5","8","10","2","4","3","7","5","7","4","3","9","1","6","2","8","4","11","10","5","2","6","8","9","3","7","1","Independent","I did not vote","Cornel West","man","White","Hispanic, Latino, or Spanish origin","","","","","","","$80,001-$100,000","GED","Florida","Orange"
945642,"0","100","339","1","1","22","17","16","6","6","1","14","18","41","88","82","82","30","39","60","72","21","18","26","9","13","10","0","3","2","3","6","3","5","3","3","5","3","5","5","6","5","5","1","1","7","7","2","7","6","6","5","2","6","2","6","5","6","2","6","2","6","6","1","1","2","3","2","4","1","3","5","1","2","3","2","1","3","4","5","1","","2","1","3","4","5","6","63","","","","1","2","2","1","1","2","4","5","2","3","1","6","1","9","8","6","7","5","3","4","2","10","8","5","7","6","9","1","4","3","2","3","9","8","11","4","10","5","7","6","2","1","Republican","Donald Trump","Donald Trump","woman","White","","","","","","","","$180,001-$200,000","MA","Florida","Pinellas"
896596,"0","100","445","1","1","21","2","3","8","7","18","25","16","82","72","71","6","67","48","64","7","21","14","8","4","13","13","10","17","3","2","3","6","5","6","6","5","5","6","7","7","6","2","6","1","7","7","1","2","6","7","2","3","7","6","3","5","7","2","6","5","3","2","5","3","","7","1","2","4","5","3","1","2","3","1","2","3","4","5","1","","2","1","3","4","5","6","39","","","","2","1","1","2","1","2","3","2","6","4","1","5","1","9","8","10","7","6","3","2","4","5","6","4","8","5","9","1","7","2","3","4","6","8","2","10","11","9","7","3","5","1","Democrat","Joe Biden","Joe Biden","woman","","Hispanic, Latino, or Spanish origin","","","","","","","$80,001-$100,000","4yearColl","California","Riverside"
656159,"0","100","571","1","1","20","20","30","0","10","0","20","0","51","76","36","100","45","48","13","72","20","20","20","0","20","0","20","0","1","7","7","1","5","5","1","5","1","1","5","7","2","1","4","1","7","7","4","5","2","2","7","4","7","4","4","6","6","4","5","4","7","7","1","1","1","1","1","3","5","2","4","1","2","3","2","1","3","4","5","1","","1","2","3","4","5","6","54","","","","2","1","2","1","2","1","5","2","3","6","1","4","1","7","10","8","9","6","3","2","4","5","8","2","5","6","9","1","4","3","7","3","8","4","11","10","2","7","9","6","5","1","Republican","Donald Trump","Donald Trump","woman","","Hispanic, Latino, or Spanish origin","","","","","","","$60,001-$80,000","2yearColl","South Carolina","York"
348407,"0","100","1036","1","1","16","7","17","7","14","15","20","4","60","50","67","72","58","46","94","59","5","10","20","5","20","25","5","10","6","5","4","2","5","2","2","2","1","2","3","4","2","3","2","1","7","7","1","3","7","7","6","3","5","1","6","2","7","3","7","2","5","2","5","5","5","6","5","3","1","2","4","2","1","3","1","2","3","4","5","1","","2","1","3","4","5","6","27","","","","1","2","2","1","1","2","6","4","2","5","1","3","1","8","9","10","7","5","2","3","4","6","4","2","3","6","7","1","9","5","8","8","11","4","5","9","7","2","6","10","3","1","Independent","Donald Trump","Robert F. Kennedy Jr.","woman","","Hispanic, Latino, or Spanish origin","","","","","","","$40,001-$60,000","2yearColl","Florida","Miami-Dade"
724311,"0","100","817","1","1","60","5","5","5","5","5","10","5","45","15","99","95","50","70","50","20","25","25","10","5","15","5","10","5","7","6","5","5","5","5","5","6","3","2","5","7","1","2","1","1","7","7","5","1","7","7","2","1","7","2","5","6","7","2","6","5","5","5","2","4","2","1","3","5","4","1","2","2","1","3","1","2","3","4","5","1","","1","2","3","4","5","6","49","","","","2","1","1","2","1","2","2","3","6","4","1","5","1","6","5","9","10","8","4","2","3","7","6","5","7","3","9","1","4","2","8","8","10","3","2","11","4","7","6","9","5","1","Republican","Donald Trump","Donald Trump","woman","","Hispanic, Latino, or Spanish origin","","","","","","","$40,001-$60,000","GED","Texas","Williamson"
494236,"0","100","463","1","1","10","5","40","5","10","15","10","5","8","18","40","83","50","84","77","89","5","5","45","5","5","15","15","5","5","5","6","2","5","2","2","3","2","3","6","6","5","6","6","1","5","6","7","7","1","5","3","2","5","5","5","5","5","5","5","4","2","6","1","1","5","1","5","2","4","3","1","2","1","3","1","2","3","4","5","1","","2","1","3","4","5","6","60","","","","1","2","2","1","2","1","4","6","5","2","1","3","1","8","5","7","9","6","4","3","2","10","5","4","3","7","9","1","2","8","6","6","3","9","5","8","4","2","10","11","7","1","Republican","Donald Trump","Donald Trump","woman","White","","","","","","","","$40,001-$60,000","GED","West Virginia","Grant"
797000,"0","100","453","1","1","24","18","33","2","6","2","14","1","39","43","71","63","32","3","94","6","19","8","19","11","16","6","14","7","7","7","7","2","5","2","2","2","1","2","1","1","2","3","4","3","6","5","5","2","5","6","2","6","2","5","5","6","5","3","3","2","3","4","3","4","3","4","5","3","4","2","1","2","1","3","1","2","3","4","4","1","","2","1","3","4","5","6","24","","","","2","1","2","1","1","2","5","4","3","6","1","2","1","7","10","9","5","6","3","2","4","8","9","6","3","2","7","1","5","4","8","3","9","4","11","10","8","2","7","6","5","1","Democrat","Joe Biden","Other","woman","","Hispanic, Latino, or Spanish origin","","","","","","","$0-$20,000","GED","California","Alameda"
289120,"0","100","341","1","1","15","0","30","5","10","10","30","0","0","20","0","0","0","0","0","0","10","0","30","0","30","0","30","0","7","6","7","1","5","1","1","4","1","1","7","7","1","4","1","1","6","7","2","1","5","7","7","2","6","1","7","1","7","2","7","1","5","6","6","5","6","6","2","5","3","1","4","1","2","3","1","2","3","4","5","1","","2","1","3","4","5","6","69","","","","1","2","2","1","2","1","2","5","3","6","1","4","1","6","7","10","9","5","3","4","2","8","4","9","5","2","6","1","7","3","8","9","10","5","4","7","8","6","2","3","11","1","Republican","Donald Trump","Donald Trump","woman","White","","","","","","","","$40,001-$60,000","GED","California","Butte"
575129,"0","100","954","1","1","15","5","30","0","10","20","20","0","70","40","30","50","30","0","90","50","15","20","20","5","20","15","0","5","7","6","6","2","5","4","4","4","3","4","3","3","4","2","3","1","7","7","2","1","7","7","1","3","5","5","4","6","5","2","3","5","6","1","1","1","1","1","2","1","5","4","3","1","2","3","1","2","3","4","2","0","","2","1","3","4","5","6","31","","","","2","1","1","2","1","2","4","6","5","3","1","2","1","9","5","8","10","6","2","4","3","7","9","3","4","7","2","1","6","8","5","5","10","11","9","2","3","8","4","7","6","1","Democrat","Joe Biden","Robert F. Kennedy Jr.","woman","White","Hispanic, Latino, or Spanish origin","","","","","","","$20,001-$40,000","GED","California","Kern"
542688,"0","100","183","1","1","49","27","20","0","4","0","0","0","6","35","61","100","20","6","100","8","34","61","0","0","0","5","0","0","4","4","4","4","5","4","4","4","2","4","5","5","5","5","5","4","7","6","4","1","4","6","4","4","6","6","1","4","6","1","6","4","5","","","","","","1","2","5","4","3","1","2","3","1","2","3","4","4","1","","2","1","3","4","5","6","39","","","","1","2","1","2","1","2","3","5","6","4","1","2","1","8","7","6","5","10","4","3","2","9","9","7","6","4","8","1","3","5","2","10","6","3","4","8","7","5","2","11","9","1","Independent","Joe Biden","Joe Biden","woman","","Hispanic, Latino, or Spanish origin","","","","","","","$140,001-$160,000","GED","Wisconsin","Kenosha"
896171,"0","100","966","1","1","20","20","20","6","20","6","4","4","70","60","60","75","40","50","81","55","16","16","16","10","15","10","1","16","7","5","4","3","5","4","4","4","4","6","2","4","2","4","1","1","7","7","2","1","7","7","7","1","5","3","7","2","7","4","5","1","3","1","7","6","2","6","5","2","1","4","3","1","2","3","1","2","3","4","5","1","","2","1","3","4","5","6","70","","","","2","1","1","2","2","1","5","6","2","3","1","4","1","7","5","8","9","10","3","4","2","6","5","9","6","2","3","1","8","7","4","10","9","3","8","4","5","2","11","6","7","1","Independent","Joe Biden","Joe Biden","woman","White","","","","","","","","$0-$20,000","4yearColl","Alabama","Madison"
153918,"0","100","430","1","1","24","23","26","0","18","0","0","9","29","30","50","90","30","100","100","20","19","27","36","9","9","0","0","0","4","5","5","5","5","5","6","5","6","6","5","6","1","2","2","4","6","4","4","5","5","6","2","3","7","1","5","7","7","1","7","3","3","2","7","7","2","6","1","3","5","4","2","1","2","3","2","1","3","4","5","1","","1","2","3","4","5","6","63","","","","2","1","2","1","1","2","2","6","3","4","1","5","1","8","5","6","10","9","3","2","4","7","9","6","7","4","5","1","8","3","2","10","8","11","3","6","4","9","7","2","5","1","Democrat","Joe Biden","Joe Biden","woman","White","","","","","","","","$140,001-$160,000","2yearColl","Maryland","Montgomery"
599140,"0","100","582","1","1","25","10","20","5","15","15","10","0","65","50","62","57","21","50","59","54","20","15","15","5","15","10","10","10","4","4","4","5","5","5","5","5","4","4","5","5","5","5","5","4","5","4","7","7","2","6","5","3","5","2","5","3","5","3","5","4","3","6","1","1","3","2","5","1","2","4","3","2","1","3","1","2","3","4","5","1","","1","2","3","4","5","6","61","","","","1","2","1","2","2","1","3","2","6","5","1","4","1","6","10","9","5","7","2","4","3","8","5","2","7","6","8","1","4","3","9","10","9","5","7","11","3","4","8","2","6","1","Republican","Donald Trump","Donald Trump","woman","","Hispanic, Latino, or Spanish origin","","","","","","","$60,001-$80,000","2yearColl","Florida","Broward"
853927,"0","100","618","1","1","5","8","4","30","4","39","8","2","20","30","56","58","20","68","75","23","0","25","9","0","32","34","0","0","7","7","7","1","5","1","1","5","2","2","5","2","1","3","5","1","7","2","3","5","5","6","7","1","5","2","5","7","7","1","7","3","7","5","","6","5","5","3","4","2","1","5","2","1","3","2","1","3","4","1","0","","2","1","3","4","5","6","23","","","","1","2","1","2","2","1","5","4","6","3","1","2","1","7","10","5","6","8","3","2","4","9","7","9","2","3","4","1","5","6","8","3","6","2","5","8","10","7","11","4","9","1","Independent","I did not vote","Donald Trump","man","","Hispanic, Latino, or Spanish origin","","","","","","","$60,001-$80,000","PHD","New York","Queens"
180577,"0","100","407","1","1","20","25","12","0","25","10","5","3","2","2","1","4","3","2","63","3","15","20","20","10","19","8","5","3","7","7","7","1","5","1","1","1","1","5","2","1","1","3","1","1","7","7","1","1","7","7","6","3","5","5","7","1","5","5","4","3","7","1","4","1","1","6","5","4","1","3","2","2","1","3","1","2","3","4","4","1","","2","1","3","4","5","6","26","","","","1","2","2","1","1","2","3","2","5","4","1","6","1","8","7","5","9","6","4","2","3","10","3","4","2","7","6","1","9","5","8","10","9","6","11","3","2","5","4","8","7","1","Democrat","Joe Biden","Joe Biden","man","","Hispanic, Latino, or Spanish origin","","","","","","","$20,001-$40,000","GED","Wisconsin","Milwaukee"
817675,"0","100","858","1","1","14","14","14","14","14","14","2","14","75","45","84","85","65","73","82","76","14","14","15","14","14","14","1","14","6","3","4","5","5","4","6","5","6","5","5","5","3","6","1","1","7","7","1","1","7","7","3","2","5","5","6","6","7","5","4","3","4","3","5","5","4","4","1","2","4","5","3","2","1","3","2","1","3","4","5","1","","1","2","3","4","5","6","66","","","I notice, for most of the studies I complete, for the demographic questions, regarding race, and gender, the first choices are almost always, ""white, male."" This seems to be a bit of a, ""white, male,"" bias, on the part of researchers, in my opinion.","2","1","1","2","1","2","6","5","2","4","1","3","1","8","7","9","5","10","2","3","4","6","9","7","3","5","4","1","6","8","2","2","4","8","7","5","3","6","11","9","10","1","Democrat","Joe Biden","Joe Biden","woman","White","","","","","","","","$40,001-$60,000","2yearColl","California","Santa Clara"
717866,"0","100","694","1","1","15","15","20","5","15","15","10","5","60","50","65","60","55","55","85","50","25","30","10","0","25","0","0","10","6","5","4","5","5","4","6","5","6","6","5","5","3","5","3","2","6","6","4","3","7","7","4","5","7","3","5","6","6","1","5","4","5","2","5","6","3","5","2","4","3","5","1","2","1","3","1","2","3","4","5","1","","2","1","3","4","5","6","75","","","sometimes it helps to distinguish between equality and equity in assessing group opportunity","1","2","2","1","1","2","3","5","4","2","1","6","1","10","5","8","7","6","4","2","3","9","8","2","5","7","6","1","9","3","4","9","3","8","2","10","5","4","11","7","6","1","Democrat","Joe Biden","Joe Biden","woman","White","","","","","","","","$80,001-$100,000","MA","Kansas","Johnson"
464330,"0","100","1677","1","1","15","15","15","12","15","12","1","15","98","70","95","79","75","90","100","51","17","15","17","10","17","11","1","12","7","5","2","6","5","6","6","7","6","6","6","7","4","4","1","1","7","7","6","1","7","6","3","2","7","4","7","5","5","2","5","2","2","1","4","1","2","1","4","2","5","3","1","1","2","3","1","2","3","4","2","1","","1","2","3","4","5","6","51","","","I think the congress should lower the ageto be elegible for the presidency, it is not fair that the two candidates who have a chance of winning are both over 70 years old.","1","2","1","2","2","1","5","2","3","6","1","4","1","5","6","8","7","9","2","3","4","10","2","4","7","6","5","1","3","8","9","5","4","3","8","11","10","6","7","2","9","1","Democrat","Joe Biden","Jill Stein","woman","White","Hispanic, Latino, or Spanish origin","","","","","","","$100,001-$120,000","4yearColl","Georgia","DeKalb"
980586,"0","100","549","1","1","20","18","19","7","32","0","0","4","71","17","67","13","66","13","57","37","28","29","0","0","29","0","0","14","6","5","2","5","5","5","5","5","5","5","2","5","2","6","2","2","6","6","2","2","6","6","2","2","5","2","6","6","6","4","6","2","5","2","7","7","1","6","3","5","1","2","4","1","2","3","2","1","3","4","5","1","","2","1","3","4","5","6","83","","","","2","1","1","2","2","1","3","5","6","4","1","2","1","7","5","6","10","9","4","3","2","8","3","6","9","4","5","1","2","8","7","8","11","7","6","9","5","3","4","10","2","1","Independent","Joe Biden","Joe Biden","man","White","","","","","","","","$0-$20,000","MA","Louisana","East Baton Rouge"
769023,"0","100","368","1","1","10","15","15","10","15","10","10","15","60","30","80","90","50","70","100","50","15","15","15","15","15","15","0","10","7","6","6","5","5","5","5","5","6","6","6","6","5","6","1","1","7","7","1","1","7","7","6","1","6","6","7","5","7","1","6","1","6","3","4","3","2","4","4","3","2","1","5","2","1","3","2","1","3","4","5","1","","1","2","3","4","5","6","64","","","","1","2","1","2","2","1","3","5","2","6","1","4","1","5","10","6","9","8","4","2","3","7","6","2","8","5","7","1","9","4","3","6","4","8","10","5","7","9","2","11","3","1","Independent","Joe Biden","Joe Biden","woman","White","","","","","","","","$20,001-$40,000","4yearColl","Missouri","St. Louis"
689436,"0","100","920","1","1","9","20","20","5","20","10","11","5","15","10","75","20","30","5","90","5","0","20","10","10","20","20","0","20","5","6","6","2","5","1","1","2","4","2","2","4","1","1","1","1","7","7","5","1","6","6","3","2","6","5","6","6","5","5","4","4","6","3","5","6","4","4","5","3","4","2","1","1","2","3","2","1","3","4","5","1","","2","1","3","4","5","6","60","","","","2","1","1","2","2","1","2","4","5","6","1","3","1","9","10","6","8","7","3","4","2","5","2","4","7","5","9","1","3","6","8","8","6","9","10","4","2","7","5","11","3","1","Independent","Joe Biden","Joe Biden","woman","White","","","","","","","","$20,001-$40,000","GED","Arizona","Cochise"
715382,"0","100","1890","1","1","15","30","10","5","20","10","0","10","81","41","100","64","96","80","32","77","19","30","20","10","11","6","0","4","4","4","4","4","5","4","4","4","4","4","2","2","4","3","1","1","7","7","1","1","7","7","3","4","5","3","3","6","5","4","6","4","6","","3","5","","","1","3","2","4","5","1","2","3","2","1","3","4","3","1","","1","2","3","4","5","6","31","","","","1","2","1","2","1","2","2","6","5","4","1","3","1","7","6","8","9","10","2","3","4","5","2","9","8","3","7","1","5","4","6","5","11","2","6","4","7","3","9","8","10","1","Democrat","Joe Biden","Joe Biden","man","","Hispanic, Latino, or Spanish origin","","","","","","","$60,001-$80,000","2yearColl","Massachusetts","Worcester"
809184,"0","100","754","1","1","10","5","30","0","15","25","10","5","65","40","50","65","60","70","78","55","10","35","25","0","30","0","0","0","6","5","5","4","5","6","6","6","2","5","4","4","4","5","1","1","7","6","4","3","6","6","5","5","3","3","7","5","4","6","5","6","5","3","6","6","2","7","3","1","5","2","4","1","2","3","1","2","3","4","5","1","","2","1","3","4","5","6","57","","","","1","2","1","2","1","2","4","3","6","5","1","2","1","5","10","6","8","7","4","2","3","9","7","4","6","5","3","1","8","9","2","6","5","4","3","11","7","9","10","2","8","1","Independent","Joe Biden","Joe Biden","woman","","Hispanic, Latino, or Spanish origin","","","","","","","$140,001-$160,000","4yearColl","Texas","Harris"
568672,"0","100","1176","1","1","20","20","20","0","20","20","0","0","25","20","20","10","10","10","30","10","30","30","20","0","5","5","0","10","7","6","6","2","5","2","2","6","2","5","5","5","3","5","5","1","7","6","2","1","7","7","3","4","7","5","3","5","7","1","6","5","6","3","5","2","","","5","3","1","4","2","2","1","3","2","1","3","4","5","1","","2","1","3","4","5","6","71","","","","1","2","1","2","1","2","5","6","4","3","1","2","1","9","8","10","5","6","3","2","4","7","5","9","6","2","8","1","4","3","7","3","7","11","10","9","5","2","4","8","6","1","Democrat","Joe Biden","Joe Biden","woman","White","","","","","","","","$40,001-$60,000","2yearColl","Washington","King"
921760,"0","100","131","1","1","25","19","10","15","12","6","0","13","15","14","13","9","0","0","9","11","12","46","10","6","6","5","0","15","7","7","7","1","5","1","1","1","1","1","1","1","1","1","1","1","7","7","1","1","7","7","1","1","3","6","1","6","1","1","1","1","6","1","5","6","1","4","1","4","5","3","2","2","1","3","1","2","3","4","5","1","","2","1","3","4","5","6","31","","","","1","2","1","2","2","1","6","3","5","4","1","2","1","7","10","8","5","6","3","2","4","9","9","3","6","8","4","1","5","7","2","10","4","5","6","7","9","8","3","11","2","1","Independent","Joe Biden","Joe Biden","woman","White","Hispanic, Latino, or Spanish origin","","","","","","","$20,001-$40,000","GED","Texas","Cameron"
369700,"0","100","577","1","1","5","15","20","20","10","10","15","5","20","10","10","5","5","10","10","5","0","0","30","30","30","0","10","0","3","4","5","3","5","3","1","1","1","1","3","6","3","2","6","1","4","6","3","6","5","4","4","2","6","2","5","4","6","2","6","4","3","5","5","1","3","1","5","1","4","3","2","1","2","3","2","1","3","4","5","1","","1","2","3","4","5","6","62","","","","1","2","1","2","1","2","5","6","4","2","1","3","1","9","8","5","6","10","2","4","3","7","2","3","5","6","9","1","4","7","8","7","10","2","3","4","8","5","6","11","9","1","Independent","Donald Trump","Donald Trump","man","White","","","","","","","","$60,001-$80,000","MA","Tennessee","Campbell"
318771,"0","100","904","1","1","25","0","30","0","15","0","30","0","90","20","85","1","50","1","90","1","15","5","15","5","15","15","15","15","6","5","5","6","5","6","6","6","6","6","6","6","6","6","5","2","4","6","4","4","4","6","6","2","6","2","6","2","6","2","6","2","5","2","7","4","6","5","3","1","5","2","4","2","1","3","1","2","3","4","5","1","not sure","2","1","3","4","5","6","53","","","","2","1","2","1","2","1","5","3","2","6","1","4","1","6","10","7","9","5","4","2","3","8","8","6","5","4","3","1","2","7","9","5","3","2","11","10","4","7","6","9","8","1","Republican","Joe Biden","Other","woman","White","Hispanic, Latino, or Spanish origin","","","","","","","$100,001-$120,000","GED","Michigan","Baraga"
271678,"0","100","1046","1","1","16","10","15","15","10","12","12","10","70","50","40","40","52","23","74","41","15","15","15","15","11","12","2","15","7","4","5","5","5","3","5","2","3","6","2","6","1","6","1","1","7","7","1","1","7","7","1","2","5","2","6","7","6","5","5","1","3","1","5","6","1","7","2","3","1","5","4","1","2","3","2","1","3","4","5","1","","1","2","3","4","5","6","64","","","","2","1","2","1","1","2","5","6","3","2","1","4","1","6","9","8","5","10","4","2","3","7","8","6","2","9","5","1","7","3","4","8","4","11","2","6","7","9","5","3","10","1","Democrat","Joe Biden","Joe Biden","woman","White","Hispanic, Latino, or Spanish origin","","","","","","","$0-$20,000","2yearColl","Florida","Orange"
703288,"0","100","438","1","1","27","19","13","7","21","6","0","7","51","44","53","83","54","55","79","36","25","14","13","9","9","10","8","12","6","6","6","3","5","3","3","3","2","5","2","2","4","3","1","1","7","7","1","7","7","7","3","5","6","1","6","5","5","1","6","1","7","2","2","2","2","2","1","2","4","3","5","1","2","3","1","2","3","4","3","1","","2","1","3","4","5","6","26","","","","1","2","2","1","1","2","4","2","3","6","1","5","1","9","10","5","8","7","4","3","2","6","7","3","5","8","9","1","6","2","4","10","9","6","2","5","7","3","4","11","8","1","Independent","Third-party candidate","Robert F. Kennedy Jr.","man","","Hispanic, Latino, or Spanish origin","","","","","","","$40,001-$60,000","4yearColl","California","Santa Clara"
201862,"0","100","2021","1","1","20","7","25","17","16","13","0","2","27","19","25","27","21","10","7","8","12","25","9","15","20","14","0","5","7","5","6","2","5","3","3","5","2","3","3","6","1","7","1","1","7","2","1","1","7","7","5","5","6","3","6","4","6","2","5","4","5","2","4","5","4","4","5","1","2","4","3","1","2","3","1","2","3","4","4","1","","1","2","3","4","5","6","20","","","","2","1","1","2","2","1","6","3","2","5","1","4","1","6","9","8","7","5","3","4","2","10","2","8","9","6","4","1","7","5","3","2","3","7","9","6","11","4","5","10","8","1","Democrat","I did not vote","Robert F. Kennedy Jr.","woman","","Hispanic, Latino, or Spanish origin","","","","","","","$100,001-$120,000","4yearColl","Massachusetts","Worcester"
343950,"0","100","259","1","1","8","16","19","9","39","0","9","0","6","14","3","50","8","42","4","11","28","7","7","0","31","9","18","0","5","7","6","1","5","1","1","1","1","3","3","5","1","3","6","6","3","5","5","2","4","3","5","5","5","3","5","6","2","5","6","5","6","6","5","1","3","1","3","5","1","4","2","2","1","3","2","1","3","4","5","1","","2","1","3","4","5","6","34","","","","2","1","2","1","1","2","3","5","4","2","1","6","1","9","5","7","6","8","3","2","4","10","9","5","4","7","2","1","8","3","6","9","4","5","8","11","2","10","6","3","7","1","Republican","Donald Trump","Donald Trump","man","","Hispanic, Latino, or Spanish origin","","","","","","","$60,001-$80,000","GED","Florida","Hillsborough"
692641,"0","100","659","1","1","33","10","10","10","20","5","2","10","75","60","80","90","35","95","100","50","20","20","10","5","20","5","0","20","7","5","5","3","5","3","6","2","6","7","1","7","3","1","1","1","7","7","2","1","7","7","5","1","6","5","6","4","7","4","4","2","5","1","5","7","1","7","1","5","3","4","2","2","1","3","2","1","3","4","5","1","","1","2","3","4","5","6","66","","","Interesting survey","1","2","2","1","2","1","2","5","4","6","1","3","1","8","6","7","10","9","2","3","4","5","2","6","7","4","8","1","5","9","3","8","6","2","11","4","5","9","10","3","7","1","Democrat","Joe Biden","Joe Biden","woman","White","","","","","","","","$0-$20,000","4yearColl","Oregon","Multnomah"
564992,"0","100","1372","1","1","20","20","20","0","20","10","10","0","20","10","30","10","20","20","10","10","30","10","20","0","20","10","10","0","5","5","5","2","5","2","2","2","1","5","6","6","4","6","3","5","5","6","5","3","3","5","5","2","5","2","5","3","6","3","6","3","3","2","1","1","1","2","4","1","2","3","5","2","1","3","2","1","3","4","5","1","","1","2","3","4","5","6","65","","","","2","1","2","1","2","1","3","2","4","5","1","6","1","5","10","8","7","6","4","2","3","9","5","7","6","9","2","1","8","4","3","10","4","7","8","2","11","3","9","5","6","1","Republican","Donald Trump","Donald Trump","woman","White","","","","","","","","","MA","Florida","Bay"
816270,"0","100","466","1","1","11","6","18","13","15","12","21","4","15","6","31","23","3","54","40","10","9","0","23","11","27","10","18","2","6","6","5","2","5","2","1","5","2","1","6","6","2","5","6","5","2","3","1","5","4","3","3","6","5","5","6","3","5","5","6","6","1","7","1","1","6","1","5","3","1","2","4","2","1","3","2","1","3","4","5","1","","1","2","3","4","5","6","36","","","Thank you!","1","2","2","1","1","2","4","5","3","2","1","6","1","8","7","6","9","5","2","3","4","10","8","2","4","6","3","1","5","7","9","2","7","3","5","9","4","6","10","11","8","1","Republican","Donald Trump","Donald Trump","man","White","Hispanic, Latino, or Spanish origin","","","","","","","$80,001-$100,000","4yearColl","California","Los Angeles"
960375,"0","100","351","1","1","50","20","16","1","2","8","2","1","30","10","50","70","15","10","70","10","40","25","15","5","4","5","2","4","7","6","2","3","5","2","2","3","4","3","1","1","2","6","1","1","7","7","2","1","7","7","1","6","5","6","5","7","3","7","2","2","6","1","3","7","1","3","4","2","3","5","1","2","1","3","2","1","3","4","5","1","","2","1","3","4","5","6","29","","","","1","2","1","2","1","2","2","6","3","5","1","4","1","9","8","6","7","5","2","4","3","10","6","8","9","5","7","1","2","4","3","3","8","7","6","11","4","9","2","5","10","1","Independent","Third-party candidate","Jill Stein","woman","White","Hispanic, Latino, or Spanish origin","","","","","","","$20,001-$40,000","4yearColl","Indiana","Lake"
602765,"0","100","505","1","1","7","0","0","29","0","0","64","0","0","0","20","39","0","0","100","0","2","19","13","9","39","10","0","8","7","7","4","1","5","1","1","1","2","3","1","1","3","4","1","1","7","7","2","1","7","7","4","3","5","4","6","5","5","4","5","2","7","1","3","7","1","6","5","1","2","3","4","1","2","3","1","2","3","4","5","1","","1","2","3","4","5","6","23","","","","1","2","2","1","1","2","4","5","3","2","1","6","1","7","10","5","6","9","4","2","3","8","3","2","4","6","7","1","8","5","9","7","3","2","8","11","6","4","9","10","5","1","Democrat","Joe Biden","Joe Biden","woman","White","Hispanic, Latino, or Spanish origin","","","","","","","$0-$20,000","2yearColl","Ohio","Ottawa"
614475,"0","100","778","1","1","30","20","20","5","15","5","2","3","75","70","70","50","65","70","75","75","16","12","12","12","12","12","12","12","2","5","5","4","5","3","3","6","4","3","6","6","5","5","2","1","6","5","3","3","6","5","2","2","6","2","6","7","6","2","6","2","1","4","2","2","5","2","5","2","4","3","1","1","2","3","2","1","3","4","5","1","undecided, the campaign has not yet begun","2","1","3","4","5","6","63","","","The ""points apportionment"" method you asked us to use to rate such things as democracy, equality, freedom, etc. doesn't really work in the sense that the categorizations aren't really mutually exclusive.","1","2","1","2","1","2","4","5","6","3","1","2","1","10","6","7","8","5","3","4","2","9","5","6","3","2","4","1","8","9","7","2","8","10","11","7","3","9","4","6","5","1","Independent","Joe Biden","Other","man","White","Hispanic, Latino, or Spanish origin","","","American Indian or Alaska Native","","","","$20,001-$40,000","4yearColl","Minnesota","Ramsey"
901703,"0","100","331","1","1","11","10","14","15","17","19","8","6","45","45","51","26","43","45","53","57","16","18","9","19","17","21","0","0","4","5","4","5","5","6","6","6","5","5","5","5","5","6","4","4","4","6","4","4","5","5","5","5","5","5","5","4","5","3","6","3","5","","","","","","4","1","3","2","5","2","1","3","1","2","3","4","4","1","","2","1","3","4","5","6","34","","","","2","1","2","1","1","2","2","4","6","5","1","3","1","5","8","9","6","7","2","3","4","10","7","2","4","9","3","1","5","6","8","2","3","10","7","11","5","8","4","9","6","1","Democrat","Joe Biden","Joe Biden","woman","","Hispanic, Latino, or Spanish origin","","","","","","","$20,001-$40,000","GED","Texas","Bexar"
184210,"0","100","500","1","1","17","15","21","4","15","12","5","11","71","69","78","76","55","70","71","42","18","10","28","10","10","5","9","10","4","3","2","6","5","5","5","6","3","5","7","7","4","6","4","2","7","7","2","2","7","7","5","2","6","3","6","5","7","2","5","2","5","6","3","3","3","6","1","3","4","2","5","2","1","3","2","1","3","4","5","1","","1","2","3","4","5","6","60","","","","2","1","2","1","2","1","2","3","4","6","1","5","1","5","6","7","8","9","2","3","4","10","5","2","3","8","7","1","4","6","9","8","2","10","6","9","5","3","11","7","4","1","Republican","Donald Trump","Donald Trump","woman","White","","","","","","","","$20,001-$40,000","GED","North Carolina","Lincoln"
872456,"0","100","373","1","1","40","25","12","7","5","6","2","3","91","29","90","29","29","58","86","52","25","19","18","3","20","10","0","5","2","2","3","5","5","4","4","1","5","6","1","2","5","7","2","2","6","5","4","3","6","6","7","3","6","3","6","2","6","1","5","2","5","3","6","5","5","6","4","3","1","2","5","2","1","3","1","2","3","4","5","1","","2","1","3","4","5","6","67","","","","2","1","2","1","1","2","3","5","2","4","1","6","1","8","10","5","7","9","4","2","3","6","9","5","7","4","3","1","8","6","2","10","4","6","2","7","8","3","11","5","9","1","Democrat","Joe Biden","Joe Biden","man","White","","","","","","","","$80,001-$100,000","MA","Texas","Nueces"
249618,"0","100","640","1","1","11","12","24","5","17","7","24","0","100","44","47","36","80","33","65","24","11","13","24","9","15","14","8","6","5","5","5","2","5","4","3","4","4","5","5","6","3","3","5","3","6","6","3","3","6","6","6","2","6","2","6","5","6","2","5","3","5","4","5","4","5","4","4","5","3","2","1","1","2","3","2","1","3","4","2","0","","2","1","3","4","5","6","37","","","","1","2","2","1","1","2","2","3","4","6","1","5","1","6","8","10","7","9","3","4","2","5","6","9","8","2","3","1","5","7","4","5","7","10","4","9","8","2","11","3","6","1","Democrat","Third-party candidate","Donald Trump","woman","White","","","","","","","","$40,001-$60,000","GED","Missouri","Audrain"
903614,"0","100","393","1","1","10","15","15","10","15","15","10","10","39","100","100","100","68","100","100","100","30","10","10","10","10","10","10","10","4","5","7","2","5","3","2","6","3","3","4","4","4","5","6","6","5","4","7","6","1","3","5","6","6","6","7","7","5","4","6","4","6","4","5","4","4","5","5","2","4","3","1","2","1","3","2","1","3","4","5","1","","2","1","3","4","5","6","33","","","","2","1","2","1","2","1","5","4","2","6","1","3","1","10","9","6","5","8","3","4","2","7","9","3","6","5","4","1","7","8","2","9","11","2","6","8","4","10","7","5","3","1","Democrat","Joe Biden","Robert F. Kennedy Jr.","woman","","Hispanic, Latino, or Spanish origin","","","","","","","$140,001-$160,000","MA","Texas","Collin"
563084,"0","100","390","1","1","15","30","15","10","5","10","10","5","30","20","40","25","29","15","53","20","15","15","10","20","10","15","5","10","7","5","5","3","5","5","5","5","5","5","3","3","2","6","2","1","7","7","1","1","7","7","3","1","5","5","6","7","6","2","5","5","6","1","","5","","","5","3","1","4","2","1","2","3","1","2","3","4","5","1","","2","1","3","4","5","6","26","","","","2","1","1","2","2","1","5","4","3","2","1","6","1","10","7","8","9","6","2","3","4","5","4","7","3","5","8","1","9","2","6","10","3","4","7","6","2","9","8","11","5","1","Democrat","Joe Biden","Joe Biden","woman","","Hispanic, Latino, or Spanish origin","","","","","","","$40,001-$60,000","GED","New Mexico","Bernalillo"
188696,"0","100","421","1","1","30","17","17","7","6","5","15","3","30","18","18","10","5","11","27","5","6","20","20","11","18","18","0","7","7","7","7","2","5","1","1","2","2","2","2","3","1","3","4","1","3","7","4","4","6","6","2","3","5","4","4","5","6","5","5","4","5","4","4","5","5","4","4","1","5","3","2","2","1","3","1","2","3","4","3","1","Another 3rd Party","1","2","3","4","5","6","38","","","","2","1","2","1","2","1","6","2","3","4","1","5","1","6","10","7","8","9","3","4","2","5","4","7","5","9","6","1","3","2","8","4","5","9","3","2","8","10","7","6","11","1","Independent","Third-party candidate","Other","woman","White","","","","","","","","$40,001-$60,000","4yearColl","New York","Monroe"
445671,"0","100","840","1","1","34","7","33","7","12","0","4","3","32","4","52","54","9","7","40","73","30","1","30","9","24","3","3","0","4","5","5","3","5","2","1","2","2","4","6","5","5","3","4","1","5","4","1","6","1","4","4","2","5","2","5","4","5","2","5","3","5","6","1","1","1","1","4","1","2","5","3","1","2","3","1","2","3","4","5","1","Chris Chistie write in","1","2","3","4","5","6","67","","","","2","1","2","1","1","2","5","2","3","6","1","4","1","9","5","10","8","7","2","3","4","6","8","2","3","7","5","1","6","4","9","7","2","10","3","11","4","6","5","9","8","1","Independent","Third-party candidate","Other","man","White","","","","","","","","$40,001-$60,000","MA","New York","Monroe"
949639,"0","100","437","1","1","10","0","39","0","3","39","9","0","72","72","84","53","66","84","68","77","27","0","27","0","27","11","8","0","3","5","6","3","5","2","3","6","1","2","6","6","3","5","4","3","4","5","6","6","1","5","1","2","5","2","6","6","4","4","6","2","1","6","1","1","7","1","2","5","1","3","4","1","2","3","1","2","3","4","5","1","","1","2","3","4","5","6","64","","","","2","1","2","1","1","2","2","5","3","6","1","4","1","10","9","6","5","7","3","4","2","8","4","5","2","9","7","1","8","3","6","8","10","6","3","5","7","4","9","11","2","1","Independent","Third-party candidate","Jill Stein","man","White","","","","","","","","$40,001-$60,000","2yearColl","Oregon","Coos"
506018,"0","100","352","1","1","20","5","20","15","15","15","5","5","70","50","70","80","45","60","100","45","15","15","15","10","15","15","0","15","5","6","4","5","5","5","6","3","4","4","3","3","2","4","1","1","7","7","1","1","7","7","4","6","6","3","5","3","6","4","6","5","5","1","6","6","1","6","5","3","2","1","4","2","1","3","1","2","3","4","5","1","","1","2","3","4","5","6","35","","","","2","1","1","2","1","2","5","2","6","4","1","3","1","9","7","8","10","6","4","2","3","5","6","4","9","2","8","1","3","7","5","10","6","11","9","7","3","4","8","2","5","1","Democrat","Joe Biden","Joe Biden","man","","Hispanic, Latino, or Spanish origin","","","","","","","$80,001-$100,000","4yearColl","Texas","Harris"
732386,"0","100","193","1","1","0","0","100","0","0","0","0","0","0","30","50","100","100","100","0","100","0","0","0","0","40","40","0","20","6","7","6","1","5","1","1","1","1","1","1","1","1","1","1","1","7","7","1","1","7","7","6","1","6","1","5","5","5","1","5","1","7","6","5","1","","","1","3","2","4","5","1","2","3","1","2","3","4","1","0","","2","1","3","4","5","6","28","","","","2","1","1","2","1","2","4","5","2","6","1","3","1","9","6","8","10","5","4","3","2","7","7","5","9","8","3","1","6","4","2","11","4","9","5","3","7","2","8","10","6","1","Republican","I did not vote","Donald Trump","woman","","Hispanic, Latino, or Spanish origin","","","","","","","$60,001-$80,000","2yearColl","New York","Queens"
652460,"0","100","844","1","1","14","19","19","15","10","9","5","9","75","55","75","65","40","70","55","45","20","20","20","10","14","6","0","10","5","5","6","5","5","5","5","3","6","6","6","7","2","5","2","1","7","7","2","1","7","7","3","2","6","3","3","5","6","3","6","2","5","1","6","5","2","2","4","2","3","5","1","2","1","3","1","2","3","4","5","1","","1","2","3","4","5","6","53","","","","1","2","2","1","2","1","6","5","3","4","1","2","1","5","10","7","8","9","4","2","3","6","6","3","9","7","2","1","8","4","5","9","2","6","7","11","10","8","3","4","5","1","Democrat","Joe Biden","Joe Biden","woman","","Hispanic, Latino, or Spanish origin","","","","","","","$60,001-$80,000","GED","Arizona","Maricopa"
811650,"0","100","738","1","1","20","5","25","5","20","10","10","5","60","70","75","85","70","70","60","65","22","10","23","0","20","10","5","10","5","5","5","5","5","6","6","6","4","5","6","6","6","6","3","4","5","5","5","4","4","6","3","1","6","1","5","6","5","3","7","2","5","5","1","3","2","1","5","4","3","1","2","2","1","3","2","1","3","4","5","1","","1","2","3","4","5","6","63","","","All good.","1","2","2","1","2","1","2","4","3","6","1","5","1","5","6","7","10","9","3","2","4","8","6","9","2","7","3","1","8","4","5","5","11","6","3","10","7","4","8","9","2","1","Independent","Donald Trump","Donald Trump","man","White","","","","","","","","$80,001-$100,000","2yearColl","California","Alameda"
346052,"0","100","491","1","1","21","20","20","1","20","1","1","16","49","40","39","48","11","59","100","35","19","19","19","1","21","1","0","20","6","5","4","5","5","3","5","3","6","6","3","5","3","5","1","1","7","7","1","1","7","7","5","1","4","1","5","4","7","3","5","2","5","1","7","7","1","7","2","1","3","5","4","2","1","3","1","2","3","4","5","1","","2","1","3","4","5","6","65","","","","1","2","1","2","1","2","6","3","2","4","1","5","1","7","8","5","10","9","2","4","3","6","3","5","4","6","2","1","7","9","8","8","7","2","10","4","6","11","5","9","3","1","Democrat","Joe Biden","Joe Biden","woman","White","","","","","","","","$80,001-$100,000","4yearColl","Florida","Duval"
739141,"0","100","399","1","1","20","15","20","5","10","5","15","10","20","15","15","25","15","10","20","5","30","18","26","5","10","5","2","4","6","6","4","2","5","2","2","3","2","3","5","3","2","4","4","4","4","4","4","4","4","5","5","5","5","5","5","4","6","3","4","5","6","2","3","2","4","4","1","3","2","5","4","1","2","3","2","1","3","4","3","1","","1","2","3","4","5","6","67","","","","2","1","1","2","2","1","4","2","6","5","1","3","1","9","5","7","10","8","2","4","3","6","4","2","5","7","8","1","6","9","3","2","5","4","11","3","8","9","7","6","10","1","Independent","Third-party candidate","Robert F. Kennedy Jr.","man","White","","","","","","","","$20,001-$40,000","GED","Florida","Pinellas"
727587,"0","100","596","1","1","18","16","16","16","16","4","0","14","75","70","88","73","50","78","100","25","15","16","16","15","13","14","0","11","6","5","5","3","5","2","2","1","2","6","3","3","1","2","1","1","7","7","1","1","7","7","1","1","3","2","5","3","5","6","5","1","6","1","7","6","1","5","4","1","5","3","2","2","1","3","2","1","3","4","5","1","","1","2","3","4","5","6","68","","","","1","2","2","1","1","2","6","3","4","5","1","2","1","9","6","10","7","8","4","3","2","5","8","4","3","9","5","1","6","7","2","6","3","4","2","8","10","9","7","5","11","1","Democrat","Joe Biden","Joe Biden","woman","White","","","","","","","","$0-$20,000","2yearColl","Pennsylvania","Westmoreland"
294731,"0","100","511","1","1","15","15","15","13","15","13","4","10","51","50","55","60","50","70","71","69","15","15","10","10","15","15","10","10","6","7","7","3","5","5","5","5","4","4","1","1","1","5","3","4","7","7","1","7","6","7","6","6","7","2","7","5","7","1","6","2","6","2","2","2","2","4","1","5","3","4","2","2","1","3","1","2","3","4","5","1","","1","2","3","4","5","6","30","","","","1","2","1","2","2","1","5","3","2","4","1","6","1","7","6","5","10","9","4","3","2","8","5","9","3","6","7","1","2","8","4","4","11","2","7","10","5","6","8","3","9","1","Independent","Donald Trump","Joe Biden","man","","Hispanic, Latino, or Spanish origin","","","","","","","$60,001-$80,000","4yearColl","New York","Bronx"
781575,"0","100","477","1","1","0","0","25","0","25","25","25","0","70","68","40","36","40","40","40","67","0","0","25","0","25","25","25","0","5","7","4","1","5","1","1","2","1","2","6","3","3","2","5","4","4","2","7","7","2","4","6","2","6","4","3","2","4","2","6","1","6","6","1","1","5","1","4","2","3","5","1","2","1","3","2","1","3","4","5","1","","1","2","3","4","5","6","61","","","The US is NOT a democracy, it's a CONSTITUTIONAL REPUBLIC, even though the left will never use that term. ","1","2","1","2","1","2","3","2","5","4","1","6","1","7","6","5","10","8","3","2","4","9","4","8","2","7","9","1","6","3","5","11","2","6","3","4","5","10","8","7","9","1","Republican","Donald Trump","Donald Trump","man","White","","","","","","","","$60,001-$80,000","2yearColl","Arizona","Mohave"
872631,"0","100","478","1","1","6","17","24","15","15","21","2","0","75","47","82","77","48","63","84","48","12","23","26","20","13","6","0","0","5","5","7","1","5","3","2","2","3","4","3","1","2","4","1","1","1","7","7","1","7","7","4","4","6","5","5","7","4","5","6","4","4","4","4","5","4","4","1","5","2","4","3","1","2","3","2","1","3","4","3","1","","1","2","3","4","5","6","20","","","","2","1","1","2","1","2","6","4","5","2","1","3","1","6","5","9","10","8","3","4","2","7","6","9","7","2","3","1","4","8","5","10","6","3","4","5","9","2","8","11","7","1","Independent","Third-party candidate","Joe Biden","man","","Hispanic, Latino, or Spanish origin","","","","","","","$20,001-$40,000","GED","California","Tulare"
313567,"0","100","716","1","1","2","2","41","22","10","7","16","0","0","0","0","0","0","0","0","0","1","0","39","19","10","10","21","0","1","6","6","1","5","1","1","4","1","1","4","5","5","1","7","7","1","1","7","7","1","1","4","1","7","1","6","4","1","1","7","1","1","6","","","2","","5","2","4","1","3","2","1","3","1","2","3","4","5","1","","1","2","3","4","5","6","36","","","","2","1","2","1","1","2","3","2","5","4","1","6","1","8","7","5","6","9","2","3","4","10","3","8","9","6","5","1","7","2","4","6","9","4","3","2","11","10","7","5","8","1","Republican","Donald Trump","Donald Trump","man","White","Hispanic, Latino, or Spanish origin","","","","","","","$60,001-$80,000","4yearColl","Florida","Osceola"
656018,"0","100","785","1","1","14","16","18","10","14","13","12","3","87","78","73","81","68","70","78","70","15","14","17","7","14","7","9","17","5","4","4","5","5","4","5","5","2","4","4","4","3","5","4","5","6","4","5","6","5","5","6","5","5","4","4","5","5","5","5","4","5","3","4","3","4","5","1","4","2","3","5","2","1","3","1","2","3","4","2","1","","2","1","3","4","5","6","37","","","This was a good study.","2","1","2","1","2","1","6","5","4","2","1","3","1","8","5","7","9","6","2","4","3","10","9","5","7","4","3","1","6","2","8","4","3","2","11","9","8","7","10","6","5","1","Independent","Joe Biden","Robert F. Kennedy Jr.","man","White","","","","","","","","$20,001-$40,000","GED","California","Imperial"
276120,"0","100","606","1","1","15","0","5","30","0","5","45","0","30","40","5","70","10","15","80","6","25","25","0","0","19","0","0","31","7","5","5","3","5","3","2","2","2","3","2","1","1","4","4","2","6","6","4","6","6","7","3","5","6","4","6","5","6","3","5","1","6","1","4","7","1","7","2","4","1","3","5","2","1","3","1","2","3","4","2","0","","2","1","3","4","5","6","65","","","","1","2","2","1","1","2","2","3","4","6","1","5","1","7","6","8","5","10","4","3","2","9","8","6","4","5","7","1","9","3","2","5","6","8","11","4","7","3","2","10","9","1","Independent","Third-party candidate","Cornel West","woman","White","","","","","","","","$20,001-$40,000","MA","Rhode Island","Kent"
775475,"0","100","165","1","1","20","20","30","15","10","0","0","5","70","16","53","72","1","51","100","100","20","20","20","20","5","5","5","5","5","5","6","5","6","6","5","5","3","3","4","2","6","5","4","4","6","5","4","3","5","5","7","4","1","1","7","3","1","1","7","1","5","1","7","7","3","7","3","4","5","1","2","1","2","3","2","1","3","4","5","1","","1","2","3","4","5","6","21","","","None","1","2","1","2","2","1","6","4","3","5","1","2","1","6","10","9","7","8","4","2","3","5","6","4","5","8","3","1","9","7","2","9","3","10","5","6","11","2","7","4","8","1","Democrat","I did not vote","Joe Biden","man","","Hispanic, Latino, or Spanish origin","","","","","","","$60,001-$80,000","GED","Connecticut","New Haven"
170227,"0","100","444","1","1","20","20","20","5","20","10","0","5","75","35","63","40","45","13","45","10","25","25","25","10","10","0","0","5","5","5","5","3","5","1","5","2","2","5","2","4","2","3","1","1","7","7","1","1","7","7","3","4","6","6","5","5","6","2","5","2","5","1","5","","1","2","2","4","5","1","3","2","1","3","1","2","3","4","5","1","","2","1","3","4","5","6","61","","","","1","2","1","2","2","1","4","3","5","2","1","6","1","6","8","5","10","7","2","3","4","9","6","4","8","7","2","1","9","5","3","6","5","9","4","11","10","8","3","7","2","1","Democrat","Joe Biden","Joe Biden","woman","White","","","","","","","","$20,001-$40,000","4yearColl","California","Los Angeles"
447126,"0","100","659","1","1","19","9","19","8","19","10","5","11","34","34","66","76","35","76","100","31","17","13","15","9","15","11","2","18","6","3","3","2","5","2","3","1","2","2","5","5","1","6","1","1","6","6","6","4","6","6","5","3","5","3","5","3","4","4","5","2","5","2","4","5","3","5","5","4","3","1","2","2","1","3","1","2","3","4","5","1","","2","1","3","4","5","6","65","","","","2","1","2","1","1","2","6","3","4","5","1","2","1","6","10","9","5","7","4","3","2","8","3","6","7","4","9","1","2","8","5","9","11","4","6","8","7","10","5","3","2","1","Democrat","Joe Biden","Joe Biden","man","White","","","","American Indian or Alaska Native","","","","Over $200,000","4yearColl","New York","Bronx"
509235,"0","100","1178","1","1","10","5","30","10","20","20","5","0","60","35","75","80","65","75","100","30","0","20","20","20","0","20","0","20","2","6","5","5","5","3","4","5","4","4","6","5","5","5","2","1","6","7","3","3","5","6","1","4","3","6","5","6","4","4","2","7","2","2","","5","","4","2","3","5","4","1","2","1","3","1","2","3","4","2","0","","1","2","3","4","5","6","42","","","","2","1","1","2","2","1","4","6","5","3","1","2","1","7","9","5","6","10","2","4","3","8","6","5","9","8","3","1","4","2","7","6","11","2","4","9","3","8","5","10","7","1","Independent","Joe Biden","Donald Trump","man","White","Hispanic, Latino, or Spanish origin","","","","","","","$20,001-$40,000","GED","New York","Kings"
277381,"0","100","473","1","1","18","30","16","0","0","0","36","0","33","43","51","42","40","47","59","48","0","28","0","0","35","37","0","0","5","4","3","5","5","5","5","6","4","5","6","7","4","6","5","5","6","4","3","4","4","5","4","2","6","3","6","5","6","2","5","3","5","5","3","4","4","5","2","5","4","1","3","1","2","3","2","1","3","4","4","1","","2","1","3","4","5","6","70","","","Interesting study thank you.","1","2","1","2","2","1","4","3","2","5","1","6","1","10","6","8","7","9","4","2","3","5","7","5","3","2","8","1","4","6","9","4","9","2","10","11","8","6","3","5","7","1","Republican","Donald Trump","Donald Trump","man","White","","","","","","","","$20,001-$40,000","GED","Tennessee","White"
204117,"0","100","416","1","1","25","25","4","0","25","0","0","21","70","50","82","82","50","81","81","7","25","25","6","0","25","0","0","19","3","5","3","5","5","4","4","3","5","6","6","6","5","6","3","2","7","7","4","3","5","6","5","2","6","3","6","6","5","1","6","2","5","2","4","2","2","6","2","1","3","4","5","1","2","3","2","1","3","4","5","1","","2","1","3","4","5","6","61","","","","2","1","2","1","2","1","3","2","6","4","1","5","1","9","6","8","7","5","3","4","2","10","6","5","4","2","7","1","9","3","8","11","7","10","9","2","4","8","5","3","6","1","Democrat","Joe Biden","Joe Biden","woman","White","","","","","","","","$100,001-$120,000","4yearColl","Florida","Pinellas"
792624,"0","100","413","1","1","23","20","23","5","20","0","9","0","60","50","40","58","64","21","41","18","20","22","20","4","22","5","0","7","6","6","5","5","5","2","6","3","5","6","6","6","1","3","1","1","7","7","1","2","6","7","3","1","5","1","7","4","6","5","7","3","2","1","5","5","1","5","2","4","3","5","1","1","2","3","2","1","3","4","5","1","","2","1","3","4","5","6","71","","","","2","1","1","2","2","1","2","6","3","5","1","4","1","9","8","6","5","10","2","3","4","7","3","8","4","9","2","1","5","6","7","11","5","3","7","9","6","10","4","8","2","1","Democrat","Joe Biden","Joe Biden","woman","White","","","","","","","","$0-$20,000","4yearColl","Kentucky","Powell"
664742,"0","100","683","1","1","10","25","25","1","21","8","5","5","75","62","83","92","63","72","82","62","2","2","37","6","2","30","3","18","5","5","5","2","5","2","2","2","2","2","2","3","2","2","4","3","7","7","3","3","7","7","7","2","7","2","7","7","7","2","7","7","5","5","3","3","3","3","1","5","2","3","4","2","1","3","2","1","3","4","4","1","","2","1","3","4","5","6","66","","","thank you!","2","1","1","2","1","2","6","3","5","4","1","2","1","6","5","9","10","7","3","4","2","8","9","5","7","8","4","1","3","2","6","5","2","10","11","6","8","3","9","4","7","1","Republican","Donald Trump","Donald Trump","woman","White","","","","","","","","$80,001-$100,000","4yearColl","Massachusetts","Berkshire"
431732,"0","100","454","1","1","20","7","29","0","29","0","15","0","50","5","68","84","25","36","85","5","24","20","10","10","8","8","0","20","6","6","4","3","5","2","2","2","1","5","1","1","1","4","2","1","7","7","2","1","6","7","1","4","5","5","4","6","6","5","4","5","5","1","6","6","2","7","4","2","5","3","1","1","2","3","2","1","3","4","5","1","","1","2","3","4","5","6","38","","","","2","1","1","2","2","1","3","2","5","6","1","4","1","6","5","8","7","9","3","2","4","10","4","7","2","9","3","1","6","5","8","3","8","4","6","9","10","11","2","7","5","1","Democrat","Joe Biden","Joe Biden","woman","","Hispanic, Latino, or Spanish origin","","","","","","","$60,001-$80,000","4yearColl","Florida","Alachua"
424212,"0","100","898","1","1","11","10","19","0","20","0","40","0","55","41","61","59","35","53","14","16","24","26","0","0","25","0","0","25","7","5","5","5","5","3","5","6","5","3","5","4","2","5","4","1","7","7","2","4","7","7","5","4","5","3","5","4","6","2","6","3","3","3","5","5","3","4","5","2","1","3","4","2","1","3","2","1","3","4","5","1","","2","1","3","4","5","6","62","","","","2","1","1","2","2","1","2","5","6","4","1","3","1","5","6","9","8","7","3","2","4","10","8","2","3","4","7","1","6","5","9","8","2","6","3","5","11","7","10","9","4","1","Democrat","Joe Biden","Joe Biden","woman","White","","","","","","","","$40,001-$60,000","2yearColl","North Carolina","New Hanover"
646499,"0","100","492","1","1","20","20","20","0","15","15","10","0","100","75","100","50","80","100","100","40","15","20","20","0","20","20","5","0","6","3","3","5","5","5","6","6","5","6","7","7","3","5","1","1","6","7","2","2","5","5","2","1","5","1","5","5","6","2","5","6","3","2","4","1","2","3","4","3","5","2","1","1","2","3","1","2","3","4","5","1","","2","1","3","4","5","6","65","","","Interesting","1","2","2","1","1","2","5","3","6","4","1","2","1","8","6","7","5","9","4","3","2","10","5","9","8","6","3","1","4","7","2","8","4","7","9","2","6","5","3","10","11","1","Independent","Joe Biden","Joe Biden","woman","White","","","","","","","","$20,001-$40,000","2yearColl","Kentucky","Muhlenberg"
200346,"0","100","264","1","1","30","10","32","0","7","14","7","0","48","11","33","18","6","74","51","13","15","20","19","14","6","19","0","7","5","4","4","4","5","4","3","3","1","4","3","4","3","3","6","2","7","6","4","4","4","7","4","1","7","5","4","4","7","1","4","3","5","3","5","","5","5","3","4","2","5","1","2","1","3","2","1","3","4","5","1","","1","2","3","4","5","6","37","","","","2","1","2","1","1","2","6","4","5","3","1","2","1","8","6","9","7","10","3","4","2","5","2","9","4","8","3","1","7","6","5","3","9","5","6","8","4","2","11","10","7","1","Independent","Joe Biden","Donald Trump","woman","White","Hispanic, Latino, or Spanish origin","","","","","","","Over $200,000","PHD","Florida","Miami-Dade"
467838,"0","100","776","1","1","19","19","27","4","14","9","4","4","93","29","89","49","81","81","81","28","20","18","18","8","17","8","0","11","3","3","2","6","5","6","5","7","2","5","6","6","6","6","2","1","7","6","2","2","6","6","3","3","6","5","6","5","6","2","6","5","5","3","4","2","3","4","3","4","2","1","5","1","2","3","1","2","3","4","5","1","","1","2","3","4","5","6","61","","","","2","1","1","2","2","1","2","5","4","6","1","3","1","8","10","6","7","9","4","3","2","5","6","3","9","5","8","1","4","7","2","5","4","2","8","11","10","3","7","6","9","1","Democrat","Joe Biden","Joe Biden","woman","White","","","","","","","","Prefer not to answer","GED","Ohio","Lorain"
449533,"0","100","676","1","1","25","15","15","0","15","10","0","20","30","10","12","100","10","5","100","1","25","25","25","0","5","0","0","20","6","6","5","5","5","5","5","3","3","5","5","3","1","6","1","1","7","7","2","1","7","7","4","4","3","5","5","4","6","5","5","3","6","1","7","7","3","7","3","5","1","4","2","2","1","3","1","2","3","4","5","1","","1","2","3","4","5","6","65","","","","2","1","1","2","2","1","2","4","5","3","1","6","1","10","5","8","7","6","3","4","2","9","4","6","5","3","9","1","2","8","7","4","8","10","6","11","3","7","2","5","9","1","Independent","Joe Biden","Joe Biden","woman","White","","","","","","","","$0-$20,000","GED","Wisconsin","Sauk"
622931,"0","100","649","1","1","5","5","5","30","5","5","40","5","10","40","30","9","39","32","6","30","30","10","20","10","15","10","0","5","6","7","5","3","5","2","2","2","1","2","1","2","1","1","1","1","7","7","3","3","3","6","3","3","7","2","6","6","5","2","6","3","7","2","5","5","2","5","1","4","3","5","2","1","2","3","2","1","3","4","3","1","","2","1","3","4","5","6","26","","","","2","1","1","2","1","2","4","3","6","5","1","2","1","5","7","9","6","10","4","3","2","8","2","7","9","6","8","1","3","5","4","6","7","11","10","5","8","4","3","2","9","1","Democrat","Third-party candidate","Robert F. Kennedy Jr.","woman","White","Hispanic, Latino, or Spanish origin","","","","","","","$40,001-$60,000","GED","Missouri","St. Louis"
655948,"0","100","319","1","1","33","20","20","3","8","5","7","4","95","26","79","72","78","85","87","78","30","14","7","3","23","23","0","0","7","6","3","2","5","3","2","3","5","3","5","5","3","2","2","2","7","7","2","2","6","6","6","2","7","3","6","5","6","1","5","1","6","1","3","4","3","3","5","2","4","3","1","2","1","3","1","2","3","4","5","1","","2","1","3","4","5","6","63","","","","1","2","2","1","2","1","6","2","5","4","1","3","1","8","9","6","5","10","3","4","2","7","6","9","7","8","5","1","4","2","3","9","6","10","2","8","4","5","3","7","11","1","Democrat","Joe Biden","Joe Biden","woman","White","","","","","","","","$20,001-$40,000","4yearColl","Florida","Putnam"
691678,"0","100","857","1","1","18","20","17","8","13","13","9","2","48","90","80","35","45","65","55","30","15","15","16","8","17","14","6","9","5","5","6","4","5","5","3","6","4","3","6","5","4","5","4","5","4","3","6","5","5","4","3","2","6","5","5","5","5","4","4","2","2","6","2","4","5","2","1","3","2","4","5","2","1","3","1","2","3","4","5","1","","2","1","3","4","5","6","62","","","none","1","2","1","2","2","1","4","6","3","2","1","5","1","7","8","9","6","5","3","4","2","10","7","6","9","3","8","1","4","2","5","8","9","5","2","6","7","11","4","3","10","1","Republican","Donald Trump","Donald Trump","man","White","Hispanic, Latino, or Spanish origin","","","","","","","$0-$20,000","GED","Florida","Hillsborough"
976228,"0","100","890","1","1","14","14","14","13","13","13","10","9","51","51","50","52","51","50","51","51","10","13","16","10","16","11","13","11","5","3","5","5","5","6","6","7","4","6","4","6","6","7","2","2","2","6","2","2","6","6","2","2","6","3","5","3","6","2","6","2","5","3","6","3","6","5","1","5","3","2","4","1","2","3","1","2","3","4","4","1","","1","2","3","4","5","6","29","","","","1","2","1","2","2","1","5","6","2","3","1","4","1","7","10","9","6","8","4","2","3","5","3","6","4","7","5","1","2","8","9","7","5","4","11","3","8","9","2","6","10","1","Republican","Joe Biden","Joe Biden","man","White","","","","","","","","$20,001-$40,000","4yearColl","Illinois","Cook"
828801,"0","100","559","1","1","12","12","12","12","13","13","13","13","60","90","70","90","51","95","20","95","13","13","20","5","11","11","17","10","4","4","5","2","5","3","3","4","2","2","3","6","3","4","4","5","7","3","6","6","3","4","3","4","6","2","5","5","4","1","6","5","5","5","2","1","2","3","2","3","1","5","4","1","2","3","2","1","3","4","5","1","","2","1","3","4","5","6","64","","","","1","2","2","1","2","1","4","5","3","6","1","2","1","9","7","8","10","6","4","3","2","5","6","9","2","8","7","1","3","4","5","6","5","4","8","7","9","11","2","3","10","1","Republican","Donald Trump","Donald Trump","man","White","","","","","","","","$80,001-$100,000","GED","Tennessee","Blount"
700100,"0","100","787","1","1","20","10","10","20","10","10","10","10","100","100","100","100","100","100","1","100","20","10","10","10","20","20","0","10","7","7","7","2","5","1","5","2","1","6","5","5","1","1","1","1","7","7","1","1","7","7","1","6","7","5","6","7","7","1","6","1","7","1","6","7","6","6","1","3","4","2","5","2","1","3","2","1","3","4","5","1","","1","2","3","4","5","6","52","","","","2","1","1","2","1","2","2","5","6","3","1","4","1","10","7","5","9","6","3","2","4","8","2","5","7","3","6","1","9","4","8","8","6","7","10","4","11","9","5","3","2","1","Democrat","Joe Biden","Joe Biden","man","","Hispanic, Latino, or Spanish origin","","","","","","","$60,001-$80,000","GED","Texas","Chambers"
574099,"0","100","689","1","1","30","20","30","0","5","5","5","5","70","50","80","30","30","30","40","19","20","25","25","5","10","5","5","5","7","6","5","4","5","3","3","5","5","5","5","5","4","3","7","2","5","6","7","2","5","6","2","2","6","6","6","6","6","5","5","6","5","3","5","5","2","3","2","1","4","5","3","2","1","3","2","1","3","4","5","1","","1","2","3","4","5","6","52","","","","1","2","2","1","2","1","3","6","2","5","1","4","1","7","9","5","6","8","2","3","4","10","5","3","6","7","4","1","9","2","8","4","7","2","11","5","9","10","8","6","3","1","Democrat","Joe Biden","Joe Biden","woman","White","Hispanic, Latino, or Spanish origin","","","","","","","$60,001-$80,000","PHD","Pennsylvania","Bucks"
738843,"0","100","441","1","1","25","10","10","5","10","10","20","10","30","80","57","100","21","57","84","84","30","10","10","10","10","5","15","10","1","6","6","2","5","2","2","3","1","3","6","6","5","6","3","2","2","6","1","4","3","7","3","1","6","2","6","6","6","1","6","2","5","4","3","1","3","1","5","1","4","3","2","1","2","3","1","2","3","4","3","0","","1","2","3","4","5","6","62","","","","2","1","1","2","2","1","3","6","5","2","1","4","1","8","6","10","9","5","2","3","4","7","8","2","7","3","4","1","6","5","9","5","10","11","6","2","7","9","3","4","8","1","Independent","I did not vote","Jill Stein","man","White","","","","","","","","$180,001-$200,000","4yearColl","New Jersey","Middlesex"
588108,"0","100","777","1","1","10","17","26","12","17","5","10","3","44","49","45","38","43","30","50","30","10","13","18","12","17","11","11","8","4","5","5","3","5","5","2","5","1","4","6","6","5","5","6","1","6","7","6","6","7","7","2","2","6","1","6","6","5","2","7","3","3","6","1","1","1","1","1","5","2","3","4","2","1","3","2","1","3","4","5","1","","1","2","3","4","5","6","72","","","","2","1","2","1","1","2","6","2","4","5","1","3","1","8","10","6","7","5","3","4","2","9","7","9","8","2","4","1","5","6","3","9","2","7","10","6","11","4","5","3","8","1","Independent","Donald Trump","Donald Trump","woman","White","","","","","","","","$40,001-$60,000","2yearColl","Rhode Island","Kent"
101885,"0","100","335","1","1","23","0","39","0","0","7","0","31","60","30","46","32","29","34","47","21","25","6","0","0","10","29","5","25","5","4","4","4","5","4","4","4","4","4","3","4","3","4","4","3","5","5","4","4","6","6","4","4","5","4","5","5","5","3","5","5","4","2","4","4","3","","5","4","3","2","1","1","2","3","2","1","3","4","5","1","","1","2","3","4","5","6","33","","","","2","1","2","1","2","1","3","2","6","4","1","5","1","9","10","7","5","8","2","3","4","6","7","6","5","4","8","1","2","3","9","10","4","2","6","9","7","3","5","11","8","1","Democrat","Joe Biden","Joe Biden","woman","","Hispanic, Latino, or Spanish origin","","","","","","","$160,001-$180,000","4yearColl","Connecticut","Fairfield"
325337,"0","100","504","1","1","30","2","25","6","10","5","20","2","75","35","80","85","50","85","90","45","20","30","0","0","30","0","0","20","7","7","6","1","5","2","2","2","1","6","1","2","1","2","1","1","7","7","1","1","7","7","7","1","7","1","5","1","6","1","7","1","5","5","1","1","1","1","3","4","2","5","1","2","1","3","1","2","3","4","5","1","","2","1","3","4","5","6","63","","","It was interesting to do.","2","1","1","2","2","1","2","4","3","5","1","6","1","6","10","5","9","8","3","2","4","7","2","5","3","9","8","1","4","7","6","8","2","10","7","5","3","9","11","6","4","1","Republican","Donald Trump","Robert F. Kennedy Jr.","woman","White","","","","","","","","$40,001-$60,000","4yearColl","California","San Diego"
999810,"0","100","679","1","1","7","9","17","3","13","6","22","23","81","62","92","18","75","41","60","20","15","17","22","5","16","3","18","4","4","4","6","3","5","5","5","5","4","6","6","7","5","6","4","1","7","7","5","6","7","7","5","3","7","3","5","5","6","3","5","2","5","","","","","","4","2","3","5","1","2","1","3","2","1","3","4","5","1","","1","2","3","4","5","6","60","","","","1","2","2","1","1","2","2","5","6","4","1","3","1","5","9","7","8","6","2","4","3","10","8","9","5","4","6","1","2","7","3","8","10","7","9","6","3","4","5","11","2","1","Democrat","Third-party candidate","Robert F. Kennedy Jr.","woman","","Hispanic, Latino, or Spanish origin","","","","","","","$20,001-$40,000","2yearColl","Texas","Maverick"
718355,"0","100","998","1","1","28","11","15","10","10","10","10","6","42","19","45","70","41","58","70","55","50","10","10","0","15","5","10","0","6","6","5","3","5","3","3","5","4","5","5","6","3","5","4","3","6","6","4","5","5","6","6","5","6","6","6","2","6","3","3","3","6","5","3","1","3","4","2","5","4","3","1","2","1","3","1","2","3","4","5","1","","1","2","3","4","5","6","31","","","","1","2","1","2","2","1","5","2","6","3","1","4","1","9","10","6","5","8","4","2","3","7","6","5","3","2","9","1","4","8","7","11","3","6","9","2","7","10","5","4","8","1","Republican","Joe Biden","Robert F. Kennedy Jr.","woman","White","Hispanic, Latino, or Spanish origin","","","","","","","$120,001-$140,000","2yearColl","Arizona","Maricopa"
407343,"0","100","272","1","1","49","0","51","0","0","0","0","0","30","41","53","7","28","49","82","38","51","0","49","0","0","0","0","0","6","4","4","2","5","3","2","5","2","3","2","4","4","2","7","7","1","1","7","7","1","1","2","4","6","2","6","6","6","2","6","2","2","7","1","1","1","1","3","2","5","1","4","1","2","3","1","2","3","4","2","1","","1","2","3","4","5","6","67","","","","2","1","1","2","2","1","2","4","5","6","1","3","1","7","9","10","8","6","3","4","2","5","6","2","3","7","8","1","4","9","5","4","2","7","9","3","11","8","10","6","5","1","Republican","I did not vote","Donald Trump","man","White","","","","","","","","$140,001-$160,000","4yearColl","Oregon","Clackamas"
215056,"0","100","752","1","1","0","15","15","15","15","15","15","10","0","70","50","50","70","50","85","50","0","20","20","20","20","0","20","0","6","3","3","5","5","5","5","6","7","3","7","5","3","6","1","1","7","7","1","1","7","7","3","6","6","1","5","6","5","1","7","1","5","3","6","7","6","7","3","4","1","5","2","1","2","3","2","1","3","4","5","1","","1","2","3","4","5","6","66","","","","1","2","1","2","2","1","5","2","3","6","1","4","1","8","5","10","7","9","3","2","4","6","7","9","4","5","8","1","2","6","3","5","9","7","3","10","4","8","6","11","2","1","Democrat","I did not vote","Joe Biden","woman","White","","","","","","","","$20,001-$40,000","GED","Kansas","Shawnee"
997440,"0","100","722","1","1","26","13","12","0","14","11","0","24","20","21","53","57","16","17","","0","20","17","16","9","12","13","0","13","7","5","6","2","5","1","6","1","4","2","2","4","4","1","1","1","7","7","6","4","7","7","4","2","4","5","7","5","6","5","5","2","6","3","5","6","4","6","1","4","3","5","2","1","2","3","2","1","3","4","5","1","","1","2","3","4","5","6","74","","","","1","2","2","1","1","2","6","3","4","2","1","5","1","10","5","8","9","6","3","4","2","7","6","8","5","7","2","1","3","9","4","6","10","3","4","7","9","11","8","5","2","1","Democrat","Joe Biden","Joe Biden","man","White","","","","","","","","$40,001-$60,000","4yearColl","California","Lake"
680826,"0","100","550","1","1","25","25","25","0","25","0","0","0","5","1","20","33","2","2","50","1","20","20","20","0","20","0","0","20","7","6","6","3","5","5","6","2","3","2","1","4","1","3","1","1","7","7","1","1","7","7","6","2","6","2","6","5","6","2","6","2","5","1","4","7","1","1","5","3","2","1","4","2","1","3","1","2","3","4","5","1","","2","1","3","4","5","6","65","","","n/a","2","1","1","2","1","2","4","3","2","5","1","6","1","6","10","9","5","7","4","3","2","8","9","5","2","8","3","1","7","6","4","4","5","11","7","6","2","9","3","10","8","1","Democrat","Joe Biden","Joe Biden","man","White","","","","","","","","$20,001-$40,000","4yearColl","Oregon","Lane"
412023,"0","100","567","1","1","23","15","25","5","9","15","4","4","75","50","76","30","50","75","85","30","20","11","11","10","19","11","0","18","2","2","2","3","5","4","6","6","4","3","6","6","5","5","4","1","4","4","5","3","4","5","3","2","6","2","5","4","6","1","6","3","3","2","5","2","2","4","5","2","4","1","3","2","1","3","2","1","3","4","5","1","","1","2","3","4","5","6","61","","","","1","2","1","2","2","1","4","5","2","3","1","6","1","9","10","5","6","7","4","2","3","8","3","6","4","7","8","1","9","5","2","2","6","10","4","3","8","7","5","11","9","1","Democrat","Joe Biden","Joe Biden","woman","White","","","","","","","","$140,001-$160,000","MA","Virginia","Loudoun"
873749,"0","100","1984","1","1","15","20","20","5","20","5","5","10","70","70","70","70","50","60","81","50","15","20","15","10","20","10","5","5","5","5","5","4","5","5","5","5","5","5","5","5","5","5","5","4","6","5","4","3","5","5","4","5","5","4","5","5","5","3","5","2","5","5","3","3","3","4","1","5","4","3","2","2","1","3","1","2","3","4","5","1","","2","1","3","4","5","6","60","","","","2","1","2","1","2","1","3","4","2","6","1","5","1","9","8","6","10","5","4","3","2","7","5","3","7","9","2","1","8","6","4","4","2","3","5","7","8","11","6","10","9","1","Independent","Joe Biden","Joe Biden","man","White","","","","","","","","Over $200,000","4yearColl","California","Los Angeles"
682249,"0","100","536","1","1","15","5","25","10","15","15","10","5","45","70","65","90","40","50","90","40","15","12","15","5","20","16","5","12","6","5","5","4","5","3","3","4","1","4","2","4","1","3","3","3","7","4","4","4","5","7","1","4","5","1","6","7","4","1","6","1","3","4","4","1","2","1","5","4","1","2","3","2","1","3","1","2","3","4","5","1","Bernie Sanders","2","1","3","4","5","6","35","","","Good luck with your research","2","1","1","2","1","2","4","3","5","6","1","2","1","5","6","10","8","9","2","4","3","7","7","5","2","4","9","1","6","8","3","9","8","10","4","2","6","7","11","5","3","1","Independent","Donald Trump","Other","man","White","Hispanic, Latino, or Spanish origin","","","","","","","$40,001-$60,000","4yearColl","California","Los Angeles"
373158,"0","100","476","1","1","5","5","30","5","5","10","35","5","70","95","95","95","90","50","80","70","5","0","25","5","5","20","35","5","7","6","6","3","5","3","4","3","2","2","4","6","1","6","2","2","7","7","3","1","7","7","6","2","6","2","6","2","6","2","6","2","6","4","3","1","5","2","1","2","3","5","4","2","1","3","1","2","3","4","4","1","","2","1","3","4","5","6","34","","","","1","2","2","1","2","1","3","6","5","2","1","4","1","9","8","6","10","7","2","3","4","5","5","2","7","4","3","1","8","6","9","7","11","6","5","2","4","3","8","10","9","1","Independent","I did not vote","Donald Trump","man","White","Hispanic, Latino, or Spanish origin","","","","","","","$0-$20,000","GED","New York","New York"
691895,"0","100","377","1","1","40","10","30","0","10","5","5","0","40","20","10","90","10","90","40","100","20","0","30","0","40","5","5","0","5","6","6","1","5","2","1","3","1","2","5","5","4","3","6","6","2","2","7","7","1","4","2","6","6","6","3","6","5","2","2","6","5","7","1","1","4","1","5","2","4","3","1","1","2","3","1","2","3","4","1","0","","2","1","3","4","5","6","65","","","","1","2","1","2","1","2","3","2","5","4","1","6","1","10","9","6","8","5","3","4","2","7","5","3","9","8","2","1","7","4","6","8","9","10","11","5","6","4","2","7","3","1","Republican","Donald Trump","Donald Trump","woman","White","","","","","","","","$20,001-$40,000","GED","Minnesota","Washington"
271398,"0","100","507","1","1","48","9","17","0","17","6","1","2","40","22","34","5","41","30","59","20","33","10","14","0","28","5","0","10","6","3","2","5","5","3","5","2","6","6","5","5","3","6","3","1","5","5","4","3","6","5","4","5","6","4","5","5","5","3","5","3","2","2","6","5","3","5","4","1","5","2","3","2","1","3","2","1","3","4","5","1","","1","2","3","4","5","6","74","","","","2","1","2","1","2","1","6","4","2","5","1","3","1","5","9","10","6","8","4","3","2","7","3","8","6","9","7","1","4","2","5","4","6","2","8","11","3","7","9","5","10","1","Democrat","Joe Biden","Joe Biden","man","White","","","","","","","","$180,001-$200,000","PHD","Colorado","Weld"
775677,"0","100","341","1","1","5","27","27","6","15","20","0","0","71","69","85","67","45","90","11","23","3","29","43","14","0","11","0","0","4","5","5","5","5","3","3","3","2","6","5","7","3","6","4","4","5","2","4","4","5","5","3","5","6","5","6","5","6","2","6","1","6","4","3","2","2","5","2","3","4","5","1","2","1","3","1","2","3","4","2","1","","2","1","3","4","5","6","24","","","","1","2","1","2","2","1","2","5","6","3","1","4","1","7","8","10","6","9","4","2","3","5","6","7","3","8","2","1","9","5","4","9","5","2","7","3","4","11","6","8","10","1","Republican","Donald Trump","Donald Trump","man","White","","","","","","","","$100,001-$120,000","4yearColl","Iowa","Dubuque"
491376,"0","100","430","1","1","20","20","20","0","20","20","0","0","19","9","40","8","10","10","89","9","20","20","40","0","0","20","0","0","6","6","3","3","5","2","5","3","6","6","1","5","1","6","2","2","6","6","2","2","6","6","6","3","6","2","6","5","6","2","6","4","5","1","1","5","1","5","3","5","4","2","1","2","1","3","2","1","3","4","5","1","","2","1","3","4","5","6","28","","","","2","1","2","1","1","2","2","4","6","5","1","3","1","9","8","5","6","7","3","4","2","10","4","9","7","5","3","1","2","6","8","4","7","6","5","11","3","8","2","9","10","1","Democrat","Joe Biden","Joe Biden","man","","Hispanic, Latino, or Spanish origin","","","","","","","$60,001-$80,000","4yearColl","Florida","Miami-Dade"
922403,"0","100","641","1","1","20","10","20","10","11","15","3","11","50","10","11","51","16","17","92","14","20","20","20","0","20","0","0","20","7","7","7","1","5","1","1","1","2","2","2","3","1","1","1","1","7","7","1","1","7","7","1","1","6","1","6","7","6","1","6","1","7","1","5","6","1","7","2","4","3","5","1","2","1","3","2","1","3","4","5","1","","1","2","3","4","5","6","62","","","","2","1","1","2","2","1","3","2","5","4","1","6","1","10","6","9","8","7","3","4","2","5","4","8","7","3","6","1","5","9","2","5","11","7","8","6","10","3","9","4","2","1","Democrat","Joe Biden","Joe Biden","woman","White","","","","","","","","$0-$20,000","PHD","North Carolina","Moore"
500097,"0","100","287","1","1","30","30","14","1","7","14","4","0","77","62","73","90","71","76","54","39","34","0","0","0","0","66","0","0","2","2","3","5","5","6","6","6","5","5","7","7","6","6","4","4","4","4","4","5","4","4","7","1","7","4","7","1","6","4","7","1","5","5","4","1","3","5","1","4","5","3","2","1","2","3","2","1","3","4","5","1","","2","1","3","4","5","6","69","","","","1","2","1","2","2","1","2","4","6","5","1","3","1","8","10","6","9","7","4","2","3","5","2","3","6","4","5","1","8","9","7","5","3","2","10","8","6","11","4","7","9","1","Republican","Donald Trump","Donald Trump","woman","White","","","","","","","","$40,001-$60,000","2yearColl","Washington","Mason"
706834,"0","100","718","1","1","18","9","18","14","11","9","13","8","45","20","30","40","60","60","67","45","17","15","10","12","15","11","10","10","5","5","5","2","5","1","2","5","2","6","6","6","4","3","7","7","7","2","5","5","5","7","2","6","7","6","6","6","7","1","6","3","7","3","3","3","","4","5","1","4","3","2","1","2","3","2","1","3","4","1","0","","2","1","3","4","5","6","27","","","N/A","2","1","2","1","1","2","6","2","3","4","1","5","1","7","6","9","10","8","3","4","2","5","2","3","8","7","6","1","5","4","9","7","3","2","5","8","9","4","11","10","6","1","Independent","I did not vote","Donald Trump","woman","White","Hispanic, Latino, or Spanish origin","","","","","","","$100,001-$120,000","4yearColl","Texas","Bexar"
818027,"0","100","492","1","1","20","25","20","10","9","10","4","2","70","75","60","75","50","85","40","55","25","20","20","10","9","10","5","1","5","5","5","3","5","3","3","3","4","4","4","3","2","4","5","4","3","4","6","6","4","4","4","2","7","4","4","5","5","3","5","2","2","5","2","","","1","1","2","4","5","3","2","1","3","1","2","3","4","3","1","","1","2","3","4","5","6","36","","","","2","1","2","1","2","1","6","3","2","5","1","4","1","8","10","9","7","6","4","2","3","5","8","3","4","9","5","1","6","2","7","10","3","5","11","4","8","9","6","2","7","1","Republican","Donald Trump","Donald Trump","woman","","Hispanic, Latino, or Spanish origin","","","","","","","$20,001-$40,000","4yearColl","California","San Bernardino"
597841,"0","100","607","1","1","30","0","10","5","10","10","35","0","70","70","60","60","50","50","75","50","19","0","18","0","18","5","40","0","5","6","6","2","5","2","5","6","1","3","6","6","3","3","6","1","1","4","7","7","3","7","3","3","6","3","6","6","4","1","6","3","1","5","1","1","6","1","1","4","5","2","3","1","2","3","2","1","3","4","5","1","","2","1","3","4","5","6","69","","","","1","2","1","2","1","2","2","3","4","5","1","6","1","10","8","6","9","7","3","2","4","5","8","9","4","2","3","1","5","6","7","6","8","3","10","7","4","2","5","11","9","1","Republican","Donald Trump","Donald Trump","man","White","","","","","","","","$100,001-$120,000","2yearColl","Georgia","Jackson"
477042,"0","100","1134","1","1","12","3","19","6","18","14","22","6","22","61","71","34","49","41","68","21","19","9","20","10","15","6","14","7","6","6","7","2","5","2","1","2","1","1","5","5","2","1","5","2","5","3","7","6","3","4","3","2","5","3","6","6","6","6","6","1","5","7","2","1","3","1","4","1","5","3","2","2","1","3","2","1","3","4","5","1","","1","2","3","4","5","6","75","","","I don't have a degree per say, however as a lifelong learner, I'm not going to click High school!","1","2","1","2","1","2","2","5","4","6","1","3","1","7","9","5","8","6","3","2","4","10","4","9","6","7","2","1","3","8","5","9","10","6","11","4","3","5","8","2","7","1","Republican","Donald Trump","Donald Trump","man","White","","","","","","","","$40,001-$60,000","2yearColl","Florida","Pinellas"
196956,"0","100","302","1","1","15","20","15","15","10","10","0","15","65","60","60","40","25","45","65","45","15","20","15","20","10","10","0","10","6","5","5","2","5","3","2","3","3","3","2","2","3","4","3","1","6","6","3","2","5","7","1","5","4","6","5","7","6","5","3","6","7","1","5","5","1","6","5","2","1","3","4","2","1","3","1","2","3","4","4","1","","1","2","3","4","5","6","18","","","","1","2","1","2","2","1","2","4","5","6","1","3","1","10","8","7","9","5","3","2","4","6","2","8","4","7","3","1","5","9","6","6","4","11","8","3","10","2","7","9","5","1","Democrat","I did not vote","Joe Biden","woman","White","","","","","","","","$40,001-$60,000","GED","Pennsylvania","Monroe"
989080,"0","100","279","1","1","20","20","20","0","20","0","0","20","73","71","58","96","69","60","100","27","55","25","0","20","0","0","0","0","4","4","4","4","5","3","3","4","3","2","5","2","1","1","1","1","7","7","1","1","7","7","2","4","4","3","5","4","5","2","5","1","6","1","1","6","","6","4","1","2","5","3","2","1","3","1","2","3","4","1","0","","2","1","3","4","5","6","32","","","","1","2","1","2","1","2","6","2","4","5","1","3","1","9","8","5","6","7","2","3","4","10","9","3","5","6","8","1","2","4","7","5","8","11","3","10","7","4","6","9","2","1","Independent","I did not vote","Joe Biden","man","","Hispanic, Latino, or Spanish origin","","","","","","","$40,001-$60,000","GED","Nevada","Clark"
170289,"0","100","295","1","1","19","13","7","13","20","11","3","14","51","33","35","22","94","9","65","22","4","27","8","6","27","3","0","25","6","6","5","3","5","1","6","1","2","5","2","5","2","4","1","1","7","7","1","1","7","7","3","2","3","2","7","7","6","5","5","1","6","1","4","4","1","4","4","3","2","5","1","1","2","3","1","2","3","4","5","1","","2","1","3","4","5","6","60","","Human","","2","1","1","2","2","1","3","5","6","4","1","2","1","6","8","10","7","9","4","2","3","5","7","2","8","5","6","1","4","3","9","10","7","11","8","9","4","5","6","3","2","1","Democrat","Joe Biden","Joe Biden","woman","","","","","","","","Other (please specify)","Prefer not to answer","MA","Florida","Brevard"
406442,"0","100","423","1","1","0","5","0","91","0","0","4","0","0","0","0","100","0","0","41","0","18","20","5","2","15","20","0","20","7","7","5","1","5","1","1","1","1","1","1","1","1","1","1","1","7","7","7","1","7","7","1","5","3","6","2","7","5","5","3","5","7","7","7","7","7","7","5","2","3","4","1","1","2","3","2","1","3","4","1","0","","2","1","3","4","5","6","29","","","","1","2","2","1","1","2","6","5","3","4","1","2","1","6","5","8","9","7","4","3","2","10","2","6","4","9","8","1","3","5","7","4","6","9","7","11","5","8","2","3","10","1","Independent","I did not vote","Other","man","White","Hispanic, Latino, or Spanish origin","","","","","","","$40,001-$60,000","GED","California","Los Angeles"
474178,"0","100","447","1","1","21","13","14","17","12","13","7","3","69","53","61","44","39","25","56","38","13","16","19","8","18","13","0","13","5","6","5","4","5","3","5","5","4","5","3","3","4","3","2","1","7","7","1","1","6","6","3","5","6","4","6","6","5","2","5","3","5","3","4","5","5","5","1","5","4","3","2","1","2","3","2","1","3","4","2","1","","2","1","3","4","5","6","38","","","N/A","1","2","2","1","2","1","6","2","4","5","1","3","1","9","10","8","7","6","2","3","4","5","8","9","7","4","2","1","6","5","3","9","4","6","8","10","7","2","5","11","3","1","Democrat","I did not vote","Joe Biden","man","","Hispanic, Latino, or Spanish origin","","","","","","","Over $200,000","PHD","North Carolina","Wake"
825735,"0","100","437","1","1","41","10","23","10","0","8","0","8","41","41","38","37","36","36","86","35","15","20","20","10","20","5","0","10","6","5","3","3","5","3","5","4","4","6","2","5","3","7","1","1","7","7","1","1","7","7","2","5","7","1","7","7","5","3","7","1","3","1","7","4","1","7","2","4","5","1","3","1","2","3","1","2","3","4","5","1","","1","2","3","4","5","6","61","","","","2","1","1","2","1","2","3","4","2","6","1","5","1","9","5","7","6","8","3","2","4","10","6","8","3","2","4","1","5","9","7","6","7","11","10","5","2","8","4","9","3","1","Democrat","Joe Biden","Joe Biden","man","White","","","","","","","","$140,001-$160,000","MA","Missouri","St. Louis"
170713,"0","100","569","1","1","20","4","6","0","40","0","30","0","18","19","10","4","4","2","80","2","50","0","50","0","0","0","0","0","5","7","7","3","5","2","3","2","1","4","6","7","4","6","4","3","5","6","6","4","4","6","1","3","6","5","5","7","7","3","5","3","4","4","4","1","","1","2","5","3","1","4","2","1","3","2","1","3","4","5","1","","1","2","3","4","5","6","74","","","","1","2","2","1","1","2","2","5","6","3","1","4","1","7","10","5","8","9","2","3","4","6","5","3","4","9","6","1","2","8","7","7","9","3","10","8","2","6","4","11","5","1","Democrat","Joe Biden","Robert F. Kennedy Jr.","woman","White","","","","","","","","$60,001-$80,000","2yearColl","Nevada","Clark"
258753,"0","100","588","1","1","5","5","10","50","5","10","10","5","19","20","19","52","16","32","53","16","20","20","10","5","20","0","5","20","7","7","5","1","3","2","2","2","1","4","1","1","1","2","1","1","7","7","1","1","7","7","4","5","5","3","5","5","5","3","5","4","7","1","1","7","1","7","4","5","1","3","2","2","1","3","2","1","3","4","1","0","","1","2","3","4","5","6","35","","","","2","1","2","1","2","1","2","6","5","4","1","3","1","5","10","7","9","6","2","3","4","8","5","8","9","4","2","1","6","3","7","4","3","6","5","7","2","10","8","9","11","1","Democrat","I did not vote","Jill Stein","woman","","Hispanic, Latino, or Spanish origin","","","","","","","$60,001-$80,000","GED","California","San Bernardino"
520258,"0","100","592","1","1","25","20","20","20","5","0","10","0","60","30","70","100","20","10","100","90","8","20","18","14","20","15","0","5","7","6","4","1","5","2","2","5","4","1","1","7","3","4","6","1","6","4","5","7","4","7","3","6","5","2","7","5","3","5","7","3","6","5","1","1","","","3","5","4","1","2","1","2","3","2","1","3","4","1","0","","2","1","3","4","5","6","18","","","no","1","2","1","2","1","2","2","6","5","3","1","4","1","7","6","9","8","5","4","3","2","10","6","4","5","3","2","1","9","8","7","2","9","8","11","7","3","5","10","6","4","1","Republican","I did not vote","Donald Trump","man","","Hispanic, Latino, or Spanish origin","","","","","","","$120,001-$140,000","GED","Florida","Miami-Dade"
969281,"0","100","368","1","1","40","29","9","2","10","7","1","2","44","16","31","13","4","3","100","3","30","30","9","9","10","6","0","6","7","6","6","3","5","2","6","1","3","7","1","4","5","2","1","1","7","7","1","1","7","7","5","2","7","2","7","5","7","2","6","1","7","1","7","7","1","7","4","2","3","5","1","2","1","3","2","1","3","4","5","1","","2","1","3","4","5","6","62","","","","1","2","1","2","2","1","6","5","2","3","1","4","1","10","5","6","7","9","2","3","4","8","9","4","3","7","6","1","5","2","8","2","11","9","4","3","10","5","6","8","7","1","Democrat","Joe Biden","Joe Biden","woman","White","","","","","","","","$60,001-$80,000","2yearColl","Utah","Salt Lake"
477576,"0","100","534","1","1","24","20","24","4","0","9","19","0","74","21","30","81","48","60","96","24","23","30","7","6","0","21","0","13","7","6","6","2","5","2","2","3","2","4","2","4","1","4","2","2","7","7","6","4","7","7","1","1","5","5","5","6","5","4","6","2","7","1","4","5","1","4","4","5","2","1","3","2","1","3","2","1","3","4","5","1","","1","2","3","4","5","6","44","","",NA,"1","2","1","2","1","2","5","6","3","4","1","2","1","6","9","10","5","7","4","3","2","8","6","8","4","9","3","1","2","5","7","7","9","2","4","5","3","8","6","11","10","1","Democrat","Joe Biden","Joe Biden","woman","White","Hispanic, Latino, or Spanish origin","","","","","","","$20,001-$40,000","4yearColl","Colorado","Larimer"
550377,"0","100","841","1","1","15","16","23","6","15","12","8","5","9","8","72","45","39","73","89","31","8","18","25","10","22","10","0","7","6","5","5","2","5","2","3","5","4","5","3","4","4","3","1","1","7","7","2","1","7","7","4","3","6","2","5","5","7","2","6","4","6","","","","","","1","2","4","3","5","1","2","3","2","1","3","4","5","1","Not sure yet","1","2","3","4","5","6","42","","","","2","1","2","1","1","2","6","2","5","4","1","3","1","6","10","9","7","5","4","2","3","8","8","7","6","4","2","1","5","3","9","6","7","5","9","4","10","8","2","11","3","1","Democrat","Joe Biden","Other","woman","White","Hispanic, Latino, or Spanish origin","","","","","","","$80,001-$100,000","GED","Texas","Ellis"
820780,"0","100","669","1","1","20","20","5","10","25","5","5","10","10","0","5","5","10","5","5","0","10","5","20","20","20","20","0","5","7","7","7","2","5","1","1","1","1","4","1","1","1","1","1","1","7","7","1","1","7","7","3","2","5","7","6","5","5","1","2","1","7","1","3","5","1","5","4","3","2","1","5","1","2","3","2","1","3","4","5","1","","2","1","3","4","5","6","60","","","Very interesting format...difficult to choose!","1","2","2","1","2","1","3","6","4","2","1","5","1","10","7","5","9","8","3","4","2","6","4","9","7","2","3","1","5","6","8","5","7","6","4","10","2","3","11","8","9","1","Independent","Joe Biden","Joe Biden","woman","White","","","","","","","","$20,001-$40,000","GED","Hawaii","Hawaii"
504217,"0","100","568","1","1","19","16","16","18","9","9","9","4","70","60","85","30","40","47","89","39","20","15","15","14","15","12","0","9","5","4","3","5","5","5","5","5","6","6","6","6","5","6","1","1","7","7","1","1","7","7","4","1","7","5","5","4","5","1","5","4","5","1","6","7","","4","1","5","3","4","2","1","2","3","2","1","3","4","5","1","","2","1","3","4","5","6","63","","","","1","2","1","2","1","2","4","6","2","5","1","3","1","7","5","8","9","10","4","2","3","6","4","7","2","9","5","1","6","8","3","6","7","4","2","8","10","5","11","9","3","1","Democrat","Joe Biden","Joe Biden","woman","White","","","","","","","","$80,001-$100,000","GED","New York","Kings"
813265,"0","100","93","1","1","36","6","22","11","9","8","4","4","92","49","25","43","68","57","42","74","10","6","7","8","9","17","10","33","5","5","2","3","5","3","6","5","5","3","5","3","3","5","3","2","5","4","6","5","3","3","5","3","4","5","3","4","4","5","4","5","5","3","3","5","3","4","3","5","2","1","4","1","2","3","2","1","3","4","3","1","","2","1","3","4","5","6","18","","","","2","1","1","2","2","1","4","3","5","2","1","6","1","5","8","7","9","6","4","2","3","10","2","9","5","7","8","1","3","6","4","7","9","4","2","5","6","10","11","8","3","1","Independent","I did not vote","Donald Trump","man","White","","","","","","","","Prefer not to answer",NA,"New Hampshire","Hillsborough"
881454,"0","100","136","1","1","34","38","0","0","0","28","0","0","22","43","22","0","45","54","67","70","100","0","0","0","0","0","0","0","4","5","4","3","5","4","4","5","3","3","5","4","4","5","4","5","4","6","5","5","2","4","2","5","6","6","5","5","6","4","5","4","4","7","4","3","4","4","1","3","5","2","4","2","1","3","1","2","3","4","2","0","","1","2","3","4","5","6","28","","","","1","2","2","1","2","1","3","5","2","4","1","6","1","10","9","6","5","7","3","2","4","8","6","7","8","3","2","1","5","9","4","11","3","7","9","8","5","4","6","10","2","1","Democrat","Joe Biden","Donald Trump","man","White","","","","","","","","$0-$20,000","GED","Florida","Duval"
341763,"0","100","139","1","1","0","0","34","0","0","30","20","16","41","41","78","38","48","60","22","64","38","0","35","0","27","0","0","0","5","3","4","3","5","3","4","5","5","5","4","4","3","4","4","3","6","4","5","3","5","4","4","5","5","5","4","3","4","2","5","4","5","5","1","2","2","5","4","2","3","1","5","2","1","3","2","1","3","4","4","1","","1","2","3","4","5","6","28","","","","2","1","1","2","2","1","5","6","3","2","1","4","1","9","5","8","6","7","2","4","3","10","6","3","9","5","8","1","2","4","7","3","6","9","10","7","8","5","4","2","11","1","Republican","Donald Trump","Donald Trump","man","White","","","","","","","","$120,001-$140,000","2yearColl","California","San Luis Obispo"
179152,"0","100","235","1","1","50","20","20","0","10","0","0","0","80","50","90","50","40","51","90","20","50","50","0","0","0","0","0","0","7","7","7","2","5","5","5","2","6","7","2","6","4","6","1","1","7","7","1","1","7","7","5","3","6","6","6","5","7","1","6","2","6","1","7","","","","2","1","3","4","5","1","2","3","2","1","3","4","5","1","","2","1","3","4","5","6","21","","","","2","1","1","2","2","1","6","4","3","2","1","5","1","7","9","5","8","10","4","2","3","6","8","6","2","4","9","1","3","5","7","7","5","6","10","11","8","3","4","2","9","1","Democrat","Joe Biden","Joe Biden","woman","White","","","","","","","","$100,001-$120,000","4yearColl","Rhode Island","Kent"
766619,"0","100","187","1","1","40","10","10","5","10","10","0","15","60","10","10","50","10","40","100","5","40","10","10","5","15","10","0","10","7","6","7","5","5","5","6","2","6","7","1","2","6","6","1","1","7","7","1","1","7","7","5","1","5","1","7","3","6","1","6","3","5","1","5","7","1","6","3","4","1","2","5","1","2","3","2","1","3","4","5","1","","2","1","3","4","5","6","36","","","","1","2","1","2","1","2","2","3","6","4","1","5","1","10","8","7","6","5","3","4","2","9","7","8","4","3","6","1","2","5","9","7","4","3","5","11","6","8","9","10","2","1","Democrat","Joe Biden","Joe Biden","man","White","","","","","","","","$140,001-$160,000","PHD","New York","Broome"
786484,"0","100","213","1","1","31","31","30","0","4","1","3","0","71","23","72","72","17","1","76","1","19","19","20","11","10","11","0","10","7","6","6","2","5","2","2","2","2","4","1","1","1","2","3","1","6","6","3","3","6","6","3","3","6","3","5","4","4","3","5","3","7","1","6","5","5","6","2","1","5","4","3","2","1","3","1","2","3","4","5","1","","2","1","3","4","5","6","36","","","","1","2","2","1","2","1","2","6","3","5","1","4","1","8","9","7","6","5","3","4","2","10","4","6","8","9","5","1","7","3","2","6","10","8","11","2","5","9","7","4","3","1","Democrat","Joe Biden","Joe Biden","woman","White","","","","","","","","Over $200,000","PHD","Ohio","Union"
584579,"0","100","277","1","1","26","21","21","6","11","7","2","6","74","43","63","85","46","53","90","36","20","20","20","5","5","15","0","15","7","6","3","2","5","2","4","2","4","6","1","5","3","6","1","1","7","7","2","1","7","7","2","1","5","3","6","5","5","6","5","2","3","2","6","","2","7","2","3","1","4","5","1","2","3","1","2","3","4","5","1","","2","1","3","4","5","6","52","","","","1","2","2","1","1","2","6","3","4","5","1","2","1","10","6","5","8","7","4","3","2","9","4","8","3","9","5","1","7","6","2","9","10","7","4","3","11","8","6","2","5","1","Democrat","Joe Biden","Joe Biden","man","White","","","","","","","","Over $200,000","GED","New Jersey","Passaic"
394965,"0","100","298","1","1","1","31","1","26","5","10","1","25","0","0","0","100","0","90","0","0","20","0","20","10","20","15","14","1","1","7","7","1","5","2","1","6","2","2","7","6","2","6","4","1","4","7","7","7","1","1","1","1","7","3","1","6","7","1","7","3","2","7","1","1","1","1","3","2","4","1","5","1","2","3","1","2","3","4","5","1","","2","1","3","4","5","6","35","","","","1","2","2","1","2","1","6","4","5","3","1","2","1","10","8","5","7","9","4","3","2","6","9","2","4","5","6","1","8","3","7","11","2","8","6","10","9","3","7","4","5","1","Republican","Donald Trump","Donald Trump","woman","White","","","","","","","","$40,001-$60,000","4yearColl","North Carolina","Ashe"
116190,"0","100","296","1","1","25","8","20","5","13","21","4","4","80","10","25","30","35","60","50","45","17","24","36","7","5","11","0","0","6","4","2","4","5","3","3","3","4","6","6","6","2","6","2","2","5","7","2","2","5","5","7","1","6","5","5","1","7","1","6","1","5","1","4","2","3","1","4","1","5","2","3","2","1","3","2","1","3","4","4","0","","1","2","3","4","5","6","48","","","","2","1","1","2","1","2","5","6","2","3","1","4","1","5","6","8","9","10","4","3","2","7","8","3","6","4","5","1","2","7","9","5","2","3","11","7","4","9","10","8","6","1","Democrat","Donald Trump","Robert F. Kennedy Jr.","woman","White","","","","","","","","$100,001-$120,000","GED","Massachusetts","Plymouth"
289779,"0","100","288","1","1","26","16","21","0","3","18","8","8","61","39","31","68","47","27","52","20","21","17","19","1","16","9","8","9","5","4","6","5","5","6","6","6","4","6","7","7","5","6","4","1","6","7","6","6","3","5","1","2","7","3","5","7","7","1","6","6","3","7","1","1","1","1","1","3","5","4","2","2","1","3","2","1","3","4","5","1","","1","2","3","4","5","6","39","","","","2","1","2","1","2","1","2","5","3","6","1","4","1","10","5","8","7","9","3","4","2","6","2","8","6","4","5","1","9","7","3","6","5","10","4","11","8","3","7","9","2","1","Republican","Donald Trump","Donald Trump","woman","White","","","","","","","","$60,001-$80,000","GED","Kansas","Osage"
539805,"0","100","308","1","1","15","10","10","15","15","15","10","10","70","55","55","60","65","60","100","55","70","0","26","0","0","0","0","4","5","3","3","6","5","6","6","6","6","6","5","6","5","6","3","2","6","6","3","3","5","6","5","2","6","5","5","3","6","2","5","2","3","","","","","","5","1","4","2","3","2","1","3","1","2","3","4","5","1","","1","2","3","4","5","6","31","","","","2","1","2","1","2","1","5","6","3","2","1","4","1","7","10","8","9","5","2","3","4","6","5","6","9","8","3","1","7","4","2","7","3","6","11","2","9","5","10","4","8","1","Democrat","Joe Biden","Joe Biden","woman","White","","","","","","","","$80,001-$100,000","MA","Illinois","Cook"
287001,"0","100","337","1","1","23","16","26","5","11","6","4","9","74","76","79","68","77","53","66","58","22","18","15","6","13","15","2","9","6","6","6","2","5","2","2","2","1","3","3","4","2","2","2","2","6","7","2","2","7","7","2","2","6","5","3","6","6","2","5","5","5","5","1","1","3","1","5","3","1","2","4","2","1","3","1","2","3","4","5","1","","2","1","3","4","5","6","32","","","Thanks.","1","2","1","2","1","2","2","4","3","6","1","5","1","9","10","6","7","8","2","4","3","5","2","4","3","8","5","1","9","7","6","9","3","5","10","6","7","2","11","4","8","1","Republican","Donald Trump","Donald Trump","man","White","","","","","","","","$40,001-$60,000","GED","North Carolina","Brunswick"
422945,"0","100","242","1","1","12","2","20","26","9","24","1","6","30","32","45","68","51","63","58","51","17","16","9","7","15","20","0","16","6","6","3","5","5","1","4","2","5","4","3","4","4","5","1","1","7","6","6","1","7","7","7","3","6","3","6","4","6","3","6","5","4","1","5","4","1","5","1","5","3","2","4","1","2","3","1","2","3","4","5","1","","1","2","3","4","5","6","38","","","","1","2","1","2","1","2","4","6","3","2","1","5","1","8","9","10","5","6","2","4","3","7","4","5","3","9","2","1","6","7","8","8","6","4","7","10","5","11","3","9","2","1","Democrat","Joe Biden","Joe Biden","man","White","","","","","","","","Over $200,000","PHD","New York","New York"
114800,"0","100","883","1","1","20","18","18","2","18","18","6","0","50","80","80","90","60","70","90","75","18","18","18","7","18","18","3","0","4","6","6","3","5","1","1","5","5","5","6","7","5","6","2","1","7","7","6","6","4","7","1","1","6","5","3","7","7","2","6","4","3","7","1","1","4","3","1","5","4","2","3","1","2","3","1","2","3","4","5","1","","2","1","3","4","5","6","63","","","","2","1","1","2","1","2","5","2","3","4","1","6","1","9","8","7","10","5","2","4","3","6","9","4","3","6","7","1","2","5","8","2","5","9","11","6","3","8","10","7","4","1","Republican","Donald Trump","Donald Trump","woman","White","","","","","","","","$60,001-$80,000","MA","North Carolina","Guilford"
170170,"0","100","332","1","1","30","5","50","2","5","2","5","1","20","10","80","60","60","30","95","5","10","20","30","5","20","15","0","0","6","6","3","1","5","5","2","5","1","1","3","1","5","2","2","2","7","6","6","4","5","5","3","5","6","2","5","6","3","2","6","6","5","1","5","1","5","3","4","2","5","3","1","2","1","3","2","1","3","4","4","1","","1","2","3","4","5","6","33","","","","2","1","2","1","2","1","3","4","6","2","1","5","1","6","10","7","5","9","3","2","4","8","6","3","9","5","2","1","4","7","8","9","10","5","8","6","11","7","4","3","2","1","Independent","Joe Biden","Joe Biden","man","White","","","","","","","","$60,001-$80,000","4yearColl","North Carolina","Wake"
415320,"0","100","373","1","1","14","14","14","8","14","14","8","14","70","50","56","46","53","79","84","48","14","17","16","10","15","12","5","11","5","3","5","4","5","5","6","4","4","5","3","4","2","3","3","1","6","6","3","3","6","6","5","3","6","3","5","3","5","2","5","3","3","2","3","7","2","4","3","5","1","2","4","1","2","3","2","1","3","4","5","1","","1","2","3","4","5","6","55","","","thanks","1","2","1","2","2","1","4","6","2","3","1","5","1","10","8","6","7","5","4","2","3","9","2","3","9","7","4","1","5","8","6","5","10","2","4","3","9","7","11","8","6","1","Democrat","Joe Biden","Joe Biden","man","White","","","","","","","","$60,001-$80,000","4yearColl","Ohio","Lucas"
663669,"0","100","345","1","1","30","10","23","15","10","6","2","4","70","60","80","60","70","80","60","51","40","10","20","10","10","5","2","3","3","3","3","4","5","3","3","5","3","5","6","6","4","6","4","4","4","3","6","6","2","2","5","2","6","2","5","4","5","2","5","4","5","6","1","1","6","3","1","5","2","4","3","1","2","3","1","2","3","4","5","1","","1","2","3","4","5","6","57","","","Thanks!","1","2","2","1","2","1","2","4","5","3","1","6","1","9","7","10","5","8","4","3","2","6","8","2","3","9","5","1","7","4","6","7","5","4","10","9","8","3","2","6","11","1","Republican","Donald Trump","Donald Trump","man","White","","","","","","","","$120,001-$140,000","4yearColl","Texas","Parker"
985769,"0","100","347","1","1","20","17","23","4","17","12","2","5","60","55","75","80","35","90","99","20","20","20","20","5","20","5","1","9","7","5","5","2","5","2","3","2","2","4","2","4","1","3","1","1","7","7","7","1","7","7","1","1","6","7","5","7","6","4","5","1","4","1","4","2","2","1","4","2","1","3","5","2","1","3","1","2","3","4","5","1","","1","2","3","4","5","6","32","","","","2","1","2","1","1","2","3","2","4","5","1","6","1","6","5","9","10","7","2","4","3","8","3","6","4","7","2","1","9","5","8","8","7","4","9","5","3","2","6","10","11","1","Democrat","Joe Biden","Joe Biden","man","White","","","","","","","","$140,001-$160,000","MA","New York","Nassau"
587730,"0","100","365","1","1","25","8","14","5","10","18","10","10","15","5","10","25","15","5","35","5","19","16","10","10","12","15","3","15","7","7","6","1","5","1","3","3","2","3","1","1","1","1","1","1","7","7","1","1","7","7","1","2","6","7","5","7","6","1","3","1","6","1","4","7","4","6","5","3","1","2","4","2","1","3","1","2","3","4","1","0","","2","1","3","4","5","6","32","","","Thank you for the study, I am willing to participate in future studies.","2","1","1","2","2","1","2","5","3","6","1","4","1","8","10","5","9","7","3","2","4","6","6","3","2","5","9","1","7","8","4","3","9","7","5","4","2","8","10","11","6","1","Democrat","Joe Biden","Joe Biden","man","White","","","","","","","","$20,001-$40,000","2yearColl","Georgia","Pierce"
148834,"0","100","315","1","1","22","23","21","10","5","5","1","13","45","34","37","46","31","25","75","30","17","16","15","15","5","15","2","15","7","6","7","5","5","6","6","6","6","6","1","2","4","7","1","1","7","7","1","1","7","7","2","2","6","4","6","7","7","5","6","3","7","1","5","7","4","6","4","2","1","3","5","2","1","3","2","1","3","4","5","1","","1","2","3","4","5","6","37","","","","2","1","1","2","1","2","6","3","2","4","1","5","1","9","10","8","7","6","3","2","4","5","5","9","3","2","7","1","4","6","8","2","10","9","5","6","11","3","7","8","4","1","Democrat","Joe Biden","Joe Biden","woman","White","","","","","","","","$60,001-$80,000","GED","Nebraska","Lancaster"
900011,"0","100","383","1","1","33","33","34","0","0","0","0","0","45","32","30","0","30","0","100","30","25","25","25","0","25","0","0","0","7","7","4","4","5","2","2","2","3","5","1","2","1","2","1","1","7","7","2","1","7","7","5","5","6","3","7","2","6","2","5","3","5","1","5","3","1","6","2","4","1","5","3","2","1","3","1","2","3","4","5","1","","2","1","3","4","5","6","46","","","N/A","2","1","1","2","1","2","6","4","2","3","1","5","1","10","5","6","7","8","3","2","4","9","4","3","8","7","5","1","9","6","2","3","10","8","7","2","5","6","9","11","4","1","Democrat","Joe Biden","Joe Biden","woman","White","","","","","","","","$80,001-$100,000","MA","Indiana","Allen"
332327,"0","100","272","1","1","60","0","10","0","15","15","0","0","0","0","20","1","35","1","90","1","15","30","15","0","0","10","0","30","7","7","5","1","5","1","1","1","2","3","1","4","1","1","1","1","7","7","2","1","7","7","1","6","4","7","4","7","5","5","2","7","7","1","7","7","2","6","1","5","3","4","2","2","1","3","1","2","3","4","4","1","","2","1","3","4","5","6","39","","","","2","1","1","2","1","2","6","2","4","5","1","3","1","6","9","5","8","7","3","2","4","10","2","5","4","3","6","1","9","8","7","2","5","8","11","10","9","6","4","7","3","1","Democrat","Joe Biden","Joe Biden","woman","White","","","","","","","","$40,001-$60,000","GED","North Carolina","Gaston"
884245,"0","100","377","1","1","10","5","7","10","20","10","30","8","24","5","6","11","26","10","54","6","15","15","15","15","15","15","0","10","7","6","4","2","5","4","4","4","3","3","3","3","1","2","2","1","7","7","3","2","7","7","4","3","5","5","5","4","4","3","4","2","6","3","5","5","3","4","2","1","5","3","4","1","2","3","1","2","3","4","4","1","","2","1","3","4","5","6","41","","","","1","2","2","1","2","1","6","2","5","3","1","4","1","6","10","9","7","8","3","2","4","5","3","7","6","5","9","1","8","2","4","6","11","7","4","3","2","5","9","8","10","1","Democrat","Joe Biden","Other","woman","White","","","","","","","","$40,001-$60,000","4yearColl","Virginia","Chesapeake"
883269,"0","100","382","1","1","20","20","20","5","10","10","10","5","40","30","45","30","30","30","40","15","15","15","25","5","10","10","10","10","7","6","5","3","5","3","3","3","1","4","4","4","2","5","4","1","7","7","4","1","7","7","2","4","5","5","6","6","6","5","3","2","6","3","5","3","4","5","4","2","1","3","5","2","1","3","1","2","3","4","2","1","Bernie Sanders","2","1","3","4","5","6","32","","","","2","1","1","2","2","1","5","6","2","3","1","4","1","10","5","6","9","8","4","2","3","7","8","5","3","6","9","1","7","4","2","6","4","9","2","7","5","11","8","10","3","1","Independent","I did not vote","Other","man","White","","","","","","","","$20,001-$40,000","2yearColl","New York","Queens"
593095,"0","100","393","1","1","3","1","2","50","2","15","25","2","10","4","11","72","6","9","39","4","15","25","15","0","15","15","0","15","7","7","7","2","5","1","1","1","2","5","1","2","1","5","1","1","7","6","2","1","7","7","1","2","5","5","5","7","6","3","3","2","7","1","3","6","1","6","5","3","1","2","4","1","2","3","1","2","3","4","1","0","","1","2","3","4","5","6","38","","","","1","2","1","2","2","1","2","3","6","4","1","5","1","10","6","5","8","7","4","3","2","9","5","7","6","2","3","1","8","4","9","10","5","11","9","2","4","8","3","7","6","1","Democrat","I did not vote","Joe Biden","man","White","","","","","","","","$20,001-$40,000","4yearColl","Georgia","DeKalb"
743532,"0","100","396","1","1","10","10","30","10","10","10","10","10","48","14","61","59","33","45","50","20","20","20","20","5","9","12","12","2","5","5","6","3","5","3","3","5","1","3","5","5","1","3","4","3","5","6","3","4","5","5","3","3","5","3","5","5","6","3","6","5","5","4","3","1","4","3","3","1","5","4","2","2","1","3","2","1","3","4","5","1","","1","2","3","4","5","6","46","","","n/a","2","1","1","2","1","2","2","4","6","3","1","5","1","9","8","5","7","6","2","4","3","10","8","7","3","9","5","1","2","4","6","2","8","6","3","7","10","5","9","11","4","1","Republican","Donald Trump","Donald Trump","woman","White","","","","","","","","$60,001-$80,000","GED","Washington","King"
188345,"0","100","412","1","1","20","21","8","3","10","23","0","15","58","36","58","81","54","55","100","27","21","20","14","4","2","23","0","16","7","3","3","3","5","3","5","5","5","5","5","3","2","3","3","3","6","5","6","3","6","5","5","2","6","5","5","3","5","3","6","3","6","2","6","6","2","6","4","1","5","2","3","2","1","3","1","2","3","4","5","1","","2","1","3","4","5","6","46","","","","1","2","1","2","1","2","3","5","6","4","1","2","1","7","5","8","10","9","3","4","2","6","3","2","9","4","6","1","7","5","8","3","9","5","11","6","10","7","4","2","8","1","Democrat","Joe Biden","Joe Biden","woman","White","","","","","","","","Over $200,000","4yearColl","Ohio","Franklin"
533444,"0","100","243","1","1","16","16","16","10","16","16","0","10","78","73","69","67","73","72","75","76","17","17","17","11","17","17","0","4","6","5","5","3","5","6","6","6","5","5","3","4","3","3","1","1","7","7","1","1","7","7","5","2","3","5","6","3","7","2","5","2","5","2","5","5","4","5","2","3","1","5","4","1","2","3","2","1","3","4","5","1","","2","1","3","4","5","6","35","","","","2","1","1","2","2","1","6","3","2","5","1","4","1","5","10","6","8","7","2","3","4","9","5","2","8","3","9","1","7","6","4","4","2","8","5","10","11","9","3","6","7","1","Democrat","Joe Biden","Joe Biden","man","White","","","","","","","","$40,001-$60,000","GED","Texas","Tarrant"
392602,"0","100","423","1","1","25","15","15","5","15","10","5","10","80","70","80","70","70","65","90","65","15","20","20","5","10","20","0","10","7","5","7","5","5","5","5","5","5","6","6","6","3","7","1","1","7","7","1","1","7","7","5","1","7","3","6","5","7","1","6","5","5","1","5","4","5","4","3","5","1","2","4","1","2","3","1","2","3","4","5","1","","1","2","3","4","5","6","40","","","","2","1","1","2","2","1","3","6","5","4","1","2","1","9","10","8","6","5","2","3","4","7","3","8","7","2","9","1","6","5","4","3","6","8","5","4","9","10","2","11","7","1","Democrat","Joe Biden","Joe Biden","woman","White","","","","","","","","$80,001-$100,000","2yearColl","Ohio","Stark"
704323,"0","100","356","1","1","26","19","18","18","15","4","0","0","53","17","28","27","20","29","16","22","25","33","11","10","7","4","10","0","4","4","4","4","5","4","4","4","4","4","4","4","4","4","4","4","4","4","4","4","4","4","4","4","4","4","4","4","4","4","4","4","4","2","5","5","3","5","1","5","2","3","4","2","1","3","1","2","3","4","2","1","","1","2","3","4","5","6","29","","","","1","2","1","2","1","2","3","2","4","6","1","5","1","7","5","8","6","10","2","3","4","9","6","2","3","8","7","1","9","4","5","2","10","3","8","9","7","11","4","5","6","1","Democrat","Joe Biden","Joe Biden","man","White","","","","","","","","$120,001-$140,000","PHD","Tennessee","Shelby"
991269,"0","100","231","1","1","15","20","25","5","10","10","10","5","60","40","70","65","60","65","75","60","11","14","18","13","16","8","5","15","6","6","6","5","5","4","5","3","4","5","5","5","2","6","1","1","7","7","1","1","7","7","1","2","6","2","4","7","7","2","6","2","5","1","3","3","3","4","5","1","3","4","2","1","2","3","1","2","3","4","5","1","","1","2","3","4","5","6","32","","","","2","1","2","1","1","2","2","3","5","6","1","4","1","9","7","6","5","8","3","2","4","10","9","6","2","4","8","1","5","7","3","2","4","11","10","6","7","5","8","3","9","1","Democrat","Joe Biden","Joe Biden","man","White","","","","","","","","$40,001-$60,000","4yearColl","Nevada","Clark"
641618,"0","100","326","1","1","29","7","17","3","16","15","7","6","31","31","42","37","37","31","55","29","39","28","8","1","11","10","0","3","6","6","5","3","5","2","3","3","3","4","3","4","2","5","2","1","6","7","4","2","6","5","3","2","6","3","6","4","6","2","5","3","4","2","4","3","2","2","2","3","5","1","4","2","1","3","2","1","3","4","3","1","","2","1","3","4","5","6","63","","","","2","1","1","2","1","2","2","6","4","5","1","3","1","7","10","6","8","9","4","2","3","5","7","6","3","9","4","1","8","2","5","5","7","8","3","4","6","10","2","11","9","1","Independent","Joe Biden","Joe Biden","woman","White","","","","","","","","$60,001-$80,000","2yearColl","California","Humboldt"
218576,"0","100","320","1","1","20","25","20","10","3","18","1","3","90","85","90","80","50","50","50","30","20","30","20","10","0","20","0","0","4","5","5","5","5","6","6","6","6","6","6","6","5","6","2","1","6","6","2","2","6","6","2","2","6","2","4","6","5","3","6","3","5","5","1","1","1","2","4","1","5","2","3","2","1","3","2","1","3","4","1","0","","1","2","3","4","5","6","40","","","","2","1","1","2","2","1","6","5","3","4","1","2","1","10","7","9","6","8","2","3","4","5","3","5","9","8","6","1","4","7","2","2","10","7","5","6","11","9","4","3","8","1","Republican","I did not vote","Joe Biden","man","White","","","","","","","","$0-$20,000","GED","Ohio","Hamilton"
924895,"0","100","408","1","1","30","20","35","0","10","0","5","0","70","41","100","32","71","63","91","58","30","20","30","0","20","0","0","0","3","7","6","3","5","5","5","6","3","3","5","6","3","5","5","2","3","5","3","2","7","7","5","1","6","3","5","7","6","3","3","7","3","5","","2","","","3","5","1","4","2","2","1","3","2","1","3","4","5","1","","1","2","3","4","5","6","29","","","","2","1","2","1","1","2","3","5","6","2","1","4","1","7","5","6","8","9","2","4","3","10","7","6","8","9","2","1","5","4","3","9","7","11","4","5","3","2","10","8","6","1","Independent","Donald Trump","Robert F. Kennedy Jr.","woman","White","","","","","","","","$60,001-$80,000","GED","Florida","St. Lucie"
461594,"0","100","438","1","1","17","17","15","12","10","10","10","9","99","100","100","100","100","100","20","100","15","15","15","8","14","14","5","14","5","4","5","5","5","5","5","5","5","5","5","5","5","5","3","4","6","4","2","6","6","6","6","6","6","2","2","5","6","2","6","2","6","6","5","6","6","6","4","3","5","2","1","1","2","3","2","1","3","4","5","1","","1","2","3","4","5","6","22","","","","2","1","1","2","2","1","3","4","6","2","1","5","1","5","9","6","8","10","2","4","3","7","9","8","3","2","4","1","6","7","5","7","11","5","2","4","9","6","3","8","10","1","Democrat","Joe Biden","Joe Biden","man","White","","","","","","","","$80,001-$100,000","4yearColl","New York","New York"
642515,"0","100","253","1","1","23","11","14","13","17","10","5","7","33","46","44","42","28","18","55","15","9","13","18","18","14","10","0","18","5","5","5","2","5","3","3","3","3","4","2","4","2","2","2","2","6","6","2","2","6","2","3","5","4","6","5","5","4","5","3","1","6","2","6","4","3","5","3","2","4","5","1","1","2","3","1","2","3","4","5","1","","2","1","3","4","5","6","35","","","Thanks!","2","1","1","2","1","2","3","4","6","2","1","5","1","6","5","9","7","8","3","2","4","10","5","3","9","7","2","1","6","4","8","10","8","11","3","9","5","7","2","6","4","1","Democrat","Joe Biden","Joe Biden","woman","White","","","","","","","","$0-$20,000","2yearColl","Rhode Island","Washington"
560758,"0","100","435","1","1","22","19","17","12","11","8","5","6","71","71","69","70","70","70","50","71","18","17","17","13","15","7","4","9","4","4","4","4","5","5","5","5","5","5","5","5","5","5","6","2","6","6","2","4","4","6","3","3","4","3","5","5","5","4","4","3","3","4","5","4","4","4","1","5","4","3","2","1","2","3","1","2","3","4","4","1","","1","2","3","4","5","6","32","","","","2","1","2","1","1","2","5","3","2","4","1","6","1","10","9","8","7","6","2","3","4","5","4","9","2","3","6","1","5","7","8","5","4","8","9","10","7","3","6","2","11","1","Democrat","Joe Biden","Joe Biden","woman","White","","","","","","","","Over $200,000","4yearColl","California","Los Angeles"
608370,"0","100","758","1","1","20","5","20","15","15","10","10","5","70","60","70","90","70","70","80","20","20","10","20","10","20","10","5","5","3","6","4","2","5","2","1","6","5","5","7","7","6","7","4","2","7","5","4","2","5","5","3","3","7","2","6","6","5","1","7","1","3","5","4","1","5","3","3","4","2","1","5","2","1","3","2","1","3","4","5","1","A candidate not of the major parties","1","2","3","4","5","6","68","","","","1","2","1","2","1","2","2","6","4","5","1","3","1","8","6","10","7","5","3","4","2","9","3","5","9","4","7","1","6","2","8","11","9","2","4","6","5","3","8","7","10","1","Republican","Donald Trump","Other","woman","White","","","","","","","","$20,001-$40,000","4yearColl","Indiana","Marion"
340229,"0","100","447","1","1","9","10","11","12","10","9","30","9","0","0","1","1","1","1","1","1","25","25","25","0","0","25","0","0","7","7","7","1","5","1","1","1","4","5","1","2","1","4","1","1","7","7","1","1","7","7","5","3","6","2","6","5","6","3","6","2","5","5","6","7","","6","3","4","1","2","5","2","1","3","2","1","3","4","3","1","","2","1","3","4","5","6","29","","","","1","2","1","2","1","2","3","6","4","2","1","5","1","9","7","10","8","6","4","2","3","5","3","4","8","6","7","1","9","2","5","10","5","8","6","4","9","2","3","11","7","1","Independent","Joe Biden","Joe Biden","woman","White","","","","","","","","$60,001-$80,000","2yearColl","Colorado","Arapahoe"
664710,"0","100","372","1","1","12","11","16","21","15","8","7","10","70","60","85","85","70","70","90","75","14","20","16","10","20","9","3","8","6","2","2","4","5","3","5","6","5","6","5","4","2","5","6","3","4","4","5","5","5","6","1","5","7","1","6","7","3","1","7","1","3","2","5","5","3","6","4","1","2","3","5","1","2","3","1","2","3","4","5","1","","2","1","3","4","5","6","44","","","","1","2","2","1","2","1","6","4","3","5","1","2","1","9","7","5","8","10","3","2","4","6","5","4","9","3","2","1","7","8","6","9","4","3","2","10","6","7","11","5","8","1","Democrat","Joe Biden","Joe Biden","man","White","","","","","","","","Over $200,000","PHD","Illinois","Piatt"
958278,"0","100","248","1","1","20","12","13","20","12","16","4","3","64","72","53","16","35","28","31","25","18","13","15","7","8","19","11","9","5","5","5","5","5","2","2","2","1","2","5","5","1","2","3","3","6","5","3","3","4","4","3","3","5","3","3","5","5","5","5","3","5","4","3","4","3","3","1","3","2","4","5","1","2","3","1","2","3","4","5","1","","1","2","3","4","5","6","42","","","","1","2","1","2","2","1","4","3","5","2","1","6","1","10","7","9","5","8","4","3","2","6","3","8","4","5","6","1","2","7","9","4","2","9","6","8","5","11","7","10","3","1","Republican","Donald Trump","Donald Trump","woman","White","","","","","","","","$100,001-$120,000","2yearColl","South Carolina","Richland"
569212,"0","100","462","1","1","16","12","12","12","12","12","12","12","50","30","30","25","50","25","70","30","40","10","10","10","10","10","0","10","6","6","4","3","5","4","4","3","3","3","4","4","3","3","1","1","7","7","1","1","7","7","2","3","5","5","5","6","4","4","3","2","6","4","3","4","4","4","4","1","3","5","2","1","2","3","1","2","3","4","5","1","","2","1","3","4","5","6","49","","","","1","2","2","1","1","2","4","6","5","3","1","2","1","8","6","5","7","10","3","2","4","9","3","5","9","4","8","1","7","2","6","3","11","6","8","10","5","9","2","4","7","1","Democrat","Joe Biden","Joe Biden","woman","White","","","","","","","","$60,001-$80,000","GED","Florida","Osceola"
607315,"0","100","406","1","1","25","15","15","10","10","15","5","5","65","45","40","70","45","55","95","40","25","15","10","10","10","15","5","10","5","2","3","5","5","5","5","3","5","6","2","2","5","6","1","1","7","7","2","1","7","7","1","2","7","2","5","6","6","1","6","3","2","6","7","5","6","6","5","3","1","2","4","1","2","3","1","2","3","4","5","1","","1","2","3","4","5","6","32","","","","1","2","1","2","1","2","5","6","3","4","1","2","1","8","6","5","7","10","4","3","2","9","5","6","3","8","4","1","2","7","9","8","6","10","9","2","5","3","7","4","11","1","Democrat","Joe Biden","Joe Biden","man","White","","","","","","","","$160,001-$180,000","GED","Texas","Brazos"
441009,"0","100","501","1","1","20","5","5","20","20","5","20","5","81","19","40","73","58","8","96","8","20","20","20","5","5","10","0","20","6","5","5","3","5","2","4","3","3","5","1","2","2","5","1","1","7","7","1","1","7","7","2","5","3","6","5","6","5","5","3","5","5","1","6","6","1","7","2","5","1","4","3","1","2","3","1","2","3","4","5","1","","2","1","3","4","5","6","40","","","","1","2","1","2","1","2","2","5","6","4","1","3","1","7","6","8","5","9","2","4","3","10","9","2","4","7","3","1","8","6","5","7","4","6","11","10","5","8","2","9","3","1","Democrat","Joe Biden","Joe Biden","woman","White","","","","","","","","$80,001-$100,000","MA","New York","Albany"
482029,"0","100","611","1","1","9","13","14","12","13","14","10","15","10","9","1","2","1","2","14","1","5","15","16","15","18","16","5","10","7","7","7","1","5","1","1","1","2","5","1","4","1","3","5","1","7","6","1","2","7","7","6","1","7","2","7","3","7","1","7","1","7","4","5","4","5","5","3","1","5","2","4","1","2","3","1","2","3","4","1","0","","1","2","3","4","5","6","68","","","","1","2","2","1","2","1","6","5","2","4","1","3","1","7","9","8","5","10","4","3","2","6","4","5","2","3","6","1","8","9","7","11","5","6","3","10","9","4","8","7","2","1","Independent","Donald Trump","Donald Trump","woman","White","","","","","","","","$20,001-$40,000","GED","Oklahoma","Canadian"
377626,"0","100","461","1","1","10","8","9","12","22","16","11","12","53","44","45","56","62","52","50","47","9","11","14","9","12","16","14","15","4","4","4","3","5","3","3","5","3","3","5","5","3","5","3","3","6","5","6","5","6","5","5","3","5","3","5","5","5","3","3","5","6","3","5","2","2","5","2","3","4","1","5","2","1","3","1","2","3","4","5","1","","2","1","3","4","5","6","29","","","","2","1","2","1","2","1","2","3","6","5","1","4","1","9","6","5","8","7","2","4","3","10","7","4","2","6","3","1","8","9","5","7","2","3","11","6","10","4","8","9","5","1","Independent","Joe Biden","Joe Biden","man","White","","","","","","","","$80,001-$100,000","4yearColl","Oregon","Lane"
275655,"0","100","496","1","1","15","15","30","5","5","10","5","15","81","71","84","71","62","21","100","31","20","10","20","5","10","20","0","15","7","7","7","3","5","3","2","2","3","5","2","5","1","5","1","1","7","7","2","1","7","7","3","1","4","2","6","5","7","5","6","5","6","2","6","5","6","5","3","4","1","2","5","1","2","3","2","1","3","4","1","0","","2","1","3","4","5","6","32","","","","1","2","2","1","1","2","2","6","4","3","1","5","1","6","8","10","7","9","2","3","4","5","3","6","4","5","2","1","8","7","9","8","3","11","10","4","2","9","7","6","5","1","Democrat","I did not vote","Joe Biden","man","White","","","","","","","","$100,001-$120,000","GED","Indiana","Delaware"
296329,"0","100","472","1","1","36","1","18","1","16","26","1","1","61","4","50","21","50","29","93","45","19","9","11","0","20","20","0","21","7","6","6","4","5","3","3","4","4","3","3","4","3","3","1","1","7","6","2","2","7","7","4","2","5","4","5","3","6","4","5","2","4","1","4","4","1","7","3","1","4","5","2","2","1","3","2","1","3","4","5","1","","2","1","3","4","5","6","39","","","I don't actually live in a county, I live in a large independent city in my state. Your list doesn't seem to have those.","2","1","1","2","1","2","6","4","5","2","1","3","1","8","10","9","6","7","4","3","2","5","7","5","9","2","8","1","3","4","6","6","9","7","2","8","4","10","5","11","3","1","Democrat","Joe Biden","Joe Biden","woman","White","","","","","","","","$60,001-$80,000","4yearColl","Virginia","Prince William"
311544,"0","100","410","1","1","30","5","30","5","5","10","10","5","75","25","55","60","10","20","90","20","24","15","15","5","10","15","1","15","7","6","5","6","5","1","6","4","4","6","6","6","3","5","1","1","7","7","1","1","7","7","3","4","5","5","4","6","7","3","5","3","5","2","5","5","5","6","4","2","3","1","5","2","1","3","2","1","3","4","4","1","","2","1","3","4","5","6","36","","","","2","1","2","1","2","1","5","3","2","4","1","6","1","5","8","6","9","10","2","4","3","7","7","8","4","2","5","1","6","9","3","5","6","2","7","11","3","10","9","4","8","1","Independent","Joe Biden","Joe Biden","woman","White","","","","","","","","$80,001-$100,000","2yearColl","Kentucky","Campbell"
882606,"0","100","531","1","1","20","2","25","0","13","13","27","0","50","20","70","10","32","25","58","21","20","20","20","4","20","4","2","10","6","5","5","2","5","2","2","3","1","5","3","3","3","3","2","2","6","6","5","4","5","5","3","3","5","6","5","6","5","3","3","2","5","1","5","4","","5","5","1","3","2","4","1","2","3","2","1","3","4","4","1","","2","1","3","4","5","6","29","","","","1","2","2","1","1","2","4","6","2","3","1","5","1","5","7","10","9","6","2","4","3","8","8","5","3","7","2","1","9","4","6","9","6","8","3","4","11","7","2","5","10","1","Democrat","Joe Biden","Joe Biden","woman","White","","","","","","","","$20,001-$40,000","GED","Washington","Clark"
630678,"0","100","504","1","1","21","14","14","16","10","10","6","9","87","49","50","58","65","39","33","79","18","19","11","10","11","11","4","16","6","6","5","5","5","5","5","6","6","6","6","7","5","5","6","6","3","5","3","3","5","6","5","3","7","5","2","6","5","1","6","6","6","5","3","5","5","5","1","4","5","3","2","2","1","3","1","2","3","4","5","1","","1","2","3","4","5","6","42","","","nice","1","2","1","2","1","2","2","4","6","3","1","5","1","9","7","10","8","5","2","3","4","6","8","3","6","9","7","1","2","4","5","10","2","6","8","4","5","7","3","9","11","1","Democrat","Joe Biden","Joe Biden","woman","White","","","","","","","","$40,001-$60,000","4yearColl","Texas","Cameron"
582672,"0","100","512","1","1","26","16","10","11","15","8","0","14","63","25","33","35","54","26","76","25","30","21","3","2","24","7","0","13","7","5","5","5","5","3","3","3","3","5","3","3","5","6","3","3","6","6","3","3","6","6","2","3","6","2","3","5","5","2","6","5","3","1","7","7","2","7","1","2","4","5","3","2","1","3","1","2","3","4","5","1","","1","2","3","4","5","6","57","","","","2","1","2","1","2","1","3","2","4","6","1","5","1","5","9","6","7","8","3","4","2","10","8","6","7","3","9","1","2","4","5","4","6","8","3","9","7","11","5","10","2","1","Democrat","Joe Biden","Joe Biden","woman","White","","","","","","","","$40,001-$60,000","2yearColl","Oregon","Lincoln"
772931,"0","100","399","1","1","24","19","16","6","17","6","5","7","81","67","67","57","48","45","58","42","21","19","17","8","13","9","10","3","6","3","5","6","5","5","6","6","6","5","5","7","6","6","6","5","5","6","2","3","6","5","6","2","6","3","3","5","6","1","6","5","5","5","4","5","3","3","4","2","1","5","3","2","1","3","2","1","3","4","5","1","","1","2","3","4","5","6","49","","","nice","1","2","1","2","1","2","6","2","3","4","1","5","1","9","8","5","10","6","3","4","2","7","9","5","7","6","2","1","4","8","3","10","5","9","2","6","3","8","7","11","4","1","Democrat","Joe Biden","Joe Biden","man","White","","","","","","","","$40,001-$60,000","4yearColl","Indiana","Greene"
432745,"0","100","356","1","1","15","15","20","10","10","10","10","10","75","55","75","75","70","75","80","65","10","10","15","10","10","15","10","20","6","6","6","2","5","3","3","3","2","5","5","5","3","4","1","1","7","7","1","1","7","7","2","2","5","5","4","5","7","2","5","2","6","3","5","5","5","5","4","5","1","3","2","2","1","3","1","2","3","4","2","1","","1","2","3","4","5","6","26","","","","2","1","1","2","2","1","6","5","2","4","1","3","1","9","6","8","10","5","3","4","2","7","4","6","2","9","8","1","5","3","7","11","7","9","3","6","5","4","2","10","8","1","Independent","I did not vote","Joe Biden","woman","White","","","","","","","","$60,001-$80,000","GED","Massachusetts","Worcester"
422365,"0","100","406","1","1","24","22","22","5","17","5","0","5","45","18","90","63","21","51","100","27","20","20","20","20","20","0","0","0","6","7","5","1","5","2","3","2","2","3","5","3","5","3","1","1","6","7","1","1","7","7","3","4","6","6","5","6","5","2","4","2","7","5","","","","5","1","5","4","3","2","1","2","3","2","1","3","4","5","1","","1","2","3","4","5","6","24","","","","1","2","2","1","2","1","6","5","4","2","1","3","1","8","5","10","7","9","3","2","4","6","5","2","4","7","8","1","6","9","3","7","10","4","8","9","11","3","5","6","2","1","Democrat","Joe Biden","Joe Biden","woman","White","Hispanic, Latino, or Spanish origin","","","","","","","$100,001-$120,000","MA","Pennsylvania","Montgomery"
111978,"0","100","508","1","1","31","13","15","6","13","9","6","7","91","74","85","46","71","84","28","44","33","19","11","8","17","9","3","0","6","1","7","5","5","6","6","7","6","7","7","7","5","7","2","6","5","6","6","6","7","4","4","2","6","5","6","5","7","1","6","2","7","5","3","7","6","5","5","3","4","2","1","2","1","3","2","1","3","4","5","1","","2","1","3","4","5","6","48","","","had a great study","1","2","2","1","1","2","6","5","2","3","1","4","1","6","7","10","8","5","3","4","2","9","9","5","6","2","8","1","3","4","7","9","7","10","11","2","5","3","8","4","6","1","Democrat","Joe Biden","Joe Biden","man","White","","","","","","","","$100,001-$120,000","4yearColl","Indiana","Marion"
919504,"0","100","298","1","1","22","11","21","15","10","8","8","5","55","35","53","69","31","43","89","21","5","31","15","11","14","9","1","14","6","5","5","2","5","3","3","2","4","4","2","3","2","4","2","2","6","5","3","4","6","7","2","1","5","6","4","7","6","2","5","5","5","1","6","4","3","4","3","4","5","1","2","2","1","3","1","2","3","4","5","1","","1","2","3","4","5","6","37","","","","1","2","2","1","2","1","2","4","6","3","1","5","1","10","7","5","6","8","4","3","2","9","4","6","8","2","9","1","7","5","3","6","9","8","2","11","5","4","7","10","3","1","Democrat","Joe Biden","Joe Biden","man","White","","","","","","","","$60,001-$80,000","GED","Florida","Lee"
525612,"0","100","494","1","1","21","7","18","8","17","10","4","15","40","19","32","12","40","17","11","15","18","20","14","6","21","18","0","3","2","3","1","2","5","5","5","5","5","5","5","6","5","5","1","2","6","6","6","1","6","6","2","3","5","3","5","5","5","3","6","3","5","3","5","4","4","4","5","1","4","2","3","2","1","3","2","1","3","4","2","0","","1","2","3","4","5","6","33","","","","2","1","1","2","1","2","3","5","2","4","1","6","1","9","10","8","5","6","2","4","3","7","6","5","3","8","7","1","2","4","9","5","10","8","4","6","11","7","9","2","3","1","Democrat","I did not vote","Robert F. Kennedy Jr.","woman","","","","","","Middle Eastern or North African","","","$80,001-$100,000","MA","Massachusetts","Suffolk"
392942,"0","100","357","1","1","3","11","20","15","1","20","26","4","50","81","40","75","55","35","10","5","3","4","23","11","6","20","25","8","6","6","7","2","5","1","1","3","1","1","5","2","1","3","1","1","6","7","4","2","6","6","1","2","6","2","5","6","6","1","5","1","6","5","2","1","2","4","3","1","4","2","5","1","2","3","1","2","3","4","5","1","","2","1","3","4","5","6","31","","","","2","1","2","1","2","1","2","3","4","5","1","6","1","9","7","5","8","10","2","4","3","6","8","3","9","7","6","1","4","5","2","8","9","7","11","10","5","4","3","2","6","1","Independent","Donald Trump","Donald Trump","woman","White","","","","","","","","$20,001-$40,000","GED","Michigan","Wayne"
557119,"0","100","525","1","1","11","7","23","2","10","13","13","21","45","67","75","38","64","84","81","76","21","29","37","4","9","0","0","0","5","5","3","2","5","5","3","3","3","3","7","7","5","3","1","1","7","7","5","1","7","7","2","1","7","3","6","6","7","5","7","2","5","7","1","1","3","3","2","3","4","1","5","2","1","3","1","2","3","4","5","1","","2","1","3","4","5","6","59","","","","1","2","1","2","1","2","3","2","6","5","1","4","1","9","10","6","7","8","3","2","4","5","8","4","6","2","3","1","9","5","7","8","9","3","7","11","10","5","4","2","6","1","Republican","Donald Trump","Donald Trump","woman","White","","","","","","","","Over $200,000","GED","",""
415287,"0","100","552","1","1","20","11","25","7","16","6","13","2","15","18","26","6","1","20","6","2","20","7","20","10","15","15","8","5","7","7","7","3","5","5","3","5","2","5","6","6","5","3","3","1","7","7","4","2","5","6","3","1","3","2","5","5","7","1","5","5","7","6","2","2","4","5","2","5","3","4","1","1","2","3","1","2","3","4","5","1","","2","1","3","4","5","6","61","","","This was an interesting study. Thank you","1","2","2","1","2","1","6","4","2","3","1","5","1","6","9","10","7","8","3","4","2","5","2","8","3","5","4","1","9","6","7","10","9","11","5","8","3","2","4","7","6","1","Republican","Donald Trump","Donald Trump","woman","White","","","","American Indian or Alaska Native","","","","$60,001-$80,000","2yearColl","Maryland","Wicomico"
351470,"0","100","598","1","1","25","19","17","8","15","4","1","11","66","90","77","50","73","90","80","85","22","15","10","15","16","8","1","13","3","1","2","6","5","4","6","3","3","7","5","7","4","5","1","2","7","6","1","1","7","7","2","5","5","7","2","5","5","1","4","3","3","2","6","","3","6","4","2","5","3","1","2","1","3","1","2","3","4","5","1","","1","2","3","4","5","6","31","","","Maybe a question about civil servants and bureaucracy would be helpful for what you're trying to learn?","1","2","1","2","2","1","2","5","3","6","1","4","1","5","10","8","7","6","4","2","3","9","4","8","5","3","2","1","9","6","7","8","6","3","11","9","7","5","4","10","2","1","Democrat","Joe Biden","Joe Biden","man","White","","","","","","","","$40,001-$60,000","GED","Pennsylvania","Chester"
905512,"0","100","455","1","1","15","20","25","5","10","15","5","5","40","60","50","40","55","50","40","50","10","10","20","10","20","15","5","10","6","5","5","3","5","3","3","3","5","5","5","5","4","4","4","5","6","5","4","4","5","5","3","4","4","5","4","4","5","5","5","5","5","2","5","","5","","3","4","5","2","1","1","2","3","1","2","3","4","5","1","","1","2","3","4","5","6","34","","","","1","2","2","1","1","2","6","3","2","4","1","5","1","6","9","10","7","8","2","3","4","5","9","2","5","7","6","1","3","4","8","3","9","5","10","11","8","4","7","6","2","1","Democrat","Joe Biden","Joe Biden","woman","White","","","","","","","","$0-$20,000","2yearColl","California","Santa Barbara"
190077,"0","100","579","1","1","20","3","20","15","15","8","13","6","80","60","85","100","80","100","70","90","20","20","20","5","20","5","5","5","6","5","5","5","5","5","2","6","2","4","3","7","3","3","1","1","7","7","1","1","7","7","2","5","6","5","5","6","3","5","5","1","2","3","5","5","5","7","1","5","4","3","2","2","1","3","2","1","3","4","3","1","","2","1","3","4","5","6","39","","","None.","2","1","2","1","2","1","2","6","5","4","1","3","1","8","7","10","5","6","4","3","2","9","8","2","9","6","3","1","7","5","4","5","6","8","11","4","7","10","9","2","3","1","Democrat","Joe Biden","Joe Biden","man","White","","","","","","","","$20,001-$40,000","GED","Texas","Kerr"
395306,"0","100","559","1","1","40","13","15","12","8","5","2","5","25","2","40","65","10","30","98","5","20","25","5","5","5","15","0","25","7","6","5","1","5","1","2","1","2","4","1","2","1","2","1","1","7","7","2","1","7","7","1","2","5","6","4","7","4","3","5","4","7","1","4","7","1","7","4","2","1","3","5","1","2","3","2","1","3","4","5","1","","1","2","3","4","5","6","33","","","","1","2","2","1","1","2","6","3","2","4","1","5","1","7","8","9","10","5","2","3","4","6","7","2","3","5","9","1","6","4","8","9","11","4","6","10","3","2","8","7","5","1","Democrat","Joe Biden","Joe Biden","man","White","","","","","","","","$20,001-$40,000","4yearColl","Maryland","Prince George's"
963502,"0","100","295","1","1","10","15","15","10","10","15","15","10","30","80","80","86","54","59","65","61","10","10","20","10","15","15","15","5","5","7","6","1","5","3","2","3","1","1","6","4","3","5","5","3","6","6","2","4","3","6","1","5","5","5","5","7","5","3","5","6","5","7","1","1","3","1","3","1","4","2","5","1","2","3","2","1","3","4","5","1","","1","2","3","4","5","6","37","","","","1","2","1","2","2","1","6","2","5","4","1","3","1","7","9","10","8","6","2","4","3","5","2","5","9","3","8","1","7","6","4","3","2","8","5","10","4","7","11","9","6","1","Republican","Donald Trump","Donald Trump","woman","White","","","","","","","","$80,001-$100,000","GED","Georgia","Long"
988604,"0","100","502","1","1","20","0","30","0","20","20","5","5","40","91","54","93","56","66","39","98","20","0","25","0","40","5","10","0","1","6","7","1","5","2","2","4","1","2","6","6","2","4","5","4","4","5","7","7","1","2","4","5","7","7","3","4","6","1","2","7","6","7","1","1","1","2","5","2","3","1","4","2","1","3","1","2","3","4","5","1","","1","2","3","4","5","6","49","","","","2","1","1","2","1","2","4","6","5","2","1","3","1","7","6","10","8","5","4","2","3","9","5","4","9","2","8","1","3","6","7","5","7","3","6","10","8","11","4","9","2","1","Republican","Donald Trump","Donald Trump","woman","White","","","","","","","","$140,001-$160,000","GED","North Carolina","Cabarrus"
464266,"0","100","530","1","1","25","25","25","6","8","4","3","4","64","59","90","63","53","30","79","31","14","14","14","10","14","18","9","7","6","6","6","4","5","5","5","5","4","6","6","6","5","5","5","4","6","4","4","4","5","5","7","2","7","2","7","4","7","1","6","2","5","4","1","4","4","4","4","2","1","3","5","1","2","3","1","2","3","4","5","1","","1","2","3","4","5","6","51","","","","1","2","1","2","2","1","3","5","6","4","1","2","1","7","10","8","9","5","3","2","4","6","6","3","2","9","4","1","8","5","7","7","10","9","4","6","5","2","11","8","3","1","Republican","Donald Trump","Donald Trump","woman","White","","","","","","","","$60,001-$80,000","MA","Ohio","Lorain"
603931,"0","100","621","1","1","25","5","25","4","20","1","5","15","75","50","75","65","50","40","95","50","12","25","16","4","26","0","0","17","5","4","3","4","5","1","6","3","6","6","6","6","3","6","3","1","6","6","2","3","7","7","2","2","6","4","4","7","6","2","6","5","5","2","5","3","4","5","3","4","2","5","1","2","1","3","1","2","3","4","4","1","","2","1","3","4","5","6","56","","","","2","1","2","1","1","2","5","6","3","4","1","2","1","6","10","5","7","8","2","4","3","9","4","8","6","5","9","1","3","2","7","11","2","6","5","9","8","7","3","4","10","1","Democrat","Joe Biden","Joe Biden","woman","White","","","","","","","","$40,001-$60,000","4yearColl","North Carolina","Gaston"
156941,"0","100","627","1","1","25","20","15","9","20","5","1","5","52","30","40","65","25","25","91","35","20","20","8","4","25","2","1","20","7","5","6","5","5","6","6","1","3","4","1","4","1","4","1","1","7","7","4","1","7","7","5","2","4","5","7","5","7","5","6","1","5","1","6","4","1","6","4","1","3","2","5","2","1","3","2","1","3","4","5","1","","1","2","3","4","5","6","56","","","","1","2","1","2","1","2","4","2","6","3","1","5","1","8","10","5","9","6","3","2","4","7","9","4","6","5","3","1","2","8","7","7","10","3","5","11","9","2","6","8","4","1","Democrat","Joe Biden","Joe Biden","woman","White","","","","","","","","$0-$20,000","2yearColl","California","San Bernardino"
799749,"0","100","268","1","1","12","17","5","13","7","14","32","0","24","34","33","29","25","9","85","31","14","17","11","19","7","8","3","21","7","7","2","2","5","1","2","2","2","4","1","1","1","1","2","1","7","7","1","1","7","7","2","5","2","7","5","6","5","5","3","2","7","1","3","7","3","7","2","5","4","1","3","1","2","3","1","2","3","4","5","1","","1","2","3","4","5","6","23","Non-binary","","","2","1","2","1","1","2","6","3","5","4","1","2","1","5","8","7","6","9","4","3","2","10","2","4","8","3","5","1","9","6","7","10","9","7","3","11","8","5","2","4","6","1","Democrat","Joe Biden","Joe Biden",NA,"White","","","","","","","","$100,001-$120,000","GED","Oklahoma","Tulsa"
226679,"0","100","475","1","1","13","32","15","11","7","14","0","8","68","31","46","53","67","30","75","24","11","9","20","11","3","44","0","2","7","5","5","3","5","3","3","3","2","2","2","2","1","3","3","4","6","4","3","2","6","4","2","5","5","5","4","7","5","3","5","2","5","1","5","6","3","6","5","4","2","3","1","2","1","3","2","1","3","4","3","1","","2","1","3","4","5","6","32","","","","2","1","1","2","1","2","3","4","5","6","1","2","1","5","6","9","7","10","2","4","3","8","2","9","7","6","3","1","8","4","5","8","9","6","2","11","5","7","3","10","4","1","Democrat","Joe Biden","Joe Biden","man","White","","","","","","","","$80,001-$100,000","4yearColl","Illinois","Morgan"
167311,"0","100","541","1","1","40","5","15","5","15","5","5","10","80","50","95","55","75","80","50","60","20","5","20","5","20","10","0","20","2","2","3","5","5","5","5","6","2","5","5","6","6","5","5","2","5","5","4","4","4","5","5","1","7","5","3","4","6","1","5","5","2","3","4","1","5","4","2","3","1","4","5","2","1","3","1","2","3","4","3","0","unsure","1","2","3","4","5","6","57","","","","1","2","2","1","1","2","2","3","4","5","1","6","1","5","7","6","9","8","2","3","4","10","7","9","4","3","6","1","5","2","8","6","9","5","11","10","2","3","4","7","8","1","Democrat","Joe Biden","Other","woman","White","","","","","","","","$40,001-$60,000","MA","Massachusetts","Berkshire"
227704,"0","100","393","1","1","12","12","16","12","12","12","12","12","100","75","60","85","65","80","50","75","17","12","13","12","12","12","10","12","6","5","4","4","5","5","6","5","5","5","5","5","4","5","4","1","7","7","4","4","6","7","3","4","4","4","6","6","4","3","4","1","2","1","6","4","","","2","5","3","1","4","2","1","3","1","2","3","4","5","1","","2","1","3","4","5","6","39","","","","1","2","1","2","1","2","3","2","4","6","1","5","1","7","9","8","5","6","4","2","3","10","4","6","5","8","7","1","2","9","3","11","3","9","10","4","6","5","2","8","7","1","Democrat","Joe Biden","Joe Biden","man","White","","","","","","","","$0-$20,000","GED","New Jersey","Morris"
248052,"0","100","590","1","1","20","15","15","10","15","10","5","10","39","20","40","20","20","10","84","12","15","15","15","15","15","15","0","10","7","7","7","1","5","1","1","1","2","5","1","1","1","2","1","1","7","7","1","1","7","7","1","2","3","6","3","6","6","3","3","5","7","1","7","7","","7","1","2","4","5","3","1","2","3","2","1","3","4","5","1","","1","2","3","4","5","6","25","","","","2","1","2","1","1","2","5","3","6","2","1","4","1","9","8","5","6","7","2","3","4","10","2","5","7","9","6","1","3","4","8","4","7","3","2","8","11","10","5","6","9","1","Democrat","Joe Biden","Joe Biden","woman","White","","","","","","","","$20,001-$40,000","GED","Florida","Duval"
938153,"0","100","456","1","1","15","9","43","19","5","1","5","3","39","9","50","47","8","27","16","22","19","21","19","8","4","8","0","21","5","5","3","3","5","5","5","5","5","5","3","3","5","5","1","1","7","7","1","1","7","7","3","2","6","5","6","6","7","2","6","1","5","1","5","7","3","7","1","4","3","5","2","1","2","3","1","2","3","4","4","1","","2","1","3","4","5","6","20","","","","1","2","2","1","2","1","5","3","4","2","1","6","1","7","6","8","10","9","2","4","3","5","5","7","6","9","2","1","8","3","4","3","8","7","2","6","5","10","9","11","4","1","Democrat","I did not vote","Joe Biden","woman","White","","","","","","","","$160,001-$180,000","GED","North Carolina","Buncombe"
307219,"0","100","263","1","1","10","20","20","10","10","20","5","5","90","75","95","100","80","90","85","65","10","30","30","10","2","5","4","9","6","3","5","5","5","6","5","5","3","5","4","7","3","5","3","1","7","7","2","2","6","7","3","3","6","3","6","5","7","3","6","4","3","4","5","3","5","5","5","1","4","3","2","2","1","3","1","2","3","4","3","1","","1","2","3","4","5","6","25","","","","2","1","1","2","1","2","2","6","3","5","1","4","1","7","6","9","5","8","4","3","2","10","9","8","4","5","6","1","7","2","3","4","5","8","9","10","7","6","11","2","3","1","Independent","I did not vote","Robert F. Kennedy Jr.","man","White","","","","","","","","$20,001-$40,000","GED","Kansas","Johnson"
642828,"0","100","590","1","1","20","15","20","5","20","10","5","5","25","25","25","50","40","25","25","25","20","15","20","5","20","10","5","5","7","7","6","2","5","2","1","3","2","3","3","2","2","2","4","4","7","6","4","4","5","7","3","2","6","2","5","6","4","2","5","4","7","3","6","4","4","5","2","4","5","3","1","1","2","3","2","1","3","4","1","0","","2","1","3","4","5","6","54","","","","2","1","2","1","2","1","6","3","5","4","1","2","1","5","9","10","8","6","2","3","4","7","7","8","4","5","3","1","6","2","9","10","7","9","3","5","6","11","8","2","4","1","Democrat","Joe Biden","Joe Biden","woman","White","","","","","","","","$40,001-$60,000","GED","Rhode Island","Providence"
619138,"0","100","348","1","1","25","10","20","10","10","15","5","5","75","65","80","90","70","75","85","75","20","25","10","10","10","15","0","10","6","5","2","4","5","3","5","3","5","5","4","4","5","6","1","1","7","7","1","1","7","7","1","6","6","7","5","6","4","2","3","1","5","1","5","3","3","5","1","3","5","4","2","1","2","3","1","2","3","4","5","1","","2","1","3","4","5","6","38","","","","2","1","2","1","2","1","3","6","4","2","1","5","1","10","8","9","6","7","3","4","2","5","4","3","7","6","5","1","8","2","9","2","8","7","4","11","6","5","10","3","9","1","Independent","I did not vote","Joe Biden","man","White","","","","","","","","$0-$20,000","GED","Illinois","Franklin"
224564,"0","100","294","1","1","20","25","15","5","20","5","5","5","60","30","55","70","30","20","90","40","20","20","10","10","20","10","0","10","7","6","6","2","5","2","2","2","1","6","2","5","1","6","1","1","7","7","1","1","7","7","2","2","6","4","5","7","6","1","6","2","5","1","7","6","2","7","3","2","5","4","1","2","1","3","1","2","3","4","5","1","","2","1","3","4","5","6","50","","","Stay safe out there.","2","1","2","1","1","2","5","4","2","3","1","6","1","9","6","8","7","10","3","4","2","5","3","9","8","2","7","1","4","5","6","5","7","6","10","3","2","9","4","11","8","1","Democrat","Joe Biden","Joe Biden","man","White","","","","","","","","$40,001-$60,000","GED","Minnesota","Otter Tail"
172576,"0","100","400","1","1","18","22","17","13","8","17","1","4","100","76","86","78","100","77","86","78","11","26","21","15","4","14","3","6","7","6","6","7","5","7","6","7","6","7","5","5","6","7","1","7","7","7","1","1","7","7","6","5","7","3","7","6","7","1","7","1","3","3","6","6","5","5","5","2","3","4","1","1","2","3","2","1","3","4","4","1","","2","1","3","4","5","6","28","","","","2","1","1","2","1","2","3","2","4","5","1","6","1","10","5","8","7","9","4","2","3","6","9","5","3","7","4","1","2","6","8","4","7","9","6","3","5","11","10","2","8","1","Democrat","Joe Biden","Joe Biden","man","White","","","","","","","","$60,001-$80,000","4yearColl","New York","Erie"
142278,"0","100","536","1","1","20","21","20","1","18","4","7","9","61","67","54","34","59","77","46","61","18","18","16","8","21","8","5","6","5","4","3","5","5","5","5","5","6","6","6","6","5","6","5","4","6","6","3","3","5","5","3","3","6","3","6","6","5","2","5","2","4","5","3","5","5","5","1","5","4","3","2","2","1","3","2","1","3","4","3","1","","2","1","3","4","5","6","34","","","","2","1","2","1","1","2","6","4","5","3","1","2","1","8","5","6","7","10","3","2","4","9","2","6","8","7","4","1","3","9","5","4","8","11","6","3","5","10","2","7","9","1","Independent","Joe Biden","Joe Biden","man","White","","","","","","","Other (please specify)","$120,001-$140,000","PHD","Minnesota","Polk"
445330,"0","100","719","1","1","20","15","20","10","15","10","5","5","91","87","92","89","70","84","44","62","20","15","25","10","15","10","2","3","4","5","4","5","5","4","5","6","6","6","6","6","6","6","6","5","5","5","2","6","5","6","6","1","6","1","6","4","6","1","6","1","5","1","5","5","1","5","3","2","1","4","5","2","1","3","1","2","3","4","4","1","","2","1","3","4","5","6","27","","","","2","1","2","1","2","1","4","2","5","3","1","6","1","8","9","5","6","10","2","4","3","7","3","4","7","5","2","1","9","8","6","2","8","9","7","6","5","10","3","11","4","1","Democrat","Joe Biden","Joe Biden","man","White","","","","","","","","$60,001-$80,000","PHD","Texas","Atascosa"
616329,"0","100","666","1","1","20","15","25","10","10","10","5","5","80","60","100","85","70","85","50","60","15","15","15","11","13","12","4","15","6","7","6","2","5","5","5","6","2","6","5","6","2","6","1","1","7","7","1","1","7","7","1","1","7","3","3","7","6","1","5","2","7","1","4","1","1","2","4","1","3","5","2","2","1","3","2","1","3","4","1","0","N/A not voting - Don't like Biden","2","1","3","4","5","6","49","","","Enjoyed participating. Everything worked great.","2","1","2","1","2","1","6","3","4","2","1","5","1","7","9","10","5","6","3","2","4","8","9","4","6","8","3","1","2","7","5","10","2","7","6","8","4","11","9","5","3","1","Democrat","Donald Trump","Other","woman","White","","","","","","","","$20,001-$40,000","2yearColl","Tennessee","Hickman"
333403,"0","100","720","1","1","20","20","20","10","15","5","5","5","70","80","60","100","70","40","90","80","15","15","15","5","15","20","0","15","7","5","5","2","5","2","2","2","3","3","2","1","1","2","2","2","7","6","2","1","7","7","1","4","3","4","5","7","5","6","4","2","5","3","7","5","4","6","4","1","2","3","5","2","1","3","2","1","3","4","1","0","","1","2","3","4","5","6","32","","","I just wanted to mention that the reason I don't plan to vote is, although I've been living in this country for a long time, I am a permanent resident and not a citizen.","2","1","1","2","1","2","2","4","5","6","1","3","1","10","8","7","6","5","3","4","2","9","4","8","5","6","9","1","3","2","7","9","6","7","4","11","8","5","10","3","2","1","Democrat","I did not vote","Joe Biden","woman","White","","","","","","","","Prefer not to answer","4yearColl","New Mexico","Bernalillo"
174438,"0","100","739","1","1","22","9","24","13","5","8","12","7","73","23","26","46","61","19","75","25","12","8","15","15","24","14","8","4","3","5","6","5","5","5","5","6","5","5","5","7","5","6","6","4","6","6","6","4","6","6","3","5","5","2","5","5","5","3","5","3","6","5","5","5","5","5","2","1","4","3","5","2","1","3","2","1","3","4","5","1","","2","1","3","4","5","6","33","","","No comments.","1","2","2","1","1","2","2","6","3","5","1","4","1","10","7","8","5","9","2","4","3","6","8","9","5","2","6","1","3","4","7","9","3","5","8","11","4","2","10","6","7","1","Republican","Donald Trump","Donald Trump","woman","White","","","","","","","","$80,001-$100,000","4yearColl","Oklahoma","Oklahoma"
701583,"0","100","629","1","1","27","25","11","6","9","8","7","7","37","16","44","38","5","8","37","10","30","25","12","4","8","6","8","7","6","6","6","2","5","4","2","5","1","3","5","6","1","3","5","2","7","7","5","2","7","7","5","3","6","3","5","5","5","4","5","2","6","3","2","5","3","5","2","1","5","4","3","2","1","3","1","2","3","4","3","1","","2","1","3","4","5","6","31","","","","1","2","1","2","2","1","3","2","4","6","1","5","1","10","8","5","9","6","3","4","2","7","7","2","6","4","9","1","3","5","8","9","5","8","6","2","3","11","10","7","4","1","Independent","Donald Trump","Robert F. Kennedy Jr.","man","White","","","","","","","","$40,001-$60,000","GED","Florida","Marion"
214671,"0","100","690","1","1","13","10","15","13","11","13","13","12","21","22","51","1","3","11","75","16","13","12","12","12","13","13","13","12","7","7","7","1","5","1","1","1","1","1","1","1","1","1","2","2","6","7","5","3","5","5","3","5","1","7","5","7","7","7","3","2","7","3","3","5","4","3","4","5","1","3","2","2","1","3","1","2","3","4","1","0","","1","2","3","4","5","6","29","","","","1","2","2","1","1","2","4","5","6","2","1","3","1","5","8","9","7","6","3","2","4","10","9","2","6","8","7","1","4","5","3","6","3","5","7","11","4","9","2","10","8","1","Independent","Donald Trump","Robert F. Kennedy Jr.","man","White","","","","","","","","$20,001-$40,000","2yearColl","Georgia","Lee"
727531,"0","100","753","1","1","15","10","15","10","15","10","15","10","60","35","40","20","50","20","55","30","15","15","15","15","10","15","0","15","6","5","6","2","5","3","3","2","2","1","5","3","2","3","1","1","7","7","1","1","7","7","2","4","3","7","5","4","4","5","1","5","6","1","5","7","5","5","2","3","1","4","5","1","2","3","1","2","3","4","5","1","","2","1","3","4","5","6","31","","","","1","2","2","1","2","1","4","5","2","6","1","3","1","9","10","5","6","7","2","3","4","8","7","5","2","8","6","1","9","4","3","11","4","7","10","5","6","8","2","3","9","1","Independent","Joe Biden","Joe Biden","man","White","","","","","","","","$40,001-$60,000","GED","Texas","Denton"
762757,"0","100","722","1","1","29","17","26","8","10","2","2","6","70","60","60","76","46","23","83","18","23","15","14","15","11","13","0","9","6","4","4","3","5","4","4","4","5","6","4","4","4","5","1","1","7","7","1","1","6","7","3","2","7","4","5","6","6","1","7","5","5","1","6","5","3","7","2","5","4","1","3","1","2","3","1","2","3","4","5","1","","2","1","3","4","5","6","35","","","","1","2","2","1","2","1","6","4","2","3","1","5","1","9","7","8","10","6","4","3","2","5","2","6","5","3","9","1","4","8","7","3","8","6","11","9","7","5","4","2","10","1","Democrat","Joe Biden","Joe Biden","woman","White","","","","","","","","$120,001-$140,000","MA","Wyoming","Laramie"
949956,"0","100","582","1","1","35","23","18","6","5","11","2","0","55","15","70","11","10","11","72","25","39","39","0","0","0","22","0","0","7","7","7","5","5","2","5","1","1","7","1","1","1","4","1","1","7","7","1","1","7","7","4","5","5","3","5","5","5","3","5","3","6","1","7","7","1","7","4","5","1","2","3","2","1","3","1","2","3","4","5","1","","1","2","3","4","5","6","34","","","","1","2","2","1","2","1","2","3","4","5","1","6","1","5","6","10","8","7","2","3","4","9","8","3","5","7","4","1","9","2","6","11","6","2","3","7","5","4","8","10","9","1","Democrat","Joe Biden","Joe Biden","man","White","","","","","","","","$20,001-$40,000","2yearColl","North Carolina","Jackson"
123303,"0","100","812","1","1","29","19","8","8","24","6","2","4","81","52","52","62","52","20","75","27","19","14","10","10","17","17","5","8","7","6","6","2","5","2","2","4","1","6","1","7","7","7","5","7","7","7","1","1","7","7","7","3","6","1","7","1","7","1","4","1","1","1","7","4","1","1","1","3","5","2","4","1","2","3","2","1","3","4","5","1","","1","2","3","4","5","6","57","","","","2","1","1","2","2","1","3","2","6","4","1","5","1","7","9","8","6","10","4","3","2","5","2","9","3","7","6","1","8","4","5","11","2","8","3","10","9","6","4","7","5","1","Democrat","Joe Biden","Donald Trump","man","White","","","","","","","","$40,001-$60,000","4yearColl","New Hampshire","Hillsborough"
409742,"0","100","839","1","1","16","16","16","7","16","16","6","7","81","56","69","92","74","90","46","46","15","15","15","11","15","14","5","10","5","6","5","4","5","5","5","6","3","4","6","6","5","6","4","2","7","7","4","1","6","7","4","2","6","2","5","4","6","2","5","5","4","5","2","1","4","2","3","4","1","5","2","2","1","3","2","1","3","4","2","0","","1","2","3","4","5","6","64","","","","1","2","2","1","1","2","5","6","4","3","1","2","1","8","7","5","10","9","2","3","4","6","3","8","4","9","7","1","5","6","2","6","2","11","8","10","4","9","3","7","5","1","Republican","Donald Trump","Donald Trump","woman","White","","","","","","","","$20,001-$40,000","4yearColl","Texas","Jefferson"
919154,"0","100","831","1","1","50","12","29","0","0","0","9","0","31","42","88","86","53","43","21","59","40","10","30","0","10","0","10","0","5","4","5","3","5","4","4","3","2","3","5","4","3","4","4","4","5","4","5","4","3","5","6","3","6","1","6","1","4","1","7","1","5","6","1","","","4","4","3","5","2","1","2","1","3","1","2","3","4","4","1","","2","1","3","4","5","6","30","","","n/a","2","1","1","2","2","1","5","2","4","6","1","3","1","5","7","9","10","6","4","2","3","8","6","5","4","8","2","1","7","9","3","5","8","3","9","2","11","6","7","10","4","1","Republican","Donald Trump","Donald Trump","man","White","","","","","","","","$120,001-$140,000","MA","New York","New York"
183769,"0","100","782","1","1","30","8","20","15","9","15","2","1","35","55","35","60","30","40","80","35","6","28","10","10","22","16","0","8","7","5","5","2","5","2","2","3","3","3","3","2","5","3","1","1","6","7","1","1","7","7","2","5","5","5","7","6","5","3","3","1","7","1","5","6","2","7","2","1","3","4","5","2","1","3","1","2","3","4","4","1","","1","2","3","4","5","6","23","","","","1","2","1","2","2","1","6","2","3","4","1","5","1","5","6","10","7","8","4","3","2","9","7","4","2","6","5","1","9","3","8","11","9","7","8","5","4","3","6","10","2","1","Independent","Third-party candidate","Jill Stein","woman","White","","Black or African American","","","","","","$80,001-$100,000","4yearColl","Illinois","Cook"
227476,"0","100","602","1","1","40","0","45","0","5","5","5","0","80","50","100","20","10","45","75","25","30","20","30","5","10","5","0","0","3","2","3","6","5","5","6","5","3","5","5","7","6","3","6","2","6","7","4","3","6","7","2","5","6","6","5","7","5","1","7","5","4","2","2","4","3","","5","2","4","3","1","1","2","3","2","1","3","4","5","1","","1","2","3","4","5","6","23","","","","2","1","2","1","2","1","2","3","4","5","1","6","1","7","5","10","9","8","4","3","2","6","6","9","7","3","4","1","5","2","8","2","7","11","9","3","4","8","6","5","10","1","Democrat","Joe Biden","Joe Biden","man","White","","","","","","","","$40,001-$60,000","GED","California","San Diego"
490196,"0","100","935","1","1","29","19","23","5","12","3","6","3","60","55","65","30","45","20","10","50","8","8","29","8","29","11","0","7","5","3","3","5","5","6","6","6","5","7","6","6","5","7","2","1","7","6","6","1","5","7","3","3","6","2","5","6","6","1","6","2","3","1","6","5","","1","5","2","1","3","4","1","2","3","1","2","3","4","5","1","","1","2","3","4","5","6","27","","","","1","2","2","1","1","2","6","5","2","3","1","4","1","5","9","6","8","10","3","2","4","7","5","9","8","2","6","1","7","4","3","11","8","4","5","10","3","9","7","6","2","1","Democrat","Joe Biden","Joe Biden","man","White","","","","","","","","$60,001-$80,000","MA","Ohio","Champaign"
664602,"0","100","920","1","1","17","16","7","14","6","9","18","13","5","5","3","61","1","13","89","70","29","1","27","2","25","16","0","0","7","7","7","1","5","1","1","5","1","1","5","7","1","2","7","7","7","1","7","7","1","7","3","1","7","4","1","6","4","1","7","7","7","7","1","1","2","1","1","5","4","2","3","1","2","3","2","1","3","4","5","1","","2","1","3","4","5","6","40","","","","1","2","1","2","2","1","6","4","5","2","1","3","1","9","6","8","5","7","4","3","2","10","7","5","2","6","9","1","3","4","8","10","6","5","8","4","3","11","2","7","9","1","Republican","Donald Trump","Donald Trump","man","White","","","","","","","","$140,001-$160,000","MA","Virginia","Fairfax"
611497,"0","100","777","1","1","14","33","11","9","4","13","0","16","60","41","43","64","50","7","88","25","20","30","5","5","5","15","0","20","6","6","6","3","5","3","3","3","5","6","2","2","4","5","2","1","7","7","1","1","7","7","1","1","6","1","5","7","6","1","5","6","6","1","7","7","2","7","3","5","4","2","1","2","1","3","1","2","3","4","5","1","","1","2","3","4","5","6","34","","","","2","1","1","2","1","2","3","6","5","2","1","4","1","8","7","6","9","10","2","4","3","5","6","4","9","5","7","1","8","2","3","2","4","8","10","9","3","6","7","5","11","1","Democrat","Joe Biden","Joe Biden","woman","White","","","","","","","","$40,001-$60,000","2yearColl","Texas","Fort Bend"
824478,"0","100","1046","1","1","15","31","39","4","3","5","2","1","9","16","9","9","13","6","15","13","7","11","9","12","10","42","7","2","5","5","7","3","5","3","3","3","3","4","3","3","3","4","3","4","6","6","3","3","5","7","2","5","2","7","3","6","5","6","3","3","5","4","3","4","4","4","4","1","3","2","5","1","2","3","2","1","3","4","3","1","","1","2","3","4","5","6","30","","","","1","2","1","2","2","1","4","6","2","5","1","3","1","9","5","10","7","6","2","4","3","8","6","8","7","5","2","1","9","4","3","3","8","10","2","7","6","4","11","5","9","1","Democrat","Joe Biden","Joe Biden","woman","White","","","","","","","","$40,001-$60,000","GED","Illinois","Cook"
760765,"0","100","401","1","1","4","20","30","0","18","10","10","8","68","9","51","15","10","27","77","8","3","13","24","10","22","12","7","9","7","7","7","2","5","3","1","3","3","5","5","5","3","6","1","1","7","7","3","1","6","5","2","3","3","3","6","3","3","5","2","6","6","5","3","","","","1","3","5","2","4","2","1","3","2","1","3","4","1","0","","2","1","3","4","5","6","31","","","","1","2","1","2","1","2","5","3","2","6","1","4","1","6","8","5","9","7","3","4","2","10","3","6","8","9","7","1","4","5","2","9","5","4","6","2","7","8","3","10","11","1","Republican","I did not vote","Donald Trump","woman","White","","","","","","","","$140,001-$160,000","GED","Virginia","York"
694929,"0","100","477","1","1","25","10","25","0","10","15","15","0","35","60","68","34","30","31","20","18","30","10","10","0","10","30","10","0","7","7","7","1","5","2","2","2","5","6","5","6","5","6","5","5","5","5","5","5","3","5","1","1","7","3","6","7","7","3","6","5","7","5","2","2","7","","4","3","1","2","5","1","2","3","1","2","3","4","1","0","","2","1","3","4","5","6","37","","","","2","1","2","1","1","2","5","4","3","2","1","6","1","8","9","7","5","6","4","3","2","10","7","3","9","5","2","1","6","4","8","2","7","6","8","4","5","9","3","10","11","1","Independent","Donald Trump","Donald Trump","woman","White","","","","","","","","$20,001-$40,000","GED","Wyoming","Sweetwater"
255774,"0","100","1015","1","1","19","18","16","11","15","12","0","9","90","75","89","85","89","95","0","84","22","16","16","12","16","11","0","7","5","4","3","6","5","7","6","6","7","7","7","7","7","7","7","6","5","6","1","4","6","7","6","2","7","1","7","7","6","1","7","1","5","4","6","7","6","7","3","4","2","5","1","1","2","3","1","2","3","4","4","1","","2","1","3","4","5","6","23","","","","2","1","2","1","1","2","6","4","3","5","1","2","1","10","9","6","5","7","2","3","4","8","2","6","3","5","9","1","7","8","4","2","9","11","8","6","10","5","3","4","7","1","Democrat","Joe Biden","Joe Biden","man","White","","","","","","","","$100,001-$120,000","4yearColl","New York","New York"
229699,"0","100","1047","1","1","30","20","25","5","15","5","0","0","70","50","60","30","45","25","30","40","25","20","20","10","15","5","0","5","4","4","3","6","5","6","6","6","6","6","6","6","6","6","3","1","5","6","4","2","7","7","6","2","6","2","5","4","6","1","6","2","4","1","7","7","1","7","2","4","5","1","3","2","1","3","1","2","3","4","4","1","","2","1","3","4","5","6","26","","","No","2","1","1","2","1","2","4","3","6","2","1","5","1","10","9","7","5","8","4","3","2","6","5","2","7","3","8","1","6","9","4","7","9","11","4","8","10","6","3","5","2","1","Democrat","Joe Biden","Joe Biden","man","White","","","","","","","","$60,001-$80,000","MA","Texas","Medina"
474666,"0","100","797","1","1","38","10","10","7","10","10","6","9","90","89","100","100","76","100","87","82","19","8","13","19","10","12","19","0","3","2","3","5","5","5","5","5","5","5","5","6","5","5","2","1","7","7","7","1","7","7","6","1","6","1","5","3","5","1","5","3","5","7","5","3","7","5","3","1","2","4","5","1","2","3","1","2","3","4","5","1","","1","2","3","4","5","6","","","","","1","2","1","2","2","1","3","4","2","6","1","5","1","5","6","8","9","7","3","4","2","10","5","4","8","7","2","1","6","3","9","8","6","9","11","3","4","10","2","7","5","1","Democrat","Joe Biden","Joe Biden","woman","White","","","","","","","","$20,001-$40,000","2yearColl","Texas","Bexar"
994164,"0","100","1106","1","1","30","16","23","8","11","0","0","12","80","40","80","70","70","43","90","50","24","18","21","7","17","5","0","8","7","3","1","6","5","5","7","3","5","6","6","6","2","6","2","1","7","6","2","2","7","6","4","2","6","3","6","2","5","3","5","3","5","1","6","3","2","5","4","1","3","2","5","1","2","3","2","1","3","4","5","1","","2","1","3","4","5","6","48","","","","1","2","1","2","1","2","6","4","3","2","1","5","1","5","9","8","7","6","2","3","4","10","7","8","4","3","2","1","9","6","5","10","5","4","3","2","9","8","11","6","7","1","Democrat","Joe Biden","Joe Biden","woman","White","","","","","","","","$0-$20,000","4yearColl","New York","Kings"
474644,"0","100","835","1","1","21","21","20","3","12","10","10","3","53","5","9","14","21","36","57","22","14","13","12","12","12","13","12","12","7","3","3","5","5","5","6","2","5","6","5","7","5","3","1","1","7","7","7","1","7","7","7","1","7","2","7","6","7","1","6","1","4","3","6","5","3","5","3","1","4","5","2","1","2","3","1","2","3","4","5","1","","2","1","3","4","5","6","53","","","None","1","2","1","2","1","2","2","4","3","5","1","6","1","6","8","10","5","7","2","4","3","9","8","3","6","5","7","1","4","9","2","9","4","3","2","10","5","7","8","11","6","1","Democrat","Joe Biden","Joe Biden","man","White","","","","","","","","$0-$20,000","GED","Washington","Pierce"
134874,"0","100","722","1","1","30","20","20","5","10","5","1","9","80","80","95","70","60","40","100","55","20","20","20","10","10","10","0","10","7","5","3","3","5","4","4","3","5","4","3","6","1","6","1","1","7","6","1","1","6","7","1","5","5","5","3","6","6","3","3","2","5","1","4","5","2","5","5","3","2","4","1","1","2","3","2","1","3","4","5","1","","2","1","3","4","5","6","29","","","No comments, thank you for letting me participate!","1","2","2","1","1","2","2","5","4","3","1","6","1","10","5","8","7","6","3","4","2","9","4","8","2","7","5","1","9","3","6","6","7","3","11","2","8","4","9","10","5","1","Democrat","Joe Biden","Joe Biden","man","White","","","","","","","","$40,001-$60,000","GED","New York","Madison"
268603,"0","100","1253","1","1","21","15","16","12","15","10","1","10","90","80","99","85","85","95","95","80","20","13","13","13","19","12","1","9","1","1","1","6","5","6","6","6","5","7","7","7","6","6","7","7","4","1","7","4","1","2","2","1","7","1","7","7","7","1","7","1","1","2","5","3","3","6","3","5","2","1","4","2","1","3","1","2","3","4","5","1","","2","1","3","4","5","6","69","","","This question always annoys me: ""Experts in this country don’t understand the lives of people like me""  Do you assume that everyone taking this survey is poor? Or somehow otherwise oppressed? I'm not. I'm white, professional, upper class, living in a 7-figure home I own outright in one of the most expensive cities in the US (Arcadia, CA). Why WOULDN'T experts or politicians or fill-in-the-blank-others understand me?!","2","1","2","1","2","1","4","3","5","2","1","6","1","7","6","5","9","8","2","4","3","10","3","6","7","2","9","1","8","4","5","9","5","8","2","7","10","3","6","4","11","1","Democrat","Joe Biden","Joe Biden","woman","White","","","","","","","","$100,001-$120,000","4yearColl","California","Los Angeles"
609635,"0","100","517","1","1","20","5","30","5","10","5","20","5","70","15","30","20","20","35","100","15","20","20","15","5","15","20","0","5","7","6","6","2","5","2","2","2","3","5","1","3","1","3","1","1","7","7","1","1","7","7","3","4","5","5","5","5","6","3","6","3","6","2","5","6","6","6","1","5","4","3","2","1","2","3","1","2","3","4","2","1","","1","2","3","4","5","6","20","","","","2","1","1","2","2","1","6","5","4","2","1","3","1","5","8","7","9","6","4","2","3","10","9","8","7","2","5","1","3","6","4","9","11","7","5","10","4","8","3","2","6","1","Independent","I did not vote","Joe Biden","man","White","","","","","","","","$40,001-$60,000","GED","Georgia","Liberty"
475127,"0","100","849","1","1","17","5","15","8","15","13","17","10","55","50","36","39","27","25","54","25","15","17","15","7","13","11","7","15","6","5","6","3","5","2","4","2","2","2","3","6","2","3","2","2","6","6","4","2","6","6","5","3","5","3","5","6","6","3","5","2","6","1","5","6","3","6","2","3","1","4","5","2","1","3","2","1","3","4","5","1","","1","2","3","4","5","6","42","","","","2","1","2","1","1","2","5","3","6","2","1","4","1","6","9","7","10","5","4","3","2","8","5","8","2","7","3","1","9","4","6","3","6","7","8","11","2","9","5","4","10","1","Democrat","Joe Biden","Joe Biden","man","White","","","","","","","","$0-$20,000","GED","Michigan","Genesee"
551876,"0","100","1264","1","1","20","20","20","5","5","15","5","10","50","90","85","90","90","100","100","50","20","20","20","5","5","10","0","20","6","5","6","3","5","6","3","7","5","2","3","2","1","6","1","1","7","7","1","1","7","7","2","6","6","5","5","7","3","2","7","3","5","1","6","6","3","6","4","1","2","3","5","2","1","3","2","1","3","4","5","1","","1","2","3","4","5","6","37","","","I do not think much needs to ""radically change"" on paper except to clarify certain things or add more restrictions to power / checks and balances. I do think we need to ""radically change"" how things are carried out and what we allow and are willing to tolerate (corruption, excessive executive orders, gerrymandering/redistricting, etc.) because most of what is wrong today does not come from our roots / the constitution.  ","2","1","2","1","1","2","5","3","6","2","1","4","1","10","6","9","7","8","2","4","3","5","9","5","8","4","3","1","7","2","6","6","9","7","10","3","2","11","8","4","5","1","Democrat","Joe Biden","Joe Biden","woman","White","","","","","","","","$40,001-$60,000","4yearColl","Maryland","Prince George's"
513996,"0","100","1136","1","1","24","8","18","10","26","7","7","0","50","50","47","55","63","49","45","31","13","4","22","14","21","8","5","13","4","4","5","4","5","4","4","4","2","4","3","4","3","2","2","2","6","6","4","4","5","7","4","3","4","4","5","4","5","4","4","2","6","4","4","4","5","4","5","1","4","2","3","2","1","3","2","1","3","4","2","1","","1","2","3","4","5","6","44","","","Thank you.","2","1","1","2","1","2","5","3","2","6","1","4","1","6","10","5","7","9","2","4","3","8","5","2","4","3","6","1","7","9","8","10","9","6","3","2","7","8","5","11","4","1","Independent","I did not vote","Robert F. Kennedy Jr.","woman","White","","","","","","","","$20,001-$40,000","GED","Illinois","DuPage"
736053,"0","100","1103","1","1","10","10","10","1","5","46","15","3","25","35","25","10","10","95","100","15","5","23","5","10","23","10","0","24","7","7","7","2","5","5","4","4","2","5","3","5","1","5","1","1","7","7","1","1","7","7","1","1","7","1","5","7","7","5","7","5","7","1","5","7","1","7","2","1","5","3","4","2","1","3","2","1","3","4","5","1","","1","2","3","4","5","6","66","","","I don't think that it is possible to say whether I trust the executive branch or the judicial branch without knowing the person involved. Trump is not the same as Biden, or even either Bush or Reagan. Sotomayor is not the same as Alito, Thomas, or Cannon. Our systems are so corrupt that the checks and balances, the guardrails, matter less than the degree of corruptness of the individual. ","2","1","2","1","1","2","2","6","3","4","1","5","1","7","9","8","10","6","3","2","4","5","8","5","6","7","9","1","2","3","4","11","8","7","4","2","10","5","9","6","3","1","Democrat","Joe Biden","Joe Biden","man","White","","","","","","","","$40,001-$60,000","2yearColl","Florida","Collier"
174247,"0","100","397","1","1","30","10","34","5","5","8","3","5","65","30","73","80","20","90","25","91","10","20","25","5","20","5","5","10","5","6","5","2","5","4","3","3","2","1","5","3","2","3","5","1","3","5","6","3","6","6","1","6","5","3","5","6","3","2","5","6","3","5","3","2","5","1","2","3","5","1","4","2","1","3","2","1","3","4","1","0","","2","1","3","4","5","6","18","","","","1","2","2","1","1","2","6","5","4","3","1","2","1","5","6","7","9","10","2","3","4","8","4","3","9","8","6","1","5","7","2","9","7","3","2","11","8","10","5","6","4","1","Republican","I did not vote","Donald Trump","man","White","","","","","","","","Over $200,000","GED","Illinois","Douglas"
579472,"0","100","327","1","1","24","14","7","12","13","13","6","11","88","60","69","60","81","78","46","82","16","12","7","11","21","13","6","14","3","3","3","5","5","6","6","6","6","6","6","7","6","6","5","5","5","5","4","4","5","5","5","3","5","3","5","5","5","2","5","2","4","4","5","5","5","5","2","4","1","5","3","2","1","3","2","1","3","4","5","1","","2","1","3","4","5","6","28","","","","1","2","2","1","2","1","6","3","5","4","1","2","1","9","7","5","6","8","3","4","2","10","8","7","6","5","3","1","9","4","2","7","11","4","2","9","6","5","8","10","3","1","Democrat","Joe Biden","Joe Biden","man","White","","","","","","","","$60,001-$80,000","MA","New York","Madison"
221097,"0","100","1337","1","1","30","15","10","3","25","10","2","5","85","80","75","50","70","65","60","80","23","5","25","2","10","25","5","5","4","1","2","7","5","7","7","6","6","6","6","7","7","7","1","1","6","6","3","1","7","7","5","1","6","2","7","4","6","1","6","1","2","1","5","1","6","7","1","3","5","2","4","1","2","3","1","2","3","4","3","1","","1","2","3","4","5","6","27","","","I enjoyed sharing my thoughts and opinions on how society is and how it should be and I hope my answers help with this study! Thank you for the opportunity to participate!","1","2","2","1","1","2","4","6","2","5","1","3","1","10","9","6","7","8","3","4","2","5","8","6","5","2","4","1","3","7","9","2","9","8","10","5","4","6","3","11","7","1","Independent","I did not vote","Donald Trump","man","White","","","","","","","","$20,001-$40,000","GED","California","Los Angeles"
873001,"0","100","1292","1","1","10","12","13","20","15","18","0","12","11","11","0","24","13","3","100","14","0","20","42","10","11","9","0","8","6","3","7","2","5","2","1","3","1","1","1","1","5","2","1","1","7","7","1","1","7","7","5","5","7","1","7","4","3","1","7","1","7","1","6","7","1","6","1","3","4","5","2","2","1","3","2","1","3","4","1","1","","2","1","3","4","5","6","30","","","","1","2","1","2","1","2","2","3","6","4","1","5","1","6","8","10","9","5","2","3","4","7","5","6","2","8","9","1","4","3","7","3","4","5","11","8","7","6","9","10","2","1","Democrat","Joe Biden","Joe Biden","man","White","","","","","","","","Over $200,000","MA","Washington","Pierce"
650463,"0","100","534","1","1","17","17","34","14","3","12","2","1","10","27","5","35","4","23","76","22","16","13","14","26","3","17","2","9","6","6","6","2","5","1","2","1","3","4","1","4","1","5","1","1","7","7","1","1","7","7","3","5","6","3","5","3","4","4","6","4","5","1","4","6","1","5","3","5","4","2","1","1","2","3","1","2","3","4","1","1","Giant Meteor","2","1","3","4","5","6","41","","","","2","1","2","1","1","2","2","4","6","3","1","5","1","6","5","10","9","8","4","2","3","7","2","8","3","5","7","1","9","4","6","7","3","6","8","10","4","9","2","11","5","1","Independent","I did not vote","Other","man","White","","","","","","","","$20,001-$40,000","GED","Missouri","Dent"
265796,"0","100","494","1","1","0","10","25","5","25","20","10","5","0","10","10","5","5","5","5","5","0","23","17","12","12","12","12","12","6","6","6","3","5","5","5","5","5","6","6","7","6","6","3","3","7","7","1","1","7","7","6","4","7","1","6","7","6","1","7","1","6","","","","","","1","2","4","5","3","1","2","3","1","2","3","4","5","1","","2","1","3","4","5","6","41","","","","2","1","2","1","1","2","3","5","4","6","1","2","1","5","6","10","9","7","3","4","2","8","5","2","8","4","3","1","6","9","7","4","6","8","10","3","7","2","5","9","11","1","Republican","Donald Trump","Donald Trump","woman","White","","","","","","","","$0-$20,000","GED","Texas","Hardin"
450641,"0","100","1337","1","1","20","20","15","5","12","20","3","5","30","20","16","20","5","30","95","10","25","15","11","12","16","12","1","8","7","6","5","2","5","2","5","1","6","6","1","2","1","2","5","4","7","6","5","2","6","6","5","5","5","6","6","5","5","3","3","2","6","1","6","5","1","5","4","5","1","2","3","1","2","3","1","2","3","4","5","1","","2","1","3","4","5","6","43","","","","2","1","1","2","2","1","3","4","5","2","1","6","1","9","7","5","6","8","3","2","4","10","8","2","3","5","4","1","6","9","7","2","6","3","8","7","9","11","10","5","4","1","Democrat","Joe Biden","Joe Biden","man","White","","","","","","","","$160,001-$180,000","4yearColl","North Carolina","Wake"
736441,"0","100","543","1","1","0","11","12","20","11","33","9","4","81","9","10","8","3","5","10","20","5","10","20","20","15","15","10","5","7","7","6","1","5","2","1","2","1","3","2","3","3","2","1","7","7","7","6","1","7","7","5","1","7","1","7","5","7","1","7","1","7","4","7","1","7","4","3","5","1","2","4","1","2","3","1","2","3","4","5","1","","2","1","3","4","5","6","33","","","","2","1","1","2","1","2","3","2","5","4","1","6","1","9","7","5","10","6","2","4","3","8","2","4","9","3","8","1","7","6","5","9","6","2","11","5","4","8","7","3","10","1","Republican","Donald Trump","Robert F. Kennedy Jr.","woman","White","","","","","","","","$40,001-$60,000","GED","California","Riverside"
538516,"0","100","1563","1","1","19","10","17","9","21","19","0","5","73","55","72","31","76","63","15","45","11","11","14","11","25","14","3","11","5","6","6","5","5","6","2","5","5","6","5","5","5","4","5","6","7","6","3","3","5","6","6","5","5","5","5","5","5","2","6","6","5","3","5","5","4","5","3","2","5","4","1","1","2","3","1","2","3","4","4","1","","1","2","3","4","5","6","34","","","","1","2","1","2","1","2","6","3","5","4","1","2","1","7","8","9","5","10","3","4","2","6","6","9","3","4","8","1","7","5","2","8","10","5","3","11","7","2","4","9","6","1","Republican","Donald Trump","Donald Trump","man","White","","","","","","","","$80,001-$100,000","4yearColl","New York","Bronx"
765623,"0","100","593","1","1","4","15","20","5","18","18","20","0","10","20","10","30","5","5","10","30","5","10","20","15","20","10","20","0","7","7","6","1","5","1","2","1","1","1","2","2","1","1","4","6","7","5","6","7","3","7","2","5","6","3","5","7","2","2","6","2","6","5","3","2","5","1","3","2","1","4","5","1","2","3","2","1","3","4","5","1","","2","1","3","4","5","6","55","","","","2","1","1","2","1","2","2","4","6","5","1","3","1","8","9","6","5","7","4","3","2","10","6","2","7","4","5","1","8","3","9","9","10","5","8","4","3","2","6","7","11","1","Independent","Donald Trump","Robert F. Kennedy Jr.","man","White","","","","","","","","$80,001-$100,000","GED","Utah","Salt Lake"
375819,"0","100","1027","1","1","8","4","48","4","5","4","15","12","51","13","20","78","40","43","17","31","5","6","4","9","0","9","46","21","5","6","5","2","5","2","2","2","1","3","1","3","1","1","4","2","5","6","2","4","3","6","3","4","5","2","5","6","3","2","6","5","6","6","2","3","4","","3","5","1","4","2","1","2","3","2","1","3","4","3","0","","1","2","3","4","5","6","51","","","","2","1","1","2","2","1","5","4","6","2","1","3","1","10","8","9","5","7","4","2","3","6","9","7","3","6","4","1","8","5","2","8","5","2","7","6","3","9","10","11","4","1","Independent","Donald Trump","Donald Trump","man","White","","","","","","","","$40,001-$60,000","GED","Texas","Harris"
772576,"0","100","584","1","1","20","20","20","0","10","10","10","10","16","60","86","28","54","99","71","63","15","10","20","30","5","5","0","15","6","5","5","3","3","5","5","5","5","5","5","6","5","6","6","2","6","6","4","4","6","6","3","2","6","6","2","6","6","2","6","6","7","2","2","2","2","2","2","3","4","1","5","1","2","3","2","1","3","4","1","0","","2","1","3","4","5","6","38","","","","2","1","2","1","1","2","2","5","3","6","1","4","1","5","9","8","6","7","3","4","2","10","7","6","5","2","9","1","8","4","3","3","11","7","9","2","8","6","5","4","10","1","Independent","I did not vote","Donald Trump","woman","White","","","","","","","","$0-$20,000","noHS","Alabama","Madison"
490803,"0","100","654","1","1","0","50","50","0","0","0","0","0","2","20","50","10","23","50","52","43","0","50","50","0","0","0","0","0","7","6","6","2","5","2","2","2","2","4","3","5","5","3","4","4","7","7","1","3","7","7","3","4","5","2","5","7","7","2","6","3","7","3","1","1","1","1","4","2","1","5","3","1","2","3","2","1","3","4","1","0","","1","2","3","4","5","6","41","","","","1","2","2","1","1","2","3","5","6","4","1","2","1","10","9","7","5","6","3","2","4","8","3","7","5","6","9","1","4","2","8","2","9","3","4","8","7","6","11","10","5","1","Republican","I did not vote","Donald Trump","woman","White","","","","","","","","$60,001-$80,000","GED","Tennessee","Hamilton"
667467,"0","100","376","1","1","3","0","71","0","0","3","20","3","12","11","54","4","15","","60","11","19","8","70","0","3","0","0","0","5","6","6","2","5","2","3","3","5","4","3","4","4","4","3","4","6","3","4","3","5","5","1","5","2","6","4","7","4","6","2","5","6","2","5","5","5","","4","3","1","5","2","1","2","3","2","1","3","4","1","0","","1","2","3","4","5","6","29","","","","2","1","2","1","2","1","6","4","5","3","1","2","1","10","5","9","7","8","2","3","4","6","4","6","3","7","2","1","5","8","9","4","8","3","9","10","5","11","6","2","7","1","Independent","Third-party candidate","Other","woman","White","","","","","","","","Prefer not to answer",NA,"Michigan","Macomb"
146867,"0","100","401","1","1","15","15","15","10","15","10","10","10","50","75","85","75","75","60","60","50","1","23","25","10","24","9","6","2","3","5","6","5","5","5","5","6","5","6","6","7","6","3","3","1","7","7","1","1","7","7","6","1","6","1","5","1","6","1","6","2","6","5","2","2","2","3","3","1","4","2","5","1","2","3","2","1","3","4","3","1","","1","2","3","4","5","6","51","","","","2","1","2","1","1","2","6","2","3","4","1","5","1","9","8","5","6","7","2","4","3","10","3","5","2","9","8","1","4","7","6","5","8","7","11","3","6","4","10","2","9","1","Republican","I did not vote","Donald Trump","man","White","","","","","","","","$80,001-$100,000","GED","Florida","Seminole"
708228,"0","100","1512","1","1","12","13","13","12","13","12","12","13","50","25","25","25","50","25","50","25","13","13","13","13","12","12","12","12","7","7","7","1","5","1","1","1","1","4","1","1","1","4","1","1","7","7","1","1","7","7","1","3","5","5","3","7","5","5","7","7","5","2","2","5","2","3","1","4","3","5","2","2","1","3","2","1","3","4","5","1","","2","1","3","4","5","6","47","","","none thank you","2","1","2","1","2","1","3","5","4","6","1","2","1","9","7","6","8","10","3","4","2","5","9","3","7","2","8","1","4","5","6","5","8","2","11","7","3","4","6","10","9","1","Democrat","Joe Biden","Joe Biden","man","White","","","","","","","","$60,001-$80,000","GED","Connecticut","Hartford"
139001,"0","100","381","1","1","28","0","31","4","4","25","8","0","9","0","4","11","3","5","21","0","25","0","20","11","14","26","4","0","7","7","7","1","5","1","1","1","1","1","1","1","1","1","2","1","7","7","6","1","7","6","4","2","7","2","5","5","4","1","6","3","7","5","2","2","4","3","1","3","2","4","5","2","1","3","2","1","3","4","5","1","","1","2","3","4","5","6","37","","","None","2","1","1","2","2","1","6","5","3","4","1","2","1","10","8","6","5","7","4","2","3","9","2","3","8","6","4","1","5","7","9","3","5","6","10","7","8","4","11","9","2","1","Republican","Donald Trump","Donald Trump","man","White","","","","","","","","$20,001-$40,000","GED","New York","Niagara"
829360,"0","100","348","1","1","20","10","50","0","0","0","20","0","20","80","70","100","70","50","50","10","20","20","50","0","0","0","10","0","5","7","6","1","5","1","1","5","1","2","7","6","2","6","5","1","7","7","5","2","5","7","3","1","5","5","1","5","7","1","5","4","7","7","1","1","","1","2","1","5","4","3","1","2","3","1","2","3","4","5","1","","2","1","3","4","5","6","25","","","","2","1","2","1","2","1","4","2","5","3","1","6","1","5","10","9","7","8","2","3","4","6","3","8","7","2","6","1","9","4","5","8","11","4","3","6","2","5","9","10","7","1","Republican","Donald Trump","Donald Trump","woman","White","","","","","","","","$60,001-$80,000","GED","Utah","Salt Lake"
247242,"0","100","431","1","1","5","5","50","1","17","5","16","1","0","0","70","100","10","100","50","10","0","0","25","0","25","25","25","0","7","7","7","1","5","1","1","3","1","2","5","5","1","4","6","6","4","2","6","4","4","2","1","3","2","7","4","6","2","3","3","7","4","5","1","1","5","1","3","2","4","5","1","1","2","3","2","1","3","4","1","0","","1","2","3","4","5","6","31","","","","2","1","1","2","1","2","5","2","3","4","1","6","1","9","6","5","8","7","2","3","4","10","4","5","9","8","7","1","3","6","2","7","4","5","2","10","3","9","8","6","11","1","Independent","Third-party candidate","Donald Trump","man","White","","","","","","","","$20,001-$40,000","GED","Kansas","Sedgwick"
598930,"0","100","683","1","1","10","5","30","5","30","5","10","5","50","80","70","90","60","50","80","85","15","10","30","5","20","5","10","5","6","6","6","1","5","2","1","5","1","3","5","5","1","3","5","6","5","7","4","4","5","6","1","2","3","7","2","7","6","7","2","5","1","6","2","3","7","3","1","5","4","2","3","2","1","3","1","2","3","4","2","0","","2","1","3","4","5","6","34","","","","2","1","1","2","2","1","6","3","4","2","1","5","1","8","9","6","7","5","2","3","4","10","4","9","7","3","6","1","5","8","2","7","10","2","11","4","8","5","3","6","9","1","Republican","Donald Trump","Donald Trump","man","White","","","","","","","","$0-$20,000","GED","Rhode Island","Kent"
564923,"0","100","493","1","1","12","14","12","12","14","12","12","12","50","50","50","50","50","50","50","50","2","22","6","2","24","25","16","3","4","4","4","4","5","4","4","4","4","4","4","4","3","4","4","1","6","7","3","3","6","6","4","3","5","3","6","5","6","2","5","4","5","4","","4","","","2","3","1","4","5","1","2","3","1","2","3","4","5","1","","2","1","3","4","5","6","29","","","","2","1","2","1","2","1","3","5","6","2","1","4","1","7","6","8","5","10","3","2","4","9","5","3","2","9","7","1","8","4","6","3","6","2","10","7","4","11","9","5","8","1","Independent","Joe Biden","Joe Biden","woman","White","","","","","","","","$40,001-$60,000","GED","Oregon","Columbia"
464652,"0","100","572","1","1","14","5","16","13","16","15","13","8","75","50","70","90","65","85","65","85","12","2","18","13","15","16","15","9","6","6","5","2","5","2","1","6","2","4","5","7","1","2","6","3","2","5","7","4","2","5","2","1","7","2","6","6","7","1","6","2","2","6","1","1","3","1","5","4","2","1","3","1","2","3","1","2","3","4","5","1","","2","1","3","4","5","6","40","","","","1","2","2","1","1","2","4","6","2","3","1","5","1","7","5","8","10","9","2","4","3","6","7","2","9","3","8","1","4","6","5","5","9","8","6","2","10","7","4","3","11","1","Republican","Donald Trump","Donald Trump","man","White","","","","","","","","$20,001-$40,000","GED","South Carolina","York"
209255,"0","100","718","1","1","25","20","25","15","5","5","0","5","0","0","0","0","0","0","0","0","20","20","20","15","10","10","0","5","7","7","6","1","5","1","1","3","1","4","2","1","1","3","1","1","6","6","5","2","6","5","3","5","6","5","4","6","5","3","4","1","5","1","2","6","5","5","2","4","3","5","1","1","2","3","2","1","3","4","3","1","","1","2","3","4","5","6","30","","","","2","1","1","2","1","2","5","2","6","4","1","3","1","7","10","5","9","6","3","2","4","8","3","2","5","7","6","1","9","8","4","11","2","6","7","10","5","9","8","3","4","1","Independent","Third-party candidate","Robert F. Kennedy Jr.","man","White","","","","","","","","$80,001-$100,000","GED","Indiana","Madison"
896046,"0","100","458","1","1","15","0","35","10","10","15","15","0","75","60","85","70","65","70","85","65","15","5","20","15","15","15","10","5","5","5","5","4","5","3","6","6","3","4","4","7","3","6","3","4","7","5","7","7","3","5","1","4","3","4","3","7","6","4","6","5","2","5","3","1","5","3","4","5","1","2","3","2","1","3","1","2","3","4","4","0","","1","2","3","4","5","6","30","","","","2","1","2","1","2","1","5","3","6","4","1","2","1","7","10","8","9","6","4","2","3","5","9","2","5","4","3","1","6","8","7","11","4","10","7","8","9","5","3","6","2","1","Republican","Donald Trump","Donald Trump","man","White","","","","","","","","$20,001-$40,000","noHS","New Jersey","Ocean"
399038,"0","100","345","1","1","18","17","24","5","19","13","1","3","20","28","32","45","44","31","21","15","22","9","30","6","8","25","0","0","7","7","7","1","5","2","2","3","1","3","3","3","1","4","3","5","5","5","4","6","4","4","3","4","5","3","3","4","2","2","5","1","6","4","1","3","3","1","2","4","5","1","3","2","1","3","2","1","3","4","5","1","","1","2","3","4","5","6","44","","","","1","2","2","1","1","2","4","5","3","2","1","6","1","7","6","10","5","9","2","4","3","8","7","4","8","3","2","1","5","6","9","4","6","8","2","10","11","5","7","9","3","1","Republican","Joe Biden","Donald Trump","man","White","","","","","","","","$20,001-$40,000","GED","Michigan","Midland"
702265,"0","100","1016","1","1","25","5","25","1","25","10","8","1","5","1","10","6","1","4","1","6","20","20","20","1","20","2","16","1","5","7","7","1","5","2","1","1","1","1","7","7","1","5","1","1","7","7","7","1","1","5","4","1","7","2","4","5","7","1","5","2","1","7","1","1","2","1","2","5","3","1","4","1","2","3","1","2","3","4","5","1","","1","2","3","4","5","6","80","","","","2","1","2","1","2","1","2","3","5","4","1","6","1","8","10","5","9","7","2","4","3","6","5","2","3","8","7","1","4","9","6","2","5","8","4","3","6","7","11","10","9","1","Republican","Donald Trump","Donald Trump","woman","White","","","","","","","","$40,001-$60,000","GED","New Jersey","Cape May"
723371,"0","100","646","1","1","25","15","13","1","15","15","15","1","51","3","23","6","20","14","80","3","20","20","11","10","20","10","0","9","7","5","6","5","5","2","2","1","2","1","5","5","1","3","2","1","7","7","5","3","6","6","5","2","7","1","7","3","6","1","6","3","7","3","6","4","4","3","3","5","1","2","4","1","2","3","2","1","3","4","5","1","","1","2","3","4","5","6","58","","","","2","1","1","2","2","1","5","3","2","4","1","6","1","5","7","9","8","10","3","2","4","6","8","7","9","2","6","1","4","5","3","4","7","9","6","3","8","2","11","5","10","1","Independent","Joe Biden","Joe Biden","woman","White","","","","","","","","$60,001-$80,000","GED","Florida","Martin"
517582,"0","100","564","1","1","19","14","19","0","18","18","12","0","0","0","0","0","0","0","0","0","15","15","15","13","14","13","13","2","6","6","5","2","5","1","1","2","1","2","4","3","1","1","1","1","7","7","4","1","7","7","4","2","4","5","3","5","7","2","6","5","7","6","1","1","1","5","3","4","2","5","1","2","1","3","2","1","3","4","5","1","","1","2","3","4","5","6","47","","","","1","2","1","2","1","2","6","2","5","4","1","3","1","10","8","9","7","6","3","2","4","5","7","4","3","9","5","1","2","6","8","11","10","4","9","6","5","7","3","2","8","1","Republican","Donald Trump","Donald Trump","woman","White","","","","","","","","Prefer not to answer","GED","South Dakota","Walworth"
259557,"0","100","453","1","1","20","20","20","5","20","5","5","5","50","45","90","50","50","50","10","50","20","20","20","5","20","5","5","5","3","3","4","5","5","6","6","6","4","6","6","7","6","6","1","1","6","6","2","1","7","7","3","1","7","5","2","4","4","1","4","6","3","2","","","","","5","2","1","3","4","2","1","3","2","1","3","4","4","1","","1","2","3","4","5","6","63","","","","1","2","2","1","2","1","3","5","2","4","1","6","1","7","8","10","6","9","3","2","4","5","8","7","3","6","5","1","2","4","9","3","9","5","11","8","2","6","10","4","7","1","Independent","Joe Biden","Joe Biden","woman","White","","","","","","","","$20,001-$40,000","GED","New York","Erie"
482787,"0","100","507","1","1","22","0","29","5","8","6","30","0","33","25","50","8","15","10","75","0","16","12","12","12","12","12","12","12","3","5","4","4","5","4","4","4","3","3","4","4","2","3","4","3","5","4","4","4","5","6","5","4","5","4","6","3","5","4","5","2","6","4","4","4","4","4","3","5","1","2","4","2","1","3","2","1","3","4","5","1","","1","2","3","4","5","6","42","","","No issues with task, thank you.","2","1","1","2","1","2","3","5","4","6","1","2","1","6","5","7","10","9","4","3","2","8","8","9","2","3","7","1","6","5","4","4","6","9","5","2","8","10","3","7","11","1","Independent","Joe Biden","Joe Biden","man","White","","","","","","","","$20,001-$40,000","GED","North Carolina","Wake"
176829,"0","100","867","1","1","8","42","50","0","0","0","0","0","0","42","40","0","0","38","12","0","0","28","42","0","0","20","10","0","6","7","7","1","5","1","1","1","3","4","1","5","1","2","1","1","7","6","2","6","6","6","2","2","3","6","2","2","5","6","2","5","7","5","2","3","2","5","5","4","2","3","1","1","2","3","2","1","3","4","1","0","","1","2","3","4","5","6","48","","","n/a","1","2","1","2","2","1","2","3","4","5","1","6","1","7","6","10","5","9","3","4","2","8","3","5","7","6","4","1","2","9","8","7","9","5","6","8","10","11","3","2","4","1","Independent","Donald Trump","Donald Trump","woman","White","","","","","","","","$60,001-$80,000","GED","Kentucky","Hardin"
200586,"0","100","239","1","1","0","50","20","0","0","0","30","0","13","45","20","75","24","24","25","46","0","70","0","0","0","0","30","0","5","5","4","4","5","5","4","3","5","5","4","6","5","4","5","4","6","5","5","3","5","7","3","4","5","6","5","2","5","5","5","4","6","3","6","5","","5","3","2","4","5","1","2","1","3","2","1","3","4","5","1","","1","2","3","4","5","6","24","","","","1","2","2","1","2","1","4","6","5","3","1","2","1","9","8","7","10","6","4","3","2","5","7","2","6","5","4","1","8","9","3","3","8","9","6","4","10","7","2","5","11","1","Independent","Donald Trump","Donald Trump","man","White","","","","","","","","$60,001-$80,000","GED","Ohio","Trumbull"
442266,"0","100","2252","1","1","0","1","29","7","7","40","16","0","14","37","0","100","1","100","1","100","5","15","25","10","10","10","15","10","1","2","1","5","5","5","5","6","5","3","7","7","7","1","7","1","7","7","7","7","1","7","6","1","7","1","7","7","7","1","7","1","4","7","1","1","2","1","3","5","4","1","2","2","1","3","2","1","3","4","5","1","","1","2","3","4","5","6","31","","","","2","1","2","1","2","1","2","6","3","4","1","5","1","5","9","10","6","8","3","4","2","7","8","3","6","2","4","1","7","9","5","8","6","10","9","4","7","2","5","11","3","1","Republican","Donald Trump","Donald Trump","man","White","","","","","","","","$40,001-$60,000","GED","Nevada","Clark"
614305,"0","100","231","1","1","29","7","45","0","3","16","0","0","1","1","1","100","1","1","1","1","0","0","47","0","20","33","0","0","6","6","6","3","5","3","3","3","3","4","3","3","3","4","7","6","4","4","7","4","6","6","6","3","7","3","7","7","7","3","6","3","6","4","1","3","1","3","4","1","5","2","3","1","2","3","1","2","3","4","3","1","","2","1","3","4","5","6","38","","","","1","2","2","1","1","2","5","6","4","2","1","3","1","7","5","8","10","9","4","2","3","6","9","7","3","4","5","1","6","8","2","3","10","4","6","7","2","8","5","9","11","1","Republican","Donald Trump","Donald Trump","man","White","","","","","","","","$20,001-$40,000","GED","Kentucky","Knott"
372274,"0","100","1176","1","1","15","8","21","13","17","14","7","5","66","67","47","58","37","58","68","73","12","10","23","17","16","5","7","10","6","4","3","2","5","3","2","3","1","2","3","5","3","1","1","5","6","6","5","2","7","7","5","3","6","4","7","6","7","2","5","3","5","7","1","5","5","2","4","2","5","1","3","2","1","3","1","2","3","4","1","0","","1","2","3","4","5","6","25","","","No comment ","2","1","1","2","1","2","6","2","3","5","1","4","1","10","8","6","9","7","3","4","2","5","4","3","6","2","8","1","7","9","5","2","6","11","3","10","5","9","4","7","8","1","Republican","I did not vote","Donald Trump","woman","White","","","","","","","","$40,001-$60,000","GED","Alabama","Cullman"
948511,"0","100","905","1","1","20","5","25","15","20","10","5","0","51","37","78","63","87","80","81","70","10","10","25","10","15","15","5","10","5","5","5","5","5","6","7","6","4","4","5","7","5","6","3","5","6","6","4","2","4","7","3","2","6","5","4","6","7","4","6","3","6","6","3","3","3","5","5","4","2","1","3","2","1","3","1","2","3","4","3","1","","1","2","3","4","5","6","59","","",NA,"1","2","2","1","1","2","5","4","3","2","1","6","1","5","10","7","8","6","3","4","2","9","8","4","6","7","2","1","3","9","5","4","7","10","5","6","2","9","11","3","8","1","Republican","I did not vote","Robert F. Kennedy Jr.","woman","White","","","","","","","","$20,001-$40,000","GED","Maryland","Anne Arundel"
533560,"0","100","426","1","1","12","1","50","7","10","6","12","2","11","48","30","7","6","3","46","79","12","0","50","8","15","5","9","1","3","7","6","2","5","1","1","5","1","2","5","6","1","1","4","5","3","4","7","6","1","5","1","6","5","3","1","6","1","2","5","7","1","2","1","1","7","1","4","5","2","1","3","1","2","3","1","2","3","4","5","1","","2","1","3","4","5","6","46","","","","2","1","2","1","2","1","6","5","2","3","1","4","1","6","8","5","10","9","4","2","3","7","5","3","9","4","6","1","7","8","2","11","4","8","9","2","6","10","5","3","7","1","Independent","Donald Trump","Robert F. Kennedy Jr.","man","White","","","","","","","","$0-$20,000","GED","South Dakota","Yankton"
795248,"0","100","473","1","1","2","27","27","3","2","27","10","2","50","95","20","17","30","1","34","86","1","17","29","11","10","19","12","1","4","7","5","1","5","1","1","5","1","1","2","3","1","3","4","1","4","4","6","4","4","5","3","5","5","5","5","5","6","3","5","5","3","5","3","1","6","2","5","3","1","4","2","2","1","3","2","1","3","4","5","1","","1","2","3","4","5","6","41","","","","2","1","2","1","2","1","5","3","2","4","1","6","1","5","6","10","9","8","4","2","3","7","6","7","9","2","5","1","8","3","4","6","10","4","5","7","9","2","8","3","11","1","Independent","Donald Trump","Robert F. Kennedy Jr.","woman","White","","","","","","","","$40,001-$60,000","GED","Colorado","El Paso"
345938,"0","100","636","1","1","30","0","30","0","10","15","15","0","55","85","85","70","25","45","75","50","28","25","27","0","0","20","0","0","7","6","5","3","5","4","1","4","1","3","4","5","4","5","3","1","7","7","3","2","7","7","2","5","7","4","6","7","5","4","7","7","5","","","","","","5","4","1","3","2","1","2","3","2","1","3","4","2","0","","2","1","3","4","5","6","18","","","","2","1","2","1","2","1","6","4","5","2","1","3","1","8","9","6","7","5","2","3","4","10","8","4","5","6","7","1","2","3","9","10","2","5","8","3","4","6","11","9","7","1","Independent","I did not vote","Robert F. Kennedy Jr.","man","White","","","","","","","","$40,001-$60,000","GED","Virginia","Campbell"
917294,"0","100","324","1","1","30","0","30","0","10","10","20","0","90","62","90","50","92","93","65","52","25","0","25","10","20","10","10","0","6","6","6","2","5","2","3","6","2","6","6","6","5","3","2","2","6","4","4","4","4","4","2","1","6","3","2","6","5","1","6","6","3","7","1","1","","1","4","5","2","1","3","1","2","3","2","1","3","4","3","1","Nikki Haley","1","2","3","4","5","6","54","","","","2","1","2","1","2","1","4","6","2","5","1","3","1","5","7","9","6","10","3","2","4","8","2","9","7","5","8","1","3","6","4","7","4","2","6","8","3","5","10","9","11","1","Republican","Donald Trump","Other","man","White","","","","","","","","$80,001-$100,000","GED","Pennsylvania","Lancaster"
833526,"0","100","1099","1","1","0","0","29","14","15","14","28","0","40","3","35","30","38","70","71","82","0","0","19","21","18","18","24","0","6","7","5","1","5","1","1","1","1","1","4","1","1","1","1","1","4","4","7","7","4","7","3","5","6","5","5","6","5","4","3","2","6","4","1","1","6","1","2","1","4","3","5","2","1","3","1","2","3","4","4","1","","2","1","3","4","5","6","32","","","","1","2","1","2","1","2","2","3","4","6","1","5","1","10","6","5","8","7","4","3","2","9","8","2","3","9","7","1","4","6","5","2","5","7","11","10","6","4","3","8","9","1","Independent","Donald Trump","Donald Trump","man","White","","","","","","","","$20,001-$40,000","GED","Montana","Powder River"
202315,"0","100","587","1","1","15","16","10","35","10","14","0","0","5","15","5","81","5","60","3","51","0","35","40","0","0","25","0","0","6","6","7","3","5","6","3","5","1","3","5","5","1","2","4","5","7","6","3","4","5","5","3","1","6","5","6","7","7","5","3","2","7","3","5","2","5","6","4","1","2","5","3","1","2","3","2","1","3","4","1","0","","2","1","3","4","5","6","40","","","","1","2","2","1","2","1","4","3","5","2","1","6","1","8","10","6","7","5","3","4","2","9","7","8","6","3","5","1","4","2","9","7","8","6","9","11","5","10","4","3","2","1","Independent","I did not vote","Robert F. Kennedy Jr.","woman","White","","","","","","","","$40,001-$60,000","GED","Nebraska","Douglas"
140958,"0","100","272","1","1","15","8","21","6","16","11","19","4","45","40","44","57","51","31","75","38","15","15","16","7","20","21","1","5","7","7","6","1","5","2","2","2","1","5","3","5","1","4","4","4","5","5","3","3","6","6","2","3","6","3","4","7","5","2","6","2","6","2","4","6","4","5","3","4","1","2","5","1","2","3","1","2","3","4","5","1","","2","1","3","4","5","6","35","","","","2","1","1","2","1","2","4","5","3","6","1","2","1","5","10","9","7","8","3","4","2","6","6","5","7","3","4","1","9","8","2","10","8","3","6","2","11","9","4","5","7","1","Independent","Joe Biden","Joe Biden","man","White","","","","","","","","$40,001-$60,000","GED","Washington","King"
458939,"0","100","481","1","1","10","20","20","10","20","5","5","10","50","30","30","30","40","30","60","30","20","25","25","10","10","5","0","5","6","5","5","5","5","3","3","5","4","3","4","5","3","5","2","4","6","7","5","3","6","6","4","1","6","2","6","5","5","1","6","2","6","5","5","5","","5","3","5","1","4","2","2","1","3","1","2","3","4","5","1","","2","1","3","4","5","6","49","","","","2","1","2","1","1","2","3","5","4","2","1","6","1","10","7","9","5","6","4","2","3","8","3","8","4","7","9","1","6","2","5","3","9","2","10","5","7","4","8","11","6","1","Independent","I did not vote","Joe Biden","man","White","","","","","","","","$0-$20,000","GED","Connecticut","Windham"
292142,"0","100","226","1","1","17","15","16","14","13","12","13","0","49","48","46","46","44","47","48","42","15","13","13","10","15","11","11","12","4","4","4","4","5","4","4","4","4","4","4","4","4","4","4","4","4","4","4","4","4","4","4","4","4","4","4","4","4","4","4","4","4","1","1","1","1","1","5","1","3","2","4","2","1","3","2","1","3","4","1","0","","2","1","3","4","5","6","24","","","","2","1","2","1","2","1","2","4","3","6","1","5","1","5","10","8","6","7","3","4","2","9","7","9","6","2","4","1","8","3","5","5","4","7","6","3","11","2","10","9","8","1","Independent","I did not vote","Joe Biden","man","White","","","","","","","","Prefer not to answer","GED","California","Los Angeles"
305579,"0","100","409","1","1","15","0","49","0","16","0","13","7","25","20","71","18","45","50","51","51","0","33","0","0","37","0","0","30","5","6","6","3","5","2","2","6","4","4","6","7","4","5","1","1","7","7","1","2","7","7","2","2","7","7","4","6","7","1","4","4","5","4","4","","","","5","3","2","4","1","2","1","3","1","2","3","4","5","1","","1","2","3","4","5","6","52","","","","2","1","2","1","1","2","3","4","6","2","1","5","1","9","7","8","10","5","4","3","2","6","5","2","7","3","4","1","6","8","9","3","8","7","4","6","11","5","9","2","10","1","Republican","I did not vote","Donald Trump","woman","White","","","","","","","","$0-$20,000","GED","South Carolina","Kershaw"
106089,"0","100","517","1","1","50","1","22","3","18","3","3","0","51","11","50","18","37","18","41","22","49","22","13","14","2","0","0","0","5","5","5","2","5","3","3","3","4","4","4","6","2","2","5","5","6","6","4","4","6","6","4","2","6","4","4","5","5","2","5","4","4","4","4","4","4","3","3","2","1","5","4","2","1","3","2","1","3","4","2","1","","1","2","3","4","5","6","55","","","","2","1","1","2","1","2","5","6","3","4","1","2","1","6","5","8","7","10","3","4","2","9","8","4","5","7","2","1","9","6","3","2","7","11","5","8","9","6","3","10","4","1","Independent","Donald Trump","Robert F. Kennedy Jr.","woman","White","","","","","","","","$40,001-$60,000","GED","Florida","Pasco"
779843,"0","100","699","1","1","25","0","35","0","20","0","20","0","75","35","90","45","80","70","90","45","20","10","20","10","20","5","5","10","1","2","2","6","5","7","7","7","6","7","7","7","6","7","6","1","6","5","2","2","6","7","2","5","5","5","1","6","4","1","4","5","2","4","1","1","5","2","1","5","4","3","2","2","1","3","2","1","3","4","1","0","","2","1","3","4","5","6","29","","","","2","1","2","1","2","1","2","4","5","3","1","6","1","10","5","8","6","7","3","2","4","9","4","5","9","3","7","1","2","8","6","8","3","6","5","2","7","11","9","10","4","1","Independent","I did not vote","Donald Trump","man","White","","","","","","","","$20,001-$40,000","GED","Pennsylvania","Indiana"
229649,"0","100","317","1","1","19","37","41","0","3","0","0","0","64","80","35","17","32","18","17","86","34","41","25","0","0","0","0","0","7","1","7","2","5","2","2","2","1","3","6","7","2","2","7","3","5","7","6","5","4","7","5","2","7","6","5","6","6","5","3","1","7","7","1","1","1","2","3","4","2","1","5","2","1","3","2","1","3","4","5","1","","1","2","3","4","5","6","37","","","","2","1","1","2","1","2","2","3","5","6","1","4","1","9","8","7","10","5","3","4","2","6","7","8","2","4","9","1","6","3","5","10","11","4","2","9","5","3","8","6","7","1","Republican","Donald Trump","Donald Trump","woman","White","","","","","","","","$40,001-$60,000","GED","Indiana","Allen"
321283,"0","100","585","1","1","20","20","20","0","22","7","11","0","20","34","18","67","7","5","82","100","15","15","15","5","25","15","10","0","7","5","6","3","5","2","3","6","1","3","3","4","1","2","1","1","7","7","4","3","5","6","3","2","7","3","6","6","6","2","5","1","7","3","2","2","2","2","1","3","5","4","2","1","2","3","2","1","3","4","3","1","","1","2","3","4","5","6","29","","","","1","2","1","2","2","1","4","6","5","2","1","3","1","5","10","8","9","6","2","3","4","7","3","5","2","4","7","1","6","8","9","4","11","9","5","3","10","8","7","2","6","1","Independent","Donald Trump","Robert F. Kennedy Jr.","man","White","","","","","","","","$60,001-$80,000","GED","Minnesota","Ramsey"
362116,"0","100","399","1","1","0","4","27","0","27","18","24","0","40","50","50","50","40","100","70","50","0","10","25","0","20","20","25","0","4","7","4","2","5","1","1","2","2","2","2","4","3","2","4","4","4","4","1","6","1","5","1","5","6","4","3","6","3","2","5","4","2","7","1","1","5","1","1","2","5","4","3","2","1","3","2","1","3","4","5","1","","1","2","3","4","5","6","39","","","","2","1","2","1","1","2","6","5","2","4","1","3","1","8","6","10","9","7","3","4","2","5","6","2","4","8","3","1","7","9","5","3","2","6","4","7","11","8","5","10","9","1","Republican","Donald Trump","Donald Trump","man","","","Black or African American","","","","","","$80,001-$100,000","GED","Nevada","Clark"
311428,"0","100","1462","1","1","5","30","30","5","5","15","5","5","7","46","32","10","28","28","18","7","3","41","36","3","6","5","2","4","4","4","4","4","5","4","4","4","3","2","4","4","3","3","4","4","4","4","4","4","4","4","4","4","5","5","4","4","4","4","4","4","4","2","2","3","2","2","5","2","3","1","4","2","1","3","2","1","3","4","4","1","","1","2","3","4","5","6","30","","","","2","1","1","2","1","2","3","6","4","5","1","2","1","6","9","8","10","5","2","4","3","7","6","5","9","8","7","1","3","4","2","8","11","3","10","2","6","7","4","5","9","1","Independent","Donald Trump","Donald Trump","woman","White","","","","","","","","$100,001-$120,000","GED","Nevada","Clark"
141862,"0","100","1133","1","1","14","9","39","33","5","0","0","0","10","2","3","2","1","19","27","10","19","0","42","31","8","0","0","0","5","6","6","5","5","6","5","5","1","1","3","3","5","6","5","3","5","5","5","5","3","3","3","5","6","3","5","6","5","3","5","1","3","5","3","3","5","3","1","4","3","2","5","1","2","3","2","1","3","4","5","1","","1","2","3","4","5","6","35","","","","2","1","2","1","1","2","2","6","4","5","1","3","1","9","7","6","5","8","3","2","4","10","7","8","4","3","5","1","9","6","2","7","9","3","10","8","4","5","6","2","11","1","Republican","Donald Trump","Donald Trump","woman","White","","","","","","","","$60,001-$80,000","GED","Michigan","Tuscola"
827278,"0","100","1508","1","1","16","12","15","10","17","15","8","7","40","48","55","65","70","74","84","44","16","17","15","12","11","10","7","12","6","5","5","3","5","3","5","2","3","6","2","5","3","2","1","1","7","7","1","1","7","7","3","3","6","5","5","7","6","2","5","2","5","2","5","3","2","4","5","3","2","4","1","2","1","3","2","1","3","4","4","1","","1","2","3","4","5","6","43","","","","2","1","1","2","2","1","3","5","2","4","1","6","1","8","9","7","10","6","4","2","3","5","7","5","4","6","3","1","8","9","2","10","5","7","11","8","2","9","4","3","6","1","Democrat","Joe Biden","Joe Biden","woman","White","","","","","","","","$0-$20,000","GED","New York","Otsego"
322720,"0","100","835","1","1","89","3","3","1","1","1","1","1","40","30","30","50","40","20","80","50","0","0","100","0","0","0","0","0","7","7","2","1","5","1","1","2","4","1","4","4","1","1","7","4","1","7","7","4","4","7","2","4","4","2","5","6","4","5","5","4","7","","","","","","1","4","3","5","2","2","1","3","1","2","3","4","1","0","I wouldn't vote","2","1","3","4","5","6","26","","","Thank you for the survey.","1","2","1","2","2","1","5","2","3","4","1","6","1","8","10","6","7","9","3","4","2","5","4","7","5","9","2","1","8","3","6","10","5","3","9","11","4","7","6","2","8","1","Independent","I did not vote","Other","man","White","","","","","","","","$20,001-$40,000","GED","Minnesota","Hennepin"
915999,"0","100","369","1","1","5","0","25","0","20","25","25","0","10","10","45","5","45","25","50","20","20","0","20","0","20","20","20","0","6","5","7","1","5","1","2","2","1","3","5","7","2","1","1","1","7","7","5","1","4","5","4","5","5","2","7","6","3","2","5","1","7","1","1","1","1","1","5","2","4","1","3","2","1","3","2","1","3","4","5","1","","2","1","3","4","5","6","39","","","","1","2","1","2","2","1","3","6","2","5","1","4","1","10","9","5","6","8","3","2","4","7","7","6","9","4","3","1","8","2","5","2","4","3","7","5","8","6","9","10","11","1","Independent","Third-party candidate","Robert F. Kennedy Jr.","man","White","","","","","","","","$40,001-$60,000","GED","Colorado","Broomfield"
337523,"0","100","383","1","1","22","13","13","11","13","13","12","3","11","77","92","31","15","50","66","2","24","9","9","0","23","8","27","0","7","6","5","2","5","1","1","2","3","5","6","3","2","3","7","6","2","5","6","3","5","4","2","2","5","3","3","5","5","1","6","1","7","6","1","1","2","3","5","3","1","2","4","1","2","3","2","1","3","4","1","0","","2","1","3","4","5","6","46","","","","1","2","1","2","1","2","6","3","2","5","1","4","1","5","7","10","8","9","3","4","2","6","9","2","8","7","5","1","6","3","4","10","11","3","4","2","7","8","5","9","6","1","Republican","I did not vote","Robert F. Kennedy Jr.","woman","White","","","","","","","","$140,001-$160,000","GED","Texas","Collin"
934909,"0","100","328","1","1","0","0","0","0","0","0","100","0","10","85","5","10","15","20","40","80","0","0","25","20","20","0","35","0","7","7","7","1","5","1","1","1","1","1","2","4","1","1","5","6","5","5","4","4","3","4","4","3","6","5","6","6","7","3","5","6","6","3","1","1","5","1","5","4","1","2","3","1","2","3","2","1","3","4","2","1","Tied between Trump or RFK","1","2","3","4","5","6","23","","","","2","1","1","2","2","1","6","3","2","4","1","5","1","10","9","7","8","5","4","3","2","6","3","4","6","2","8","1","7","9","5","6","9","11","3","10","2","4","7","5","8","1","Independent","Donald Trump","Other","man","White","","","","","","","","$20,001-$40,000","GED","Kansas","Sedgwick"
217971,"0","100","797","1","1","20","15","26","3","15","7","10","4","70","55","80","40","45","50","75","45","16","14","15","13","11","10","9","12","5","3","5","4","5","5","4","5","4","5","5","4","2","4","4","4","6","7","3","2","7","7","2","3","5","5","5","7","5","5","3","3","1","1","2","5","","5","5","1","3","2","4","2","1","3","2","1","3","4","2","1","","2","1","3","4","5","6","21","","","","2","1","1","2","1","2","6","3","4","5","1","2","1","6","10","5","9","8","4","3","2","7","3","9","4","5","2","1","7","8","6","11","7","5","4","10","8","3","9","2","6","1","Independent","I did not vote","Joe Biden","man","White","","","","","","","","$40,001-$60,000","GED","Tennessee","Blount"
657776,"0","100","935","1","1","0","10","40","10","5","15","20","0","7","46","75","96","6","42","100","37","5","10","15","20","10","10","20","10","1","7","6","2","5","2","2","3","1","3","6","4","1","4","1","1","7","7","2","1","7","7","7","2","6","2","5","5","7","3","6","4","5","7","1","1","1","1","3","1","4","5","2","2","1","3","2","1","3","4","5","1","","1","2","3","4","5","6","45","","","","2","1","2","1","1","2","2","3","5","6","1","4","1","5","8","9","6","10","2","4","3","7","4","7","2","3","5","1","8","9","6","9","3","10","5","2","11","8","4","6","7","1","Republican","I did not vote","Donald Trump","man","White","","","","","","","","$0-$20,000","GED","Kentucky","Lawrence"
372352,"0","100","746","1","1","1","1","35","1","8","2","50","2","30","21","45","44","29","29","50","26","0","0","40","0","10","0","50","0","7","7","6","2","5","2","2","5","1","2","3","3","2","2","7","6","7","6","6","6","4","6","2","2","7","3","5","6","6","2","6","5","7","7","3","3","3","5","2","3","1","4","5","1","2","3","2","1","3","4","5","1","","1","2","3","4","5","6","60","","","","2","1","1","2","2","1","6","4","2","5","1","3","1","9","8","6","10","5","2","4","3","7","2","6","5","3","4","1","8","9","7","11","9","6","3","10","7","4","8","5","2","1","Republican","Donald Trump","Donald Trump","woman","White","","","","","","","","$0-$20,000","GED","Pennsylvania","Blair"
370985,"0","100","335","1","1","13","13","32","4","7","0","31","0","13","41","44","52","34","24","52","39","20","30","10","8","2","2","20","8","4","4","4","3","5","2","2","2","2","4","6","5","4","4","3","4","4","3","5","4","4","4","5","4","5","3","5","3","4","3","5","5","5","3","4","4","4","5","5","4","3","1","2","2","1","3","1","2","3","4","1","0","","2","1","3","4","5","6","31","","","No","2","1","2","1","2","1","6","5","4","3","1","2","1","8","6","10","9","5","3","2","4","7","9","6","2","7","5","1","3","4","8","10","3","2","4","6","7","5","9","11","8","1","Republican","I did not vote","Donald Trump","woman","White","","","","","","","","$60,001-$80,000","GED","Washington","Snohomish"
532845,"0","100","642","1","1","30","10","12","5","24","7","5","7","30","35","50","5","56","46","15","14","8","49","14","7","17","5","0","0","5","3","4","5","5","5","5","5","3","6","6","7","4","5","1","4","6","6","2","1","7","7","3","2","7","5","5","6","7","2","6","2","5","","","","","","1","5","4","2","3","1","2","3","1","2","3","4","3","0","","1","2","3","4","5","6","53","","","","2","1","2","1","1","2","5","2","4","3","1","6","1","9","10","7","5","6","2","4","3","8","2","6","5","8","3","1","9","4","7","9","2","6","11","4","5","10","7","3","8","1","Democrat","Joe Biden","Robert F. Kennedy Jr.","woman","White","","","","","","","","$40,001-$60,000","GED","Delaware","Sussex"
412950,"0","100","259","1","1","10","5","20","20","10","10","20","5","50","30","60","70","30","39","100","40","10","19","10","15","20","15","1","10","5","6","4","4","5","2","4","4","4","5","2","4","2","5","1","1","5","6","4","4","4","7","2","5","5","3","6","6","4","5","6","2","4","2","4","4","5","3","1","2","5","3","4","2","1","3","2","1","3","4","5","1","","1","2","3","4","5","6","31","","","","1","2","1","2","2","1","6","5","3","4","1","2","1","9","7","6","10","5","4","3","2","8","9","7","8","5","2","1","4","3","6","9","2","6","10","3","11","5","8","7","4","1","Independent","Joe Biden","Joe Biden","man","White","","","","","","","","$40,001-$60,000","GED","Georgia","Brooks"
967795,"0","100","316","1","1","10","15","15","5","15","15","20","5","52","67","66","61","30","60","70","50","0","0","100","0","0","0","0","0","6","6","5","3","5","3","3","3","1","3","3","2","5","5","2","5","7","7","3","2","5","5","2","5","5","6","5","6","5","3","5","6","6","5","3","3","3","2","2","4","1","5","3","1","2","3","2","1","3","4","3","1","","1","2","3","4","5","6","22","","","","1","2","2","1","2","1","3","4","2","6","1","5","1","10","5","6","9","7","4","3","2","8","5","2","3","6","9","1","4","8","7","8","10","2","7","4","3","5","11","9","6","1","Independent","Donald Trump","Donald Trump","man","White","","","","","","","","$80,001-$100,000","GED","North Carolina","Forsyth"
148026,"0","100","225","1","1","1","10","50","10","10","9","5","5","11","55","99","88","93","87","86","88","1","50","20","5","5","10","8","1","4","4","5","5","5","6","6","2","6","6","4","6","3","6","5","5","5","6","6","6","6","6","5","5","4","5","5","5","3","4","4","5","5","3","4","5","5","5","3","4","5","1","2","1","2","3","2","1","3","4","5","1","","1","2","3","4","5","6","34","","","no","1","2","2","1","2","1","5","6","2","3","1","4","1","9","8","5","7","6","2","3","4","10","3","2","9","4","7","1","5","6","8","6","3","11","9","8","10","7","5","4","2","1","Republican","Donald Trump","Donald Trump","woman","White","","","","","","","","$20,001-$40,000","GED","Louisana","Iberia"
135536,"0","100","819","1","1","27","12","24","1","2","20","12","2","80","70","99","85","50","66","100","50","14","14","27","6","6","14","6","13","6","6","6","2","5","3","3","3","1","5","5","5","5","3","2","1","6","6","2","6","5","6","5","3","5","3","5","6","5","3","5","5","6","3","3","","5","2","3","5","1","2","4","1","2","3","2","1","3","4","2","0","","2","1","3","4","5","6","37","","","","1","2","1","2","1","2","6","5","3","2","1","4","1","9","8","7","6","5","3","4","2","10","6","9","5","4","7","1","3","8","2","10","4","6","5","3","11","8","2","9","7","1","Independent","I did not vote","Donald Trump","woman","White","","","","","","","","$40,001-$60,000","GED","Alabama","Mobile"
696038,"0","100","430","1","1","0","10","25","5","25","10","20","5","0","60","75","100","50","50","80","80","0","5","25","15","20","15","15","5","7","7","7","1","5","1","1","1","1","1","4","5","1","1","2","1","2","7","4","4","2","7","5","1","7","1","7","3","7","1","7","1","6","","1","1","1","1","4","5","2","3","1","1","2","3","2","1","3","4","5","1","","1","2","3","4","5","6","18","","","","2","1","1","2","1","2","2","5","4","6","1","3","1","10","9","8","6","7","3","4","2","5","5","7","8","6","2","1","3","4","9","6","3","11","8","9","7","2","5","4","10","1","Independent","I did not vote","Donald Trump","woman","White","","","","","","","","$40,001-$60,000","GED","Arizona","Maricopa"
854408,"0","100","138","1","1","0","0","100","0","0","0","0","0","0","0","0","0","0","0","25","0","0","0","100","0","0","0","0","0","4","7","4","1","5","1","1","1","1","1","1","1","1","1","4","4","4","4","4","4","4","4","2","4","5","4","6","5","7","3","5","1","5","","","","","","3","4","1","5","2","2","1","3","1","2","3","4","1","0","None","1","2","3","4","5","6","25","","","","2","1","2","1","1","2","6","2","3","4","1","5","1","8","6","5","10","9","2","4","3","7","2","7","9","8","6","1","4","5","3","11","7","10","5","2","6","4","3","8","9","1","Independent","I did not vote","Other","woman","White","","","","","","","","$40,001-$60,000","GED","Colorado","Arapahoe"
597349,"0","100","546","1","1","20","25","0","0","0","35","0","20","48","34","21","13","22","23","20","36","14","24","23","0","21","0","18","0","5","5","6","3","5","3","3","3","1","4","6","7","3","6","4","2","5","5","4","4","4","4","4","3","6","2","5","5","5","3","5","4","6","","","","","","2","1","5","4","3","2","1","3","1","2","3","4","5","1","","2","1","3","4","5","6","41","","","","1","2","1","2","1","2","5","6","3","2","1","4","1","6","9","10","7","5","2","3","4","8","5","7","6","3","9","1","4","8","2","6","10","3","4","8","5","11","9","2","7","1","Republican","Donald Trump","Donald Trump","woman","White","","","","","","","","$60,001-$80,000","GED","Connecticut","New London"
194226,"0","100","517","1","1","20","10","40","5","10","10","2","3","50","50","70","25","52","65","25","30","20","10","50","2","10","6","0","2","5","4","3","5","5","5","5","6","2","6","7","6","6","6","1","1","6","7","2","2","6","6","2","2","6","3","3","7","4","3","5","6","4","5","3","4","3","3","2","5","3","4","1","2","1","3","2","1","3","4","1","0","Unknown","2","1","3","4","5","6","69","","","","1","2","2","1","1","2","5","2","4","3","1","6","1","6","7","10","8","5","4","2","3","9","5","6","7","9","2","1","3","4","8","4","6","9","10","2","5","7","11","3","8","1","Independent","I did not vote","Other","woman","White","","","","","","","","$20,001-$40,000","GED","Connecticut","New Haven"
996307,"0","100","700","1","1","0","0","50","0","20","0","30","0","20","40","30","60","20","30","50","50","0","0","50","0","20","0","30","0","6","6","7","1","5","1","1","1","1","1","3","3","1","3","4","6","4","4","4","4","5","5","3","3","7","3","5","5","7","1","7","1","7","7","1","1","2","1","4","3","5","2","1","2","1","3","1","2","3","4","5","1","","2","1","3","4","5","6","43","","","","2","1","1","2","2","1","3","5","2","4","1","6","1","6","9","10","5","8","4","3","2","7","8","6","5","3","2","1","7","4","9","2","4","11","9","7","6","3","8","5","10","1","Republican","Donald Trump","Donald Trump","man","White","","","","","","","","$60,001-$80,000","4yearColl","Indiana","Clark"
214591,"0","100","541","1","1","10","10","20","10","15","25","10","0","25","40","40","70","25","50","40","70","0","0","10","10","25","35","20","0","6","6","6","1","5","1","1","2","1","1","2","1","1","1","4","7","4","2","7","7","3","2","2","3","5","2","5","6","4","2","6","3","6","6","1","2","3","1","1","5","4","3","2","1","2","3","1","2","3","4","3","0","","2","1","3","4","5","6","35","","","none","2","1","1","2","2","1","4","3","6","2","1","5","1","8","9","6","7","5","2","3","4","10","6","9","5","4","2","1","3","8","7","6","2","7","4","10","11","8","9","5","3","1","Independent","Donald Trump","Donald Trump","man","White","","","","","","","","$0-$20,000","GED","Indiana","Greene"
587811,"0","100","1293","1","1","18","16","23","0","16","10","17","0","60","35","51","54","43","43","66","25","9","10","17","15","15","15","15","4","6","5","6","2","5","1","1","2","3","5","3","6","2","5","5","4","5","5","4","4","5","5","3","5","6","5","5","5","6","5","5","2","5","5","4","4","4","5","2","1","5","4","3","2","1","3","1","2","3","4","4","1","","2","1","3","4","5","6","28","","","","1","2","2","1","2","1","2","5","6","3","1","4","1","9","8","6","10","7","4","2","3","5","3","5","9","8","7","1","6","4","2","10","5","11","4","3","7","9","8","2","6","1","Republican","Donald Trump","Donald Trump","woman","White","","","","","","","","$40,001-$60,000","GED","Florida","Lee"
396165,"0","100","414","1","1","12","12","16","12","12","12","12","12","37","67","23","42","39","51","55","65","11","11","20","12","18","13","11","4","5","6","5","1","5","1","1","5","1","6","6","7","3","6","1","1","7","7","5","6","3","7","3","1","7","1","7","6","5","1","7","1","1","6","2","1","3","1","5","3","1","4","2","1","2","3","1","2","3","4","5","1","","2","1","3","4","5","6","51","","","","2","1","1","2","1","2","4","2","6","3","1","5","1","6","5","7","9","10","4","2","3","8","8","2","4","7","5","1","3","9","6","10","5","7","4","2","8","11","9","6","3","1","Republican","Donald Trump","Donald Trump","man","White","","","","","","","","$60,001-$80,000","GED","Florida","Pinellas"
765294,"0","100","566","1","1","25","0","25","0","25","0","25","0","14","100","17","100","18","19","20","100","25","0","25","0","25","0","25","0","7","7","7","2","5","1","1","2","1","2","6","7","1","4","4","4","4","7","4","4","4","4","5","1","7","2","4","2","7","1","7","2","7","7","1","1","1","1","1","4","2","3","5","1","2","3","1","2","3","4","5","1","","2","1","3","4","5","6","51","","","","2","1","1","2","2","1","2","5","6","4","1","3","1","8","10","9","6","7","2","3","4","5","3","2","6","9","7","1","5","8","4","11","10","3","8","7","5","2","6","4","9","1","Republican","Donald Trump","Donald Trump","woman","White","","","","","","","","$20,001-$40,000","GED","Florida","Lee"
966401,"0","100","697","1","1","12","7","15","10","20","6","18","12","55","85","70","70","50","45","70","80","10","15","17","17","15","10","10","6","3","5","5","3","5","5","3","5","1","2","5","5","3","4","6","3","4","3","4","4","3","7","2","4","5","4","6","7","5","2","5","2","3","6","2","1","5","3","5","1","3","2","4","2","1","3","1","2","3","4","3","1","","2","1","3","4","5","6","24","","","","1","2","2","1","2","1","2","6","4","5","1","3","1","9","5","8","10","7","2","4","3","6","8","9","5","3","2","1","6","4","7","5","2","10","6","8","7","11","9","3","4","1","Independent","I did not vote","Robert F. Kennedy Jr.","man","White","","","","","","","","$140,001-$160,000","GED","Washington","Thurston"
359774,"0","100","276","1","1","17","17","0","0","13","18","35","0","0","0","0","0","0","0","29","0","41","42","17","0","0","0","0","0","4","4","4","4","5","1","1","1","1","2","4","3","1","4","4","1","7","7","4","4","4","7","4","3","5","4","5","1","6","1","4","4","1","1","1","1","1","1","2","5","1","4","3","1","2","3","2","1","3","4","3","1","","1","2","3","4","5","6","24","","","","1","2","1","2","1","2","6","5","3","4","1","2","1","9","5","10","7","8","3","4","2","6","6","5","4","3","9","1","2","7","8","3","5","8","2","11","7","10","4","9","6","1","Republican","Donald Trump","Donald Trump","woman","White","","","","","","","","$20,001-$40,000","GED","Kentucky","Green"
635183,"0","100","754","1","1","18","17","26","12","6","6","15","0","87","80","84","57","35","16","43","19","12","12","14","12","12","14","12","12","6","6","5","5","3","3","1","6","1","2","5","7","4","2","1","1","7","5","2","1","7","5","6","5","7","4","5","4","6","3","2","3","5","1","1","1","1","1","4","5","1","2","3","2","1","3","1","2","3","4","5","1","","2","1","3","4","5","6","18","","","","2","1","1","2","2","1","4","3","2","6","1","5","1","6","7","9","10","8","4","3","2","5","5","7","4","3","6","1","2","9","8","7","4","11","9","2","8","6","5","3","10","1","Independent","I did not vote","Donald Trump","man","White","","","","","","","","$20,001-$40,000","GED","Georgia","Lamar"
579690,"0","100","522","1","1","21","6","20","1","7","17","21","7","65","45","25","32","42","12","70","45","30","20","28","0","2","20","0","0","2","7","7","3","5","5","3","5","2","6","6","7","6","1","1","1","7","7","1","1","7","7","1","1","7","7","6","5","5","1","2","2","5","3","4","5","4","4","3","2","4","5","1","2","1","3","2","1","3","4","2","1","","1","2","3","4","5","6","37","","","","2","1","2","1","2","1","5","2","6","4","1","3","1","7","8","10","6","9","4","2","3","5","8","3","9","7","2","1","5","4","6","7","9","2","4","8","6","5","3","11","10","1","Independent","I did not vote","Cornel West","woman","White","","","","","","","","$20,001-$40,000","GED","Georgia","Ware"
294623,"0","100","538","1","1","19","1","41","19","10","5","5","0","5","0","10","19","7","2","30","7","15","5","40","5","20","5","0","10","7","7","6","1","5","1","1","1","1","2","1","1","1","1","1","1","7","7","3","1","7","5","2","7","7","6","5","6","3","1","4","2","7","7","1","1","5","1","1","3","4","2","5","2","1","3","2","1","3","4","5","1","","2","1","3","4","5","6","30","","","","1","2","1","2","1","2","4","5","2","6","1","3","1","7","9","10","5","6","2","3","4","8","9","7","4","5","2","1","3","6","8","2","4","7","5","10","8","6","9","3","11","1","Republican","Third-party candidate","Robert F. Kennedy Jr.","man","White","","","","","","","","$20,001-$40,000","GED","California","Riverside"
650193,"0","100","735","1","1","26","0","0","12","11","26","25","0","14","29","16","37","45","28","26","46","43","25","13","8","11","0","0","0","6","5","5","4","5","2","5","3","1","6","4","3","2","5","5","4","5","5","5","4","6","4","4","4","6","3","5","4","5","4","5","2","6","3","5","5","5","4","4","3","2","5","1","2","1","3","2","1","3","4","2","1","","1","2","3","4","5","6","28","","","N/a","2","1","1","2","2","1","4","2","3","5","1","6","1","9","6","7","5","10","2","4","3","8","4","9","2","8","6","1","3","5","7","4","3","9","8","5","11","10","6","2","7","1","Independent","I did not vote","Donald Trump","man","White","","","","","","","","$40,001-$60,000","GED","Kentucky","Warren"
563720,"0","100","1225","1","1","15","18","18","6","16","8","6","13","15","10","10","25","10","20","4","14","21","20","13","6","11","9","7","13","7","6","5","2","5","2","3","1","3","3","2","4","1","3","2","1","5","7","2","1","6","7","3","4","4","3","3","4","5","3","4","2","5","3","6","5","5","4","1","3","2","4","5","1","2","3","2","1","3","4","3","1","","2","1","3","4","5","6","60","","","","2","1","1","2","2","1","3","5","4","2","1","6","1","7","6","8","9","10","4","3","2","5","3","7","2","5","8","1","9","4","6","10","11","5","6","2","3","9","4","7","8","1","Independent","Joe Biden","Robert F. Kennedy Jr.","woman","White","","","","","","","","$40,001-$60,000","GED","Georgia","Cobb"
265542,"0","100","554","1","1","9","4","22","0","1","4","60","0","73","49","73","18","69","7","89","6","0","29","0","0","0","30","41","0","5","5","3","5","5","3","3","3","1","3","5","3","1","2","3","2","5","5","3","3","4","4","2","3","5","5","5","3","5","3","5","3","5","3","","","4","","3","4","1","2","5","1","2","3","2","1","3","4","1","0","","2","1","3","4","5","6","35","","","thank you!","2","1","2","1","2","1","3","2","5","6","1","4","1","6","7","9","5","10","4","2","3","8","2","6","7","4","3","1","9","8","5","8","7","9","10","2","11","5","4","6","3","1","Independent","I did not vote","Robert F. Kennedy Jr.","woman","White","","","","","","","","$100,001-$120,000","GED","California","San Bernardino"
751268,"0","100","543","1","1","20","20","20","0","20","0","20","0","100","72","51","0","52","0","100","0","10","10","30","10","10","10","10","10","7","3","4","4","5","5","5","2","6","4","6","6","4","5","1","1","7","7","1","1","7","7","4","2","7","2","5","5","3","1","6","2","7","2","5","2","5","4","2","1","3","4","5","1","2","3","1","2","3","4","5","1","","2","1","3","4","5","6","50","","","","1","2","1","2","1","2","3","2","4","5","1","6","1","7","9","5","10","6","2","3","4","8","5","4","6","8","2","1","9","3","7","3","10","7","11","2","8","6","4","9","5","1","Independent","Joe Biden","Joe Biden","woman","White","","","","","","","","$40,001-$60,000","GED","Florida","Palm Beach"
312926,"0","100","587","1","1","17","26","28","0","12","4","0","13","85","66","92","72","50","57","93","46","9","26","25","7","11","10","0","12","6","5","6","4","5","5","5","5","5","4","2","5","3","5","2","1","7","6","1","1","7","7","1","5","4","7","2","7","5","3","2","5","6","3","5","5","","5","1","5","4","2","3","2","1","3","2","1","3","4","2","0","","2","1","3","4","5","6","32","","","","1","2","2","1","1","2","2","4","3","5","1","6","1","7","5","10","8","6","2","4","3","9","8","3","6","4","5","1","2","9","7","9","6","2","7","11","5","4","10","3","8","1","Democrat","I did not vote","Joe Biden","woman","White","","","","","","","","$20,001-$40,000","GED","Maryland","Cecil"
285250,"0","100","893","1","1","31","5","43","1","4","1","10","5","20","90","40","50","20","50","50","60","29","5","36","1","8","3","7","11","4","5","5","1","5","2","2","4","1","2","6","4","1","2","4","1","7","5","4","5","4","7","4","4","6","2","6","5","7","3","6","3","3","4","3","1","3","1","4","2","5","1","3","1","2","3","2","1","3","4","5","1","","2","1","3","4","5","6","37","","","all went smooth ","2","1","2","1","2","1","6","3","5","2","1","4","1","9","8","6","10","5","3","2","4","7","7","2","6","8","5","1","4","3","9","4","2","11","10","6","7","5","8","3","9","1","Independent","Third-party candidate","Robert F. Kennedy Jr.","woman","White","","","","","","","","$40,001-$60,000","GED","Connecticut","Fairfield"
593929,"0","100","482","1","1","10","10","40","10","10","0","10","10","63","19","41","27","16","79","100","64","22","24","13","9","13","2","6","11","7","7","7","1","7","2","2","2","1","1","1","4","1","1","4","3","7","7","2","2","5","7","6","4","7","2","7","1","7","1","5","3","7","6","4","3","7","5","3","5","1","4","2","2","1","3","2","1","3","4","5","1","","1","2","3","4","5","6","35","","","","1","2","2","1","1","2","3","2","5","4","1","6","1","6","7","9","5","8","2","4","3","10","4","3","9","5","7","1","8","2","6","3","8","10","6","2","7","4","5","9","11","1","Independent","Third-party candidate","Robert F. Kennedy Jr.","man","White","","","","","","","","$80,001-$100,000","GED","Tennessee","Unicoi"
323775,"0","100","1160","1","1","5","0","20","0","20","20","25","10","45","50","70","80","25","53","20","70","51","0","23","0","26","0","0","0","4","5","5","3","5","4","4","4","4","4","4","6","3","3","3","4","5","4","4","5","4","4","4","4","5","4","5","4","6","3","4","3","6","5","","4","","","3","2","4","1","5","2","1","3","1","2","3","4","5","1","","2","1","3","4","5","6","","","","","2","1","2","1","1","2","6","3","5","4","1","2","1","6","8","10","9","7","4","3","2","5","2","7","4","5","3","1","9","6","8","11","2","5","7","6","3","10","9","4","8","1","Republican","Donald Trump","Donald Trump","woman","White","","","","","","","","$160,001-$180,000","GED","California","San Bernardino"
901580,"0","100","322","1","1","21","8","11","6","10","13","25","6","12","6","29","0","7","7","26","8","10","10","13","9","29","11","10","8","6","5","3","3","5","2","2","3","2","4","2","4","5","4","3","1","7","6","3","3","5","7","3","4","4","3","4","5","5","3","4","2","5","4","4","5","4","4","4","1","5","2","3","2","1","3","1","2","3","4","1","0","Not voting, I think voting in presidential elections is pointless.","2","1","3","4","5","6","26","","","","1","2","1","2","2","1","2","4","3","5","1","6","1","10","5","7","6","9","2","3","4","8","8","9","5","4","6","1","2","3","7","7","5","11","9","4","3","2","10","6","8","1","Independent","I did not vote","Other","woman","White","","","","","","","","$20,001-$40,000","GED","Texas","Bexar"
181392,"0","100","344","1","1","20","20","40","0","6","10","4","0","40","30","25","60","25","9","73","8","0","25","25","0","25","25","0","0","6","7","5","2","5","3","2","3","1","3","1","1","1","2","1","1","1","7","1","1","7","7","1","5","5","5","6","7","4","5","3","3","5","2","5","4","4","5","4","5","3","2","1","1","2","3","1","2","3","4","1","0","","1","2","3","4","5","6","26","","","","2","1","2","1","1","2","4","3","2","6","1","5","1","5","9","10","7","6","2","3","4","8","3","6","5","4","9","1","7","8","2","8","7","2","6","9","5","3","11","10","4","1","Independent","I did not vote","Robert F. Kennedy Jr.","man","White","","","","American Indian or Alaska Native","","","","$40,001-$60,000","GED","Oklahoma","Tulsa"
792165,"0","100","932","1","1","15","18","7","10","15","22","8","5","44","20","79","60","37","73","85","82","9","12","20","17","12","11","11","8","5","3","5","4","5","5","4","5","4","4","6","6","4","3","2","1","7","7","3","4","6","7","6","2","6","2","5","2","6","2","5","3","5","5","2","1","4","4","4","2","1","5","3","2","1","3","1","2","3","4","4","1","","1","2","3","4","5","6","53","","","","1","2","2","1","1","2","6","2","5","4","1","3","1","7","8","10","9","6","3","4","2","5","5","4","7","2","9","1","3","8","6","5","4","8","7","9","11","10","2","3","6","1","Republican","Donald Trump","Robert F. Kennedy Jr.","woman","White","","","","","","","","$60,001-$80,000","GED","Oklahoma","Tulsa"
418795,"0","100","874","1","1","5","5","40","0","5","5","40","0","21","5","","","","","26","","6","4","30","0","30","2","28","0","7","7","7","1","5","2","2","2","4","3","2","6","2","3","1","4","7","7","4","1","7","7","6","4","7","3","6","5","6","1","5","3","7","","","","","","2","3","4","1","5","1","2","3","2","1","3","4","3","1","","1","2","3","4","5","6","52","","","","1","2","1","2","1","2","3","2","6","5","1","4","1","7","5","6","9","8","4","2","3","10","9","8","3","7","4","1","2","6","5","3","10","5","4","6","7","11","9","2","8","1","Republican","I did not vote","Donald Trump","man","White","","","","","","","","$20,001-$40,000","GED","Pennsylvania","Somerset"
791052,"0","100","340","1","1","0","0","40","0","0","10","50","0","10","5","20","15","5","0","20","0","0","0","41","0","0","9","50","0","7","7","6","1","5","1","1","1","1","1","1","1","1","1","7","7","1","1","7","7","1","1","2","7","5","7","5","7","4","5","4","2","7","7","1","1","1","1","1","4","5","2","3","1","2","3","2","1","3","4","5","1","","1","2","3","4","5","6","36","","","None","2","1","2","1","2","1","6","2","4","5","1","3","1","7","8","10","5","9","4","2","3","6","7","8","3","9","5","1","2","4","6","10","8","4","7","3","2","6","5","11","9","1","Independent","Donald Trump","Donald Trump","man","White","","","","","","","","$20,001-$40,000","GED","Florida","Okaloosa"
695539,"0","100","306","1","1","6","7","15","31","8","11","18","4","35","70","10","65","40","20","51","50","20","10","5","5","15","30","0","15","7","7","7","2","5","2","2","2","1","2","3","2","1","2","4","5","2","4","1","7","4","7","2","3","6","2","6","6","4","3","5","1","6","2","2","5","3","1","4","3","1","5","2","1","2","3","1","2","3","4","1","0","","2","1","3","4","5","6","32","","","","1","2","1","2","2","1","6","5","2","4","1","3","1","9","5","6","8","7","3","2","4","10","5","9","8","2","7","1","3","4","6","7","4","3","5","6","11","10","9","2","8","1","Independent","Joe Biden","Jill Stein","man","White","","","","","","","","$20,001-$40,000","GED","Minnesota","Hennepin"
605265,"0","100","402","1","1","19","12","15","9","12","12","18","3","69","85","91","64","56","83","89","63","12","12","12","13","13","18","10","10","5","6","6","3","5","5","5","6","3","2","6","5","5","5","6","5","5","3","6","6","3","3","6","2","6","2","5","2","6","2","5","3","2","7","1","1","3","3","2","1","4","5","3","2","1","3","1","2","3","4","5","1","","2","1","3","4","5","6","62","","","","2","1","1","2","2","1","4","5","3","2","1","6","1","8","10","5","7","6","3","4","2","9","6","5","9","4","2","1","8","3","7","11","2","5","9","10","7","6","4","8","3","1","Republican","Donald Trump","Donald Trump","woman","White","","","","","","","","$60,001-$80,000","GED","Kentucky","Trimble"
870434,"0","100","478","1","1","7","20","26","9","3","31","0","4","1","2","12","3","1","2","18","1","18","7","29","9","3","31","0","3","6","5","5","3","5","3","2","4","2","5","6","6","5","5","4","5","6","5","3","5","6","6","5","2","5","5","5","5","5","1","6","3","5","4","3","3","3","3","2","1","4","3","5","1","2","3","1","2","3","4","4","1","","2","1","3","4","5","6","30","","","","2","1","2","1","1","2","2","6","4","5","1","3","1","6","7","10","8","9","2","4","3","5","9","2","7","3","6","1","5","8","4","3","10","7","6","11","8","2","9","5","4","1","Independent","Third-party candidate","Robert F. Kennedy Jr.","woman","White","","","","","","","","$60,001-$80,000","GED","West Virginia","Berkeley"
847403,"0","100","242","1","1","5","16","14","10","19","22","4","10","35","50","50","67","35","30","45","34","15","15","15","10","15","15","2","13","6","6","5","3","5","3","3","3","3","2","2","3","2","3","4","4","4","5","3","3","5","7","5","5","3","6","5","5","5","5","3","5","5","1","6","","","5","3","4","1","2","5","2","1","3","2","1","3","4","3","1","","1","2","3","4","5","6","24","","","","1","2","2","1","1","2","5","2","3","6","1","4","1","6","5","10","9","7","4","3","2","8","3","9","8","2","7","1","5","6","4","5","10","8","4","6","7","2","3","9","11","1","Independent","I did not vote","Robert F. Kennedy Jr.","woman","White","","","","","","","","$20,001-$40,000","GED","Arizona","Pima"
189488,"0","100","277","1","1","5","13","30","11","13","12","3","13","21","32","30","45","7","29","40","19","20","20","15","10","20","10","5","0","7","6","6","6","5","2","2","2","3","3","4","4","3","1","4","3","7","7","3","3","6","7","4","5","5","4","6","4","5","3","4","3","7","5","5","4","5","4","3","4","1","5","2","1","2","3","1","2","3","4","1","0","","1","2","3","4","5","6","31","","","","1","2","2","1","2","1","4","5","2","3","1","6","1","9","6","7","8","10","2","3","4","5","6","5","2","7","4","1","3","9","8","8","7","10","4","2","9","11","6","5","3","1","Independent","I did not vote","Robert F. Kennedy Jr.","man","White","","","","","","","","$60,001-$80,000","GED","Oregon","Multnomah"
852240,"0","100","729","1","1","9","10","32","0","11","4","32","2","30","66","3","80","7","8","13","33","18","0","25","0","25","10","18","4","6","6","6","1","5","2","1","2","1","3","5","5","3","2","6","6","4","3","7","5","2","3","4","1","6","4","5","5","7","1","6","3","7","6","1","3","7","3","1","4","3","5","2","2","1","3","2","1","3","4","5","1","","2","1","3","4","5","6","55","","","","2","1","2","1","1","2","6","2","5","3","1","4","1","6","9","7","8","5","2","3","4","10","7","8","9","5","4","1","6","2","3","6","8","7","10","5","11","2","9","4","3","1","Republican","Donald Trump","Donald Trump","woman","White","","","","","","","","$120,001-$140,000","GED","Pennsylvania","Allegheny"
351165,"0","100","808","1","1","15","10","28","5","7","15","12","8","80","23","70","70","65","75","80","70","15","20","5","10","20","10","0","20","7","5","6","2","5","2","1","2","1","5","6","2","5","5","1","1","6","6","4","1","5","5","5","2","2","2","7","2","7","2","6","1","3","3","6","3","5","6","1","2","3","4","5","1","2","3","2","1","3","4","1","0","None","1","2","3","4","5","6","55","","","","1","2","1","2","2","1","5","3","2","4","1","6","1","8","7","5","6","9","4","2","3","10","8","6","3","5","2","1","9","7","4","11","7","6","3","2","8","5","9","4","10","1","Independent","I did not vote","Other","man","White","","","","","","","","$40,001-$60,000","GED","Pennsylvania","York"
324460,"0","100","1491","1","1","24","0","28","0","28","10","10","0","10","9","14","10","7","16","15","13","0","0","30","0","20","30","20","0","5","5","5","5","5","1","2","2","1","3","3","4","4","2","4","4","5","4","4","4","4","6","4","2","4","2","5","4","6","4","4","3","5","5","1","1","3","1","1","3","5","2","4","1","2","3","2","1","3","4","5","1","","1","2","3","4","5","6","56","","","","1","2","2","1","1","2","3","5","6","4","1","2","1","6","9","5","8","7","3","2","4","10","6","3","9","2","7","1","5","8","4","9","3","5","11","6","8","7","2","10","4","1","Independent","Donald Trump","Donald Trump","man","White","","","","","","","","$0-$20,000","noHS","Arkansas","Pope"
291058,"0","100","1821","1","1","21","8","20","5","8","10","18","10","58","43","62","31","39","34","56","31","20","15","19","4","19","10","13","0","7","6","5","3","5","4","4","4","2","5","1","5","3","5","3","2","7","7","6","2","5","4","2","2","3","5","5","6","6","2","5","4","7","2","2","2","2","3","3","4","5","1","2","1","2","3","1","2","3","4","1","0","","1","2","3","4","5","6","29","","","","1","2","2","1","2","1","4","2","5","6","1","3","1","7","9","6","8","5","2","4","3","10","7","8","6","9","3","1","2","4","5","11","6","8","7","2","5","10","3","4","9","1","Independent","I did not vote","Donald Trump","woman","White","","","","","","","","$0-$20,000","GED","Arkansas","Clay"
775640,"0","100","934","1","1","1","19","30","0","25","16","9","0","9","12","15","6","8","13","92","31","0","0","35","0","27","0","38","0","5","6","5","4","5","2","2","1","1","1","1","4","2","4","4","2","7","4","6","4","4","7","4","1","7","3","5","4","7","2","4","2","6","6","4","4","4","5","5","1","3","2","4","2","1","3","1","2","3","4","4","1","","1","2","3","4","5","6","65","","","","2","1","1","2","2","1","2","3","4","6","1","5","1","7","5","8","6","10","3","2","4","9","8","5","3","6","2","1","4","9","7","11","4","6","5","8","9","3","7","2","10","1","Independent","Donald Trump","Donald Trump","woman","White","","","","","","","","$0-$20,000","GED","Georgia","Miller"
663107,"0","100","1375","1","1","17","10","23","7","5","4","20","14","2","2","4","2","1","3","3","3","20","19","17","7","16","9","9","3","7","7","7","4","5","2","1","2","1","1","3","3","3","1","4","4","4","4","3","4","4","4","4","2","4","1","4","6","6","4","6","3","7","5","3","4","4","3","1","4","3","2","5","1","2","3","1","2","3","4","5","1","","1","2","3","4","5","6","66","","","","2","1","1","2","2","1","6","3","2","5","1","4","1","9","8","5","7","6","3","2","4","10","4","2","8","3","6","1","9","7","5","10","6","2","4","5","9","3","11","7","8","1","Republican","Donald Trump","Donald Trump","woman","White","","","","","","","","$0-$20,000","GED","Ohio","Fayette"
736294,"0","100","821","1","1","11","18","19","13","18","11","10","0","67","86","74","89","60","60","50","50","1","19","10","0","30","10","30","0","4","5","3","4","5","4","4","3","3","5","2","6","5","5","4","3","5","5","3","3","5","5","4","3","5","3","5","5","5","3","5","3","4","2","4","1","2","4","1","4","5","2","3","1","2","3","2","1","3","4","2","0","","2","1","3","4","5","6","19","","","","2","1","1","2","2","1","6","2","5","3","1","4","1","7","10","9","8","6","2","3","4","5","6","3","7","2","5","1","9","8","4","11","10","8","7","9","3","4","5","2","6","1","Republican","I did not vote","Donald Trump","man","White","","","","","","","","$20,001-$40,000","GED","Florida","Calhoun"
190833,"0","100","512","1","1","25","0","25","0","0","25","25","0","11","76","30","93","32","13","23","90","25","0","25","0","0","25","25","0","4","6","4","2","5","4","4","4","2","4","4","4","4","4","4","4","4","4","4","4","4","4","4","4","4","4","4","4","4","4","4","4","6","4","4","4","4","4","5","2","3","1","4","1","2","3","2","1","3","4","5","1","","2","1","3","4","5","6","47","","","","1","2","1","2","1","2","4","3","5","6","1","2","1","6","5","8","10","9","2","3","4","7","8","9","4","3","5","1","7","2","6","7","2","9","6","4","10","11","8","5","3","1","Republican","Donald Trump","Donald Trump","woman","White","","","","","","","","$80,001-$100,000","GED","Oklahoma","Stephens"
851652,"0","100","309","1","1","50","17","33","0","0","0","0","0","20","50","10","10","10","1","1","1","20","10","10","10","30","20","0","0","5","6","6","2","5","3","2","3","3","2","2","6","3","3","6","6","6","7","7","6","6","7","7","3","7","5","6","1","6","2","5","2","7","","","","","","4","2","5","3","1","1","2","3","2","1","3","4","4","1","","2","1","3","4","5","6","51","","","","1","2","2","1","2","1","3","5","4","2","1","6","1","8","7","10","5","6","4","3","2","9","8","2","7","3","4","1","5","6","9","5","9","6","4","8","7","3","10","2","11","1","Independent","I did not vote","Donald Trump","woman","White","","","","","","","","$60,001-$80,000","GED","Rhode Island","Providence"
240705,"0","100","456","1","1","5","0","10","5","10","20","40","10","35","10","10","5","20","20","85","10","15","10","0","20","20","20","0","15","6","6","6","2","5","3","2","2","2","2","5","3","2","5","1","1","7","7","1","1","7","7","1","2","5","3","5","6","7","2","6","2","7","1","6","3","4","","1","2","4","3","5","2","1","3","2","1","3","4","4","1","","2","1","3","4","5","6","51","","","","2","1","1","2","2","1","6","3","5","2","1","4","1","9","6","8","5","10","3","2","4","7","7","6","3","9","2","1","8","4","5","3","4","7","9","5","10","2","8","6","11","1","Democrat","Joe Biden","Robert F. Kennedy Jr.","woman","White","","","","","","","","$40,001-$60,000","GED","New York","Ulster"
103311,"0","100","327","1","1","11","14","21","22","9","9","0","14","67","44","37","37","43","29","18","14","0","7","11","11","16","22","2","31","6","7","7","2","5","2","2","1","3","3","4","1","2","5","2","2","7","6","1","2","7","7","4","2","5","2","3","7","6","2","5","3","7","","","","","","3","4","2","5","1","2","1","3","2","1","3","4","1","0","","1","2","3","4","5","6","45","","","","1","2","1","2","1","2","6","3","5","2","1","4","1","5","7","8","6","10","2","4","3","9","9","7","5","6","4","1","2","3","8","10","9","6","5","3","11","8","4","2","7","1","Independent","I did not vote","Robert F. Kennedy Jr.","man","White","","","","","","","","$20,001-$40,000","GED","Tennessee","Overton"
343987,"0","100","856","1","1","4","11","19","9","29","7","12","9","20","34","46","41","13","10","15","18","15","8","17","13","14","11","7","15","5","5","5","3","5","3","2","3","1","2","3","4","3","3","4","4","6","6","4","3","5","6","2","3","5","6","5","6","6","5","5","2","5","6","1","3","2","3","3","4","2","1","5","1","2","3","1","2","3","4","4","1","","1","2","3","4","5","6","29","","","N/A","2","1","1","2","1","2","2","6","5","3","1","4","1","6","7","5","8","9","2","4","3","10","7","5","2","6","4","1","3","8","9","4","8","5","9","7","2","6","11","3","10","1","Republican","Donald Trump","Donald Trump","woman","White","","","","","","","","$60,001-$80,000","GED","Alaska","Anchorage Area"
881974,"0","100","663","1","1","11","12","17","12","16","11","9","12","70","70","80","75","75","85","81","70","13","12","14","12","14","13","10","12","5","3","5","5","5","6","6","6","6","6","6","6","6","6","2","1","7","6","3","3","6","7","5","4","5","3","6","4","6","3","5","5","3","5","5","3","5","4","1","2","3","5","4","2","1","3","2","1","3","4","4","1","","2","1","3","4","5","6","46","","","","2","1","1","2","2","1","4","2","3","5","1","6","1","7","8","9","10","5","3","4","2","6","6","3","9","4","7","1","5","8","2","11","4","6","9","5","10","8","2","7","3","1","Republican","Donald Trump","Other","woman","White","","","","","","","","$140,001-$160,000","GED","Washington","King"
409993,"0","100","335","1","1","15","20","20","5","5","20","10","5","50","29","40","52","9","19","83","26","10","20","20","10","10","15","0","15","7","6","5","1","5","2","2","2","2","2","4","2","2","2","2","1","7","7","1","1","7","7","2","6","7","6","4","6","5","3","4","5","6","","5","6","","6","2","4","5","1","3","1","2","3","1","2","3","4","1","0","none","1","2","3","4","5","6","25","","","","1","2","1","2","2","1","6","3","4","5","1","2","1","7","6","8","10","9","2","3","4","5","5","6","4","3","2","1","8","7","9","7","5","4","3","8","2","10","6","9","11","1","Independent","I did not vote","Other","woman","White","","","","","","","","$20,001-$40,000","GED","Michigan","Berrien"
801362,"0","100","807","1","1","18","7","9","0","9","37","6","14","26","74","68","46","19","78","100","51","13","9","17","0","31","16","7","7","7","7","6","1","5","2","2","1","1","3","2","6","2","2","6","3","6","6","5","2","6","5","5","2","6","3","7","5","7","2","6","1","5","2","3","1","5","2","5","3","4","1","2","2","1","3","1","2","3","4","5","1","","1","2","3","4","5","6","45","","","Our needs as a country are not being supported by either political party. They are putting us in a debt that can not be repaid. ","2","1","2","1","2","1","5","2","3","4","1","6","1","7","9","5","8","6","3","2","4","10","3","5","6","4","7","1","9","2","8","7","8","2","10","5","9","11","4","3","6","1","Independent","Joe Biden","Robert F. Kennedy Jr.","woman","White","","","","","","","","$100,001-$120,000","GED","Tennessee","Marshall"
641983,"0","100","838","1","1","20","10","25","10","10","10","10","5","80","50","85","50","50","60","70","70","20","20","20","10","5","15","5","5","7","6","4","5","5","5","5","2","5","4","6","6","3","6","1","1","7","7","1","1","7","7","3","1","7","6","5","7","7","1","6","3","6","2","5","","","5","4","2","5","1","3","1","2","3","1","2","3","4","3","0","","2","1","3","4","5","6","55","","","None...Thank you.","2","1","2","1","1","2","3","2","4","6","1","5","1","7","8","6","9","5","4","3","2","10","8","9","3","7","5","1","6","4","2","2","11","10","9","5","3","8","7","6","4","1","Independent","I did not vote","Joe Biden","woman","White","","","","","","","","$20,001-$40,000","GED","Wisconsin","Marathon"
191386,"0","100","441","1","1","17","15","35","10","5","5","10","3","36","70","48","41","57","50","71","63","10","5","45","10","10","10","5","5","5","5","5","3","5","5","3","5","3","5","5","5","3","4","4","3","5","5","5","4","5","5","3","2","6","3","6","7","6","3","6","4","4","5","3","2","4","3","5","3","2","1","4","1","2","3","2","1","3","4","5","1","","1","2","3","4","5","6","66","","","","2","1","2","1","1","2","2","3","6","5","1","4","1","10","5","7","9","8","2","4","3","6","6","5","3","2","7","1","9","8","4","7","8","10","5","2","4","6","3","11","9","1","Independent","Donald Trump","Donald Trump","woman","White","","","","","","","","$20,001-$40,000","GED","South Carolina","Spartanburg"
867891,"0","100","569","1","1","20","10","20","8","9","8","20","5","40","40","70","40","35","30","85","30","14","14","14","10","14","14","6","14","7","7","7","2","5","2","2","2","5","3","5","5","3","5","5","2","7","6","3","2","7","7","5","1","6","1","5","3","6","1","7","3","6","2","4","3","4","4","5","3","2","4","1","1","2","3","1","2","3","4","5","1","","2","1","3","4","5","6","60","","","","2","1","1","2","2","1","2","4","5","6","1","3","1","5","9","7","8","10","3","4","2","6","9","5","6","3","8","1","7","4","2","4","2","9","8","6","10","3","7","5","11","1","Independent","Joe Biden","Joe Biden","woman","White","","","","","","","","$60,001-$80,000","GED","Ohio","Franklin"
258851,"0","100","172","1","1","24","21","21","34","0","0","0","0","33","30","42","38","14","21","3","62","51","49","0","0","0","0","0","0","7","7","7","1","5","1","1","1","3","3","1","1","1","1","1","1","7","7","1","1","7","7","3","1","5","1","6","5","6","1","6","5","7","","7","7","","7","4","3","5","1","2","1","2","3","2","1","3","4","5","1","","2","1","3","4","5","6","33","","","","2","1","1","2","2","1","4","6","3","5","1","2","1","6","10","8","7","5","4","2","3","9","4","3","8","6","9","1","7","5","2","8","6","4","5","10","7","9","2","11","3","1","Independent","Joe Biden","Cornel West","man","White","","","","","","","","$100,001-$120,000","MA","Illinois","Cook"
742556,"0","100","233","1","1","16","12","12","12","12","12","12","12","100","75","100","70","50","50","100","50","40","0","40","0","20","0","0","0","4","1","1","7","5","7","7","7","4","4","4","4","4","4","4","1","7","4","1","1","7","7","1","4","7","7","1","7","7","1","7","7","4","2","1","2","1","1","3","5","2","1","4","2","1","3","1","2","3","4","1","0","I dislike all of these candidates.","1","2","3","4","5","6","32","","","","2","1","1","2","2","1","2","6","4","3","1","5","1","5","6","7","10","8","2","3","4","9","2","8","9","7","4","1","6","5","3","9","7","11","10","2","8","3","5","6","4","1","Independent","I did not vote","Other","man","White","Hispanic, Latino, or Spanish origin","","","","","","","$20,001-$40,000","GED","New Jersey","Passaic"
761877,"0","100","289","1","1","36","5","26","4","14","3","10","2","3","2","4","10","4","2","26","3","29","19","7","6","7","9","1","22","7","7","4","1","5","1","1","1","1","3","1","1","1","1","1","1","7","7","1","1","7","7","2","4","3","5","6","6","5","5","4","4","7","1","1","6","1","1","4","5","1","3","2","1","2","3","2","1","3","4","1","0","Howie Hawkins","2","1","3","4","5","6","30","","","","1","2","2","1","1","2","4","3","6","2","1","5","1","10","8","7","9","5","3","4","2","6","8","7","5","6","9","1","2","3","4","7","11","2","8","3","10","5","6","9","4","1","Independent","I did not vote","Other","man","White","","","","","","","","$0-$20,000","GED","Ohio","Holmes"
815187,"0","100","206","1","1","26","27","13","18","4","3","4","5","84","84","79","88","88","80","85","99","35","25","10","9","15","6","0","0","4","3","5","5","5","5","5","6","6","6","5","6","5","6","5","6","3","6","6","6","5","5","7","6","6","7","4","6","6","5","5","5","5","6","2","5","5","5","4","5","1","3","2","1","2","3","1","2","3","4","5","1","","1","2","3","4","5","6","","","","","1","2","1","2","2","1","6","3","4","5","1","2","1","5","9","8","6","7","4","2","3","10","7","6","2","3","9","1","5","4","8","10","3","4","11","8","9","7","5","6","2","1","Republican","I did not vote","Donald Trump","man","White","","","","","","","","$60,001-$80,000","2yearColl","Virginia","Albemarle"
683306,"0","100","335","1","1","10","5","30","15","15","5","10","10","65","50","70","60","40","35","80","35","20","15","20","10","10","10","5","10","4","7","4","1","5","2","1","2","1","5","5","5","3","3","6","6","2","2","6","6","3","4","2","2","2","5","4","6","4","5","3","2","4","7","2","1","2","4","4","1","5","2","3","1","2","3","2","1","3","4","5","1","","2","1","3","4","5","6","28","","","","2","1","1","2","1","2","4","2","6","5","1","3","1","6","7","9","10","8","2","4","3","5","7","2","6","5","8","1","4","9","3","11","2","9","6","10","5","4","3","8","7","1","Republican","Donald Trump","Donald Trump","woman","White","","","","","","","","Over $200,000","4yearColl","Maryland","Calvert"
810062,"0","100","373","1","1","27","14","29","6","7","6","11","0","30","16","20","14","10","4","40","2","22","39","13","7","0","12","0","7","5","5","5","4","5","4","4","4","3","4","2","4","3","3","3","2","5","7","1","1","7","7","1","3","4","6","4","7","5","3","4","2","5","2","4","","","","4","5","1","2","3","1","2","3","2","1","3","4","1","0","","2","1","3","4","5","6","31","","","","1","2","1","2","1","2","3","6","2","4","1","5","1","8","10","7","5","9","2","3","4","6","9","3","5","2","6","1","4","7","8","2","3","10","4","9","11","5","6","8","7","1","Independent","I did not vote","Joe Biden","woman","","","Black or African American","","","","","","$0-$20,000","4yearColl","Georgia","Richmond"
429486,"0","100","444","1","1","40","10","20","10","10","3","3","4","70","5","60","60","40","25","100","5","50","20","5","5","10","4","1","5","6","3","3","5","5","6","7","6","6","5","6","7","5","6","1","1","1","7","2","1","7","7","3","2","6","2","6","5","6","2","6","2","2","2","6","5","2","5","2","1","3","5","4","1","2","3","2","1","3","4","5","1","","2","1","3","4","5","6","56","","","","2","1","1","2","1","2","4","6","5","3","1","2","1","10","8","9","6","7","3","4","2","5","2","5","4","6","8","1","3","7","9","8","2","9","5","4","6","3","10","11","7","1","Independent","Joe Biden","Joe Biden","woman","White","","","","","","","","$20,001-$40,000","2yearColl","Ohio","Ashtabula"
841446,"0","100","363","1","1","7","3","44","10","4","17","11","4","10","5","11","5","1","11","9","20","6","1","31","0","0","31","31","0","4","7","6","1","5","1","1","5","1","1","6","5","2","2","4","4","4","2","1","4","1","7","5","5","5","2","4","3","4","2","6","6","6","4","1","1","4","1","5","2","3","4","1","1","2","3","2","1","3","4","5","1","","1","2","3","4","5","6","38","","","","2","1","1","2","2","1","3","5","6","2","1","4","1","9","10","5","6","8","3","2","4","7","8","2","6","4","3","1","9","7","5","3","8","5","9","4","7","10","6","11","2","1","Republican","Donald Trump","Donald Trump","woman","White","","","","","","","","$100,001-$120,000","PHD","New York","Monroe"
458353,"0","100","342","1","1","20","11","32","12","4","4","8","9","25","15","58","13","17","24","53","38","12","23","23","12","6","5","10","9","6","7","6","3","5","3","3","3","1","3","5","2","2","5","5","4","6","6","2","1","6","7","2","2","5","2","6","6","6","2","5","3","6","5","3","3","2","4","4","3","2","1","5","2","1","3","1","2","3","4","3","1","","2","1","3","4","5","6","29","","","","1","2","2","1","1","2","6","5","2","4","1","3","1","9","5","10","8","6","2","3","4","7","2","6","3","4","5","1","7","9","8","3","4","9","6","5","11","8","2","10","7","1","Independent","Joe Biden","Donald Trump","man","","","","Asian","","","","","$40,001-$60,000","GED","New York","Queens"
681509,"0","100","284","1","1","15","0","25","15","15","20","10","0","30","95","50","50","50","40","70","30","5","0","20","15","10","35","10","5","6","6","6","2","5","2","2","3","1","5","5","3","3","5","3","3","5","5","3","3","5","5","3","5","3","7","3","5","2","3","3","5","6","5","2","3","7","1","3","2","5","4","1","2","1","3","1","2","3","4","5","1","","2","1","3","4","5","6","38","","","","2","1","1","2","2","1","4","2","5","6","1","3","1","6","5","8","9","10","2","3","4","7","2","4","7","9","6","1","5","8","3","8","2","11","4","5","6","7","9","3","10","1","Republican","Donald Trump","Donald Trump","man","White","","","","","","","","$80,001-$100,000","4yearColl","Michigan","Macomb"
517381,"0","100","481","1","1","29","20","21","4","13","5","5","3","80","71","95","95","75","90","70","80","14","14","26","6","13","17","5","5","5","5","4","5","5","5","5","6","3","5","5","6","3","3","5","4","5","2","6","4","3","5","4","2","7","2","5","5","7","2","5","5","3","5","3","3","2","","1","2","3","4","5","1","2","3","1","2","3","4","2","1","","1","2","3","4","5","6","37","","","","1","2","2","1","2","1","5","6","3","2","1","4","1","9","5","10","8","7","4","3","2","6","3","5","4","9","2","1","6","7","8","11","3","6","10","2","4","7","9","5","8","1","Republican","I did not vote","Robert F. Kennedy Jr.","woman","White","Hispanic, Latino, or Spanish origin","","","","","","","Over $200,000","PHD","Virginia","Prince William"
128840,"0","100","398","1","1","5","5","5","5","5","5","65","5","5","6","5","6","7","0","100","7","20","15","20","10","10","10","5","10","7","7","7","7","5","1","1","2","1","3","1","1","1","3","1","1","7","7","1","1","7","7","1","2","7","6","2","6","6","1","2","5","7","1","4","5","3","5","5","4","1","3","2","1","2","3","1","2","3","4","2","1","Anyone that isn't a dinosaur.","2","1","3","4","5","6","36","","","","1","2","1","2","2","1","3","2","5","6","1","4","1","5","8","9","6","10","3","2","4","7","6","3","2","9","8","1","4","5","7","7","5","11","3","2","6","9","8","4","10","1","Independent","Joe Biden","Other","woman","White","","","","","","","","$40,001-$60,000","4yearColl","West Virginia","Marion"
863189,"0","100","467","1","1","15","15","15","15","15","10","5","10","40","60","50","70","45","70","50","20","10","20","15","10","20","5","0","20","5","6","6","4","5","4","4","5","3","2","5","5","4","5","5","1","6","7","4","4","4","5","5","2","5","5","5","5","6","4","3","4","6","3","3","5","3","4","3","5","2","4","1","2","1","3","1","2","3","4","1","0","","1","2","3","4","5","6","42","","","","1","2","2","1","2","1","4","2","6","5","1","3","1","9","8","10","5","7","2","4","3","6","8","3","9","7","6","1","2","5","4","2","10","11","8","5","6","7","9","4","3","1","Independent","I did not vote","Robert F. Kennedy Jr.","woman","White","","","","","","","","$160,001-$180,000","4yearColl","New Jersey","Essex"
959191,"0","100","376","1","1","40","15","10","5","10","5","5","10","5","5","2","15","4","5","20","5","30","10","10","0","20","10","0","20","7","7","6","1","5","1","1","1","2","4","3","2","1","3","4","1","4","7","4","2","6","7","6","2","3","3","7","2","7","5","6","1","7","1","5","7","1","7","5","1","4","2","3","1","2","3","2","1","3","4","4","1","","2","1","3","4","5","6","29","","","","2","1","1","2","1","2","4","3","6","2","1","5","1","5","6","9","7","10","4","3","2","8","7","5","4","8","9","1","6","2","3","4","3","11","10","7","5","9","6","2","8","1","Independent","Joe Biden","Jill Stein","woman","White","","","","","","","","$120,001-$140,000","MA","Texas","Dallas"
900547,"0","100","531","1","1","26","19","23","0","17","13","1","1","50","24","65","100","50","65","80","30","16","16","16","2","16","16","2","16","6","5","4","4","5","5","5","5","3","6","5","5","2","5","1","3","7","5","7","2","6","7","5","2","6","4","5","6","6","1","6","2","5","5","3","5","3","5","1","4","2","5","3","1","2","3","2","1","3","4","1","0","","1","2","3","4","5","6","46","","","","1","2","2","1","2","1","6","2","4","5","1","3","1","7","9","6","5","8","4","2","3","10","7","8","2","4","6","1","3","9","5","8","10","6","7","4","2","9","11","5","3","1","Independent","I did not vote","Other","man","White","","","","","","","","$60,001-$80,000","2yearColl","Texas","Collin"
624113,"0","100","501","1","1","26","15","22","4","11","6","0","16","9","5","2","3","3","1","1","1","8","12","15","23","13","15","0","14","7","7","6","7","5","1","2","1","2","3","3","3","2","3","2","2","7","5","4","5","6","6","1","5","4","5","4","6","4","4","2","5","7","","","","","","3","2","4","1","5","1","2","3","1","2","3","4","2","0","","2","1","3","4","5","6","41","","","","2","1","2","1","2","1","6","4","5","3","1","2","1","7","9","8","5","6","4","2","3","10","2","3","4","6","7","1","5","8","9","4","11","5","3","10","6","2","8","9","7","1","Independent","Third-party candidate","Cornel West","woman","White","","","","","","","","$100,001-$120,000","GED","West Virginia","Berkeley"
907160,"0","100","566","1","1","13","13","13","13","13","13","11","11","60","57","85","85","64","80","79","12","13","14","14","14","15","13","3","14","5","6","4","4","5","3","6","5","3","4","6","6","5","6","2","1","6","5","3","4","7","6","4","1","6","4","3","6","5","5","6","2","5","","","","","","2","5","1","4","3","2","1","3","1","2","3","4","5","1","","1","2","3","4","5","6","58","","","","2","1","2","1","2","1","2","5","6","4","1","3","1","7","8","9","10","6","2","3","4","5","2","6","3","7","8","1","5","9","4","7","10","9","8","2","3","5","6","4","11","1","Independent","Joe Biden","Joe Biden","woman","White","","","","","","","","$80,001-$100,000","4yearColl","Florida","Orange"
872844,"0","100","481","1","1","25","10","25","5","20","5","5","5","90","20","95","80","70","75","85","35","10","10","20","15","25","5","5","10","6","3","3","5","5","5","6","6","5","5","5","6","6","6","2","2","7","6","5","4","5","6","5","1","2","2","6","7","7","6","6","1","2","3","3","2","4","3","4","5","1","3","2","1","2","3","1","2","3","4","4","1","","1","2","3","4","5","6","49","","","","1","2","2","1","2","1","3","4","5","6","1","2","1","5","8","10","7","6","4","2","3","9","5","9","8","7","2","1","4","3","6","4","5","10","6","9","8","3","2","11","7","1","Republican","I did not vote","Donald Trump","man","White","","","","","","","","$20,001-$40,000","GED","Wisconsin","Waukesha"
632616,"0","100","311","1","1","0","0","50","0","0","50","0","0","25","23","79","40","64","92","83","48","0","0","50","0","25","25","0","0","7","7","7","1","5","1","1","1","1","1","1","1","1","1","7","7","1","6","7","7","1","1","5","2","6","1","6","6","5","1","6","6","7","6","1","1","1","1","5","2","4","1","3","1","2","3","2","1","3","4","1","0","write in option","2","1","3","4","5","6","41","non-binary","","","2","1","1","2","1","2","6","4","2","5","1","3","1","10","5","7","6","8","3","4","2","9","4","3","5","8","2","1","6","7","9","11","4","9","2","6","7","8","3","5","10","1","Independent","I did not vote","Other",NA,"White","","Black or African American","","American Indian or Alaska Native","","","","$40,001-$60,000","GED","New Jersey","Hudson"
846466,"0","100","531","1","1","16","17","20","6","10","14","1","16","69","57","67","35","43","58","45","46","19","19","19","9","12","13","1","8","6","3","3","5","5","3","3","3","2","5","2","6","3","6","2","2","6","6","6","2","6","6","6","2","6","2","6","5","5","2","6","2","6","6","3","5","2","5","2","4","1","3","5","2","1","3","1","2","3","4","5","1","","1","2","3","4","5","6","27","","","","1","2","1","2","1","2","6","5","4","3","1","2","1","6","10","5","8","7","4","3","2","9","4","9","6","5","7","1","8","3","2","7","8","9","10","4","11","2","5","3","6","1","Republican","Donald Trump","Donald Trump","man","","","Black or African American","","","","","","$40,001-$60,000","4yearColl","California","Los Angeles"
334333,"0","100","488","1","1","0","50","0","0","0","0","0","50","1","1","1","1","1","1","1","1","40","0","20","20","0","0","20","0","7","7","7","1","5","1","1","1","1","1","1","1","1","1","4","4","4","4","4","4","4","4","1","4","4","4","1","7","1","6","4","4","4","1","1","1","1","1","4","1","2","5","3","1","2","3","2","1","3","4","4","1","","1","2","3","4","5","6","39","","","","1","2","1","2","1","2","5","4","3","6","1","2","1","7","9","8","10","5","3","2","4","6","7","9","5","2","8","1","4","6","3","4","10","2","3","9","7","8","5","11","6","1","Independent","Donald Trump","Donald Trump","man","White","","","","","","","","$20,001-$40,000","4yearColl","Michigan","Chippewa"
662558,"0","100","460","1","1","8","23","15","20","9","9","2","14","21","47","60","78","49","69","96","58","8","18","18","15","19","16","0","6","5","5","5","3","5","3","2","3","5","3","5","5","4","6","4","2","6","5","2","3","6","6","3","3","5","5","5","6","5","3","3","3","7","3","4","3","5","5","5","3","1","2","4","2","1","3","1","2","3","4","2","0","","2","1","3","4","5","6","38","","","","2","1","2","1","1","2","2","6","3","4","1","5","1","5","9","7","8","6","3","2","4","10","7","6","8","5","3","1","2","9","4","4","2","7","11","3","6","9","8","10","5","1","Independent","I did not vote","Robert F. Kennedy Jr.","man","White","","","","","","","","$40,001-$60,000","2yearColl","Washington","King"
976265,"0","100","552","1","1","22","1","19","13","10","11","14","10","79","100","79","70","77","82","11","88","17","0","31","5","11","12","24","0","5","6","6","2","5","1","2","6","1","4","5","6","2","4","5","7","3","3","7","7","1","1","4","3","5","4","5","5","6","3","5","5","2","1","1","1","3","1","1","4","5","3","2","2","1","3","1","2","3","4","1","0","none of them","2","1","3","4","5","6","31","","","","1","2","1","2","2","1","3","6","2","5","1","4","1","6","7","8","5","10","2","3","4","9","8","2","5","6","3","1","9","7","4","3","8","2","9","10","4","11","7","5","6","1","Independent","I did not vote","Other","man","White","","","","","","","","$20,001-$40,000","4yearColl","Texas","Williamson"
559308,"0","100","417","1","1","20","5","20","5","20","20","5","5","30","50","50","50","60","50","30","50","20","0","20","0","20","30","10","0","3","7","6","1","5","1","1","1","1","1","6","6","2","1","7","7","1","1","7","7","1","1","2","2","7","3","3","7","6","1","7","5","3","7","1","1","1","1","4","5","3","1","2","2","1","3","1","2","3","4","2","0","","1","2","3","4","5","6","45","","","","2","1","2","1","1","2","3","4","2","5","1","6","1","7","9","10","6","8","3","2","4","5","3","6","9","7","2","1","4","8","5","10","5","11","3","4","7","8","9","6","2","1","Republican","Donald Trump","Donald Trump","woman","White","","","","","","","","Over $200,000","4yearColl","Ohio","Butler"
491510,"0","100","320","1","1","1","1","1","1","1","1","93","1","1","1","1","1","1","1","100","1","5","19","17","0","29","30","0","0","7","7","7","7","5","1","1","1","1","1","1","1","1","1","6","4","4","4","4","4","4","4","5","4","4","4","5","3","5","4","5","4","7","4","4","4","4","4","3","5","4","2","1","2","1","3","2","1","3","4","1","0","","1","2","3","4","5","6","42","","","","2","1","2","1","2","1","3","5","2","6","1","4","1","10","5","7","6","9","3","4","2","8","9","3","2","5","4","1","8","6","7","2","6","10","4","7","5","3","11","8","9","1","Independent","I did not vote","Donald Trump","man","","Hispanic, Latino, or Spanish origin","Black or African American","","American Indian or Alaska Native","","","","$20,001-$40,000","4yearColl","California","Los Angeles"
259570,"0","100","560","1","1","26","24","11","9","12","3","11","4","59","30","31","50","46","30","61","40","15","16","12","18","5","11","12","11","6","5","5","5","5","5","5","4","6","4","2","6","5","5","7","6","6","5","5","4","5","6","6","5","6","7","7","7","5","4","6","3","5","5","5","4","3","3","5","2","3","4","1","2","1","3","2","1","3","4","2","0","","1","2","3","4","5","6","32","","","","2","1","2","1","1","2","3","2","6","5","1","4","1","7","6","9","8","10","3","4","2","5","6","9","2","5","7","1","8","3","4","8","4","11","6","5","2","9","3","7","10","1","Democrat","Joe Biden","Joe Biden","man","White","","","","","","","","$100,001-$120,000","4yearColl","Texas","Baylor"
756058,"0","100","592","1","1","10","10","35","0","15","5","20","5","78","75","84","69","75","58","84","66","20","5","50","0","5","0","20","0","5","4","4","5","5","5","5","5","5","6","6","6","5","6","6","6","7","7","1","1","6","7","7","1","7","2","7","1","7","1","7","1","6","7","1","1","1","1","5","2","1","4","3","1","2","3","2","1","3","4","5","1","","1","2","3","4","5","6","39","","","","1","2","1","2","1","2","2","4","6","3","1","5","1","8","10","5","7","6","2","3","4","9","8","7","9","6","2","1","3","4","5","8","4","2","10","7","3","6","11","5","9","1","Republican","Donald Trump","Donald Trump","woman","White","","","","","","","","$40,001-$60,000","GED","Florida","Hillsborough"
352926,"0","100","534","1","1","41","26","13","1","4","2","12","1","22","58","8","6","2","2","70","42","18","11","34","16","5","11","3","2","7","7","7","1","7","1","2","3","1","6","6","6","1","1","1","1","7","4","4","1","5","7","3","1","6","2","5","5","7","1","6","5","6","5","2","4","2","3","5","4","3","1","2","1","2","3","2","1","3","4","5","1","","2","1","3","4","5","6","44","","","There needs to be major change in this country.  Our government gives at will to other countries while not caring its own.  We always on the brink of war from the military industrial complex, and our politicians benefit off of insider trading religiously.  We need more moral voices in our government.","1","2","1","2","2","1","3","4","6","2","1","5","1","9","10","8","6","7","3","2","4","5","5","7","3","6","8","1","9","2","4","10","2","3","5","8","4","9","7","11","6","1","Independent","Joe Biden","Robert F. Kennedy Jr.","man","White","","","","","","","","$80,001-$100,000","4yearColl","Nebraska","Douglas"
299874,"0","100","413","1","1","20","10","20","15","10","5","15","5","30","30","20","25","10","10","10","10","20","10","20","10","10","10","10","10","5","6","6","2","5","1","1","3","1","1","6","6","2","3","4","3","5","7","4","6","4","6","3","2","5","2","5","5","5","2","5","3","5","4","2","1","4","2","3","2","1","4","5","2","1","3","1","2","3","4","5","1","","1","2","3","4","5","6","57","","","","2","1","2","1","1","2","4","5","6","2","1","3","1","10","9","6","8","7","4","3","2","5","8","2","9","5","6","1","4","3","7","11","10","6","2","7","9","8","3","5","4","1","Independent","Donald Trump","Donald Trump","woman","White","","","","","","","","$40,001-$60,000","4yearColl","Texas","Harris"
143498,"0","100","243","1","1","17","10","28","14","7","6","4","14","27","4","23","30","20","9","29","7","23","13","21","12","15","4","1","11","6","6","6","3","5","4","5","4","3","5","5","5","5","6","3","2","5","6","3","3","5","6","3","3","6","3","6","6","5","3","6","3","3","3","4","4","4","6","2","5","4","3","1","1","2","3","2","1","3","4","5","1","","1","2","3","4","5","6","40","","","","2","1","1","2","1","2","3","2","4","6","1","5","1","9","10","7","8","6","3","4","2","5","3","6","5","7","4","1","8","2","9","9","2","3","4","7","10","5","11","8","6","1","Independent","Joe Biden","Joe Biden","man","White","","","","","","","","$100,001-$120,000","4yearColl","Florida","Palm Beach"
978439,"0","100","611","1","1","35","29","27","1","4","3","0","1","43","20","24","5","15","4","12","5","29","41","17","2","10","1","0","0","3","4","4","4","5","5","5","5","5","5","5","5","5","5","1","1","7","1","1","1","7","7","1","1","7","1","7","6","1","1","6","1","1","1","1","2","1","6","2","1","5","3","4","1","2","3","1","2","3","4","5","1","","2","1","3","4","5","6","35","","","","2","1","1","2","2","1","6","4","3","5","1","2","1","8","10","9","5","7","4","2","3","6","4","3","7","2","8","1","6","9","5","7","3","11","2","6","8","10","4","9","5","1","Independent","Joe Biden","Joe Biden","woman","White","","","","","","","","$60,001-$80,000","4yearColl","Florida","Pasco"
704476,"0","100","643","1","1","17","5","9","10","15","15","19","10","40","25","38","18","40","49","64","19","18","25","15","4","11","10","2","15","5","5","5","1","5","2","2","2","3","3","2","1","1","1","2","1","7","6","2","1","7","7","2","2","7","2","6","6","6","2","7","2","5","2","2","7","2","5","3","5","1","4","2","1","2","3","1","2","3","4","5","1","","2","1","3","4","5","6","43","","","","1","2","2","1","2","1","4","2","3","6","1","5","1","9","5","8","7","10","4","2","3","6","4","5","3","9","8","1","6","2","7","6","11","3","4","9","8","10","5","7","2","1","Independent","I did not vote","Joe Biden","man","","","Black or African American","","","","","","$160,001-$180,000","GED","Florida","Broward"
159617,"0","100","432","1","1","25","20","14","15","3","14","4","5","80","40","95","90","35","80","95","50","20","20","15","5","10","20","0","10","5","3","3","4","5","3","4","5","2","5","2","5","3","6","2","1","6","5","3","2","7","6","2","3","4","5","6","7","7","5","5","5","2","2","7","5","3","5","5","3","4","2","1","1","2","3","2","1","3","4","5","1","","1","2","3","4","5","6","31","","","","1","2","1","2","1","2","6","3","2","5","1","4","1","7","6","9","8","5","4","2","3","10","4","3","2","8","9","1","6","5","7","6","11","7","8","5","10","2","4","9","3","1","Democrat","Joe Biden","Joe Biden","man","White","","","","","","","","$40,001-$60,000","MA","Florida","St. Lucie"
197462,"0","100","342","1","1","13","20","27","13","2","14","3","8","65","28","11","53","18","11","52","2","16","14","13","11","14","14","3","15","6","5","6","2","5","2","2","2","2","5","1","1","1","3","1","1","6","7","2","1","7","7","2","3","6","5","5","6","6","3","5","2","7","1","2","6","1","","3","5","1","4","2","2","1","3","2","1","3","4","2","0","idk man","1","2","3","4","5","6","25","","white & romani","","2","1","2","1","2","1","4","5","2","6","1","3","1","5","9","8","10","6","4","2","3","7","7","3","6","5","4","1","2","8","9","5","3","8","4","6","7","11","10","2","9","1","Independent","I did not vote","Other","woman","","","","","","","","Other (please specify)","$0-$20,000","GED","Connecticut","Hartford"
634999,"0","100","684","1","1","13","19","23","5","17","12","2","9","81","81","80","66","84","85","34","85","20","21","17","6","13","11","0","12","5","4","5","5","5","4","4","4","5","5","3","4","4","5","4","4","5","6","4","3","5","6","6","2","6","4","6","7","6","2","6","2","5","6","1","2","2","5","3","1","4","5","2","2","1","3","1","2","3","4","3","1","","2","1","3","4","5","6","23","","","No comments","1","2","2","1","2","1","4","3","6","2","1","5","1","10","8","6","7","9","4","2","3","5","4","5","7","2","6","1","9","3","8","5","4","6","8","7","3","10","11","9","2","1","Republican","I did not vote","Joe Biden","man","White","","","","","","","","$140,001-$160,000","4yearColl","Minnesota","Dakota"
467501,"0","100","390","1","1","10","5","30","15","10","10","10","10","30","44","80","60","50","45","53","51","5","20","20","15","15","10","15","0","6","5","7","2","5","5","5","4","6","3","6","7","5","4","4","4","6","6","3","4","5","5","6","2","6","4","7","6","6","3","6","3","7","5","5","1","","3","3","5","2","4","1","2","1","3","1","2","3","4","5","1","","2","1","3","4","5","6","30","","","","2","1","1","2","2","1","6","3","2","4","1","5","1","10","9","8","6","5","4","2","3","7","5","6","7","9","3","1","4","2","8","11","7","2","3","9","4","5","10","8","6","1","Republican","Donald Trump","Donald Trump","woman","White","","","","","","","","$120,001-$140,000","4yearColl","New Jersey","Middlesex"
631942,"0","100","440","1","1","25","5","15","7","20","18","5","5","70","72","72","75","74","60","86","53","13","12","15","10","15","15","5","15","6","6","6","2","5","2","3","5","2","4","4","4","4","3","4","1","6","5","4","3","6","7","4","2","7","6","6","5","6","2","5","4","5","3","3","","7","5","4","5","3","1","2","1","2","3","2","1","3","4","1","0","","2","1","3","4","5","6","35","","","","1","2","1","2","1","2","6","5","2","4","1","3","1","9","10","6","7","8","2","3","4","5","4","5","9","2","7","1","8","3","6","8","4","11","2","3","6","5","10","9","7","1","Independent","I did not vote","Other","woman","White","","","","","","","","$40,001-$60,000","4yearColl","Florida","Broward"
616598,"0","100","452","1","1","19","16","19","10","14","2","12","8","100","83","95","83","84","74","86","86","14","16","15","16","12","13","0","14","5","5","3","5","5","6","6","6","3","6","2","6","3","6","1","1","7","7","1","1","7","7","6","1","7","7","6","3","7","1","6","1","6","4","6","4","","6","5","2","1","3","4","2","1","3","2","1","3","4","3","1","","1","2","3","4","5","6","26","","","","2","1","1","2","2","1","3","4","6","5","1","2","1","6","10","9","7","5","3","2","4","8","7","8","2","5","4","1","9","3","6","10","7","4","9","5","3","11","6","2","8","1","Republican","Donald Trump","Donald Trump","woman","","","Black or African American","","","","","","$60,001-$80,000","4yearColl","Illinois","Brown"
669436,"0","100","295","1","1","15","15","15","0","15","15","15","10","61","60","61","61","55","62","84","53","30","0","30","0","30","0","10","0","4","4","5","4","5","3","3","3","2","5","5","5","2","3","5","4","5","5","5","4","3","4","4","2","5","3","5","3","6","2","2","4","5","6","2","2","","4","2","1","4","3","5","1","2","3","1","2","3","4","5","1","","2","1","3","4","5","6","31","","","","1","2","1","2","2","1","4","3","2","5","1","6","1","5","7","9","8","6","4","3","2","10","3","9","5","6","8","1","2","4","7","5","8","6","3","4","11","10","9","2","7","1","Republican","Donald Trump","Robert F. Kennedy Jr.","woman","White","","","","","","","","$140,001-$160,000","4yearColl","Ohio","Summit"
641390,"0","100","342","1","1","37","15","15","20","4","5","3","1","60","39","34","48","27","22","33","40","27","32","16","12","5","6","1","1","4","7","7","2","5","2","3","2","2","4","3","6","2","5","1","1","7","7","1","1","7","7","1","1","7","1","7","7","7","1","7","1","4","1","2","1","3","2","5","3","1","4","2","2","1","3","2","1","3","4","5","1","","2","1","3","4","5","6","46","","","","2","1","1","2","1","2","3","4","2","6","1","5","1","10","7","5","6","9","4","2","3","8","6","3","7","8","5","1","2","9","4","3","8","2","6","4","10","11","9","7","5","1","Independent","Joe Biden","Joe Biden","woman","White","","Black or African American","","American Indian or Alaska Native","","","","Prefer not to answer","GED","Florida","Leon"
509325,"0","100","462","1","1","17","20","10","4","20","21","1","7","26","11","10","8","4","6","30","8","11","10","17","15","18","19","5","5","6","5","5","5","5","2","3","4","1","2","1","1","2","4","2","1","6","7","2","2","5","6","6","3","5","3","5","6","6","3","5","3","5","3","5","5","4","4","1","5","3","2","4","2","1","3","2","1","3","4","4","1","","2","1","3","4","5","6","26","","","","1","2","1","2","2","1","6","4","5","2","1","3","1","10","7","6","9","5","2","3","4","8","7","2","5","3","9","1","8","4","6","9","10","6","2","3","5","8","4","7","11","1","Independent","Joe Biden","Jill Stein","man","White","","","","","","","","$20,001-$40,000","4yearColl","Maine","Penobscot"
519296,"0","100","574","1","1","20","20","20","8","10","10","5","7","70","20","50","100","20","30","49","15","18","19","19","7","15","6","2","14","7","3","2","3","5","6","5","4","4","6","4","4","3","6","1","1","7","7","1","1","7","7","5","3","6","6","7","2","5","3","5","1","5","1","6","6","2","7","2","3","4","1","5","2","1","3","1","2","3","4","5","1","","2","1","3","4","5","6","42","","","","2","1","2","1","1","2","4","2","5","6","1","3","1","10","7","6","8","9","4","3","2","5","3","8","7","9","4","1","5","2","6","6","11","7","9","2","8","4","10","3","5","1","Democrat","Joe Biden","Joe Biden","woman","White","","","","","","","","$40,001-$60,000","4yearColl","Maryland","Talbot"
679331,"0","100","8","1","2","","","","","","","","","","","","","","","","","","","","","","","","","","","","","","","","","","","","","","","","","","","","","","","","","","","","","","","","","","","","","","","","","","","","","","","","","","","","","","","","","","","","","","","","","","","","","","","","","","","","","","","","","","","","","","","","","","","","","","","","","","","","","","","","","","","","","","","","","","","","","","","","",""
308139,"0","100","618","1","1","18","1","17","18","6","18","22","0","29","100","17","82","43","9","22","78","20","0","21","21","17","0","21","0","6","5","5","5","5","1","1","5","1","1","6","7","1","1","5","7","4","1","7","3","4","5","2","1","7","1","5","6","3","1","7","1","1","2","6","1","3","1","1","4","3","2","5","1","2","3","1","2","3","4","5","1","","2","1","3","4","5","6","38","","","","1","2","2","1","1","2","3","6","2","4","1","5","1","9","5","7","8","10","3","4","2","6","3","7","9","8","5","1","4","6","2","11","10","9","8","2","7","3","6","4","5","1","Independent","Donald Trump","Donald Trump","man","White","","","","","","","","$60,001-$80,000","GED","Missouri","St. Louis"
284811,"0","100","256","1","1","23","16","21","4","14","9","12","1","57","46","69","70","25","17","32","26","21","18","21","3","12","14","8","3","4","6","5","3","5","2","2","2","1","4","6","5","3","2","6","6","5","4","6","6","5","4","2","1","6","1","5","5","5","1","6","3","5","5","2","2","3","3","4","5","3","2","1","2","1","3","1","2","3","4","5","1","","1","2","3","4","5","6","59","","","","2","1","1","2","2","1","6","2","3","5","1","4","1","10","5","8","9","6","2","4","3","7","4","3","6","2","8","1","5","7","9","9","5","4","2","7","3","10","6","8","11","1","Republican","Donald Trump","Donald Trump","woman","White","","","","","","","","$140,001-$160,000","4yearColl","Massachusetts","Middlesex"
390869,"0","100","400","1","1","10","5","40","0","10","10","20","5","40","0","41","22","16","30","4","26","10","14","9","6","9","27","16","9","6","6","4","4","5","2","2","2","1","1","5","5","1","2","6","4","2","7","1","4","4","7","1","5","6","4","6","7","6","5","6","6","4","6","5","","3","3","2","3","1","5","4","1","2","3","2","1","3","4","2","1","","2","1","3","4","5","6","27","","","","2","1","1","2","1","2","3","4","6","5","1","2","1","7","10","6","9","5","3","2","4","8","6","2","3","5","4","1","8","9","7","10","8","2","4","3","9","11","7","5","6","1","Republican","Donald Trump","Donald Trump","man","","","","Asian","","","","","$80,001-$100,000","4yearColl","California","San Joaquin"
497882,"0","100","401","1","1","0","0","44","0","27","0","8","21","1","18","31","1","46","1","33","67","0","0","26","0","56","0","18","0","1","1","1","6","5","6","6","6","7","2","6","4","7","5","7","7","1","1","7","7","1","1","7","1","7","1","7","1","7","1","7","4","3","7","1","1","","1","2","3","5","1","4","1","2","3","1","2","3","4","5","1","","2","1","3","4","5","6","28","","","","1","2","2","1","1","2","6","4","3","5","1","2","1","7","9","10","8","5","4","2","3","6","6","7","8","3","5","1","2","4","9","9","10","2","7","11","8","5","6","3","4","1","Republican","Donald Trump","Donald Trump","woman","","Hispanic, Latino, or Spanish origin","","","","","","","$80,001-$100,000","4yearColl","Florida","Hillsborough"
149553,"0","100","571","1","1","12","12","16","12","12","12","12","12","40","90","75","60","35","65","90","75","12","12","16","12","12","12","12","12","4","5","6","2","5","3","2","5","1","3","6","6","4","3","4","3","3","3","6","5","4","5","3","2","5","2","5","3","5","1","6","2","3","7","1","1","3","1","2","5","3","4","1","2","1","3","2","1","3","4","3","1","","1","2","3","4","5","6","58","","","","2","1","2","1","1","2","2","3","5","6","1","4","1","6","10","7","8","5","3","4","2","9","5","7","8","2","6","1","9","3","4","6","8","7","11","9","3","5","4","2","10","1","Independent","Donald Trump","Donald Trump","man","White","","","","","","","","$40,001-$60,000","2yearColl","Arkansas","Saline"
423478,"0","100","683","1","1","0","25","25","0","25","0","25","0","50","40","0","50","2","54","0","51","0","9","29","0","17","10","35","0","7","6","7","1","5","1","1","1","1","1","2","2","1","1","6","5","5","2","7","7","2","2","2","2","5","2","5","7","5","5","3","3","5","6","1","1","2","2","3","5","2","4","1","2","1","3","1","2","3","4","4","1","","1","2","3","4","5","6","57","","","","1","2","2","1","2","1","6","5","3","2","1","4","1","8","10","9","5","7","4","2","3","6","6","2","3","9","4","1","7","8","5","7","2","11","3","6","5","9","4","10","8","1","Republican","Donald Trump","Donald Trump","man","","","","","","","Native Hawaiian or Other Pacific Islander","","Prefer not to answer","MA","California","San Diego"
214419,"0","100","527","1","1","5","3","40","7","15","20","5","5","20","5","40","4","15","20","30","5","10","5","20","10","20","25","5","5","6","7","6","2","5","2","2","2","1","4","4","4","3","3","3","4","6","6","3","4","5","6","6","1","6","3","5","4","6","1","5","1","7","","","","","","5","2","4","1","3","2","1","3","2","1","3","4","5","1","","1","2","3","4","5","6","58","","","","1","2","1","2","2","1","4","2","6","5","1","3","1","7","9","10","6","8","2","3","4","5","5","9","6","4","3","1","2","8","7","9","3","8","4","11","5","2","10","6","7","1","Republican","Donald Trump","Donald Trump","woman","White","","","","","","","","$20,001-$40,000","2yearColl","Virginia","Henry"
274428,"0","100","260","1","1","11","30","9","11","12","2","4","21","72","70","91","28","60","67","71","46","31","15","32","0","0","0","18","4","3","5","5","3","5","5","5","5","2","2","6","6","3","6","4","3","4","6","6","2","4","7","5","6","6","2","5","6","5","2","6","3","6","6","1","1","1","2","2","3","4","1","5","1","2","3","1","2","3","4","3","1","","1","2","3","4","5","6","26","","","","2","1","2","1","2","1","5","4","2","3","1","6","1","8","6","5","10","9","2","4","3","7","4","6","9","2","8","1","7","5","3","4","10","7","2","8","6","11","5","9","3","1","Republican","I did not vote","Donald Trump","man","White","","","","","","","","$40,001-$60,000","PHD","Massachusetts","Hampden"
936682,"0","100","551","1","1","10","20","20","20","5","10","10","5","70","50","60","80","80","80","70","80","10","10","25","15","15","15","5","5","6","5","5","3","5","3","5","5","2","5","6","6","2","6","3","3","5","6","4","3","5","5","2","3","5","3","4","6","5","4","5","3","4","5","3","5","5","4","1","3","4","2","5","1","2","3","1","2","3","4","2","1","Not sure","1","2","3","4","5","6","39","","","","2","1","2","1","2","1","2","5","3","4","1","6","1","7","8","5","9","10","2","3","4","6","2","7","3","6","4","1","5","8","9","7","5","8","9","6","3","2","10","4","11","1","Independent","I did not vote","Other","man","White","","","","","","","","$20,001-$40,000","GED","Michigan","Oakland"
279814,"0","100","425","1","1","14","5","39","5","12","16","8","1","45","8","37","51","26","40","79","12","4","15","11","19","13","3","2","33","7","6","5","6","5","5","5","5","6","6","3","6","6","5","5","5","5","6","5","2","5","5","5","5","5","2","5","5","5","3","5","5","6","3","5","4","4","3","2","3","4","5","1","2","1","3","1","2","3","4","4","1","","2","1","3","4","5","6","29","","","","1","2","2","1","2","1","6","5","3","2","1","4","1","10","5","8","6","9","4","2","3","7","7","2","6","9","4","1","8","3","5","7","10","3","2","8","6","5","4","11","9","1","Democrat","Joe Biden","Cornel West","man","","","Black or African American","","","","","","$20,001-$40,000","4yearColl","North Carolina","Mecklenburg"
807011,"0","100","327","1","1","27","17","15","21","6","5","5","4","72","51","88","92","47","49","48","22","29","16","28","17","8","1","0","1","2","6","6","2","5","2","2","2","2","6","4","6","6","5","7","6","1","2","7","7","1","2","2","5","7","6","1","2","2","3","4","1","2","1","1","","1","","2","5","4","3","1","2","1","3","1","2","3","4","1","0","","2","1","3","4","5","6","51","","","","1","2","2","1","2","1","3","6","5","2","1","4","1","8","5","9","6","10","3","4","2","7","5","6","3","7","2","1","8","4","9","9","11","7","5","6","3","8","2","10","4","1","Independent","Donald Trump","Donald Trump","woman","White","","","","","","","","$180,001-$200,000","4yearColl","Pennsylvania","Chester"
761990,"0","100","354","1","1","17","17","21","19","9","12","3","2","100","67","27","18","28","65","81","32","24","15","27","23","6","2","1","2","4","6","7","4","5","4","4","5","1","4","5","5","2","6","4","3","6","6","2","2","6","7","5","2","6","3","7","4","7","2","4","2","3","6","3","1","6","2","4","5","1","2","3","1","2","3","2","1","3","4","5","1","","1","2","3","4","5","6","36","","","","1","2","2","1","2","1","6","3","2","4","1","5","1","5","8","6","7","9","2","4","3","10","7","2","6","8","5","1","4","9","3","2","7","9","10","4","8","5","11","6","3","1","Independent","Third-party candidate","Joe Biden","man","White","","","","","","","","$100,001-$120,000","4yearColl","New Jersey","Morris"
946115,"0","100","465","1","1","20","20","20","10","5","10","10","5","8","31","52","53","8","26","42","70","30","5","20","5","10","5","15","10","7","5","3","1","5","2","2","2","1","5","5","5","1","2","6","5","4","3","5","6","3","2","5","2","5","5","5","3","7","1","3","3","7","6","2","3","2","3","5","4","3","1","2","1","2","3","1","2","3","4","5","1","","2","1","3","4","5","6","47","","","","1","2","1","2","2","1","6","2","3","5","1","4","1","6","9","5","8","10","3","2","4","7","5","7","6","8","3","1","2","9","4","2","7","5","4","3","9","10","11","8","6","1","Republican","Donald Trump","Donald Trump","woman","White","","","","","","","","$0-$20,000","2yearColl","Louisana","Jefferson"
573651,"0","100","307","1","1","21","22","30","0","21","6","0","0","51","56","64","71","58","45","25","63","19","19","30","11","9","0","0","12","4","4","4","4","5","4","4","4","4","4","4","4","4","4","4","4","4","4","4","4","4","4","4","2","6","1","7","7","7","2","7","4","4","","","","","","2","4","1","5","3","2","1","3","1","2","3","4","4","1","","1","2","3","4","5","6","23","","","","2","1","1","2","2","1","6","4","3","2","1","5","1","8","5","7","10","9","4","2","3","6","6","4","9","7","2","1","5","8","3","2","9","5","4","3","11","10","6","8","7","1","Democrat","Donald Trump","Donald Trump","man","White","","","","","","","","$60,001-$80,000","4yearColl","Texas","Houston"
848240,"0","100","563","1","1","10","10","15","5","4","14","34","8","5","5","17","22","10","25","90","7","15","14","15","12","15","15","0","14","6","5","5","3","5","3","2","2","3","3","3","3","3","3","4","3","5","5","3","3","5","5","2","3","5","6","4","7","5","2","3","2","6","2","2","3","3","3","3","1","4","2","5","1","2","3","2","1","3","4","4","1","","1","2","3","4","5","6","36","","","Thank you! ","2","1","1","2","2","1","5","6","3","4","1","2","1","6","7","8","10","5","4","3","2","9","5","4","9","7","2","1","6","8","3","8","6","9","11","4","10","2","3","5","7","1","Independent","Joe Biden","Joe Biden","woman","White","","","","","","","","$100,001-$120,000","2yearColl","Ohio","Hancock"
210350,"0","100","828","1","1","19","25","31","1","5","10","7","2","68","61","69","78","53","62","75","45","24","22","16","6","11","10","1","10","6","3","5","4","5","3","3","3","3","4","2","4","4","4","1","1","7","7","2","1","6","6","2","3","3","5","6","6","4","5","4","1","7","1","5","7","3","6","2","5","4","3","1","2","1","3","2","1","3","4","5","1","","2","1","3","4","5","6","25","","","","2","1","2","1","2","1","2","3","5","6","1","4","1","9","7","6","5","8","3","4","2","10","4","3","6","9","5","1","7","8","2","5","8","3","10","11","4","6","7","2","9","1","Independent","Joe Biden","Joe Biden","man","White","","","","","","","","$40,001-$60,000","4yearColl","North Carolina","Mecklenburg"
207008,"0","100","377","1","1","20","20","20","0","20","20","0","0","61","54","84","65","55","59","84","21","15","20","20","5","10","10","10","10","5","4","5","5","5","3","5","6","3","3","4","6","5","5","5","4","6","4","2","2","3","5","5","3","6","3","5","4","6","3","6","3","5","5","2","3","5","1","2","4","3","5","1","1","2","3","2","1","3","4","5","1","","1","2","3","4","5","6","45","","","","2","1","2","1","2","1","6","3","5","4","1","2","1","6","8","10","9","5","2","3","4","7","3","9","4","5","6","1","7","8","2","2","11","9","3","4","6","7","10","8","5","1","Independent","Donald Trump","Donald Trump","man","White","","","","","","","","$80,001-$100,000","4yearColl","Michigan","Oakland"
223560,"0","100","717","1","1","21","17","18","17","15","3","3","6","75","51","66","60","64","64","44","52","9","7","13","9","17","23","3","19","3","3","2","6","5","6","6","6","6","7","6","6","5","6","3","5","6","7","4","4","6","7","6","1","6","1","6","6","6","1","6","1","5","5","4","4","4","5","3","5","1","4","2","2","1","3","1","2","3","4","5","1","","2","1","3","4","5","6","34","","","","1","2","1","2","1","2","3","5","4","2","1","6","1","6","9","8","5","10","3","2","4","7","5","9","2","6","3","1","8","7","4","6","4","8","2","11","5","10","3","7","9","1","Republican","Donald Trump","Donald Trump","man","White","","","","","","","","$100,001-$120,000","4yearColl","New York","Kings"
947445,"0","100","287","1","1","25","7","10","0","3","9","44","2","38","26","42","29","23","15","88","12","30","11","20","0","0","30","0","9","7","6","6","2","5","1","1","2","1","1","2","1","2","1","4","3","5","5","3","3","5","5","3","2","6","3","6","3","3","3","5","2","5","2","2","1","3","2","1","4","3","5","2","2","1","3","1","2","3","4","3","0","","2","1","3","4","5","6","35","","","","2","1","1","2","2","1","3","4","5","6","1","2","1","9","8","7","6","5","2","3","4","10","2","6","7","9","5","1","4","8","3","2","6","5","8","9","7","10","4","11","3","1","Independent","I did not vote","Joe Biden","man","White","","","","","","","","$120,001-$140,000","4yearColl","Illinois","Lake"
520782,"0","100","921","1","1","30","18","13","10","9","9","1","10","71","71","70","60","60","50","40","50","19","20","17","6","20","8","0","10","3","3","2","5","5","5","5","6","5","6","5","6","6","6","3","1","7","7","1","1","7","7","6","2","6","1","6","6","7","1","7","2","2","6","2","6","2","6","2","5","3","1","4","2","1","3","2","1","3","4","4","1","","1","2","3","4","5","6","26","","","","1","2","1","2","1","2","2","4","5","3","1","6","1","9","7","6","10","8","2","4","3","5","6","4","2","3","8","1","9","5","7","10","3","9","7","6","8","4","2","11","5","1","Democrat","Joe Biden","Joe Biden","woman","","","Black or African American","","","","","","$40,001-$60,000","4yearColl","South Carolina","Lancaster"
947399,"0","100","548","1","1","15","5","20","15","15","15","15","0","70","50","90","80","70","60","50","28","20","30","15","0","20","15","0","0","5","5","4","5","5","6","6","6","5","6","5","7","6","7","2","4","7","7","1","1","7","7","6","3","6","3","6","6","6","1","6","3","5","3","6","","6","","2","5","3","1","4","2","1","3","2","1","3","4","2","0","","2","1","3","4","5","6","24","","","No ","2","1","1","2","1","2","2","4","6","5","1","3","1","10","5","7","8","9","4","2","3","6","4","6","9","5","7","1","8","2","3","7","10","8","2","9","11","3","6","4","5","1","Republican","I did not vote","Donald Trump","man","White","","","","","","","","$60,001-$80,000","4yearColl","Pennsylvania","Philadelphia"
232974,"0","100","962","1","1","15","15","15","10","15","10","10","10","94","85","81","56","69","30","55","39","20","15","15","10","20","10","0","10","5","3","2","5","5","5","5","6","6","6","5","7","6","6","6","5","3","5","6","6","5","5","5","2","6","2","5","6","5","2","6","2","5","6","3","3","3","6","4","3","2","5","1","2","1","3","2","1","3","4","4","1","","2","1","3","4","5","6","23","","","","1","2","2","1","1","2","6","5","3","4","1","2","1","7","10","8","5","9","3","4","2","6","2","4","5","9","6","1","8","7","3","4","9","10","3","8","7","5","6","2","11","1","Republican","Donald Trump","Donald Trump","man","White","","","","","","","","$80,001-$100,000","4yearColl","Washington","King"
288250,"0","100","325","1","1","30","21","49","0","0","0","0","0","5","20","7","0","3","17","6","15","12","5","16","17","16","10","18","6","6","6","7","1","5","2","4","1","1","2","1","5","3","3","1","2","7","5","4","4","5","5","6","2","6","1","6","6","3","3","4","1","7","6","1","3","1","5","1","3","2","4","5","2","1","3","2","1","3","4","5","1","","1","2","3","4","5","6","","","","","1","2","2","1","1","2","6","5","3","4","1","2","1","5","8","7","9","6","3","2","4","10","7","3","4","9","6","1","2","5","8","3","9","7","8","10","11","4","2","6","5","1","Republican","Donald Trump","Donald Trump","woman","White","","","","","","","","$80,001-$100,000","2yearColl","Pennsylvania","Bradford"
608646,"0","100","358","1","1","11","16","23","6","17","5","16","6","87","72","86","36","68","25","86","43","20","17","20","3","14","3","18","5","5","6","6","5","5","6","6","6","6","6","6","7","5","5","4","5","6","4","4","1","6","7","5","3","6","2","6","3","5","2","6","2","4","","","","","","4","3","1","2","5","1","2","3","2","1","3","4","4","1","","1","2","3","4","5","6","34","","","","1","2","2","1","2","1","3","6","5","4","1","2","1","10","7","5","8","6","2","3","4","9","4","9","5","6","8","1","3","7","2","3","5","9","6","2","8","10","7","4","11","1","Independent","Donald Trump","Donald Trump","man","White","","","","","","","","$100,001-$120,000","MA","Maryland","Baltimore"
291663,"0","100","567","1","1","23","14","29","3","7","14","5","5","90","41","95","95","50","25","89","76","20","20","20","2","10","20","0","8","7","5","6","2","5","4","4","4","1","4","2","5","6","4","1","3","7","7","2","2","4","7","3","3","6","3","4","5","5","3","5","4","4","1","5","5","2","4","5","1","3","2","4","2","1","3","2","1","3","4","2","0","","1","2","3","4","5","6","39","","","","2","1","2","1","2","1","5","6","2","4","1","3","1","6","10","8","7","5","2","3","4","9","8","5","7","4","9","1","3","6","2","8","6","5","4","11","3","10","9","2","7","1","Independent","I did not vote","Joe Biden","man","White","","","","","","","","$20,001-$40,000","GED","New Jersey","Cumberland"
412082,"0","100","912","1","1","14","16","15","12","15","10","5","13","94","95","80","93","78","38","81","74","18","18","21","10","9","10","2","12","6","4","3","6","5","6","5","6","3","7","2","7","4","7","1","1","7","7","1","1","7","7","6","3","7","5","7","2","7","1","4","1","5","5","6","5","5","6","4","5","2","1","3","1","2","3","1","2","3","4","4","1","","1","2","3","4","5","6","26","","","","2","1","2","1","1","2","4","5","2","3","1","6","1","10","6","7","5","8","2","4","3","9","3","4","6","5","7","1","8","2","9","2","4","11","5","3","7","10","6","9","8","1","Republican","Joe Biden","Joe Biden","woman","","","Black or African American","","","","","","$60,001-$80,000","4yearColl","New York","New York"
875369,"0","100","638","1","1","20","15","15","5","15","10","10","10","84","75","90","83","70","70","50","64","20","15","15","10","15","10","5","10","5","3","4","6","5","4","4","4","5","7","6","7","6","7","7","4","6","6","6","4","4","5","7","1","7","2","6","6","7","2","6","3","5","6","2","4","2","5","3","2","5","1","4","2","1","3","2","1","3","4","5","1","","1","2","3","4","5","6","25","","","","1","2","2","1","1","2","6","5","3","4","1","2","1","5","8","9","6","7","2","3","4","10","2","9","7","5","8","1","3","4","6","9","5","7","2","3","6","4","10","11","8","1","Republican","Donald Trump","Donald Trump","woman","White","","","","","","","","$60,001-$80,000","4yearColl","New York","New York"
497605,"0","100","833","1","1","12","12","14","13","10","11","14","14","84","85","84","85","86","85","86","86","15","14","15","13","12","12","13","6","2","2","2","6","5","6","6","6","6","6","6","6","6","6","2","2","6","6","2","2","6","6","2","2","6","2","6","2","6","2","6","2","2","5","4","4","4","4","1","5","3","4","2","1","2","3","2","1","3","4","4","1","","1","2","3","4","5","6","40","","","","1","2","1","2","1","2","5","6","3","4","1","2","1","5","7","8","6","10","3","2","4","9","4","7","2","5","3","1","6","8","9","11","6","3","9","7","10","2","4","5","8","1","Republican","Donald Trump","Donald Trump","man","White","","","","","","","","$20,001-$40,000","4yearColl","New York","Chemung"
117321,"0","100","900","1","1","14","8","14","2","26","15","7","14","79","75","87","70","60","59","43","65","27","19","9","7","18","11","3","6","1","1","1","6","5","7","7","7","5","6","7","7","7","7","7","6","3","6","5","5","6","7","7","1","7","1","7","2","7","1","7","1","3","7","","","4","","1","4","2","3","5","1","2","3","2","1","3","4","5","1","","2","1","3","4","5","6","26","","","","1","2","2","1","1","2","6","2","4","3","1","5","1","6","8","7","9","5","4","2","3","10","3","2","8","7","6","1","9","4","5","5","7","4","3","2","8","6","9","11","10","1","Republican","Donald Trump","Donald Trump","man","","","Black or African American","","","","","","$60,001-$80,000","4yearColl","New York","Kings"
783106,"0","100","438","1","1","15","10","20","15","5","10","20","5","30","5","30","95","20","20","95","20","10","20","15","10","10","20","5","10","7","6","4","1","5","2","2","2","1","4","3","2","1","1","2","1","7","6","3","3","5","7","4","2","6","1","6","3","6","1","6","1","7","1","4","4","2","4","1","3","2","5","4","1","2","3","2","1","3","4","5","1","","2","1","3","4","5","6","37","","","","2","1","2","1","2","1","6","2","4","5","1","3","1","10","6","5","7","8","2","4","3","9","7","3","2","9","4","1","8","6","5","7","8","11","3","9","10","6","4","2","5","1","Independent","Joe Biden","Joe Biden","man","White","","","","","","","","$0-$20,000","GED","Colorado","Jefferson"
892341,"0","100","683","1","1","25","10","25","10","10","5","10","5","60","30","60","22","15","15","25","10","19","18","22","8","20","8","0","5","5","6","5","4","5","2","5","3","4","3","6","6","5","5","4","5","6","5","4","4","4","5","2","2","5","2","5","6","2","3","6","2","5","3","6","5","3","7","1","3","2","5","4","2","1","3","2","1","3","4","5","1","","2","1","3","4","5","6","","","","","2","1","1","2","1","2","6","5","4","2","1","3","1","8","6","10","7","9","3","2","4","5","7","5","8","3","9","1","6","4","2","4","7","6","2","3","8","10","11","9","5","1","Democrat","Joe Biden","Joe Biden","woman","White","","","","","","","","$20,001-$40,000","GED","Georgia","Cobb"
631069,"0","100","297","1","1","28","22","20","8","7","15","0","0","23","4","15","34","5","5","21","2","34","6","21","6","21","12","0","0","7","6","3","6","5","1","3","3","5","6","5","4","1","5","3","3","3","5","3","3","5","6","5","5","5","5","5","3","6","3","5","2","3","4","5","5","5","4","1","4","5","3","2","2","1","3","2","1","3","4","5","1","","1","2","3","4","5","6","41","","","","1","2","2","1","2","1","4","3","5","6","1","2","1","5","6","7","9","10","3","2","4","8","9","5","7","4","6","1","8","3","2","5","4","9","11","6","8","7","3","10","2","1","Republican","Joe Biden","Joe Biden","woman","White","","","","","","","","$120,001-$140,000","MA","Florida","Polk"
736205,"0","100","250","1","1","19","14","14","20","10","9","12","2","22","11","35","59","11","19","57","21","9","7","11","10","9","30","10","14","3","3","4","5","5","3","2","4","2","4","4","3","1","1","4","5","5","5","6","4","4","4","4","4","5","6","4","4","4","4","3","4","5","2","6","6","5","6","2","3","4","1","5","2","1","3","1","2","3","4","3","1","","1","2","3","4","5","6","32","","","","2","1","2","1","1","2","3","6","2","4","1","5","1","9","8","6","10","7","4","3","2","5","7","9","4","2","5","1","8","3","6","10","11","9","2","5","3","8","6","7","4","1","Democrat","I did not vote","Joe Biden","man","White","","","","","","","","$80,001-$100,000","GED","New Jersey","Middlesex"
814394,"0","100","599","1","1","32","10","13","2","24","6","12","1","75","70","59","54","65","60","85","77","20","18","23","9","11","9","3","7","7","6","6","2","5","4","4","3","2","5","3","7","3","2","1","1","7","7","1","1","7","7","2","4","7","2","6","6","6","1","7","3","6","5","3","2","3","3","1","5","2","4","3","1","2","3","2","1","3","4","5","1","","1","2","3","4","5","6","40","","","","1","2","1","2","2","1","3","4","5","2","1","6","1","6","5","8","7","9","2","3","4","10","5","7","6","8","3","1","2","4","9","10","5","11","6","7","9","2","3","4","8","1","Republican","Donald Trump","Donald Trump","man","White","","","","","","","","$40,001-$60,000","GED","Georgia","Rockdale"
631738,"0","100","520","1","1","7","8","22","10","10","11","32","0","5","10","0","98","6","1","72","5","20","10","10","0","20","30","0","10","7","7","7","1","5","1","1","1","2","2","1","1","1","1","2","1","6","7","5","3","6","6","6","3","3","7","6","2","7","5","2","1","7","1","2","3","3","3","3","5","2","4","1","1","2","3","2","1","3","4","1","0","None","1","2","3","4","5","6","29","Genderqueer","","","1","2","2","1","1","2","3","4","5","2","1","6","1","10","9","6","7","5","2","3","4","8","2","5","4","7","3","1","6","9","8","5","2","10","11","4","7","6","8","9","3","1","Independent","I did not vote","Other",NA,"White","","","","","","","","$20,001-$40,000","GED","Illinois","Cook"
618294,"0","100","315","1","1","30","15","15","10","10","6","4","10","70","59","50","80","30","40","70","20","16","18","16","6","17","7","2","18","7","7","7","5","5","3","5","3","5","5","3","5","5","6","1","1","6","7","2","1","6","6","2","4","6","5","6","7","6","3","6","3","6","1","6","5","2","6","4","1","5","3","2","2","1","3","1","2","3","4","5","1","","2","1","3","4","5","6","28","","","","2","1","1","2","2","1","4","6","2","5","1","3","1","9","10","7","6","8","2","4","3","5","7","8","5","9","2","1","4","3","6","11","7","2","5","4","10","8","9","6","3","1","Democrat","Joe Biden","Joe Biden","woman","","","","Asian","","","","","$140,001-$160,000","4yearColl","Massachusetts","Middlesex"
288413,"0","100","420","1","1","15","15","25","2","15","10","15","3","35","70","35","85","45","30","40","65","20","10","25","2","16","10","12","5","7","7","6","1","5","1","1","5","1","3","6","5","1","2","5","5","5","7","1","7","1","1","3","5","6","5","7","7","5","2","5","5","7","7","1","1","5","1","4","3","5","1","2","2","1","3","2","1","3","4","5","1","","2","1","3","4","5","6","38","","","","2","1","2","1","1","2","2","3","6","4","1","5","1","5","10","6","8","7","3","2","4","9","9","8","6","2","7","1","3","4","5","5","11","3","8","9","4","7","6","10","2","1","Republican","Donald Trump","Donald Trump","man","White","","","","","","","","Over $200,000","MA","New York","Queens"
153326,"0","100","466","1","1","38","0","34","0","18","0","10","0","49","5","41","12","9","27","16","2","50","0","41","0","0","0","9","0","6","4","6","5","5","5","6","6","2","4","7","7","5","5","6","4","5","4","3","4","4","4","2","2","6","1","6","7","5","1","6","2","3","","","","","","3","2","1","5","4","1","2","3","2","1","3","4","5","1","","2","1","3","4","5","6","68","","","","2","1","2","1","1","2","4","6","2","3","1","5","1","7","8","10","5","6","2","4","3","9","4","9","2","5","6","1","3","8","7","7","8","6","11","5","3","9","2","4","10","1","Republican","Joe Biden","Joe Biden","man","White","","","","","","","","$140,001-$160,000","GED","New Jersey","Bergen"
745643,"0","100","1086","1","1","30","25","20","5","5","5","10","0","63","23","47","55","37","35","52","6","20","20","20","10","10","5","10","5","5","4","4","4","5","4","3","3","3","6","2","6","6","6","1","1","7","7","1","1","7","7","5","1","7","2","6","5","6","1","6","1","7","4","4","4","4","4","1","2","5","3","4","1","2","3","1","2","3","4","5","1","","1","2","3","4","5","6","51","","","","1","2","1","2","1","2","6","4","2","5","1","3","1","7","6","8","5","9","2","3","4","10","5","2","7","4","9","1","8","3","6","6","2","5","11","4","8","9","3","7","10","1","Republican","Joe Biden","Donald Trump","woman","White","","","","","","","","$80,001-$100,000","MA","Michigan","Washtenaw"
463932,"0","100","619","1","1","18","10","18","7","12","15","11","9","85","68","100","81","54","65","81","46","11","16","14","11","15","13","10","10","4","5","5","3","5","5","3","5","2","4","6","5","2","3","5","5","4","4","5","4","5","4","4","3","5","3","4","5","5","4","5","4","4","5","2","1","2","3","2","4","1","5","3","1","2","3","1","2","3","4","5","1","","1","2","3","4","5","6","33","","","","1","2","2","1","1","2","4","5","3","2","1","6","1","5","7","10","6","8","3","4","2","9","7","6","2","8","9","1","5","3","4","10","7","4","9","6","2","5","3","8","11","1","Republican","Donald Trump","Donald Trump","woman","White","","","","","","","","$40,001-$60,000","4yearColl","Wisconsin","Rock"
393085,"0","100","1043","1","1","30","10","25","0","5","15","15","0","75","40","76","51","30","75","50","51","11","25","17","0","10","20","12","5","7","6","6","5","5","3","5","5","4","3","3","5","2","5","3","2","6","5","3","5","5","5","6","3","6","2","7","3","5","5","5","3","5","6","5","2","4","4","2","1","4","5","3","1","2","3","1","2","3","4","5","1","Undecided; not ideal candidates here","1","2","3","4","5","6","40","","","Thabk you for having a sliding scale as when as an option to type in a number. Sometimes it is difficult to get the sliding scale on the intended number.","1","2","1","2","1","2","6","2","3","5","1","4","1","7","9","6","8","10","3","2","4","5","2","5","7","8","3","1","4","9","6","2","9","11","4","7","10","8","5","3","6","1","Republican","Donald Trump","Other","woman","White","","","","","","","","$80,001-$100,000","4yearColl","Florida","Hillsborough"
996783,"0","100","639","1","1","45","5","10","5","5","5","20","5","20","0","20","40","10","20","100","10","20","30","20","0","20","5","0","5","7","6","4","2","5","2","2","1","2","2","1","3","2","3","1","1","7","7","6","1","7","7","1","2","5","2","5","7","5","3","5","3","7","1","5","5","1","5","5","3","1","2","4","1","2","3","2","1","3","4","2","0","","1","2","3","4","5","6","49","","","","1","2","2","1","2","1","3","4","2","6","1","5","1","10","6","9","7","5","2","3","4","8","3","6","4","2","9","1","7","8","5","2","9","10","5","7","3","11","8","6","4","1","Independent","Joe Biden","Cornel West","woman","","","Black or African American","","","","","","$20,001-$40,000","4yearColl","Colorado","Arapahoe"
878667,"0","100","736","1","1","25","15","20","5","19","9","0","7","75","60","71","49","65","65","50","55","20","10","20","10","20","15","0","5","4","5","4","4","5","4","4","5","3","4","5","6","4","6","4","6","6","6","5","2","6","6","4","2","5","3","5","6","6","3","6","4","4","6","2","5","4","4","5","2","1","4","3","1","2","3","1","2","3","4","3","1","","1","2","3","4","5","6","23","","","","2","1","2","1","1","2","2","4","3","6","1","5","1","10","6","5","7","9","2","4","3","8","5","2","9","3","6","1","4","7","8","7","4","3","9","6","5","8","11","10","2","1","Democrat","I did not vote","Joe Biden","man","White","","","","","","","","$60,001-$80,000","GED","Florida","Miami-Dade"
835921,"0","100","692","1","1","20","15","15","5","5","25","10","5","71","60","72","53","52","74","68","74","25","15","25","5","25","0","5","0","5","4","4","4","5","6","6","5","6","6","6","6","6","6","4","4","4","6","2","3","6","6","5","3","6","4","6","5","6","3","5","3","4","4","6","4","4","4","2","1","3","4","5","1","2","3","1","2","3","4","3","1","","2","1","3","4","5","6","23","","","","2","1","1","2","1","2","2","6","4","5","1","3","1","10","8","9","6","5","2","3","4","7","7","9","4","6","8","1","3","5","2","7","8","3","4","2","5","6","9","11","10","1","Republican","Donald Trump","Donald Trump","man","White","","","","","","","","$40,001-$60,000","4yearColl","New York","New York"
117839,"0","100","459","1","1","30","15","15","5","10","10","5","10","75","50","65","60","70","30","85","30","20","20","20","5","10","10","5","10","4","5","2","5","5","6","3","3","5","6","5","6","6","6","1","1","7","7","2","1","7","7","2","2","7","1","6","7","7","1","7","5","1","2","4","2","2","3","1","4","5","2","3","2","1","3","1","2","3","4","4","1","","1","2","3","4","5","6","33","","","","1","2","1","2","1","2","6","3","4","5","1","2","1","10","9","7","8","5","4","3","2","6","9","6","2","7","8","1","5","3","4","7","10","9","11","6","5","4","3","8","2","1","Independent","I did not vote","Joe Biden","man","White","","","","","","","","$140,001-$160,000","MA","Florida","Collier"
729787,"0","100","423","1","1","10","19","20","10","10","10","13","8","31","18","17","17","8","17","100","36","10","15","10","10","20","20","5","10","7","7","7","1","5","1","1","1","4","4","4","4","2","1","2","3","7","6","4","4","6","7","6","2","6","2","7","6","6","2","7","4","7","3","4","4","4","","5","3","4","2","1","2","1","3","2","1","3","4","3","1","","2","1","3","4","5","6","34","","","","1","2","1","2","2","1","6","2","3","4","1","5","1","7","9","8","5","10","2","4","3","6","6","7","2","8","9","1","4","5","3","11","3","10","6","7","4","9","5","8","2","1","Independent","Joe Biden","Joe Biden","man","","Hispanic, Latino, or Spanish origin","","","","","","","$40,001-$60,000","GED","Illinois","Cook"
585000,"0","100","985","1","1","17","36","10","13","5","6","10","3","27","43","26","37","18","29","14","24","17","12","20","10","16","9","8","8","6","4","4","3","5","6","5","6","4","5","3","6","4","4","6","4","5","6","3","6","6","4","6","5","5","4","4","3","7","6","6","4","6","3","2","6","2","2","4","5","1","2","3","2","1","3","1","2","3","4","4","1","","2","1","3","4","5","6","28","","","","2","1","1","2","1","2","5","6","3","2","1","4","1","8","5","10","9","6","4","3","2","7","7","9","3","6","8","1","5","2","4","6","8","3","9","7","10","4","5","11","2","1","Democrat","Joe Biden","Donald Trump","man","White","","","","","","","","$40,001-$60,000","4yearColl","Connecticut","New Haven"
194884,"0","100","495","1","1","1","4","4","4","4","4","75","4","1","1","1","1","1","1","100","1","8","33","9","9","0","33","3","5","6","6","5","2","5","2","2","2","2","4","1","3","4","2","1","1","7","7","1","1","7","7","4","2","6","7","5","4","7","1","1","4","7","1","4","7","3","7","1","2","4","5","3","2","1","3","2","1","3","4","5","1","","2","1","3","4","5","6","36","","","That's not at all to say I love Biden. But Trump is unacceptable in literally every way.","1","2","2","1","2","1","2","4","6","3","1","5","1","10","9","6","7","8","4","2","3","5","7","5","4","2","3","1","6","8","9","9","4","7","6","2","5","10","8","3","11","1","Independent","Joe Biden","Joe Biden","woman","White","","","","","","","","$20,001-$40,000","4yearColl","Ohio",""
424054,"0","100","165","1","1","15","15","15","15","15","15","5","5","43","49","41","55","52","61","56","53","10","10","10","10","10","10","10","30","4","3","3","3","5","3","4","5","3","3","2","5","4","3","4","5","4","3","4","3","5","2","4","3","5","5","4","4","3","4","5","3","3","5","3","3","4","3","4","3","1","2","5","2","1","3","2","1","3","4","2","1","","1","2","3","4","5","6","25","","","","1","2","2","1","2","1","6","2","3","4","1","5","1","6","8","7","5","9","3","4","2","10","5","3","8","4","6","1","2","9","7","9","5","10","8","7","6","11","2","3","4","1","Republican","Donald Trump","Donald Trump","man","White","","","","","","","","$60,001-$80,000","4yearColl","Georgia","Cobb"
529555,"0","100","431","1","1","14","14","14","14","14","12","13","5","19","6","7","6","18","6","26","4","10","20","20","20","0","20","3","7","6","7","7","2","5","1","2","1","2","3","1","2","5","6","1","1","7","7","1","1","6","7","3","6","5","2","6","5","6","6","5","2","7","","","5","","","1","4","5","3","2","2","1","3","1","2","3","4","1","0","None","2","1","3","4","5","6","34","","","","1","2","1","2","2","1","6","5","2","3","1","4","1","5","7","8","6","10","3","2","4","9","7","9","2","4","6","1","5","3","8","8","9","4","2","3","6","10","5","7","11","1","Independent","I did not vote","Other","man","White","","","","","","","","$0-$20,000","GED","Washington","Thurston"
526269,"0","100","422","1","1","16","11","17","7","12","15","18","4","93","100","100","95","100","84","100","100","13","7","21","17","12","14","8","8","7","5","7","5","5","3","3","5","3","5","3","4","5","3","5","5","7","5","6","4","4","5","3","3","7","4","7","6","6","1","5","1","6","","","","","","2","3","4","1","5","1","2","3","1","2","3","4","2","0","Not sure yet","1","2","3","4","5","6","40","","","","1","2","2","1","2","1","3","4","5","6","1","2","1","10","9","7","6","8","2","4","3","5","7","3","2","8","5","1","6","9","4","10","3","6","7","11","2","4","9","8","5","1","Independent","Donald Trump","Other","man","White","","","","","","","","$80,001-$100,000","GED","Florida","St. Johns"
477281,"0","100","545","1","1","6","7","54","4","8","14","3","4","27","69","77","62","48","49","89","30","9","17","19","9","25","13","0","8","7","3","6","4","5","3","3","5","2","3","4","4","2","1","1","1","4","6","4","1","6","7","4","3","5","5","6","4","6","5","5","2","5","1","3","3","2","3","2","3","1","4","5","1","2","3","1","2","3","4","5","1","","2","1","3","4","5","6","33","","","","2","1","1","2","1","2","6","2","4","3","1","5","1","8","9","7","6","10","3","4","2","5","5","2","9","7","4","1","6","8","3","11","7","6","8","9","4","5","10","3","2","1","Independent","Joe Biden","Joe Biden","man","White","","","","","","","","$100,001-$120,000","4yearColl","Missouri","St. Louis"
708236,"0","100","859","1","1","12","10","17","11","6","19","16","9","40","60","65","60","41","70","100","51","16","13","17","14","17","4","0","19","5","7","4","3","5","3","5","2","1","4","1","2","1","1","2","1","7","7","2","1","7","7","3","7","6","3","6","5","6","1","5","3","3","2","3","5","2","5","3","5","1","4","2","1","2","3","1","2","3","4","1","0","","1","2","3","4","5","6","27","","","","1","2","1","2","2","1","2","5","6","3","1","4","1","9","7","8","6","10","4","2","3","5","6","4","2","8","7","1","5","9","3","5","9","2","6","4","7","10","3","8","11","1","Independent","I did not vote","Joe Biden","man","White","","","","","","","","$0-$20,000","2yearColl","Indiana","Marion"
795570,"0","100","296","1","1","11","12","17","20","9","9","2","20","38","37","51","44","12","50","38","25","12","14","14","8","17","12","3","20","5","5","5","4","5","3","4","1","1","3","1","4","2","3","2","2","5","5","2","2","5","5","4","3","6","3","5","4","5","2","5","3","3","2","2","1","1","1","4","3","1","2","5","1","2","3","1","2","3","4","5","1","","1","2","3","4","5","6","50","","","","2","1","2","1","1","2","4","5","2","6","1","3","1","10","8","6","5","9","3","4","2","7","6","2","4","8","7","1","3","9","5","3","6","10","8","2","5","11","4","7","9","1","Independent","Joe Biden","Joe Biden","man","White","","","","","","","","$20,001-$40,000","GED","New York","Niagara"
386978,"0","100","554","1","1","24","18","20","5","24","4","1","4","90","80","80","20","90","51","5","15","18","17","31","1","23","10","0","0","3","2","1","6","5","7","7","7","5","7","7","7","7","7","1","1","1","7","1","1","7","7","6","1","7","1","6","6","6","1","7","1","5","5","5","4","4","5","3","1","4","5","2","1","2","3","2","1","3","4","4","1","","2","1","3","4","5","6","39","","","N/A","2","1","1","2","1","2","6","2","5","4","1","3","1","8","10","5","9","6","2","4","3","7","3","5","9","6","7","1","8","4","2","7","8","2","10","6","9","5","11","3","4","1","Independent","Joe Biden","Joe Biden","man","","","Black or African American","","","","","","$140,001-$160,000","MA","Texas","Dallas"
142132,"0","100","537","1","1","40","10","15","5","20","0","10","0","49","41","40","5","37","34","45","0","30","10","10","15","5","10","10","10","6","5","3","2","5","2","2","2","3","6","2","2","1","6","6","5","6","7","2","2","7","7","3","3","6","5","5","5","6","2","3","2","6","4","7","4","4","4","2","5","3","1","4","2","1","3","1","2","3","4","5","1","","2","1","3","4","5","6","38","","","","2","1","2","1","2","1","3","5","4","2","1","6","1","9","6","8","7","10","3","2","4","5","3","2","9","5","8","1","7","6","4","6","4","11","10","5","9","3","8","7","2","1","Independent","Donald Trump","Donald Trump","woman","White","","","","","","","","$80,001-$100,000","PHD","California","Humboldt"
169022,"0","100","587","1","1","15","10","20","5","20","15","10","5","44","27","61","48","53","44","63","1","15","15","20","15","10","5","5","15","7","5","3","2","5","3","3","5","1","4","5","5","2","5","5","1","7","7","4","4","5","7","4","3","5","5","5","5","5","2","4","3","5","2","4","1","","","4","1","5","3","2","2","1","3","2","1","3","4","3","1","","2","1","3","4","5","6","30","","","","1","2","2","1","2","1","5","3","2","6","1","4","1","6","7","10","8","9","2","3","4","5","5","7","9","2","3","1","6","8","4","7","2","3","4","6","9","5","8","10","11","1","Democrat","Joe Biden","Donald Trump","woman","White","","","","","","","","$40,001-$60,000","2yearColl","Utah","Salt Lake"
696387,"0","100","332","1","1","26","14","15","14","15","11","4","1","69","79","88","92","51","62","50","70","18","16","11","15","11","9","11","9","6","7","7","4","5","5","5","6","2","5","5","5","5","5","7","7","1","4","7","7","1","1","1","1","7","1","5","7","3","1","7","5","6","7","1","1","3","1","1","3","2","4","5","2","1","3","2","1","3","4","5","1","","1","2","3","4","5","6","41","","","none","2","1","1","2","2","1","3","2","6","5","1","4","1","9","8","6","7","10","4","2","3","5","3","9","6","5","4","1","2","7","8","3","2","8","4","6","10","7","5","11","9","1","Republican","Donald Trump","Donald Trump","man","White","","","","","","","","$100,001-$120,000","PHD","Maryland","Frederick"
589008,"0","100","438","1","1","20","0","50","0","10","10","10","0","78","49","88","65","56","80","15","90","25","0","25","0","20","14","16","0","5","5","6","5","5","3","3","6","1","3","7","7","3","6","7","7","2","1","7","7","1","1","6","2","7","2","6","2","4","1","7","2","3","7","1","1","4","1","4","2","5","3","1","2","1","3","1","2","3","4","5","1","","2","1","3","4","5","6","33","","","","1","2","2","1","1","2","6","5","2","3","1","4","1","8","5","7","6","9","4","3","2","10","4","6","9","3","7","1","5","2","8","2","7","9","5","8","10","3","4","11","6","1","Republican","Donald Trump","Donald Trump","man","White","","","","","","","","$140,001-$160,000","4yearColl","Colorado","Douglas"
656149,"0","100","348","1","1","11","9","17","10","27","10","10","6","34","12","50","35","0","7","57","47","13","7","14","10","31","11","10","4","7","7","7","1","5","1","1","2","1","1","3","3","1","2","4","2","4","6","4","5","4","5","2","4","5","5","6","5","4","3","4","3","5","5","3","1","2","1","1","2","5","4","3","1","2","3","1","2","3","4","5","1","","1","2","3","4","5","6","34","","","","1","2","2","1","2","1","5","3","2","4","1","6","1","10","6","5","9","8","3","4","2","7","7","5","8","4","6","1","2","3","9","4","5","3","8","7","11","6","9","2","10","1","Republican","Donald Trump","Donald Trump","man","White","","","","","","","","$40,001-$60,000","GED","Indiana","Marion"
441220,"0","100","638","1","1","0","10","20","10","30","10","10","10","30","100","75","90","10","30","50","80","20","10","30","10","30","0","0","0","7","7","7","1","5","1","1","1","1","1","1","4","1","1","4","5","7","2","7","7","1","4","5","3","6","5","7","5","7","2","6","1","7","6","2","1","6","1","1","3","4","2","5","1","2","3","2","1","3","4","5","1","","1","2","3","4","5","6","52","","","","1","2","2","1","2","1","3","4","2","5","1","6","1","6","8","9","10","7","4","3","2","5","3","4","7","6","9","1","2","8","5","6","11","4","10","8","3","2","5","9","7","1","Republican","Donald Trump","Donald Trump","woman","White","","","","","","","","$40,001-$60,000","4yearColl","Kentucky","Oldham"
928831,"0","100","372","1","1","50","0","0","0","5","19","26","0","41","42","41","58","36","34","38","46","23","29","32","0","4","5","7","0","5","6","4","3","5","3","3","3","2","4","4","4","3","5","5","4","5","4","4","3","4","6","3","3","6","4","4","4","5","2","4","3","5","4","3","2","5","3","1","5","4","2","3","2","1","3","1","2","3","4","1","0","I won't vote - I don't feel convicted on any of the candidates","1","2","3","4","5","6","33","","","","2","1","2","1","2","1","3","4","6","2","1","5","1","10","8","7","5","6","2","3","4","9","5","2","7","8","3","1","4","6","9","9","4","5","10","6","3","7","11","2","8","1","Independent","I did not vote","Other","woman","White","","","","","","","","$80,001-$100,000","4yearColl","South Carolina","Horry"
867851,"0","100","404","1","1","21","20","32","6","15","2","3","1","20","5","35","5","10","2","25","4","0","27","27","9","10","27","0","0","5","6","6","2","5","3","3","5","2","5","5","6","5","2","4","3","6","6","2","3","5","5","3","6","7","4","5","5","7","4","4","2","6","5","4","4","","4","3","4","2","1","5","2","1","3","1","2","3","4","5","1","","1","2","3","4","5","6","55","","","","1","2","1","2","1","2","3","4","5","2","1","6","1","10","9","7","8","5","4","3","2","6","3","4","9","7","2","1","6","8","5","3","5","10","2","6","4","9","7","8","11","1","Independent","Donald Trump","Donald Trump","woman","White","","","","","","","","$40,001-$60,000","GED","Tennessee","Dickson"
130139,"0","100","319","1","1","10","14","31","16","8","7","7","7","61","52","66","52","52","24","100","9","7","21","24","13","8","8","3","16","5","7","2","1","5","2","2","2","2","3","2","5","2","3","5","5","2","2","5","2","4","5","6","2","6","6","6","2","6","2","6","2","5","2","2","1","1","1","4","3","2","1","5","1","2","3","2","1","3","4","5","1","","2","1","3","4","5","6","23","","","","2","1","1","2","1","2","4","2","5","3","1","6","1","10","8","5","6","9","4","2","3","7","9","8","6","5","4","1","2","7","3","7","4","11","2","10","3","5","9","6","8","1","Democrat","Joe Biden","Joe Biden","woman","White","","","","","","","","$80,001-$100,000","4yearColl","Kentucky","Warren"
877779,"0","100","861","1","1","20","15","25","0","15","10","15","0","60","80","90","100","50","80","75","100","20","0","20","0","20","20","20","0","1","6","2","1","5","1","1","6","1","4","6","6","1","1","1","7","1","1","7","6","3","1","5","4","5","2","6","6","4","5","7","3","5","7","","","5","","5","4","1","2","3","2","1","3","1","2","3","4","5","1","","1","2","3","4","5","6","44","","","","1","2","2","1","1","2","5","4","6","2","1","3","1","8","10","7","9","5","3","4","2","6","4","6","8","3","2","1","7","5","9","11","3","5","2","4","9","10","8","6","7","1","Republican","Donald Trump","Donald Trump","man","White","","","","American Indian or Alaska Native","","","","$180,001-$200,000","2yearColl","Texas","Harris"
850231,"0","100","387","1","1","19","19","23","13","9","10","3","4","49","80","78","92","49","89","84","59","16","14","26","6","10","18","3","7","5","5","6","5","5","4","3","3","1","2","2","6","4","2","2","1","7","7","2","1","5","7","1","5","5","5","5","7","3","3","3","1","7","5","2","1","6","2","1","2","5","4","3","1","2","3","1","2","3","4","5","1","","1","2","3","4","5","6","38","","","","2","1","2","1","2","1","3","6","2","4","1","5","1","10","6","7","8","5","3","2","4","9","3","2","6","4","9","1","7","5","8","7","5","11","4","9","10","2","6","3","8","1","Republican","Donald Trump","Donald Trump","man","","","","Asian","","","","","$40,001-$60,000","4yearColl","Pennsylvania","Allegheny"
278076,"0","100","498","1","1","30","0","50","5","5","5","5","0","0","85","50","50","50","50","70","50","0","0","60","10","10","10","10","0","2","6","6","1","5","1","1","6","1","2","5","1","1","6","7","7","2","6","7","7","1","4","1","2","7","1","6","7","6","1","7","2","6","7","1","1","5","1","2","4","5","1","3","1","2","3","2","1","3","4","5","1","","2","1","3","4","5","6","32","","","","2","1","1","2","1","2","6","5","3","4","1","2","1","7","9","5","8","10","4","3","2","6","7","2","6","5","9","1","3","4","8","9","8","11","5","3","2","6","7","10","4","1","Republican","Donald Trump","Donald Trump","man","White","","","","","","","","$60,001-$80,000","4yearColl","Illinois","Cook"
389836,"0","100","498","1","1","25","15","25","5","5","5","15","5","65","25","75","25","15","60","70","40","25","10","15","5","10","15","15","5","3","4","5","4","5","5","6","5","1","4","3","6","3","7","2","2","6","6","2","4","6","6","6","1","7","2","6","5","7","1","7","2","2","6","4","3","4","4","1","5","2","4","3","1","2","3","2","1","3","4","5","1","","1","2","3","4","5","6","51","","","Nice questions.","1","2","1","2","2","1","2","3","4","5","1","6","1","9","10","6","8","5","4","2","3","7","8","7","5","9","3","1","6","4","2","6","11","5","10","4","2","9","8","7","3","1","Republican","Donald Trump","Donald Trump","man","White","","","","","","","","$120,001-$140,000","4yearColl","Michigan","Kent"
872575,"0","100","439","1","1","8","14","24","8","12","8","18","8","80","72","76","84","61","75","71","79","15","11","21","2","12","15","10","14","6","6","6","3","5","3","2","5","2","5","6","6","5","5","1","1","7","7","1","1","7","7","2","6","7","5","6","7","2","1","6","2","3","5","5","2","5","5","1","3","2","5","4","2","1","3","2","1","3","4","5","1","","2","1","3","4","5","6","31","","","","2","1","2","1","2","1","4","6","3","2","1","5","1","9","6","8","5","7","2","4","3","10","5","4","7","3","6","1","2","8","9","4","3","10","7","2","11","6","9","5","8","1","Republican","Donald Trump","Donald Trump","woman","White","","","","","","","","$60,001-$80,000","GED","Missouri","Platte"
769520,"0","100","347","1","1","15","8","36","9","15","0","14","3","73","40","45","47","33","36","49","32","28","11","35","0","0","0","26","0","4","4","4","4","4","4","4","4","4","4","4","4","4","4","4","4","4","4","4","4","4","4","2","3","6","2","2","6","4","2","6","2","6","4","4","4","4","4","3","2","5","4","1","1","2","3","1","2","3","4","4","1","","2","1","3","4","5","6","40","","","","2","1","2","1","2","1","3","6","4","2","1","5","1","7","10","5","6","8","3","4","2","9","2","9","5","6","8","1","4","7","3","3","5","4","7","11","10","9","6","2","8","1","Republican","Donald Trump","Donald Trump","woman","White","","","","","","","","$60,001-$80,000","GED","Texas","Montgomery"
700864,"0","100","574","1","1","13","10","20","2","20","5","25","5","25","90","30","90","50","20","40","90","33","0","37","0","0","0","30","0","6","6","6","2","5","1","1","1","1","2","3","4","1","1","3","3","5","5","3","4","3","5","4","5","6","5","3","5","5","3","6","5","5","5","1","1","6","1","2","5","4","1","3","2","1","3","1","2","3","4","5","1","","1","2","3","4","5","6","26","","","","1","2","1","2","1","2","3","6","4","5","1","2","1","7","10","5","8","9","3","4","2","6","6","4","9","8","2","1","5","3","7","7","10","8","9","2","3","5","4","11","6","1","Republican","Donald Trump","Donald Trump","woman","White","","","","","","","","$40,001-$60,000","2yearColl","Pennsylvania","Bradford"
163911,"0","100","571","1","1","63","3","23","1","2","0","8","0","5","43","8","52","1","1","25","45","8","16","17","19","22","18","0","0","7","7","7","2","5","1","2","2","5","2","5","6","2","1","1","1","6","7","6","1","6","7","1","7","6","7","2","5","2","1","1","6","5","1","2","1","4","2","1","2","4","5","3","2","1","3","2","1","3","4","5","1","","1","2","3","4","5","6","46","","","","1","2","2","1","2","1","2","6","3","4","1","5","1","8","7","6","10","5","3","4","2","9","8","9","6","5","3","1","7","4","2","4","11","3","2","9","5","8","7","10","6","1","Independent","Joe Biden","Joe Biden","woman","White","","","","","","","","$20,001-$40,000","4yearColl","South Carolina","Spartanburg"
916968,"0","100","230","1","1","12","9","22","9","15","8","20","5","15","25","27","21","29","25","45","31","23","20","16","0","15","23","3","0","6","6","5","2","5","2","1","2","1","5","3","5","2","5","6","5","3","3","2","5","5","3","1","6","7","7","3","5","3","1","2","2","6","3","5","4","6","4","2","4","5","1","3","2","1","3","1","2","3","4","4","1","","1","2","3","4","5","6","44","","","","2","1","2","1","1","2","4","6","5","2","1","3","1","5","6","9","10","7","3","4","2","8","4","5","9","7","2","1","3","8","6","10","7","11","8","5","2","4","3","9","6","1","Independent","Donald Trump","Robert F. Kennedy Jr.","woman","","","","Asian","","","","","$80,001-$100,000","4yearColl","Texas","Denton"
984948,"0","100","345","1","1","5","5","25","10","20","5","25","5","70","88","40","68","45","77","78","41","10","5","30","5","15","2","30","3","5","6","6","3","5","2","3","5","1","6","5","6","5","5","6","2","6","7","3","6","3","7","5","5","6","2","6","5","5","3","6","3","3","5","2","2","6","3","2","1","4","3","5","1","2","3","1","2","3","4","5","1","","2","1","3","4","5","6","33","","","","1","2","2","1","2","1","3","5","2","6","1","4","1","9","7","5","10","6","3","2","4","8","2","7","9","5","8","1","6","4","3","7","11","8","3","10","9","4","2","5","6","1","Independent","Third-party candidate","Robert F. Kennedy Jr.","man","White","","","","","","","","$60,001-$80,000","4yearColl","Missouri","Marion"
796417,"0","100","298","1","1","18","14","20","10","18","14","4","2","58","46","70","85","52","64","56","43","16","16","15","12","18","12","4","7","3","6","5","3","5","3","3","3","2","5","5","5","5","3","6","5","3","3","7","7","1","2","1","2","6","2","6","6","7","1","7","2","3","5","5","3","3","","3","5","4","1","2","1","2","3","1","2","3","4","5","1","","1","2","3","4","5","6","40","","","","1","2","1","2","1","2","3","2","4","5","1","6","1","5","6","7","10","8","3","4","2","9","9","6","7","8","4","1","5","3","2","3","10","9","6","2","4","7","5","8","11","1","Democrat","Joe Biden","Joe Biden","woman","White","","","","","","","","$60,001-$80,000","2yearColl","Florida","Palm Beach"
175900,"0","100","211","1","1","12","12","17","7","22","10","15","5","48","24","20","39","30","22","82","25","10","20","20","10","10","15","0","15","6","7","6","2","5","2","2","1","2","3","2","3","3","4","3","1","6","7","3","2","6","6","6","2","7","2","7","5","5","1","7","2","6","1","3","","","","1","2","5","3","4","2","1","3","2","1","3","4","2","0","","1","2","3","4","5","6","25","","","none","1","2","1","2","2","1","6","3","4","2","1","5","1","7","10","9","5","8","4","3","2","6","2","4","7","3","5","1","6","9","8","4","5","7","10","6","3","2","8","9","11","1","Democrat","Joe Biden","Robert F. Kennedy Jr.","woman","White","","","","","","","","$60,001-$80,000","4yearColl","Rhode Island","Newport"
722891,"0","100","318","1","1","6","15","26","8","20","16","9","0","20","12","11","11","10","6","9","16","11","16","21","14","18","13","0","7","4","4","4","4","5","5","5","5","3","3","6","5","5","6","4","3","5","4","5","5","6","4","5","2","5","4","6","5","6","3","5","2","7","7","","","","","4","2","5","1","3","1","2","3","1","2","3","4","4","1","","1","2","3","4","5","6","38","","","","2","1","2","1","2","1","2","6","3","5","1","4","1","7","9","5","10","8","2","3","4","6","5","9","6","8","2","1","3","7","4","5","2","8","4","3","7","10","6","11","9","1","Republican","Donald Trump","Donald Trump","woman","","Hispanic, Latino, or Spanish origin","Black or African American","","","","","","$20,001-$40,000","GED","Oklahoma","Tulsa"
954110,"0","100","462","1","1","0","5","5","10","0","0","50","30","20","40","0","0","0","35","100","25","0","25","25","25","25","0","0","0","5","6","7","1","5","2","1","1","5","2","1","3","2","3","3","1","7","7","2","2","6","6","3","5","3","6","6","3","7","2","2","1","7","2","5","","","","1","3","4","2","5","2","1","3","1","2","3","4","2","1","","1","2","3","4","5","6","20","","","","1","2","1","2","2","1","4","6","5","2","1","3","1","6","5","7","8","9","4","2","3","10","3","9","5","7","6","1","2","8","4","8","6","2","9","10","11","7","4","3","5","1","Independent","Joe Biden","Donald Trump","woman","","","Black or African American","","","","","","$60,001-$80,000","GED","Texas","Dallas"
243464,"0","100","371","1","1","0","0","5","80","15","0","0","0","21","14","38","100","10","17","50","32","0","50","50","0","0","0","0","0","7","6","6","2","5","2","2","2","3","5","1","1","1","5","1","1","7","7","1","1","7","7","5","5","6","3","5","2","4","5","6","1","7","1","6","6","4","7","1","2","4","3","5","1","2","3","1","2","3","4","5","1","","1","2","3","4","5","6","23","","","","1","2","2","1","1","2","2","5","3","6","1","4","1","9","8","6","5","7","3","2","4","10","6","4","8","5","9","1","2","3","7","9","4","6","5","7","10","2","8","3","11","1","Democrat","Joe Biden","Joe Biden","man","White","Hispanic, Latino, or Spanish origin","","","","","","","$20,001-$40,000","GED","Colorado","Denver"
693325,"0","100","240","1","1","10","10","20","10","20","10","10","10","49","21","24","76","20","16","100","6","10","10","20","10","20","10","10","10","6","7","7","2","5","3","3","4","3","2","2","3","2","3","5","3","5","5","4","4","4","5","4","4","4","5","5","6","5","4","5","4","5","","","","","","4","2","1","5","3","1","2","3","2","1","3","4","3","0","","2","1","3","4","5","6","38","","","","1","2","2","1","2","1","4","6","2","3","1","5","1","5","9","7","10","6","3","4","2","8","2","5","4","3","9","1","7","6","8","9","8","5","11","4","3","6","10","2","7","1","Independent","I did not vote","Robert F. Kennedy Jr.","woman","White","","","","","","","","$40,001-$60,000","GED","Pennsylvania","Northampton"
506343,"0","100","400","1","1","10","37","26","0","8","0","19","0","20","82","50","50","50","50","35","75","16","18","19","8","12","15","1","11","6","4","4","3","5","4","4","4","5","4","4","4","5","4","1","2","6","6","3","2","5","6","1","7","3","6","5","7","4","5","1","2","5","","","","","","1","3","4","2","5","1","2","3","2","1","3","4","1","0","","1","2","3","4","5","6","24","","","","1","2","1","2","2","1","2","4","6","5","1","3","1","9","10","7","6","8","4","3","2","5","2","9","4","3","6","1","7","8","5","2","10","5","9","7","8","3","6","11","4","1","Independent","I did not vote","Joe Biden","woman","","Hispanic, Latino, or Spanish origin","","","","","","","$0-$20,000","GED","New Jersey","Monmouth"
616921,"0","100","798","1","1","15","10","20","15","10","10","15","5","30","30","20","30","30","10","50","20","20","25","25","10","10","5","0","5","6","5","5","3","5","3","3","5","2","3","3","4","3","2","1","1","7","7","3","1","6","5","3","3","6","3","5","6","6","2","6","3","5","4","4","4","4","4","1","3","5","4","2","1","2","3","2","1","3","4","1","0","none","2","1","3","4","5","6","32","","","","2","1","2","1","2","1","2","3","5","4","1","6","1","5","10","9","7","8","2","3","4","6","8","6","4","9","2","1","5","7","3","10","7","4","6","3","8","5","9","2","11","1","Independent","I did not vote","Other","man","White","","","","American Indian or Alaska Native","","","","$20,001-$40,000","GED","New York","Washington"
467094,"0","100","974","1","1","5","0","5","20","5","20","40","5","39","20","31","61","13","44","69","55","5","20","20","10","20","15","0","10","7","5","6","3","5","1","3","2","2","3","4","5","3","2","2","1","7","6","1","2","6","7","5","6","5","5","6","3","7","2","3","2","7","5","5","","","5","4","5","1","3","2","1","2","3","2","1","3","4","2","0","None","1","2","3","4","5","6","24","","","","1","2","1","2","2","1","4","2","5","3","1","6","1","6","9","8","7","5","3","4","2","10","2","6","4","8","3","1","7","9","5","3","6","10","9","7","8","11","2","4","5","1","Independent","Joe Biden","Other","woman","White","","","","","","","","$0-$20,000","MA","North Carolina","Pitt"
629059,"0","100","670","1","1","14","14","14","10","10","14","14","10","50","30","40","30","5","40","50","20","14","14","14","10","10","14","14","10","3","5","5","3","5","2","2","2","1","2","4","4","4","2","2","2","4","5","5","4","4","4","3","3","5","4","5","5","5","3","5","5","5","7","1","1","4","1","2","1","5","4","3","2","1","3","2","1","3","4","5","1","","2","1","3","4","5","6","58","","","None","1","2","1","2","1","2","5","3","4","6","1","2","1","6","5","10","9","7","2","4","3","8","2","5","3","4","7","1","6","9","8","9","4","10","3","11","6","7","2","5","8","1","Republican","Donald Trump","Donald Trump","man","White","","","","","","","","$80,001-$100,000","4yearColl","Ohio","Wood"
868217,"0","100","637","1","1","30","19","15","1","10","10","10","5","85","76","60","75","50","70","70","71","23","19","19","5","10","9","10","5","5","6","4","3","5","2","4","3","3","5","1","5","2","3","3","4","5","6","6","4","4","5","2","2","5","1","5","5","4","3","6","3","5","4","4","4","5","","5","3","4","1","2","1","2","3","2","1","3","4","2","1","Myself","1","2","3","4","5","6","33","","","","2","1","2","1","1","2","4","6","5","2","1","3","1","10","9","7","5","6","3","2","4","8","9","5","8","7","6","1","3","4","2","7","3","4","11","5","8","6","9","10","2","1","Independent","I did not vote","Other","man","","","Black or African American","","","","","","$40,001-$60,000","4yearColl","California","Solano"
294232,"0","100","317","1","1","20","9","14","15","16","11","10","5","63","54","66","62","67","75","87","63","13","1","12","9","9","22","24","10","2","2","2","6","5","6","6","7","4","5","7","7","4","5","3","3","5","5","4","3","6","5","3","2","6","2","6","6","6","2","6","5","2","7","3","1","2","1","5","2","4","1","3","2","1","3","1","2","3","4","5","1","","2","1","3","4","5","6","40","","","","1","2","1","2","1","2","5","6","2","4","1","3","1","9","7","8","6","5","3","2","4","10","8","4","5","2","3","1","6","7","9","9","3","7","6","5","2","10","8","4","11","1","Republican","Donald Trump","Donald Trump","man","White","","","","","","","","$80,001-$100,000","4yearColl","Texas","Hays"
231765,"0","100","324","1","1","25","15","25","5","10","10","5","5","30","10","10","5","5","5","30","5","20","20","15","5","15","12","3","10","7","7","6","3","5","2","2","2","1","3","6","4","1","6","1","1","7","7","1","2","6","7","3","2","6","3","6","3","6","2","6","5","5","2","","2","","2","2","5","3","4","1","1","2","3","1","2","3","4","2","0","No good choices","2","1","3","4","5","6","41","","","No comments","1","2","2","1","1","2","6","2","3","5","1","4","1","10","8","7","5","9","4","3","2","6","7","4","3","5","8","1","2","9","6","8","6","2","4","10","11","7","5","9","3","1","Independent","I did not vote","Other","man","White","","","","","","","","Over $200,000","4yearColl","Connecticut","Hartford"
443080,"0","100","623","1","1","29","19","29","10","0","13","0","0","80","50","90","100","50","80","100","50","100","0","0","0","0","0","0","0","2","4","4","3","5","5","5","6","5","6","6","6","5","5","1","2","6","6","2","2","6","6","2","1","6","1","6","6","6","1","6","6","6","7","","2","","2","3","2","5","1","4","1","2","3","1","2","3","4","2","0","","1","2","3","4","5","6","69","","","","1","2","1","2","1","2","4","5","6","2","1","3","1","8","5","9","10","7","2","3","4","6","9","4","7","6","8","1","5","2","3","8","5","4","2","11","6","10","9","3","7","1","Republican","I did not vote","Donald Trump","man","White","","","","","","","","$140,001-$160,000","GED","Georgia","Columbia"
823158,"0","100","683","1","1","21","14","17","10","6","7","15","10","67","50","79","59","32","44","53","49","18","18","17","8","17","13","0","9","4","5","5","4","5","4","3","4","4","4","4","3","2","4","4","1","7","7","4","1","7","7","3","2","4","5","4","6","5","3","5","4","5","2","5","4","4","5","2","5","4","1","3","2","1","3","2","1","3","4","5","1","","2","1","3","4","5","6","39","","","","2","1","1","2","1","2","5","2","6","4","1","3","1","10","9","6","8","7","4","3","2","5","8","4","9","6","3","1","2","5","7","8","5","6","2","4","7","3","9","10","11","1","Independent","Joe Biden","Joe Biden","woman","","Hispanic, Latino, or Spanish origin","","","","","","","$80,001-$100,000","GED","California","Los Angeles"
378508,"0","100","293","1","1","22","4","31","1","28","2","11","1","4","3","15","10","25","20","100","5","6","18","44","6","7","12","0","7","7","5","3","2","5","3","3","3","4","1","1","4","2","5","5","5","3","5","4","5","5","5","7","5","3","5","5","1","6","5","4","1","5","2","3","4","3","2","1","4","2","3","5","2","1","3","2","1","3","4","5","1","","2","1","3","4","5","6","30","","","","1","2","1","2","1","2","4","3","2","5","1","6","1","7","8","6","9","5","2","3","4","10","2","3","5","7","4","1","6","9","8","7","5","8","3","6","11","4","2","10","9","1","Independent","Joe Biden","Joe Biden","woman","White","","","","","","","","$20,001-$40,000","4yearColl","Georgia","DeKalb"
607948,"0","100","553","1","1","20","10","20","5","20","10","5","10","60","39","72","66","38","72","72","55","30","2","30","2","30","2","2","2","6","5","5","1","5","2","2","3","1","5","6","7","5","6","5","5","5","5","5","5","3","3","7","1","7","1","7","1","7","1","7","1","7","7","1","1","1","4","5","2","3","4","1","2","1","3","1","2","3","4","5","1","","2","1","3","4","5","6","46","","","","2","1","1","2","2","1","3","6","2","4","1","5","1","8","7","5","9","6","2","3","4","10","3","6","2","7","9","1","4","5","8","4","8","5","9","11","3","6","10","7","2","1","Republican","Donald Trump","Donald Trump","woman","White","","","","","","","","$60,001-$80,000","MA","Texas","Angelina"
592203,"0","100","379","1","1","70","0","10","0","0","0","20","0","95","0","0","0","0","0","90","0","0","15","15","15","10","30","0","15","7","7","5","1","5","1","1","1","1","2","3","2","3","3","2","1","7","6","1","2","5","6","4","3","5","5","5","5","7","4","3","3","7","","","","","","2","4","5","1","3","1","2","3","2","1","3","4","4","1","","2","1","3","4","5","6","26","","","","1","2","2","1","2","1","4","3","5","6","1","2","1","7","6","9","5","8","4","3","2","10","8","2","7","3","6","1","5","4","9","4","5","10","6","2","8","7","11","9","3","1","Independent","I did not vote","Joe Biden","woman","White","","","","","","","","$40,001-$60,000","GED","Florida","Duval"
790806,"0","100","226","1","1","10","10","20","10","20","10","10","10","75","50","75","50","50","50","75","25","10","10","20","10","20","20","0","10","5","7","7","5","5","4","4","4","4","4","4","4","4","4","1","1","7","7","1","1","6","7","1","1","6","1","1","7","1","2","6","7","4","","","","","","3","1","5","2","4","2","1","3","1","2","3","4","1","0","","2","1","3","4","5","6","41","","","","2","1","1","2","1","2","4","5","2","3","1","6","1","10","7","6","8","5","4","2","3","9","3","9","2","8","7","1","4","6","5","8","7","3","9","4","5","11","10","6","2","1","Independent","I did not vote","Joe Biden","man","","","","Asian","","","","","$20,001-$40,000","2yearColl","Florida","Duval"
451659,"0","100","226","1","1","20","20","20","10","10","10","5","5","59","65","62","63","72","67","47","79","15","20","25","9","12","7","6","6","4","6","5","2","5","3","4","6","1","2","4","5","2","1","2","2","6","6","2","2","6","7","4","2","6","3","6","6","6","3","6","5","2","6","2","2","5","1","3","5","4","2","1","1","2","3","2","1","3","4","4","1","","2","1","3","4","5","6","25","","","","2","1","2","1","1","2","2","4","6","3","1","5","1","7","5","6","10","9","2","3","4","8","7","3","5","8","9","1","2","4","6","3","8","7","10","4","11","5","2","6","9","1","Republican","Donald Trump","Donald Trump","man","White","","","","","","","","Over $200,000","4yearColl","Pennsylvania","Chester"
255449,"0","100","541","1","1","17","8","25","2","12","15","20","1","13","4","5","0","3","1","40","3","19","19","19","9","9","6","5","14","7","7","6","1","5","3","2","2","3","3","1","1","2","3","1","1","7","7","1","1","7","7","5","5","6","6","7","5","6","2","6","1","7","1","1","2","1","3","1","3","4","5","2","2","1","3","2","1","3","4","5","1","","1","2","3","4","5","6","20","","","","1","2","2","1","1","2","4","3","2","5","1","6","1","10","6","8","7","5","4","3","2","9","8","5","7","2","6","1","9","4","3","2","7","9","5","11","4","3","8","10","6","1","Democrat","I did not vote","Joe Biden","woman","White","","","","","","","","$20,001-$40,000","GED","North Carolina","Brunswick"
676643,"0","100","352","1","1","15","10","25","10","10","10","10","10","40","10","50","90","60","70","80","15","20","20","15","0","25","10","0","10","6","5","6","5","5","3","3","3","1","2","2","3","2","2","5","1","7","7","6","3","7","7","3","5","5","6","6","3","6","5","3","2","6","4","1","1","6","4","4","2","3","1","5","1","2","3","1","2","3","4","4","1","","1","2","3","4","5","6","44","","","","1","2","2","1","1","2","6","5","2","4","1","3","1","10","8","7","6","9","4","3","2","5","2","6","3","8","9","1","5","7","4","11","9","4","6","8","2","3","5","7","10","1","Independent","Third-party candidate","Donald Trump","woman","White","","","Asian","","","","","$0-$20,000","GED","Texas","Harris"
495649,"0","100","719","1","1","10","10","10","10","20","20","5","15","73","60","92","92","54","87","94","60","20","20","10","10","10","10","10","10","6","5","5","5","5","5","5","6","4","5","5","6","5","6","4","4","7","6","2","2","6","7","6","1","7","1","5","6","6","2","6","1","5","2","5","5","5","5","1","4","5","3","2","1","2","3","1","2","3","4","5","1","","1","2","3","4","5","6","45","","","None, thank you","2","1","1","2","1","2","3","2","5","6","1","4","1","6","8","10","7","5","2","3","4","9","5","6","8","9","3","1","2","7","4","8","9","6","10","3","5","7","2","4","11","1","Independent","Joe Biden","Joe Biden","woman","White","","","","","","","","$60,001-$80,000","GED","Pennsylvania","Lancaster"
931173,"0","100","284","1","1","0","10","50","0","0","30","10","0","60","81","100","83","61","100","100","84","0","10","50","0","0","30","10","0","1","5","5","4","5","3","4","6","2","3","5","6","4","3","4","2","5","6","5","4","3","6","3","4","6","3","5","6","4","1","6","4","2","6","1","1","2","2","2","1","3","4","5","1","2","3","2","1","3","4","5","1","","1","2","3","4","5","6","36","","","","2","1","2","1","1","2","3","5","4","2","1","6","1","7","10","9","6","5","2","3","4","8","7","5","3","4","2","1","6","9","8","5","7","4","6","2","8","10","9","3","11","1","Republican","Donald Trump","Donald Trump","man","","","","Asian","","","","","$80,001-$100,000","4yearColl","Ohio","Marion"
675211,"0","100","1341","1","1","8","2","50","0","40","0","0","0","54","35","91","64","40","52","96","37","0","23","7","0","70","0","0","0","6","6","5","2","5","3","3","6","5","4","3","7","2","5","2","1","7","6","1","1","6","7","3","4","6","2","6","5","5","2","6","3","5","2","5","3","4","4","5","4","3","1","2","2","1","3","1","2","3","4","4","1","","1","2","3","4","5","6","21","","","","2","1","2","1","2","1","5","2","6","4","1","3","1","6","10","8","5","7","2","3","4","9","4","6","3","2","8","1","5","7","9","6","8","2","3","5","11","10","4","9","7","1","Democrat","Joe Biden","Donald Trump","man","","","Black or African American","","","","","","$80,001-$100,000","GED","California","Los Angeles"
594837,"0","100","321","1","1","20","10","15","15","10","15","5","10","61","53","62","77","56","64","85","63","15","20","15","10","15","10","0","15","4","5","4","4","5","4","4","5","5","6","4","4","5","6","3","2","3","6","3","3","5","6","6","3","7","5","3","3","5","1","3","3","4","5","4","3","4","4","2","3","1","4","5","1","2","3","2","1","3","4","5","1","","1","2","3","4","5","6","32","","","","1","2","2","1","1","2","5","2","3","4","1","6","1","7","8","6","10","9","3","2","4","5","3","8","7","4","6","1","5","9","2","8","4","2","7","11","5","6","10","9","3","1","Independent","Joe Biden","Jill Stein","woman","White","","","Asian","","","","","$180,001-$200,000","4yearColl","Indiana","Boone"
565709,"0","100","480","1","1","29","10","20","17","13","3","5","3","15","35","25","45","15","35","50","55","15","20","10","5","20","15","5","10","7","7","5","1","5","1","1","5","2","4","1","1","1","3","1","1","6","7","1","1","7","7","2","5","6","6","4","5","5","2","2","3","7","2","3","7","2","5","1","5","4","2","3","1","2","3","1","2","3","4","5","1","","2","1","3","4","5","6","44","","","","2","1","2","1","1","2","5","3","4","6","1","2","1","6","9","10","8","7","2","3","4","5","2","3","5","6","4","1","7","9","8","10","4","2","9","8","11","7","6","3","5","1","Independent","Third-party candidate","Jill Stein","man","White","","","","","","","","$40,001-$60,000","4yearColl","Michigan","Wayne"
906530,"0","100","400","1","1","5","5","20","10","20","15","20","5","35","30","75","45","15","75","55","80","3","15","20","10","20","10","20","2","1","5","5","3","5","2","2","5","2","4","4","5","6","6","6","6","6","3","7","7","1","2","3","5","6","1","2","7","3","2","7","4","3","7","1","1","6","1","2","3","5","4","1","2","1","3","1","2","3","4","5","1","","1","2","3","4","5","6","41","","","","2","1","2","1","2","1","6","5","2","4","1","3","1","10","6","7","8","5","2","4","3","9","8","6","9","2","5","1","7","4","3","3","6","8","7","9","11","4","2","10","5","1","Republican","Donald Trump","Donald Trump","woman","White","","","","","","","","Over $200,000","MA","South Carolina","Horry"
975952,"0","100","253","1","1","27","25","27","0","0","21","0","0","11","19","12","100","25","16","100","15","19","32","49","0","0","0","0","0","7","7","6","6","5","2","3","3","1","5","4","4","1","1","1","1","7","7","1","1","7","7","3","5","7","2","5","7","3","2","7","3","5","1","4","4","4","5","4","1","5","3","2","1","2","3","1","2","3","4","3","1","","2","1","3","4","5","6","32","","","","2","1","2","1","1","2","3","2","4","5","1","6","1","7","8","6","9","5","3","2","4","10","9","3","7","2","4","1","8","5","6","10","7","9","4","5","11","8","6","2","3","1","Democrat","Joe Biden","Joe Biden","man","White","","","","","","","","$120,001-$140,000","4yearColl","South Carolina","Berkeley"
414295,"0","100","401","1","1","30","10","25","5","5","10","15","0","69","10","5","5","10","14","20","15","25","20","15","5","6","20","5","4","6","6","6","2","5","3","2","3","3","4","4","5","4","2","4","2","6","6","2","2","6","6","6","2","7","5","3","2","6","2","6","4","7","4","","3","","","4","1","5","3","2","1","2","3","2","1","3","4","3","1","","2","1","3","4","5","6","34","","","","2","1","1","2","1","2","4","3","2","5","1","6","1","9","8","5","7","6","2","4","3","10","4","9","3","2","8","1","6","5","7","8","10","11","5","6","3","9","2","7","4","1","Democrat","I did not vote","Robert F. Kennedy Jr.","woman","","","Black or African American","","","","","","$40,001-$60,000","GED","Florida","Volusia"
673007,"0","100","263","1","1","24","4","36","13","7","11","1","4","48","10","2","7","28","37","82","14","30","9","27","12","4","14","3","1","6","7","6","6","5","1","1","6","2","5","4","6","6","6","6","6","5","4","7","7","2","6","5","7","7","5","4","2","2","4","6","2","4","7","1","1","7","1","3","1","5","4","2","2","1","3","1","2","3","4","5","1","","2","1","3","4","5","6","57","","","","2","1","2","1","1","2","4","3","2","6","1","5","1","10","5","8","9","7","2","4","3","6","5","9","8","3","2","1","7","4","6","10","7","3","9","4","2","8","5","11","6","1","Republican","Third-party candidate","Donald Trump","man","White","","","","","","","","$100,001-$120,000","MA","Florida","Alachua"
541601,"0","100","305","1","1","0","27","34","0","21","18","0","0","19","50","100","100","50","100","20","20","7","31","43","0","19","0","0","0","6","5","5","3","5","3","3","3","2","5","7","7","3","3","2","1","1","7","4","1","6","7","5","2","7","3","6","3","7","1","7","3","3","4","4","5","5","5","2","1","4","5","3","1","2","3","2","1","3","4","5","1","","1","2","3","4","5","6","43","","","","2","1","2","1","1","2","3","6","4","2","1","5","1","10","6","5","9","7","4","2","3","8","7","3","2","4","5","1","6","8","9","8","5","3","6","4","11","2","7","9","10","1","Republican","Donald Trump","Donald Trump","woman","White","","","","","","","","Over $200,000","4yearColl","New Jersey","Ocean"
903397,"0","100","597","1","1","13","21","18","3","17","13","6","9","50","50","50","16","41","39","16","52","9","17","17","8","15","10","10","14","3","3","3","5","5","3","5","6","6","6","6","6","6","6","1","1","1","7","2","1","7","7","2","2","6","2","3","5","6","2","6","5","5","4","3","3","3","5","4","3","1","2","5","2","1","3","1","2","3","4","5","1","","2","1","3","4","5","6","75","","","","2","1","2","1","1","2","2","4","3","6","1","5","1","8","10","6","5","7","2","4","3","9","9","7","2","8","3","1","4","5","6","11","4","10","5","7","8","6","9","3","2","1","Republican","Joe Biden","Joe Biden","woman","White","","","","","","","","$40,001-$60,000","4yearColl","South Carolina","Anderson"
481097,"0","100","556","1","1","13","14","14","13","13","13","8","12","29","27","84","95","51","51","15","13","14","14","14","13","14","1","13","17","4","5","5","3","5","2","3","5","2","6","6","6","6","4","5","3","5","5","6","5","4","6","3","3","5","5","5","6","6","4","4","4","3","3","3","1","5","2","1","2","5","3","4","1","2","3","1","2","3","4","5","1","","1","2","3","4","5","6","45","","","","1","2","2","1","2","1","5","3","6","2","1","4","1","7","5","6","10","8","2","3","4","9","6","4","7","8","3","1","5","9","2","3","8","9","7","10","2","11","5","4","6","1","Independent","Joe Biden","Jill Stein","woman","White","","","","","","","","$60,001-$80,000","MA","New York","Washington"
927726,"0","100","855","1","1","10","10","40","3","10","15","10","2","90","100","95","100","70","95","95","90","11","11","35","11","11","11","8","2","5","6","5","4","5","3","4","5","3","5","5","3","2","1","5","2","2","3","4","6","4","4","2","2","7","2","5","6","5","1","7","4","6","4","3","3","","3","2","1","4","3","5","1","2","3","2","1","3","4","3","0","","2","1","3","4","5","6","22","","","","1","2","1","2","2","1","5","6","3","2","1","4","1","6","5","9","10","8","2","4","3","7","4","7","5","8","2","1","6","9","3","8","4","6","2","11","3","5","7","9","10","1","Independent","I did not vote","Robert F. Kennedy Jr.","man","White","","","","","","","","$80,001-$100,000","GED","Georgia","Houston"
141667,"0","100","589","1","1","20","16","16","8","21","10","0","9","44","38","44","11","22","15","57","10","21","23","19","2","18","11","0","6","6","3","4","5","5","4","4","2","3","4","2","3","4","4","3","1","6","5","4","4","5","5","5","4","3","5","6","6","5","5","5","3","3","2","4","5","","5","5","1","3","2","4","1","2","3","1","2","3","4","4","1","","2","1","3","4","5","6","66","","","","2","1","1","2","1","2","6","4","3","2","1","5","1","6","5","8","10","7","3","4","2","9","4","3","9","7","5","1","8","6","2","11","6","9","10","5","8","3","7","2","4","1","Independent","Joe Biden","Joe Biden","woman","","","Black or African American","","","","","","$80,001-$100,000","2yearColl","California","Alameda"
959790,"0","100","672","1","1","20","20","20","5","10","10","10","5","10","5","10","12","4","7","11","3","5","30","30","0","10","0","5","20","6","7","6","1","5","1","1","1","1","2","2","5","1","2","1","1","7","7","4","1","7","7","2","2","6","5","5","7","6","1","5","4","7","3","4","3","3","4","2","1","5","3","4","2","1","3","1","2","3","4","2","1","","1","2","3","4","5","6","32","","","Great job on this study! All went smoothly on the technical end. The instructions were clear and the questions were easy to understand. Thank you for the opportunity to participate!","2","1","1","2","1","2","6","2","5","4","1","3","1","9","6","10","8","7","4","3","2","5","3","9","4","5","8","1","7","6","2","3","5","7","9","2","11","8","6","10","4","1","Independent","I did not vote","Donald Trump","woman","White","","","","","","","","$20,001-$40,000","4yearColl","South Carolina","Greenville"
599129,"0","100","458","1","1","30","3","22","2","20","10","10","3","19","70","55","70","30","50","100","50","15","15","15","15","10","15","5","10","6","7","6","1","5","3","3","4","1","3","4","4","3","3","3","1","6","6","5","5","4","5","2","2","5","4","6","5","5","2","6","5","6","3","2","1","5","1","5","4","1","2","3","2","1","3","1","2","3","4","5","1","","2","1","3","4","5","6","29","","","","1","2","2","1","2","1","4","5","6","3","1","2","1","9","10","8","7","6","3","2","4","5","4","8","7","6","9","1","5","3","2","8","7","6","9","4","2","3","11","10","5","1","Independent","Donald Trump","Donald Trump","woman","White","","","","","","","","$60,001-$80,000","GED","Virginia","Virginia Beach"
343708,"0","100","416","1","1","20","10","50","5","5","10","0","0","85","78","98","93","79","91","50","31","5","10","20","20","5","30","0","10","3","3","3","3","5","3","3","3","3","3","5","5","5","5","5","5","5","7","3","3","5","6","5","5","7","3","7","5","5","1","5","5","5","5","4","5","4","3","1","5","4","3","2","2","1","3","2","1","3","4","5","1","","1","2","3","4","5","6","50","","","","1","2","1","2","1","2","5","4","6","2","1","3","1","6","10","9","5","8","4","3","2","7","3","7","4","6","5","1","2","8","9","11","4","10","9","5","7","8","6","3","2","1","Independent","Joe Biden","Joe Biden","woman","White","","","","","","","","$20,001-$40,000","4yearColl","North Carolina","Buncombe"
981479,"0","100","691","1","1","18","4","23","9","20","15","7","4","56","30","55","80","40","80","80","40","15","20","20","15","10","0","0","20","6","6","5","2","5","2","2","1","3","6","2","3","1","2","1","1","7","6","2","1","7","7","6","1","7","1","7","2","7","1","5","1","6","2","6","7","","7","1","2","4","3","5","2","1","3","2","1","3","4","5","1","","1","2","3","4","5","6","24","","","","2","1","2","1","2","1","2","4","6","3","1","5","1","7","6","8","5","10","4","3","2","9","9","4","5","6","3","1","8","2","7","3","9","11","10","6","7","8","4","5","2","1","Democrat","Joe Biden","Joe Biden","man","White","","","","","","","","$0-$20,000","4yearColl","Colorado","Montrose"
545372,"0","100","160","1","1","2","2","2","2","3","1","1","87","1","1","1","1","1","1","1","100","1","1","2","1","1","1","1","92","1","1","1","1","5","1","1","1","1","1","1","1","1","1","1","1","1","1","1","1","1","1","1","1","1","1","1","1","1","1","1","1","1","1","1","1","1","1","1","3","2","5","4","2","1","3","2","1","3","4","1","0","myself","1","2","3","4","5","6","30","","","great surbey!","1","2","2","1","1","2","4","5","6","2","1","3","1","10","5","7","8","9","2","3","4","6","4","9","6","3","7","1","5","8","2","2","7","5","11","4","6","3","10","8","9","1","Independent","I did not vote","Other","man","White","","","","","","","","$60,001-$80,000","MA","Ohio","Summit"
812300,"0","100","367","1","1","11","6","4","13","13","11","16","26","8","4","5","10","5","6","7","18","6","9","7","5","6","17","25","25","7","7","7","3","5","3","2","3","4","3","1","3","3","2","2","1","7","1","1","1","7","7","2","5","5","7","5","7","4","4","2","3","7","1","5","6","5","5","2","1","5","3","4","2","1","3","2","1","3","4","1","0","","1","2","3","4","5","6","27","","","","2","1","1","2","1","2","5","3","6","2","1","4","1","5","9","10","7","8","2","4","3","6","8","5","6","4","7","1","3","2","9","9","7","5","10","4","3","11","6","8","2","1","Independent","I did not vote","Robert F. Kennedy Jr.","woman","","","","Asian","","","","","$40,001-$60,000","4yearColl","New York","New York"
687317,"0","100","547","1","1","27","26","21","4","6","7","2","7","10","80","67","41","20","38","10","54","15","13","13","13","13","9","14","10","7","7","7","3","5","1","1","2","1","3","2","4","2","2","1","1","7","7","2","1","5","7","3","1","5","5","3","7","7","3","5","5","7","4","2","4","5","2","3","1","4","5","2","2","1","3","2","1","3","4","5","1","","1","2","3","4","5","6","49","","","","2","1","1","2","2","1","3","2","5","6","1","4","1","6","5","8","7","9","3","4","2","10","3","8","7","4","2","1","5","6","9","9","8","7","11","6","5","2","10","3","4","1","Independent","Donald Trump","Donald Trump","woman","White","","","","","","","","$60,001-$80,000","2yearColl","Missouri","St. Charles"
434746,"0","100","446","1","1","50","8","8","7","7","8","9","3","61","35","50","50","29","63","79","19","4","15","16","18","21","21","4","1","5","6","5","4","5","4","4","4","3","4","4","4","4","4","6","6","6","4","4","4","6","6","4","5","6","5","5","3","5","3","4","3","5","3","4","4","4","5","2","4","3","5","1","1","2","3","1","2","3","4","5","1","","1","2","3","4","5","6","64","","","","1","2","1","2","2","1","4","3","6","2","1","5","1","7","9","8","5","10","2","4","3","6","2","7","8","6","3","1","4","5","9","11","6","7","5","4","8","2","10","9","3","1","Independent","Joe Biden","Joe Biden","woman","White","","","","","","","","Prefer not to answer","2yearColl","California","Riverside"
812394,"0","100","559","1","1","1","35","25","2","5","17","15","0","25","40","65","33","15","20","100","12","13","25","20","4","17","15","3","3","7","6","6","2","5","1","2","1","4","2","3","6","1","2","1","1","7","6","1","1","7","6","1","2","6","2","7","7","6","2","5","3","4","2","5","6","5","4","2","4","1","3","5","1","2","3","2","1","3","4","1","0","","1","2","3","4","5","6","46","","","","1","2","2","1","1","2","6","2","4","3","1","5","1","8","7","5","9","6","4","2","3","10","7","2","5","8","4","1","6","9","3","2","5","7","10","6","11","3","4","9","8","1","Independent","I did not vote","Joe Biden","man","White","","","","","","","","$0-$20,000","2yearColl","Ohio","Franklin"
185502,"0","100","501","1","1","10","20","10","10","10","10","20","10","91","100","100","80","90","55","70","50","20","20","10","6","4","3","17","20","6","2","2","6","5","7","7","7","7","5","6","7","6","6","4","5","7","5","4","2","6","6","6","2","4","2","6","6","6","2","6","2","6","7","2","6","2","3","2","4","3","1","5","2","1","3","2","1","3","4","4","1","","2","1","3","4","5","6","40","","","","2","1","2","1","1","2","6","5","3","2","1","4","1","6","5","8","10","9","2","3","4","7","2","8","9","3","7","1","5","4","6","3","9","6","5","8","10","4","11","2","7","1","Democrat","Joe Biden","Joe Biden","man","White","","","","","","","","$120,001-$140,000","4yearColl","California","San Diego"
218910,"0","100","378","1","1","10","4","5","20","1","25","30","5","14","7","11","96","8","20","50","14","5","10","5","10","40","10","0","20","7","7","4","2","5","4","4","4","3","1","1","1","1","3","1","1","7","7","6","1","7","7","1","3","5","3","3","5","3","3","4","6","7","1","7","1","1","6","1","5","3","2","4","2","1","3","2","1","3","4","1","0","","2","1","3","4","5","6","24","","","","1","2","1","2","1","2","2","3","4","5","1","6","1","7","9","5","6","10","4","2","3","8","8","2","5","7","3","1","4","9","6","2","10","11","6","7","3","8","4","5","9","1","Independent","Third-party candidate","Other","woman","","Hispanic, Latino, or Spanish origin","Black or African American","","","","","","$60,001-$80,000","4yearColl","New Jersey","Union"
104220,"0","100","288","1","1","50","2","26","0","0","10","12","0","25","9","5","14","11","12","4","8","0","0","20","7","18","20","25","10","7","5","7","3","5","1","2","3","1","3","6","6","1","4","4","4","5","4","4","4","4","4","3","3","5","5","5","5","5","1","4","5","7","7","1","1","1","","3","1","4","5","2","2","1","3","1","2","3","4","5","1","","2","1","3","4","5","6","43","","","","2","1","1","2","1","2","4","2","5","3","1","6","1","10","9","5","8","7","3","2","4","6","5","2","4","6","3","1","7","9","8","6","11","10","2","3","7","8","9","4","5","1","Republican","Donald Trump","Donald Trump","woman","White","","","","","","","","Over $200,000","GED","Washington","Thurston"
331229,"0","100","570","1","1","22","15","22","2","17","4","12","6","36","0","0","0","0","0","50","0","27","28","23","0","22","0","0","0","6","6","4","3","5","2","2","2","2","3","3","3","3","2","2","2","6","7","5","2","6","7","5","5","5","5","6","3","6","4","4","4","6","4","4","4","4","4","3","4","2","1","5","1","2","3","1","2","3","4","4","1","","2","1","3","4","5","6","30","","","","2","1","1","2","1","2","3","2","4","5","1","6","1","9","6","8","5","7","4","3","2","10","2","6","9","3","5","1","4","8","7","7","11","6","4","5","8","9","2","10","3","1","Independent","Donald Trump","Donald Trump","woman","White","","","","","","","","$100,001-$120,000","GED","Alabama","Mobile"
425136,"0","100","1165","1","1","20","5","40","0","10","15","10","0","41","10","71","91","40","50","100","41","15","15","16","12","12","12","6","12","7","7","6","1","5","1","2","2","2","4","1","3","2","3","1","1","7","7","2","1","7","7","3","5","6","4","7","6","5","1","7","3","6","3","4","5","","","4","1","3","5","2","2","1","3","1","2","3","4","1","0","No idea","1","2","3","4","5","6","33","","","","1","2","1","2","1","2","5","3","6","4","1","2","1","5","7","9","8","10","3","2","4","6","5","6","7","8","3","1","2","9","4","11","10","5","6","7","3","9","2","8","4","1","Independent","Joe Biden","Other","woman","","","Black or African American","","","","","","$120,001-$140,000","4yearColl","Maryland","Anne Arundel"
727893,"0","100","575","1","1","50","25","5","0","20","0","0","0","60","50","50","50","40","25","45","20","0","40","35","10","10","5","0","0","5","6","4","2","5","2","2","3","2","4","4","2","4","4","4","1","6","4","5","1","6","7","2","5","6","6","5","6","5","5","2","2","4","1","1","","","1","5","3","1","2","4","2","1","3","2","1","3","4","1","0","","1","2","3","4","5","6","25","","","","1","2","2","1","1","2","2","3","5","6","1","4","1","8","7","5","9","10","4","3","2","6","6","8","9","7","5","1","3","2","4","9","7","3","11","6","5","4","2","10","8","1","Independent","I did not vote","Joe Biden","man","","","Black or African American","","","","","","$40,001-$60,000","GED","Georgia","DeKalb"
950794,"0","100","535","1","1","25","10","20","5","15","15","5","5","85","70","80","30","75","70","50","75","25","15","20","5","15","10","0","10","7","5","6","4","5","5","4","6","4","5","3","5","3","6","4","6","3","5","3","4","5","6","3","2","3","4","5","5","6","2","4","3","5","3","5","2","3","3","2","4","1","3","5","2","1","3","1","2","3","4","4","1","","2","1","3","4","5","6","22","","","","2","1","1","2","1","2","3","2","4","6","1","5","1","9","8","5","6","10","3","4","2","7","3","9","5","4","7","1","8","6","2","11","10","5","8","3","9","2","6","4","7","1","Republican","Donald Trump","Donald Trump","man","White","","","","","","","","$40,001-$60,000","GED","Maryland","Kent"
801270,"0","100","1214","1","1","20","20","15","10","10","10","5","10","5","1","5","30","3","2","28","1","10","15","15","15","15","15","0","15","7","7","7","2","5","3","3","3","1","5","2","3","1","3","1","1","7","7","1","1","7","7","6","5","5","3","6","2","5","3","6","2","6","1","4","3","1","6","1","3","5","2","4","2","1","3","1","2","3","4","5","1","","1","2","3","4","5","6","39","","","","2","1","1","2","1","2","4","6","2","5","1","3","1","7","8","6","9","5","4","2","3","10","3","7","9","5","2","1","8","4","6","4","2","8","5","11","3","7","6","10","9","1","Democrat","Joe Biden","Joe Biden","man","White","","","","","","","","$100,001-$120,000","MA","Missouri","Jackson"
972002,"0","100","1165","1","1","10","15","15","20","10","10","10","10","4","4","5","4","4","4","15","4","15","15","15","10","10","15","10","10","6","6","6","3","6","5","5","5","1","2","2","5","2","2","5","3","6","5","4","4","5","6","3","2","5","4","5","5","5","3","4","2","6","5","1","1","1","","4","1","5","3","2","1","2","3","1","2","3","4","2","1","","2","1","3","4","5","6","71","","","sorry your screen kept skipping when I thought I had 100 then after I hit the arrow it showed 95 sorry","2","1","2","1","2","1","6","5","3","4","1","2","1","10","5","9","8","6","2","3","4","7","7","3","9","2","8","1","4","5","6","3","4","10","5","8","11","9","2","7","6","1","Independent","I did not vote","Donald Trump","woman","","","Black or African American","","","","","","$0-$20,000","4yearColl","Florida","Duval"
887106,"0","100","363","1","1","30","15","9","12","14","6","10","4","88","66","82","69","83","88","79","70","14","10","16","12","14","19","8","7","4","3","3","5","5","5","5","5","4","6","7","7","5","6","2","2","6","6","2","2","5","6","2","2","6","2","5","6","6","2","6","6","2","3","5","1","3","3","1","5","3","2","4","1","2","3","1","2","3","4","5","1","","2","1","3","4","5","6","39","","","","1","2","1","2","1","2","2","3","4","6","1","5","1","10","9","8","6","7","3","2","4","5","8","6","4","2","3","1","7","5","9","4","9","7","8","11","5","6","3","2","10","1","Independent","Joe Biden","Donald Trump","woman","White","","","","","","","","$80,001-$100,000","4yearColl","Texas","Travis"
357672,"0","100","556","1","1","24","16","9","1","17","1","26","6","49","22","8","23","11","1","45","19","3","20","9","2","25","18","11","12","6","5","5","2","5","2","4","3","1","4","4","4","1","1","4","3","5","7","3","2","6","6","1","1","5","3","4","4","7","3","5","2","6","5","4","4","4","3","1","4","3","5","2","2","1","3","1","2","3","4","4","1","","2","1","3","4","5","6","33","","","","2","1","2","1","2","1","6","4","5","2","1","3","1","9","7","5","10","6","3","2","4","8","8","7","9","5","4","1","2","6","3","5","3","4","8","9","2","11","6","10","7","1","Republican","Donald Trump","Donald Trump","woman","","","Black or African American","","","","","","$80,001-$100,000","GED","Georgia","Clarke"
367642,"0","100","551","1","1","9","1","0","35","20","0","35","0","10","19","39","63","27","10","31","27","14","28","16","0","3","24","1","14","7","7","6","1","5","1","1","1","2","5","1","1","1","3","1","1","7","7","1","1","7","7","2","5","5","7","5","5","3","5","2","5","7","1","2","7","1","","1","2","3","5","4","1","2","3","1","2","3","4","5","1","Either Biden or Cornel West, depending on Biden's actions in the months before the election.","2","1","3","4","5","6","19","","","","1","2","1","2","2","1","4","2","3","6","1","5","1","9","10","5","8","7","2","3","4","6","3","9","5","2","7","1","4","6","8","5","7","9","8","11","2","3","4","10","6","1","Democrat","I did not vote","Other","man","White","","","","","","","","$20,001-$40,000","GED","Indiana","Hamilton"
255273,"0","100","546","1","1","5","10","20","20","5","15","20","5","50","80","40","70","20","60","45","80","5","5","20","20","10","15","20","5","7","5","6","2","5","2","1","6","1","2","3","5","1","1","6","5","3","4","6","6","3","7","2","6","5","5","5","6","3","3","5","3","5","5","3","2","4","1","2","3","1","4","5","1","2","3","1","2","3","4","5","1","","1","2","3","4","5","6","35","","","Thanks.","1","2","1","2","2","1","2","5","3","4","1","6","1","8","6","5","9","10","4","3","2","7","8","7","5","2","6","1","9","3","4","3","4","6","10","9","5","8","2","7","11","1","Republican","Donald Trump","Donald Trump","man","White","","","","","","","","$40,001-$60,000","GED","Indiana","Monroe"
406327,"0","100","508","1","1","10","10","15","30","15","16","2","2","72","50","62","96","47","15","21","40","0","30","20","5","20","20","0","5","7","7","7","1","5","2","2","2","2","6","5","4","1","6","5","1","7","6","3","2","7","7","1","3","1","6","1","7","5","6","6","5","7","1","3","6","2","5","4","3","1","5","2","2","1","3","2","1","3","4","1","0","","2","1","3","4","5","6","36","","","","2","1","2","1","1","2","2","5","3","6","1","4","1","9","10","6","8","7","3","2","4","5","3","7","2","6","8","1","4","5","9","5","6","3","8","11","4","10","2","7","9","1","Independent","I did not vote","Donald Trump","man","White","","","","","","","","$20,001-$40,000","GED","Arkansas","Saline"
496026,"0","100","802","1","1","50","25","0","0","0","0","0","25","75","30","50","50","20","5","100","30","25","30","10","0","10","10","5","10","7","6","2","3","5","2","2","2","2","6","1","6","4","5","1","2","7","7","3","4","6","6","6","5","5","5","5","2","2","3","5","2","7","1","5","7","2","7","1","4","2","3","5","2","1","3","2","1","3","4","5","1","","1","2","3","4","5","6","49","FTM Transgender","","","1","2","1","2","2","1","2","5","4","6","1","3","1","8","5","10","6","9","3","2","4","7","7","8","4","3","9","1","2","5","6","3","5","10","4","9","6","7","8","2","11","1","Democrat","Joe Biden","Joe Biden",NA,"White","","","","","","","","$20,001-$40,000","2yearColl","Alabama","Madison"
257520,"0","100","720","1","1","39","6","24","14","6","3","3","5","22","10","25","37","24","18","8","37","15","9","4","22","10","5","10","25","7","7","7","2","5","3","1","2","3","5","2","6","1","5","1","1","7","7","2","1","7","7","3","2","7","5","4","6","7","5","6","7","7","6","3","3","3","4","2","1","3","4","5","1","2","3","2","1","3","4","5","1","","1","2","3","4","5","6","51","","","","2","1","1","2","2","1","6","5","3","2","1","4","1","7","6","10","5","8","3","4","2","9","7","2","5","3","8","1","4","9","6","6","11","4","8","2","3","10","5","9","7","1","Republican","Donald Trump","Donald Trump","woman","White","","","","","","","","$0-$20,000","GED","Kentucky","Carter"
508500,"0","100","221","1","1","17","14","13","13","11","7","16","9","72","55","50","75","70","75","62","75","17","12","7","5","13","6","26","14","6","3","4","5","5","6","5","6","5","7","6","6","6","7","5","6","5","6","6","6","7","6","6","5","7","4","6","6","6","3","7","5","6","5","5","5","6","5","4","3","1","2","5","2","1","3","1","2","3","4","4","1","","1","2","3","4","5","6","35","","","","1","2","1","2","2","1","3","4","5","2","1","6","1","7","6","9","5","10","2","3","4","8","5","2","3","6","9","1","4","7","8","10","3","5","9","6","8","11","4","7","2","1","Independent","Donald Trump","Joe Biden","woman","White","","","","","","","","$100,001-$120,000","4yearColl","Florida","Duval"
309392,"0","100","443","1","1","20","24","29","5","4","8","9","1","20","50","11","5","12","67","74","7","16","10","30","5","14","14","6","5","3","5","5","3","5","2","2","3","1","2","6","6","2","2","7","6","2","3","7","6","2","2","1","5","7","5","3","7","5","1","3","2","3","6","1","1","5","2","4","5","3","2","1","1","2","3","1","2","3","4","5","1","","1","2","3","4","5","6","58","","","","1","2","1","2","1","2","2","5","6","4","1","3","1","6","8","9","5","7","4","2","3","10","5","3","8","7","4","1","6","2","9","2","8","6","5","9","7","4","10","3","11","1","Republican","Donald Trump","Donald Trump","woman","White","","","","","","","","$20,001-$40,000","GED","Montana","Flathead"
730496,"0","100","482","1","1","10","20","25","5","10","20","5","5","90","50","80","75","60","75","80","70","5","5","30","5","30","15","5","5","4","5","5","4","5","2","3","6","2","4","6","6","2","4","3","1","7","7","3","4","5","6","2","2","6","2","4","6","6","1","6","6","3","6","1","1","5","2","4","1","2","5","3","2","1","3","1","2","3","4","2","0","","2","1","3","4","5","6","39","","","","1","2","2","1","1","2","6","2","3","5","1","4","1","10","6","7","9","8","2","3","4","5","7","9","4","8","2","1","6","5","3","9","10","3","6","8","7","11","2","5","4","1","Republican","Donald Trump","Donald Trump","man","White","","","","","","","","$0-$20,000","4yearColl","North Carolina","Stanly"
536815,"0","100","498","1","1","9","18","39","23","4","4","3","0","60","71","80","80","70","55","24","68","23","4","36","10","12","3","10","2","3","5","5","3","5","4","3","5","2","5","6","5","4","3","3","2","4","5","5","4","3","5","3","2","7","3","5","5","6","1","5","2","6","4","4","3","4","4","1","2","3","5","4","1","2","3","2","1","3","4","5","1","","2","1","3","4","5","6","25","","","","2","1","2","1","2","1","3","6","5","2","1","4","1","9","7","10","8","6","4","2","3","5","9","7","5","8","6","1","4","3","2","2","9","4","6","7","8","11","3","5","10","1","Independent","Donald Trump","Donald Trump","woman","White","","","","","","","","$40,001-$60,000","4yearColl","North Carolina","Moore"
564182,"0","100","612","1","1","9","9","43","17","9","6","4","3","19","32","23","9","16","18","34","55","15","15","25","15","10","10","5","5","5","6","6","3","5","2","2","3","2","6","6","5","3","5","2","2","6","6","2","2","5","6","2","5","4","4","5","6","5","2","3","6","4","3","2","2","1","2","1","4","2","3","5","2","1","3","1","2","3","4","5","1","","2","1","3","4","5","6","38","","","","1","2","2","1","1","2","5","6","3","4","1","2","1","10","6","9","8","5","3","4","2","7","9","8","3","2","7","1","4","5","6","5","11","10","7","4","2","3","9","6","8","1","Republican","Donald Trump","Donald Trump","man","White","","","","","","","","$100,001-$120,000","GED","Washington","Yakima"
422033,"0","100","790","1","1","15","10","25","15","10","10","10","5","25","35","35","35","35","40","25","20","10","10","25","15","15","5","15","5","6","6","6","3","5","1","2","2","1","1","3","3","1","3","5","1","6","5","6","4","3","7","4","3","5","2","4","5","5","2","5","3","3","5","3","2","6","2","2","1","5","3","4","1","2","3","1","2","3","4","5","1","","1","2","3","4","5","6","54","","","Interesting survey.  I liked the allocation of points to the ideals of the founding of the country and of a new country.   ","2","1","1","2","2","1","6","5","4","2","1","3","1","5","6","8","9","7","3","4","2","10","8","3","2","7","4","1","5","6","9","2","6","5","4","10","8","9","3","11","7","1","Independent","Donald Trump","Donald Trump","man","White","","","","","","","","$140,001-$160,000","MA","North Carolina","Forsyth"
866123,"0","100","1081","1","1","25","1","12","5","10","7","28","12","66","51","64","52","41","53","97","68","15","15","15","15","15","15","5","5","6","6","6","4","5","3","2","3","2","4","2","5","4","3","2","2","7","6","6","1","6","5","1","1","7","2","5","7","5","5","6","7","6","5","4","5","6","4","1","4","2","3","5","2","1","3","1","2","3","4","2","0","","1","2","3","4","5","6","42","","","","1","2","2","1","2","1","4","6","5","2","1","3","1","8","6","10","5","7","3","2","4","9","6","9","5","7","2","1","8","3","4","2","5","3","8","4","9","10","11","6","7","1","Democrat","I did not vote","Joe Biden","woman","","","Black or African American","","","","","","$20,001-$40,000","GED","Texas","Jefferson"
811552,"0","100","761","1","1","26","13","9","15","7","15","10","5","39","25","34","49","34","38","22","34","25","16","16","13","13","7","6","4","6","4","3","6","5","5","6","6","5","6","5","6","6","6","6","7","6","6","6","6","5","7","6","3","6","3","5","2","6","3","6","2","5","","2","5","3","3","4","2","1","3","5","2","1","3","2","1","3","4","3","1","","1","2","3","4","5","6","30","","","","2","1","1","2","1","2","5","6","4","3","1","2","1","5","10","6","8","9","4","2","3","7","6","7","9","4","3","1","8","5","2","10","2","4","5","9","11","8","6","3","7","1","Republican","Donald Trump","Donald Trump","man","White","","","","","","","","$40,001-$60,000","4yearColl","Rhode Island","Washington"
201809,"0","100","753","1","1","30","5","30","5","10","10","10","0","60","20","25","25","20","21","25","25","30","30","20","0","5","10","5","0","6","5","5","4","5","5","5","5","2","4","5","5","2","5","5","3","4","5","4","3","5","5","5","4","5","4","5","5","5","2","5","3","5","3","3","1","5","4","3","4","2","1","5","1","2","3","2","1","3","4","3","1","","1","2","3","4","5","6","35","","","","2","1","1","2","1","2","2","4","5","6","1","3","1","7","9","10","6","8","2","3","4","5","6","3","8","9","2","1","5","7","4","10","6","11","8","5","3","2","4","7","9","1","Independent","Donald Trump","Robert F. Kennedy Jr.","man","White","","","","","","","","$20,001-$40,000","2yearColl","Indiana","Allen"
554210,"0","100","359","1","1","10","17","17","8","12","20","8","8","44","62","84","84","3","52","66","81","15","25","16","0","10","33","0","1","7","6","4","4","5","2","6","4","3","5","5","5","1","4","2","3","7","7","1","1","7","7","4","3","5","2","5","5","5","2","6","2","6","2","5","6","5","4","2","4","1","3","5","1","2","3","1","2","3","4","5","1","","2","1","3","4","5","6","33","","","","2","1","2","1","1","2","2","5","3","4","1","6","1","9","5","8","10","6","2","4","3","7","2","4","9","6","8","1","3","5","7","10","8","11","6","5","2","7","9","3","4","1","Democrat","Joe Biden","Joe Biden","man","White","","","","","","","","$60,001-$80,000","4yearColl","North Carolina","Mecklenburg"
315333,"0","100","1075","1","1","15","15","16","9","9","9","18","9","65","90","90","90","90","94","94","87","14","14","13","13","13","13","14","6","3","5","5","3","5","5","5","6","3","6","7","7","5","5","6","5","6","5","6","5","5","6","5","2","5","2","5","6","7","3","5","2","2","6","5","5","5","5","1","5","4","3","2","2","1","3","2","1","3","4","5","1","","2","1","3","4","5","6","53","","","","2","1","2","1","1","2","6","5","4","2","1","3","1","8","5","7","6","9","4","3","2","10","3","9","4","5","6","1","8","7","2","3","5","10","2","9","6","4","11","8","7","1","Republican","Donald Trump","Donald Trump","woman","White","","","","","","","","$40,001-$60,000","2yearColl","Kentucky","Barren"
520196,"0","100","600","1","1","40","20","20","0","10","10","0","0","50","40","60","20","30","50","80","40","0","50","50","0","0","0","0","0","5","3","4","3","5","5","4","5","4","4","5","4","2","6","1","1","7","7","1","1","7","7","3","2","5","3","5","4","5","2","4","2","5","2","5","4","2","","3","5","1","2","4","2","1","3","2","1","3","4","5","1","","2","1","3","4","5","6","49","","","","2","1","1","2","2","1","3","5","6","4","1","2","1","9","5","8","10","7","3","4","2","6","7","6","8","3","5","1","2","4","9","4","2","7","3","6","10","11","8","5","9","1","Independent","Joe Biden","Joe Biden","man","White","","","","","","","","$40,001-$60,000","4yearColl","Ohio","Franklin"
955515,"0","100","358","1","1","13","12","13","12","14","12","12","12","50","100","54","100","73","100","40","100","14","12","14","12","12","12","12","12","7","6","6","1","5","1","1","2","1","1","6","6","1","1","4","4","5","3","7","7","1","4","4","3","5","1","5","3","6","2","6","4","4","5","1","1","3","1","1","5","2","3","4","1","2","3","1","2","3","4","5","1","","1","2","3","4","5","6","52","","","","1","2","2","1","2","1","5","4","2","6","1","3","1","9","10","7","8","6","2","4","3","5","4","5","9","7","8","1","6","2","3","11","7","6","5","4","3","8","2","9","10","1","Republican","Donald Trump","Donald Trump","woman","","Hispanic, Latino, or Spanish origin","","","","","","","$120,001-$140,000","GED","Kansas","Finney"
313390,"0","100","602","1","1","15","10","20","15","15","15","5","5","67","56","72","53","66","62","57","51","20","10","20","10","20","10","5","5","5","2","2","6","5","6","6","6","6","6","6","6","6","6","6","5","3","7","5","3","7","7","5","1","6","1","5","5","6","1","5","2","3","5","3","5","4","4","5","2","1","4","3","1","2","3","2","1","3","4","4","1","","1","2","3","4","5","6","48","","","","1","2","1","2","2","1","2","6","5","4","1","3","1","7","9","5","8","10","4","3","2","6","3","8","2","6","7","1","4","9","5","10","6","7","4","2","11","5","8","3","9","1","Republican","Donald Trump","Robert F. Kennedy Jr.","woman","","","","Asian","","","","","$60,001-$80,000",NA,"Texas","Harris"
296143,"0","100","409","1","1","20","10","10","10","20","10","10","10","72","61","69","63","70","64","59","74","10","30","10","10","10","10","10","10","4","5","5","5","5","5","4","5","6","5","4","6","5","6","4","6","4","3","5","5","4","5","3","3","5","4","6","6","5","2","6","4","4","3","6","4","4","5","4","2","3","5","1","1","2","3","2","1","3","4","2","0","","2","1","3","4","5","6","22","","","","1","2","2","1","1","2","6","4","3","5","1","2","1","6","5","9","7","10","4","3","2","8","7","3","9","8","6","1","4","2","5","9","11","10","5","6","8","4","2","3","7","1","Republican","I did not vote","Joe Biden","man","White","","","","","","","","$20,001-$40,000","4yearColl","Washington","San Juan"
625226,"0","100","825","1","1","20","10","20","10","15","20","5","0","70","90","89","100","80","90","50","20","20","15","20","5","20","15","0","5","6","5","3","4","5","3","5","5","5","6","6","6","6","6","1","1","7","6","3","2","6","7","1","1","6","5","6","7","7","5","6","3","5","2","3","","","5","2","1","5","4","3","2","1","3","2","1","3","4","2","0","","1","2","3","4","5","6","41","","","","1","2","2","1","1","2","4","3","2","5","1","6","1","5","7","6","9","8","2","4","3","10","9","5","4","6","7","1","2","8","3","11","4","3","7","10","6","9","5","8","2","1","Democrat","I did not vote","Joe Biden","woman","White","","","","","","","","$100,001-$120,000","MA","North Carolina","Pitt"
404200,"0","100","393","1","1","20","5","20","5","11","19","20","0","75","75","75","100","75","90","67","100","10","10","21","10","10","10","20","9","6","7","7","2","5","3","3","2","1","1","6","7","3","5","5","1","5","5","7","7","2","5","4","3","7","2","5","6","5","1","5","1","4","5","3","1","5","1","1","3","4","2","5","1","2","3","2","1","3","4","5","1","","2","1","3","4","5","6","48","","","","2","1","2","1","1","2","4","5","6","3","1","2","1","8","9","7","6","5","4","3","2","10","4","5","7","9","6","1","3","8","2","9","10","8","5","3","4","2","7","11","6","1","Independent","I did not vote","Donald Trump","woman","","Hispanic, Latino, or Spanish origin","","","","","","","$20,001-$40,000","4yearColl","Oklahoma","Jackson"
349975,"0","100","409","1","1","18","1","30","3","21","15","12","0","57","50","0","100","3","1","12","100","0","0","23","4","16","35","22","0","6","7","5","1","5","1","1","2","1","2","2","2","1","2","4","4","4","4","1","7","2","5","1","2","4","4","7","7","1","4","4","1","6","2","1","1","1","1","1","4","5","2","3","2","1","3","1","2","3","4","3","1","","1","2","3","4","5","6","34","","","","2","1","2","1","2","1","4","6","2","3","1","5","1","9","10","7","5","8","4","3","2","6","8","7","9","3","4","1","5","6","2","7","11","6","5","4","2","3","10","9","8","1","Independent","Donald Trump","Donald Trump","man","White","","","","","","","","$0-$20,000","4yearColl","Colorado","El Paso"
819061,"0","100","1038","1","1","27","16","28","3","12","3","11","0","51","45","48","48","50","38","51","40","18","16","18","11","18","9","3","7","5","5","6","4","5","3","3","5","1","5","6","7","1","2","4","1","7","3","5","3","3","5","5","3","5","2","6","3","4","1","4","2","5","3","4","3","4","4","2","3","5","1","4","1","2","3","2","1","3","4","5","1","","1","2","3","4","5","6","50","","","","1","2","1","2","1","2","4","6","5","3","1","2","1","8","6","9","10","7","2","3","4","5","9","7","5","3","6","1","8","4","2","11","3","10","2","8","7","4","9","6","5","1","Democrat","Joe Biden","Robert F. Kennedy Jr.","man","","","Black or African American","","","","","","$120,001-$140,000","GED","Massachusetts","Franklin"
861585,"0","100","448","1","1","15","13","14","15","12","14","3","14","53","54","55","38","34","32","1","25","16","16","17","16","17","16","0","2","7","7","6","1","5","1","1","1","1","5","2","4","1","4","2","2","7","6","2","3","6","7","5","2","6","2","6","4","6","2","5","2","7","3","4","3","3","3","3","1","2","5","4","2","1","3","1","2","3","4","5","1","","1","2","3","4","5","6","41","","","","2","1","1","2","1","2","5","6","2","4","1","3","1","6","10","8","9","7","4","2","3","5","7","4","9","6","5","1","2","8","3","5","8","6","11","4","9","7","3","10","2","1","Independent","Joe Biden","Joe Biden","man","White","","","","","","","","$80,001-$100,000","4yearColl","Michigan","Oakland"
217616,"0","100","1864","1","1","33","12","15","8","14","9","4","5","92","90","87","87","87","87","86","88","19","19","19","19","19","5","0","0","4","4","4","4","5","4","4","4","4","4","4","4","4","4","5","5","4","4","4","5","5","4","4","4","4","4","4","4","4","4","4","3","4","6","2","2","2","2","1","2","4","3","5","2","1","3","1","2","3","4","4","1","","1","2","3","4","5","6","33","","","","1","2","2","1","2","1","5","2","3","6","1","4","1","8","10","7","6","9","3","4","2","5","6","8","4","3","7","1","2","9","5","6","2","8","5","4","11","3","10","7","9","1","Republican","Donald Trump","Donald Trump","man","White","","","","","","","","$100,001-$120,000","4yearColl","New York","Queens"
525063,"0","100","476","1","1","0","5","75","5","5","5","5","0","0","100","80","90","48","100","100","50","0","0","90","0","0","10","0","0","1","5","5","2","5","4","1","6","2","1","7","6","6","6","5","4","4","6","7","7","4","7","1","5","7","5","3","7","5","1","3","6","2","7","1","1","5","1","5","2","3","4","1","2","1","3","2","1","3","4","5","1","","2","1","3","4","5","6","39","","","","1","2","2","1","1","2","6","3","5","4","1","2","1","7","5","9","6","8","2","3","4","10","4","9","7","2","8","1","5","6","3","3","2","9","6","7","8","5","4","11","10","1","Republican","Donald Trump","Donald Trump","woman","White","","","","","","","","$140,001-$160,000","MA","Pennsylvania","Allegheny"
309193,"0","100","297","1","1","15","15","15","15","10","15","2","13","82","75","89","93","61","95","100","66","15","15","15","15","10","15","0","15","6","2","2","5","5","4","4","5","3","6","6","6","5","6","6","5","4","6","6","6","5","6","4","4","6","2","5","3","6","2","6","2","3","5","4","1","5","4","3","1","2","5","4","2","1","3","2","1","3","4","4","1","","1","2","3","4","5","6","28","","","","1","2","1","2","1","2","4","2","3","6","1","5","1","8","10","7","9","5","2","4","3","6","2","4","8","9","6","1","5","3","7","2","4","9","5","11","8","3","10","6","7","1","Independent","Joe Biden","Joe Biden","woman","White","","","","","","","","Over $200,000","4yearColl","Colorado","Denver"
440125,"0","100","669","1","1","3","9","40","16","3","21","8","0","34","25","25","63","43","32","57","28","19","2","18","10","21","9","2","19","5","3","3","2","5","2","5","5","2","5","3","6","3","3","2","2","6","6","3","3","5","7","2","2","5","5","5","5","6","3","3","3","4","1","5","5","2","6","4","3","5","2","1","1","2","3","1","2","3","4","5","1","","1","2","3","4","5","6","41","","","None","1","2","1","2","1","2","5","3","6","2","1","4","1","5","10","6","9","8","2","3","4","7","2","3","8","4","5","1","7","9","6","7","6","5","8","3","2","11","10","9","4","1","Independent","Joe Biden","Joe Biden","man","White","","","","","","","","$80,001-$100,000","PHD","Texas","Montgomery"
145922,"0","100","647","1","1","25","10","20","5","20","5","5","10","20","46","61","57","28","28","60","50","30","5","25","5","15","10","5","5","3","3","3","5","5","4","4","5","5","6","5","6","3","6","1","1","7","7","5","1","7","7","5","3","5","3","5","5","7","2","7","3","2","4","3","","2","5","2","3","5","4","1","2","1","3","2","1","3","4","3","0","","2","1","3","4","5","6","33","","","","2","1","1","2","1","2","6","5","4","3","1","2","1","7","8","6","9","5","3","2","4","10","7","9","3","2","6","1","8","5","4","5","10","9","8","6","4","11","3","2","7","1","Democrat","Joe Biden","Robert F. Kennedy Jr.","woman","White","","","","","","","","$20,001-$40,000","4yearColl","Arkansas","Benton"
171329,"0","100","1104","1","1","16","24","24","8","16","2","10","0","23","11","13","13","10","8","16","5","14","18","18","11","24","3","11","1","6","5","4","2","5","2","2","2","2","6","5","6","3","6","4","4","5","5","4","4","5","5","2","2","5","6","5","6","6","5","2","3","6","","","","","","1","4","2","3","5","1","2","3","1","2","3","4","5","1","","1","2","3","4","5","6","34","","","","1","2","2","1","1","2","4","2","6","3","1","5","1","8","10","9","7","5","3","4","2","6","5","4","3","9","7","1","6","2","8","9","2","3","5","8","4","7","6","10","11","1","Republican","Donald Trump","Donald Trump","woman","White","","","","","","","","$40,001-$60,000","2yearColl","Virginia","Campbell"
526760,"0","100","716","1","1","16","14","17","11","10","13","11","8","74","59","66","60","69","51","49","52","12","12","13","13","13","14","12","11","5","6","6","4","5","4","4","6","2","6","5","6","2","5","3","1","5","5","6","4","5","5","2","5","5","2","6","5","4","4","5","4","5","4","4","2","5","4","3","1","2","5","4","2","1","3","2","1","3","4","1","0","","1","2","3","4","5","6","39","","","","2","1","2","1","1","2","5","6","3","2","1","4","1","5","6","7","9","10","2","4","3","8","9","6","7","8","2","1","4","3","5","11","8","5","6","3","7","9","10","2","4","1","Independent","I did not vote","Jill Stein","man","White","","","","","","","","$120,001-$140,000","4yearColl","Pennsylvania","York"
752772,"0","100","549","1","1","10","10","10","30","10","15","5","10","40","40","70","45","30","30","60","30","14","11","13","13","12","13","12","12","7","5","5","3","5","3","2","5","4","5","3","4","5","5","4","2","7","5","1","1","7","6","3","3","7","4","6","6","5","3","6","5","7","4","4","4","5","5","3","5","2","4","1","1","2","3","2","1","3","4","5","1","","1","2","3","4","5","6","35","","","","2","1","1","2","2","1","6","2","4","3","1","5","1","6","8","5","9","7","3","2","4","10","4","3","8","6","7","1","9","2","5","11","10","2","8","9","5","4","6","3","7","1","Independent","Joe Biden","Joe Biden","man","White","","","","","","","","$40,001-$60,000","2yearColl","Pennsylvania","York"
542148,"0","100","599","1","1","15","24","14","3","20","12","2","10","7","18","13","2","14","12","25","21","13","29","13","1","13","12","10","9","2","5","2","5","5","4","6","6","5","6","6","7","5","7","4","5","4","5","2","2","5","6","2","2","6","2","6","7","6","2","7","2","4","5","2","3","2","5","3","5","2","4","1","2","1","3","2","1","3","4","4","1","","2","1","3","4","5","6","29","","","","1","2","2","1","2","1","3","4","2","5","1","6","1","6","8","5","7","10","3","4","2","9","2","7","6","3","9","1","5","4","8","5","7","11","3","4","10","6","8","9","2","1","Republican","Donald Trump","Donald Trump","man","","","Black or African American","","","","","","$60,001-$80,000","4yearColl","Colorado","Denver"
628929,"0","100","672","1","1","19","20","31","0","10","0","10","10","40","40","50","40","60","10","60","60","30","20","20","0","10","10","10","0","5","6","5","3","5","3","3","6","2","3","4","4","2","1","5","3","6","5","3","2","5","5","6","5","5","3","6","2","6","3","5","2","6","4","4","3","5","4","5","4","2","3","1","2","1","3","2","1","3","4","4","1","","1","2","3","4","5","6","38","","","None","2","1","1","2","1","2","3","6","4","5","1","2","1","8","9","7","6","10","2","4","3","5","8","7","6","4","9","1","5","3","2","3","2","7","11","10","5","9","6","8","4","1","Independent","Third-party candidate","Robert F. Kennedy Jr.","woman","White","","","","","","","","$60,001-$80,000","GED","Texas","Collin"
669616,"0","100","308","1","1","30","3","30","4","15","8","5","5","90","30","75","70","80","60","75","65","28","15","27","5","9","4","7","5","7","4","2","4","5","5","5","5","5","5","4","5","3","6","5","5","4","4","5","4","4","5","6","2","5","1","5","1","6","1","6","5","2","4","3","1","3","1","3","1","5","4","2","1","2","3","1","2","3","4","5","1","","2","1","3","4","5","6","37","","","","1","2","1","2","1","2","6","4","2","5","1","3","1","6","7","10","9","8","3","2","4","5","7","5","3","2","4","1","9","8","6","6","9","10","4","11","2","3","7","5","8","1","Republican","Joe Biden","Joe Biden","woman","White","","","","","","","","$160,001-$180,000","4yearColl","Virginia","Rockingham"
722563,"0","100","460","1","1","15","10","17","5","16","16","16","5","48","18","53","50","25","63","75","50","15","10","15","10","15","15","15","5","5","6","6","1","5","2","2","2","1","4","6","5","1","3","5","3","5","5","2","3","5","5","5","5","5","3","5","4","4","2","5","4","5","1","1","1","1","1","1","3","2","5","4","2","1","3","1","2","3","4","5","1","","2","1","3","4","5","6","30","","","","2","1","1","2","2","1","5","4","3","6","1","2","1","10","8","7","9","6","4","2","3","5","4","7","2","8","6","1","9","5","3","11","4","10","9","5","6","7","8","3","2","1","Republican","Donald Trump","Donald Trump","woman","White","","","","","","","","$100,001-$120,000","GED","Texas","Walker"
398009,"0","100","310","1","1","43","8","13","7","9","7","7","6","100","6","6","6","7","6","7","8","3","11","11","11","25","20","19","0","7","7","7","1","5","1","1","1","1","2","3","3","1","1","4","4","7","7","1","1","7","7","4","4","4","5","5","6","6","1","6","2","7","5","1","1","1","","3","4","2","5","1","1","2","3","1","2","3","4","5","1","","2","1","3","4","5","6","31","","","","1","2","1","2","1","2","6","4","2","5","1","3","1","7","5","9","10","8","3","2","4","6","5","3","8","9","4","1","2","6","7","9","7","6","8","11","5","2","3","10","4","1","Republican","Donald Trump","Donald Trump","woman","White","","","","","","","","$20,001-$40,000","GED","Ohio","Montgomery"
166819,"0","100","1537","1","1","11","15","15","9","11","14","9","16","60","71","79","89","79","87","85","74","13","13","13","14","16","14","8","9","6","5","5","3","5","3","3","3","4","3","2","5","2","6","3","1","7","7","3","2","5","6","4","2","6","2","5","5","6","3","6","5","4","4","4","3","5","5","3","2","1","5","4","1","2","3","2","1","3","4","2","0","","2","1","3","4","5","6","35","","","None","2","1","1","2","1","2","5","6","3","2","1","4","1","10","7","5","8","6","3","4","2","9","9","2","6","3","8","1","5","4","7","3","6","8","9","2","10","7","5","11","4","1","Independent","I did not vote","Joe Biden","man","White","","","","","","","","$160,001-$180,000","4yearColl","New Mexico","San Juan"
765333,"0","100","832","1","1","15","14","15","14","14","14","14","0","0","0","0","0","0","0","100","0","16","17","16","0","17","17","0","17","7","7","7","3","5","1","1","1","2","6","1","1","1","2","1","1","7","7","2","1","7","3","2","6","5","3","6","3","5","3","5","4","7","1","1","6","1","7","3","1","5","4","2","2","1","3","1","2","3","4","4","1","","2","1","3","4","5","6","26","","","","1","2","2","1","2","1","4","6","2","3","1","5","1","6","9","5","8","7","3","4","2","10","9","6","7","5","3","1","2","4","8","10","6","2","3","5","4","8","7","9","11","1","Independent","Third-party candidate","Other",NA,"White","","","","","","","","$40,001-$60,000","2yearColl","Washington","King"
505185,"0","100","1163","1","1","18","14","14","15","11","11","9","8","36","20","28","36","51","66","51","58","17","20","15","20","7","11","3","7","7","5","6","4","5","6","4","5","6","5","5","7","7","6","6","4","6","7","5","6","4","5","7","5","6","5","6","4","7","5","5","6","6","3","3","5","5","4","3","5","2","4","1","2","1","3","1","2","3","4","2","1","","2","1","3","4","5","6","26","","","","1","2","2","1","1","2","6","5","2","4","1","3","1","8","5","7","10","9","4","3","2","6","8","4","2","3","9","1","5","7","6","11","5","4","8","7","9","2","3","6","10","1","Democrat","Donald Trump","Donald Trump","man","White","","","","","","","","$80,001-$100,000","4yearColl","Ohio","Columbiana"
627907,"0","100","644","1","1","20","21","25","8","16","7","0","3","66","71","86","60","49","60","65","68","18","15","24","9","28","5","0","1","3","5","5","4","5","6","4","5","5","6","6","7","6","6","1","2","6","6","1","1","7","7","3","5","2","6","5","5","7","2","3","1","2","4","1","3","1","1","2","5","1","3","4","2","1","3","2","1","3","4","4","1","","1","2","3","4","5","6","35","","","","2","1","1","2","1","2","6","2","3","5","1","4","1","5","10","6","7","8","3","4","2","9","6","7","8","2","5","1","9","4","3","4","5","3","8","10","6","2","11","7","9","1","Republican","Donald Trump","Donald Trump","woman","White","","","","","","","","$20,001-$40,000","4yearColl","Indiana","Jackson"
978323,"0","100","967","1","1","30","11","12","12","10","10","5","10","69","50","90","66","69","69","100","70","22","13","14","10","10","14","5","12","6","5","5","5","5","3","5","6","5","3","6","5","6","5","2","2","7","6","2","1","7","6","3","5","6","3","6","6","5","2","6","2","5","2","3","2","5","","5","2","3","1","4","2","1","3","2","1","3","4","4","1","","2","1","3","4","5","6","46","","","","1","2","2","1","2","1","3","4","6","2","1","5","1","10","6","9","5","8","2","3","4","7","5","3","7","2","4","1","6","9","8","8","11","2","3","9","5","7","10","6","4","1","Independent","Joe Biden","Joe Biden","man","White","","","","","","","","$140,001-$160,000","4yearColl","Ohio","Cuyahoga"
573401,"0","100","1146","1","1","20","7","31","7","10","16","6","3","15","15","25","75","20","17","50","31","17","20","14","2","11","14","2","20","6","5","6","4","5","3","3","3","4","5","5","4","4","3","1","1","6","6","2","2","6","6","4","5","2","7","3","4","6","5","2","5","4","4","4","3","","","1","2","4","3","5","1","2","3","1","2","3","4","5","1","","2","1","3","4","5","6","36","","","","1","2","2","1","2","1","4","5","3","6","1","2","1","8","5","9","10","7","4","3","2","6","3","9","8","5","7","1","6","2","4","5","4","6","9","2","10","11","8","7","3","1","Independent","Joe Biden","Joe Biden","woman","White","","","","","","","","$100,001-$120,000","MA","Pennsylvania","Beaver"
716879,"0","100","760","1","1","0","0","35","0","12","0","53","0","20","10","30","20","30","10","50","20","0","0","26","0","12","2","60","0","6","6","7","3","5","1","1","2","1","3","6","6","1","3","3","2","6","7","6","6","3","5","5","5","6","2","6","2","5","1","5","4","6","7","1","1","3","1","5","2","4","3","1","1","2","3","1","2","3","4","5","1","","2","1","3","4","5","6","53","","","","1","2","2","1","2","1","2","3","4","6","1","5","1","9","8","5","6","7","4","3","2","10","7","5","4","3","2","1","6","8","9","7","10","9","4","6","8","2","3","5","11","1","Republican","Donald Trump","Donald Trump","man","White","","","","","","","","$180,001-$200,000","4yearColl","Michigan","Washtenaw"
883197,"0","100","979","1","1","23","30","15","0","4","0","0","28","90","90","100","35","35","35","35","90","16","16","30","0","19","9","10","0","5","6","5","2","5","2","3","6","1","2","6","5","2","5","4","2","6","6","6","3","4","5","4","3","6","3","5","5","6","2","6","2","5","6","2","1","6","1","3","2","4","1","5","1","2","3","2","1","3","4","5","1","","1","2","3","4","5","6","40","","","","1","2","1","2","2","1","3","5","6","4","1","2","1","9","5","6","10","8","4","3","2","7","9","6","8","2","3","1","4","5","7","9","2","5","3","8","11","4","6","10","7","1","Independent","Donald Trump","Donald Trump","woman","","Hispanic, Latino, or Spanish origin","","","","","","","$140,001-$160,000","4yearColl","Virginia","Arlington"
460869,"0","100","737","1","1","25","16","25","9","9","8","3","5","57","40","44","30","30","34","56","22","15","14","15","14","12","10","10","10","6","5","6","5","5","2","3","1","2","5","3","4","2","5","2","2","7","6","1","3","5","7","2","2","5","7","5","5","4","3","3","2","5","2","6","5","3","5","4","1","3","5","2","1","2","3","2","1","3","4","5","1","","1","2","3","4","5","6","30","","","","2","1","2","1","1","2","6","5","4","2","1","3","1","7","9","10","6","5","3","2","4","8","6","2","8","7","3","1","5","9","4","11","6","10","8","9","4","7","2","3","5","1","Independent","Joe Biden","Joe Biden","man","White","","","","","","","","$60,001-$80,000","4yearColl","Massachusetts","Bristol"
953820,"0","100","928","1","1","15","10","35","10","5","10","5","10","95","65","100","100","50","95","100","50","15","15","11","5","30","10","0","14","5","5","6","4","5","4","6","4","4","4","4","4","4","5","1","1","7","6","5","1","6","6","3","1","7","1","7","4","7","1","6","2","5","1","4","4","3","5","4","5","3","2","1","1","2","3","1","2","3","4","5","1","","2","1","3","4","5","6","45","","","","2","1","1","2","1","2","6","4","2","3","1","5","1","7","6","8","10","9","3","4","2","5","8","4","9","2","6","1","3","5","7","9","11","10","6","2","4","5","3","8","7","1","Independent","Joe Biden","Joe Biden","woman","White","","","","","","","","$80,001-$100,000","MA","New York","New York"
461385,"0","100","1261","1","1","20","20","20","0","20","20","0","0","61","80","70","100","56","80","29","61","20","20","20","0","20","20","0","0","7","7","3","1","5","2","1","3","4","5","1","5","3","5","1","1","7","7","1","1","7","7","7","7","7","5","7","3","5","1","7","1","7","1","6","4","5","4","3","5","4","1","2","1","2","3","2","1","3","4","5","1","","1","2","3","4","5","6","50","","","","2","1","2","1","2","1","4","2","5","6","1","3","1","6","8","9","5","7","2","3","4","10","7","2","3","6","8","1","4","5","9","5","6","7","3","4","11","2","10","8","9","1","Independent","I did not vote","Donald Trump","man","","","Black or African American","","","","","","$160,001-$180,000","2yearColl","Nevada","Clark"
265520,"0","100","956","1","1","23","23","14","3","15","4","3","15","63","73","71","21","49","40","34","39","17","19","12","3","15","9","6","19","2","2","2","6","5","4","6","6","6","6","5","7","5","7","4","5","4","6","4","2","5","6","3","2","6","2","6","7","5","2","6","2","5","6","2","4","2","5","2","1","4","5","3","1","2","3","1","2","3","4","4","1","","2","1","3","4","5","6","32","","","","1","2","1","2","2","1","4","5","2","6","1","3","1","8","10","9","5","7","3","2","4","6","9","8","6","5","3","1","7","4","2","5","4","10","6","11","8","2","9","7","3","1","Republican","Donald Trump","Donald Trump","man","","","Black or African American","","","","","","$60,001-$80,000","4yearColl","Colorado","Denver"
564935,"0","100","498","1","1","40","19","14","0","11","5","11","0","41","17","9","7","9","8","6","5","17","8","9","12","30","12","11","1","3","4","3","3","5","4","5","5","3","4","5","6","4","4","3","3","3","3","6","5","3","3","5","1","5","1","5","5","5","1","5","1","5","5","1","1","1","1","1","5","2","4","3","2","1","3","2","1","3","4","5","1","","2","1","3","4","5","6","32","","","","1","2","1","2","2","1","4","5","2","3","1","6","1","5","9","6","8","7","2","4","3","10","7","4","9","5","8","1","2","6","3","6","9","10","2","3","11","8","7","5","4","1","Republican","Donald Trump","Donald Trump","woman","White","","","","","","","","$20,001-$40,000","4yearColl","Massachusetts","Middlesex"
726166,"0","100","874","1","1","10","10","15","10","15","15","15","10","30","50","60","40","40","40","59","40","8","8","28","7","26","8","9","6","3","5","7","2","5","5","4","3","1","1","5","7","3","3","2","1","4","7","1","5","2","7","3","1","6","2","7","6","7","1","6","1","3","7","1","1","2","1","1","3","5","2","4","1","2","3","2","1","3","4","5","1","","2","1","3","4","5","6","40","","","","1","2","2","1","1","2","6","2","4","5","1","3","1","8","7","6","9","5","3","4","2","10","2","7","3","5","9","1","4","6","8","9","2","7","11","3","10","5","6","4","8","1","Republican","Donald Trump","Donald Trump","woman","White","","","","","","","","$100,001-$120,000","GED","Florida","Nassau"
518893,"0","100","799","1","1","45","0","0","15","5","10","25","0","30","20","20","15","10","30","90","25","20","20","15","10","5","10","10","10","7","6","3","2","5","2","3","1","2","2","1","3","2","3","2","1","7","7","1","1","7","7","2","3","6","6","6","5","7","3","5","2","7","1","6","7","1","7","5","3","2","1","4","2","1","3","1","2","3","4","2","0","No Candidate has earned my vote","2","1","3","4","5","6","30","","","","2","1","2","1","2","1","4","5","3","2","1","6","1","10","6","9","8","5","4","3","2","7","6","4","3","5","7","1","9","8","2","6","11","7","8","2","10","4","9","3","5","1","Independent","I did not vote","Other","woman","White","","","","","","","","$20,001-$40,000","4yearColl","New Jersey","Ocean"
225139,"0","100","724","1","1","21","11","9","14","5","31","5","4","2","3","48","5","5","12","3","19","22","15","15","13","3","18","8","6","7","7","7","2","5","6","1","2","1","1","1","7","1","1","3","1","7","7","4","6","7","7","7","1","7","1","5","1","6","1","6","1","7","","","6","","","5","2","4","1","3","2","1","3","2","1","3","4","5","1","","2","1","3","4","5","6","47","","","","1","2","2","1","2","1","5","2","6","4","1","3","1","6","7","5","9","10","3","4","2","8","4","8","2","3","7","1","6","9","5","5","2","6","8","7","11","3","9","4","10","1","Democrat","Joe Biden","Cornel West","woman","","","Black or African American","","","","","","$40,001-$60,000","4yearColl","North Carolina","Mecklenburg"
385015,"0","100","313","1","1","10","15","20","3","15","20","15","2","40","49","30","40","21","83","34","93","5","5","30","5","33","10","10","2","5","6","6","3","5","3","2","5","3","1","6","4","1","1","5","1","4","7","7","7","1","5","2","5","5","5","7","7","4","2","3","1","7","6","1","1","4","2","5","1","3","2","4","2","1","3","2","1","3","4","2","1","","2","1","3","4","5","6","44","","","","2","1","2","1","2","1","5","2","3","6","1","4","1","10","5","6","8","7","3","4","2","9","7","8","5","9","2","1","4","6","3","4","6","11","10","3","5","2","9","8","7","1","Republican","Donald Trump","Donald Trump","woman","","","Black or African American","","","","","","$0-$20,000","4yearColl","New York","Erie"
746528,"0","100","177","1","1","28","19","16","17","0","11","0","9","16","28","17","20","15","24","19","19","12","17","9","10","13","13","7","19","5","6","5","5","5","6","5","6","4","4","4","5","5","6","6","5","4","5","4","5","4","5","5","3","3","2","3","4","4","4","4","4","5","5","3","3","2","5","2","4","5","3","1","2","1","3","1","2","3","4","4","1","","2","1","3","4","5","6","35","","","","1","2","1","2","2","1","4","3","2","5","1","6","1","6","9","10","8","7","2","3","4","5","6","5","4","9","2","1","3","7","8","10","8","6","4","7","2","11","3","9","5","1","Republican","Donald Trump","Donald Trump","woman","White","","","","","","","","$60,001-$80,000","PHD","Florida","Palm Beach"
486148,"0","100","506","1","1","19","10","20","4","7","23","11","6","10","11","57","20","13","35","50","15","13","8","20","3","15","18","14","9","7","5","6","2","5","5","3","5","1","3","6","6","5","6","4","3","6","6","4","4","7","6","1","5","6","5","6","7","5","1","3","2","2","6","2","1","4","1","5","1","3","4","2","1","2","3","2","1","3","4","5","1","","2","1","3","4","5","6","55","","","I think I accidently selected id vote for Joe Biden.  That is incorrect, I would vote for Trump.  Thanks!","1","2","1","2","1","2","6","5","2","4","1","3","1","8","6","10","7","5","4","3","2","9","8","3","4","2","6","1","9","5","7","8","11","3","9","5","10","7","4","2","6","1","Republican","Donald Trump","Donald Trump","woman","White","","","","","","","","$40,001-$60,000","2yearColl","Michigan","Ingham"
491890,"0","100","691","1","1","13","13","13","13","13","13","13","9","91","84","90","76","94","100","90","100","13","13","13","12","13","13","13","10","3","6","4","3","5","5","5","7","1","6","7","7","2","6","1","4","1","4","7","7","1","7","4","3","7","2","5","2","7","1","7","6","3","7","1","1","5","4","1","3","5","2","4","1","2","3","2","1","3","4","5","1","a different republican","2","1","3","4","5","6","57","","","","1","2","1","2","1","2","6","3","5","4","1","2","1","10","6","8","9","5","4","2","3","7","4","3","8","5","7","1","2","6","9","5","9","11","4","2","8","3","10","6","7","1","Republican","Donald Trump","Other","woman","White","","","","","","","","Prefer not to answer","4yearColl","Indiana","Allen"
238302,"0","100","1010","1","1","60","9","8","0","14","0","9","0","90","40","24","35","54","6","47","41","42","21","6","3","18","4","0","6","3","3","5","2","5","5","5","2","7","6","3","6","6","5","5","1","7","6","1","1","7","7","4","2","6","3","5","6","7","1","5","2","5","5","3","4","","6","4","2","3","5","1","2","1","3","1","2","3","4","4","1","","1","2","3","4","5","6","30","","","","1","2","1","2","1","2","6","3","4","2","1","5","1","8","5","9","7","6","2","4","3","10","9","2","8","5","4","1","6","3","7","4","9","7","5","11","6","3","2","10","8","1","Republican","Joe Biden","Donald Trump","woman","","","Black or African American","","","","","","$60,001-$80,000","4yearColl","Michigan","Wayne"
954450,"0","100","490","1","1","35","20","25","5","5","8","1","1","30","20","20","20","30","60","60","39","36","15","30","10","5","4","0","0","3","3","3","4","5","4","4","6","2","6","6","7","4","6","4","4","4","2","6","5","3","2","4","2","6","3","5","3","5","1","5","5","3","6","1","1","5","3","4","2","3","5","1","2","1","3","2","1","3","4","5","1","","1","2","3","4","5","6","46","","","Thank you!","1","2","1","2","2","1","2","5","4","3","1","6","1","7","10","5","8","6","3","4","2","9","6","7","3","8","5","1","9","2","4","7","3","10","4","9","2","11","5","8","6","1","Republican","Donald Trump","Donald Trump","woman","White","","","","","","","","$120,001-$140,000","MA","Texas","Parker"
788462,"0","100","469","1","1","9","12","21","14","18","11","10","5","19","29","43","39","34","22","30","41","10","10","17","5","15","20","15","8","6","6","6","5","5","3","2","5","1","4","6","7","4","6","2","1","7","5","2","1","6","7","2","2","4","5","5","6","6","5","3","5","2","5","1","1","2","2","1","3","4","5","2","2","1","3","2","1","3","4","5","1","","1","2","3","4","5","6","54","","","N/A","1","2","1","2","2","1","3","6","2","4","1","5","1","10","5","9","6","7","2","3","4","8","6","8","9","5","3","1","4","2","7","5","2","3","9","6","11","8","10","4","7","1","Republican","Donald Trump","Donald Trump","woman","White","","","","","","","","$100,001-$120,000","2yearColl","Tennessee","Sumner"
949969,"0","100","500","1","1","20","5","39","1","12","10","12","1","30","50","60","60","20","30","65","70","20","1","35","2","20","5","15","2","5","6","6","2","5","2","2","3","2","2","4","2","1","3","7","7","2","1","1","7","1","2","1","7","5","7","2","6","4","3","2","1","4","6","1","1","2","1","3","5","1","4","2","2","1","3","2","1","3","4","5","1","","1","2","3","4","5","6","43","","","","1","2","2","1","2","1","6","4","5","2","1","3","1","8","5","6","10","9","2","4","3","7","8","9","4","5","7","1","3","2","6","10","2","6","11","5","9","3","8","7","4","1","Republican","Donald Trump","Donald Trump","man","White","","","","","","","","$20,001-$40,000","GED","Louisana","St. Bernard"
617836,"0","100","440","1","1","5","0","35","0","15","20","25","0","60","70","80","40","80","50","75","50","5","5","30","0","10","20","30","0","2","3","3","5","5","6","4","6","3","4","6","7","3","6","2","1","6","7","6","6","2","7","3","1","6","1","3","6","3","1","7","6","2","6","2","1","4","1","5","2","4","1","3","1","2","3","1","2","3","4","5","1","","2","1","3","4","5","6","41","","","","2","1","1","2","1","2","5","2","4","6","1","3","1","5","9","7","10","6","2","3","4","8","5","4","6","7","8","1","2","9","3","10","8","5","9","11","4","7","6","2","3","1","Republican","Donald Trump","Donald Trump","man","White","","","","","","","","$80,001-$100,000","2yearColl","New York","Erie"
406068,"0","100","499","1","1","20","15","20","4","15","4","20","2","70","60","60","20","70","95","75","60","20","5","20","10","15","5","20","5","4","5","5","3","5","4","4","4","2","3","6","6","3","5","4","4","5","6","4","4","4","6","2","2","5","3","5","6","6","3","6","2","5","6","1","1","6","1","3","1","4","2","5","2","1","3","1","2","3","4","5","1","","2","1","3","4","5","6","34","","","n/a","2","1","2","1","2","1","4","5","3","6","1","2","1","8","10","5","9","7","4","3","2","6","6","4","9","3","7","1","2","8","5","9","2","8","5","4","11","10","6","7","3","1","Republican","Donald Trump","Donald Trump","man","White","","","","","","","","$0-$20,000","GED","Michigan","Wexford"
157937,"0","100","520","1","1","20","15","20","5","15","15","5","5","80","70","95","80","60","75","90","40","20","20","20","5","20","11","2","2","5","6","6","3","5","3","3","6","1","5","6","7","1","3","3","1","7","5","2","2","7","7","2","2","6","5","5","5","6","3","6","3","3","6","2","1","3","2","5","4","2","3","1","1","2","3","2","1","3","4","5","1","","1","2","3","4","5","6","29","","","","2","1","2","1","1","2","5","4","3","2","1","6","1","10","8","9","6","5","3","4","2","7","3","8","5","4","9","1","2","6","7","11","10","7","5","3","8","4","9","2","6","1","Republican","Donald Trump","Donald Trump","man","White","","","","","","","","$120,001-$140,000","4yearColl","Maryland","Harford"
636223,"0","100","269","1","1","10","15","15","5","25","0","10","20","55","50","25","10","52","2","26","55","25","25","0","0","25","25","0","0","7","7","5","5","5","4","5","5","2","1","5","5","1","6","1","1","6","7","1","1","7","7","1","2","6","5","5","6","6","4","6","2","4","","","","","","3","5","2","4","1","1","2","3","2","1","3","4","1","0","","1","2","3","4","5","6","27","","","","1","2","2","1","1","2","5","6","3","2","1","4","1","10","5","7","9","8","3","4","2","6","7","8","3","2","4","1","9","5","6","7","3","10","6","11","9","8","5","4","2","1","Independent","I did not vote","Donald Trump","woman","","Hispanic, Latino, or Spanish origin","","","","","","","$0-$20,000","4yearColl","New York","Bronx"
790031,"0","100","205","1","1","5","5","50","10","10","10","5","5","15","15","60","75","45","80","80","45","5","10","50","10","10","10","5","0","5","5","5","5","5","5","5","5","2","2","4","5","3","2","5","6","5","7","7","6","3","5","5","5","6","3","5","5","5","2","5","5","3","5","3","1","4","4","5","2","1","4","3","1","2","3","2","1","3","4","3","1","","1","2","3","4","5","6","32","","","","1","2","2","1","1","2","2","3","5","6","1","4","1","5","10","9","8","6","4","2","3","7","6","7","4","8","2","1","3","9","5","11","6","8","7","2","5","10","4","9","3","1","Republican","I did not vote","Donald Trump","man","White","","","","","","","","$100,001-$120,000","4yearColl","Pennsylvania","Montgomery"
388960,"0","100","335","1","1","0","0","0","4","7","55","34","0","9","5","5","5","7","9","7","8","0","0","60","30","0","3","7","0","6","7","7","1","5","1","1","1","1","4","3","4","4","1","4","2","7","7","5","4","4","6","4","2","6","4","3","6","6","3","5","5","7","","","","","","2","3","4","1","5","1","2","3","2","1","3","4","5","1","","2","1","3","4","5","6","58","","","","2","1","2","1","1","2","3","4","2","6","1","5","1","8","7","6","9","10","2","3","4","5","8","6","5","9","7","1","3","4","2","9","8","5","11","10","3","7","2","6","4","1","Republican","Donald Trump","Donald Trump","woman","White","","","","","","","","$20,001-$40,000","GED","Texas","Cherokee"
144042,"0","100","393","1","1","19","12","18","9","20","13","6","3","91","89","92","71","75","46","63","79","12","13","22","11","12","9","5","16","5","6","2","2","5","5","5","5","3","3","4","6","4","4","7","6","6","7","1","2","7","7","6","2","6","2","6","6","6","2","6","2","7","6","2","5","4","7","1","3","2","5","4","1","2","3","1","2","3","4","4","1","","2","1","3","4","5","6","25","","","","1","2","2","1","1","2","5","3","6","4","1","2","1","10","8","5","9","7","3","2","4","6","9","4","2","6","3","1","8","5","7","6","8","5","7","2","9","11","3","4","10","1","Republican","Donald Trump","Donald Trump","man","White","","","","","","","","Over $200,000","MA","Texas","Dallas"
230657,"0","100","325","1","1","9","0","49","0","11","15","11","5","100","50","100","50","83","65","100","74","8","2","50","3","10","7","10","10","4","4","4","4","5","4","4","4","1","4","4","4","4","3","4","1","7","4","6","4","6","7","5","1","7","1","5","6","7","1","7","1","3","4","3","3","4","4","4","1","3","2","5","1","2","3","2","1","3","4","4","1","","1","2","3","4","5","6","51","","","","1","2","1","2","1","2","2","5","3","6","1","4","1","5","10","9","6","7","3","2","4","8","3","9","7","2","4","1","5","6","8","8","6","11","2","10","5","4","3","7","9","1","Republican","Donald Trump","Donald Trump","woman","White","","","","","","","","$40,001-$60,000","GED","California","San Bernardino"
334312,"0","100","549","1","1","10","18","20","5","20","20","2","5","81","84","89","58","86","97","3","63","15","22","22","5","20","10","1","5","3","3","3","6","5","6","6","6","6","6","6","7","6","6","6","5","5","4","4","5","5","5","4","2","6","2","5","6","6","2","6","3","5","2","6","3","4","3","5","3","1","2","4","1","2","3","1","2","3","4","5","1","","2","1","3","4","5","6","30","","","","2","1","1","2","2","1","5","2","4","3","1","6","1","9","10","8","7","6","2","4","3","5","5","7","8","6","2","1","3","4","9","3","4","8","5","2","9","7","11","6","10","1","Republican","Donald Trump","Donald Trump","man","White","","","","","","","","$40,001-$60,000","PHD","Maryland","Baltimore"
795314,"0","100","714","1","1","25","25","20","0","30","0","0","0","80","60","60","60","80","60","50","60","30","20","20","0","30","0","0","0","5","4","4","6","5","6","6","6","6","7","6","6","6","6","2","1","6","6","1","1","6","7","7","1","7","1","6","6","7","1","7","2","6","7","1","5","2","2","4","3","5","2","1","2","1","3","1","2","3","4","5","1","","1","2","3","4","5","6","27","","","THANK YOU","1","2","1","2","2","1","4","2","3","5","1","6","1","9","6","8","10","5","2","4","3","7","6","7","8","3","9","1","4","2","5","6","2","10","9","5","11","7","8","4","3","1","Republican","Donald Trump","Donald Trump","woman","White","","","","","","","","$60,001-$80,000","4yearColl","Georgia","Fulton"
129004,"0","100","869","1","1","27","4","9","2","6","21","29","2","3","10","20","5","0","15","90","5","15","15","15","10","15","15","2","13","7","7","6","1","5","1","1","1","1","2","1","1","2","1","4","2","7","5","1","1","7","7","3","2","6","2","6","5","5","2","6","1","7","2","4","5","5","5","1","4","3","2","5","2","1","3","2","1","3","4","2","0","","1","2","3","4","5","6","59","","","","2","1","1","2","2","1","2","6","3","4","1","5","1","7","8","5","10","9","4","2","3","6","5","6","7","8","9","1","2","4","3","11","10","6","2","7","9","8","3","5","4","1","Independent","Joe Biden","Jill Stein","woman","","","Black or African American","","","","","","$40,001-$60,000","4yearColl","Georgia","Hall"
908981,"0","100","351","1","1","10","14","13","13","14","13","11","12","21","13","21","16","24","11","16","20","16","12","11","15","11","13","10","12","4","7","5","6","5","7","6","5","5","5","7","6","4","6","7","6","7","5","6","7","5","4","7","4","6","5","6","7","6","7","4","5","6","5","5","5","3","4","4","3","1","2","5","1","2","3","2","1","3","4","2","1","","2","1","3","4","5","6","42","","","","1","2","1","2","2","1","5","4","3","6","1","2","1","8","6","7","10","5","3","2","4","9","7","8","6","4","2","1","3","5","9","10","3","5","7","4","6","9","8","2","11","1","Republican","Joe Biden","Joe Biden","man","White","","","","","","","","$80,001-$100,000","4yearColl","Ohio","Columbiana"
473652,"0","100","400","1","1","20","10","20","10","10","10","10","10","81","75","90","64","75","81","60","84","20","10","20","10","10","10","10","10","6","5","5","6","5","5","6","4","3","7","6","7","6","5","5","5","1","6","3","3","6","7","7","4","5","4","6","6","6","1","5","2","5","6","3","4","3","5","1","5","4","2","3","1","2","3","1","2","3","4","4","1","","1","2","3","4","5","6","21","","","","1","2","1","2","1","2","6","4","5","3","1","2","1","8","7","5","6","10","4","2","3","9","3","9","5","2","7","1","4","6","8","11","6","8","9","4","2","7","10","3","5","1","Republican","I did not vote","Joe Biden","man","White","","","","","","","","$20,001-$40,000","2yearColl","Florida","Marion"
692618,"0","100","539","1","1","14","19","21","0","11","0","35","0","15","19","14","3","7","2","10","4","0","26","15","19","11","9","15","5","7","6","6","3","5","3","3","5","1","5","6","5","5","2","2","2","7","7","2","2","7","7","6","2","1","2","7","4","5","2","6","2","5","","","","","","4","5","1","2","3","1","2","3","2","1","3","4","5","1","","2","1","3","4","5","6","40","","","","1","2","2","1","1","2","6","5","3","4","1","2","1","7","8","6","5","10","3","2","4","9","7","9","5","2","8","1","4","3","6","4","10","5","8","9","3","2","7","6","11","1","Independent","Donald Trump","Donald Trump","woman","White","","","","","","","","$20,001-$40,000","2yearColl","Ohio","Gallia"
690006,"0","100","560","1","1","13","22","22","12","22","4","0","5","70","65","70","100","45","40","30","30","17","19","15","2","21","7","0","19","6","6","5","3","5","2","2","5","3","6","5","3","2","5","1","1","6","6","3","2","6","7","2","1","7","2","6","5","7","2","5","1","3","4","4","2","2","3","3","5","2","1","4","1","2","3","2","1","3","4","5","1","more research needed","1","2","3","4","5","6","36","","","The 100 point scale is a little frustrating - it might be better that each bar maxes to 50 so that one doesn't automaticaly scale too high.","1","2","2","1","2","1","4","2","6","5","1","3","1","5","7","9","6","10","3","2","4","8","8","7","4","9","5","1","3","2","6","10","3","5","6","11","2","9","4","8","7","1","Independent","Third-party candidate","Other","woman","White","","","","","","","","$80,001-$100,000","4yearColl","Missouri","Jackson"
829035,"0","100","446","1","1","50","5","30","0","15","0","0","0","29","6","40","4","34","5","8","31","60","0","30","0","10","0","0","0","5","5","5","3","5","3","3","4","2","5","4","6","5","6","4","4","5","5","3","5","6","5","4","3","5","3","4","5","5","3","5","4","4","5","3","2","3","5","5","1","2","3","4","2","1","3","2","1","3","4","3","1","","2","1","3","4","5","6","44","","","","1","2","2","1","2","1","5","6","3","4","1","2","1","9","5","7","8","6","2","4","3","10","3","4","6","8","9","1","7","5","2","10","5","6","2","8","7","11","9","4","3","1","Republican","Donald Trump","Donald Trump","woman","White","","","","","","","","Prefer not to answer","2yearColl","New York","Niagara"
270777,"0","100","1091","1","1","0","17","13","0","10","22","38","0","20","82","74","7","50","50","88","5","0","25","30","0","25","0","20","0","4","6","6","1","5","2","1","2","1","2","6","6","1","4","2","1","7","7","6","6","2","4","2","3","6","6","5","5","5","7","2","6","2","7","1","1","5","1","2","3","1","5","4","1","2","3","2","1","3","4","5","1","","1","2","3","4","5","6","57","","","","1","2","1","2","1","2","4","5","3","6","1","2","1","7","5","8","6","10","4","3","2","9","7","3","8","6","9","1","4","2","5","11","5","9","7","3","4","8","2","10","6","1","Republican","Donald Trump","Donald Trump","woman","White","","","","","","","","$60,001-$80,000","2yearColl","North Carolina","Johnston"
223597,"0","100","815","1","1","10","10","20","10","10","10","20","10","80","50","40","80","20","20","40","80","15","20","20","5","10","5","20","5","7","7","7","1","5","2","2","1","3","3","1","6","2","5","1","1","6","7","2","6","6","6","1","2","2","1","5","3","7","2","4","4","7","3","3","3","3","3","3","4","1","5","2","1","2","3","2","1","3","4","3","1","","2","1","3","4","5","6","42","","","","1","2","2","1","2","1","5","3","6","4","1","2","1","8","5","10","9","7","2","4","3","6","9","7","6","5","2","1","3","8","4","8","3","5","4","10","9","2","6","7","11","1","Democrat","Donald Trump","Donald Trump","woman","White","","","","","","","","$20,001-$40,000","2yearColl","Wisconsin","Dunn"
535032,"0","100","361","1","1","10","10","20","10","13","14","16","7","95","100","95","100","84","100","84","100","12","12","16","9","17","13","16","5","2","1","7","4","5","5","5","5","1","2","6","6","2","3","7","1","7","7","7","7","1","1","5","1","7","1","5","5","7","1","7","5","1","7","1","1","1","1","2","3","5","1","4","2","1","3","2","1","3","4","5","1","","2","1","3","4","5","6","46","","","","2","1","1","2","2","1","2","4","6","3","1","5","1","8","7","5","6","9","4","3","2","10","2","8","5","6","4","1","7","9","3","2","7","6","8","5","9","3","10","11","4","1","Republican","Donald Trump","Donald Trump","woman","White","","","","","","","","$80,001-$100,000","2yearColl","Kentucky","Bracken"
425057,"0","100","491","1","1","7","15","32","16","8","2","6","14","23","68","28","43","23","36","16","40","15","24","5","23","14","2","8","9","7","7","3","4","6","4","7","6","4","7","7","4","5","7","1","6","3","6","5","7","3","7","5","5","7","7","7","7","3","4","5","7","7","3","6","6","2","5","4","1","5","2","3","2","1","3","1","2","3","4","2","1","","1","2","3","4","5","6","39","","","","2","1","2","1","1","2","5","3","2","6","1","4","1","7","5","10","8","9","4","2","3","6","6","4","8","9","5","1","7","3","2","7","6","3","9","2","10","5","8","11","4","1","Republican","Joe Biden","Joe Biden","man","White","","","","","","","","$100,001-$120,000","4yearColl","North Carolina","Washington"
544853,"0","100","791","1","1","15","15","20","0","15","15","15","5","91","77","93","92","68","95","94","6","15","15","15","5","15","10","15","10","4","7","7","1","5","5","1","1","1","1","6","5","5","3","6","7","5","6","6","6","3","7","3","1","7","5","5","6","6","1","6","6","7","7","1","1","6","1","1","5","2","4","3","1","2","3","1","2","3","4","5","1","","1","2","3","4","5","6","60","","","","2","1","2","1","1","2","6","5","4","3","1","2","1","7","6","10","5","8","4","2","3","9","3","2","9","8","6","1","7","5","4","5","9","8","3","11","4","10","7","2","6","1","Independent","Donald Trump","Donald Trump","woman","White","","","","","","","","$60,001-$80,000","GED","Florida","Sumter"
671908,"0","100","862","1","1","13","10","11","13","14","15","13","11","0","0","0","0","0","0","0","0","15","10","15","13","14","13","12","8","4","4","4","4","5","4","4","4","4","4","4","4","4","4","4","4","7","7","3","4","4","5","3","4","4","4","5","5","4","5","3","4","5","4","4","4","4","4","1","4","3","5","2","1","2","3","1","2","3","4","3","1","Undecided","2","1","3","4","5","6","35","","","","1","2","2","1","1","2","4","2","3","6","1","5","1","6","10","7","5","9","4","2","3","8","3","9","2","4","6","1","7","8","5","6","5","2","9","7","3","10","4","11","8","1","Republican","I did not vote","Other","woman","White","","","","","","","","$60,001-$80,000","2yearColl","Oregon","Umatilla"
256355,"0","100","652","1","1","28","11","25","2","16","17","1","0","60","52","60","80","40","75","75","70","25","7","20","13","8","13","7","7","3","6","6","2","5","4","3","5","1","3","5","5","5","5","3","5","6","2","5","5","5","6","6","1","6","2","7","3","6","3","5","2","5","6","1","4","5","2","2","5","1","4","3","1","2","3","2","1","3","4","5","1","","2","1","3","4","5","6","31","","","","1","2","2","1","2","1","5","6","3","2","1","4","1","8","7","10","6","5","2","4","3","9","9","5","6","7","4","1","8","2","3","5","10","11","4","7","2","6","8","3","9","1","Republican","Donald Trump","Robert F. Kennedy Jr.","man","White","","","","","","","","Prefer not to answer","4yearColl","Texas","Dallas"
839594,"0","100","396","1","1","15","15","15","10","15","15","15","0","50","42","49","52","48","51","45","100","5","15","20","15","10","5","30","0","5","5","5","3","5","4","4","4","4","4","4","4","4","4","4","2","7","7","3","3","5","6","5","4","6","5","5","4","6","3","6","4","6","5","3","","","","1","3","4","5","2","2","1","3","1","2","3","4","3","1","","2","1","3","4","5","6","32","","","","1","2","2","1","2","1","3","6","2","4","1","5","1","10","7","9","8","5","4","2","3","6","9","8","6","4","7","1","5","3","2","8","10","2","7","6","3","5","4","11","9","1","Republican","Donald Trump","Robert F. Kennedy Jr.","woman","White","","","Asian","","","","","$60,001-$80,000","4yearColl","Florida","Santa Rosa"
630163,"0","100","388","1","1","12","18","18","6","8","24","6","8","34","44","55","34","21","35","28","38","12","18","25","4","15","18","3","5","6","4","5","4","5","4","4","4","3","5","5","4","2","5","5","5","4","6","5","5","4","5","3","5","5","6","6","6","5","5","4","5","5","5","3","3","3","4","4","1","5","3","2","2","1","3","1","2","3","4","2","0","","1","2","3","4","5","6","49","","","","1","2","1","2","1","2","6","4","2","5","1","3","1","6","5","10","9","7","2","4","3","8","4","5","9","6","2","1","3","7","8","11","8","7","5","6","4","3","9","10","2","1","Republican","I did not vote","Donald Trump","woman","White","","","","","","","","$80,001-$100,000","2yearColl","South Carolina","Aiken"
244142,"0","100","364","1","1","20","0","30","0","20","25","5","0","100","70","80","80","60","60","80","75","25","5","15","5","15","25","5","5","3","2","2","5","5","5","5","5","4","6","7","7","6","6","4","3","4","3","6","5","3","7","5","1","5","1","5","3","6","1","7","3","2","5","4","2","5","4","5","1","2","3","4","2","1","3","2","1","3","4","5","1","","2","1","3","4","5","6","28","","","","2","1","1","2","1","2","5","2","6","3","1","4","1","7","9","10","8","6","4","2","3","5","7","3","6","2","9","1","4","8","5","6","8","7","10","11","9","5","2","3","4","1","Republican","Joe Biden","Joe Biden","man","White","","","","","","","","$100,001-$120,000","MA","Kansas","Sedgwick"
591468,"0","100","565","1","1","29","17","17","12","10","8","4","3","91","83","77","85","86","83","87","76","19","21","20","14","10","8","4","4","4","3","3","6","5","6","6","5","5","7","7","7","6","7","2","3","6","5","3","3","5","7","5","3","5","3","6","6","5","3","6","5","6","3","5","5","5","6","5","3","1","4","2","2","1","3","1","2","3","4","3","1","","2","1","3","4","5","6","43","","","","1","2","2","1","1","2","2","5","4","6","1","3","1","9","7","6","5","10","2","4","3","8","2","8","3","9","6","1","7","4","5","5","2","11","6","3","10","4","8","9","7","1","Republican","Joe Biden","Joe Biden","woman","White","","","","","","","","$60,001-$80,000","4yearColl","North Carolina","Washington"
400631,"0","100","545","1","1","0","0","0","0","0","0","0","100","0","0","0","0","0","0","0","100","3","26","25","21","11","8","4","2","7","7","7","1","5","1","1","1","1","1","1","1","1","1","1","2","7","7","1","1","7","7","5","4","6","4","6","6","7","3","6","1","7","1","4","2","4","4","1","2","5","3","4","2","1","3","2","1","3","4","4","1","","1","2","3","4","5","6","26","","","","2","1","2","1","1","2","3","2","4","6","1","5","1","9","10","5","7","8","4","2","3","6","2","8","6","3","7","1","5","9","4","4","11","2","10","3","7","6","5","9","8","1","Independent","Third-party candidate","Joe Biden","woman","","Hispanic, Latino, or Spanish origin","","","","","","","Prefer not to answer","GED","Georgia","Clayton"
404991,"0","100","1028","1","1","24","11","18","14","17","2","11","3","5","6","6","7","6","7","8","8","15","12","13","13","12","12","12","11","7","7","7","1","5","1","1","1","4","4","4","6","2","4","4","1","7","6","2","3","6","6","4","1","5","1","4","7","6","2","6","3","7","","","","","","5","1","3","2","4","1","2","3","2","1","3","4","5","1","","2","1","3","4","5","6","55","","","","2","1","2","1","2","1","6","3","2","4","1","5","1","7","8","9","5","10","4","2","3","6","5","7","9","4","6","1","2","3","8","11","9","4","7","3","2","10","5","8","6","1","Independent","Joe Biden","Joe Biden","woman","White","","","","American Indian or Alaska Native","","","","$0-$20,000","noHS","Colorado","El Paso"
733124,"0","100","381","1","1","9","5","19","14","16","22","8","7","19","69","26","16","40","20","17","38","11","3","17","20","19","16","4","10","7","7","4","3","5","4","2","6","1","5","6","6","4","3","4","1","5","4","5","5","4","7","5","2","7","5","7","5","7","1","5","1","5","5","2","1","6","2","1","3","2","5","4","2","1","3","1","2","3","4","5","1","","1","2","3","4","5","6","44","","","","1","2","1","2","2","1","4","3","5","2","1","6","1","8","7","6","9","5","3","4","2","10","6","3","9","2","8","1","7","4","5","9","10","7","2","3","4","5","11","6","8","1","Republican","Donald Trump","Donald Trump","woman","White","","","","","","","","Over $200,000","MA","Pennsylvania","Chester"
462078,"0","100","1918","1","1","20","9","13","26","11","9","9","3","71","51","62","100","69","58","82","89","9","16","21","27","7","5","4","11","6","5","4","2","5","5","5","5","1","6","5","5","2","5","1","1","7","7","7","1","7","7","7","1","7","1","7","1","7","1","7","1","5","5","1","1","1","1","4","1","3","5","2","1","2","3","2","1","3","4","5","1","","2","1","3","4","5","6","43","","","","1","2","2","1","2","1","5","2","6","4","1","3","1","10","6","8","7","9","4","3","2","5","6","7","5","2","3","1","8","4","9","6","5","11","7","3","10","8","9","2","4","1","Republican","Donald Trump","Donald Trump","man","White","","","","","","","","$180,001-$200,000","PHD","Massachusetts","Worcester"
705308,"0","100","665","1","1","19","19","22","9","5","10","11","5","5","20","11","31","10","10","3","31","20","4","0","18","11","16","25","6","6","6","6","2","5","2","1","2","1","4","1","5","1","2","5","4","3","3","5","4","3","5","5","6","5","5","6","1","6","2","3","2","7","1","1","1","1","1","4","1","3","5","2","1","2","3","1","2","3","4","1","0","","1","2","3","4","5","6","29","","","N/a","2","1","1","2","1","2","5","3","6","4","1","2","1","10","7","9","8","6","4","2","3","5","3","2","6","8","5","1","7","4","9","5","4","11","8","3","9","6","10","7","2","1","Independent","I did not vote","Donald Trump","man","White","","","","","","","","$40,001-$60,000","GED","Texas","Hays"
338055,"0","100","426","1","1","5","18","37","5","5","4","15","11","26","36","60","12","48","33","58","29","5","6","59","1","2","6","14","7","6","6","3","3","5","5","3","5","2","5","5","5","3","3","6","5","4","5","3","4","5","5","2","6","6","5","4","6","3","2","3","5","6","5","3","2","3","4","2","1","3","4","5","1","2","3","2","1","3","4","1","0","","2","1","3","4","5","6","37","","","","2","1","1","2","2","1","6","2","5","4","1","3","1","7","10","8","9","6","3","4","2","5","3","5","7","2","8","1","4","6","9","2","8","6","11","3","5","9","7","4","10","1","Republican","I did not vote","Donald Trump","man","White","","","","","","","","$60,001-$80,000","2yearColl","California","San Joaquin"
743564,"0","100","525","1","1","15","39","19","8","5","4","3","7","9","20","6","17","9","13","6","74","0","0","15","0","39","46","0","0","5","6","5","2","5","4","2","4","6","1","7","7","4","5","4","5","5","3","4","3","4","6","2","3","5","3","4","5","6","4","6","5","7","5","1","1","2","3","1","5","4","2","3","2","1","3","2","1","3","4","5","1","","2","1","3","4","5","6","48","","","thank you","1","2","1","2","1","2","6","4","3","5","1","2","1","8","9","6","5","7","2","4","3","10","9","5","8","3","6","1","2","4","7","10","5","6","3","9","11","4","2","8","7","1","Republican","Donald Trump","Donald Trump","woman","White","","","","","","","","$60,001-$80,000","GED","New York","Suffolk"
322442,"0","100","698","1","1","20","20","30","4","9","10","7","0","60","29","50","28","40","30","74","29","19","20","28","8","22","3","0","0","7","6","6","2","5","2","2","2","1","3","3","2","1","2","3","4","5","6","4","3","4","6","3","4","5","5","6","5","3","2","3","4","6","4","3","2","3","3","4","2","5","3","1","2","1","3","1","2","3","4","4","1","","1","2","3","4","5","6","35","","","","2","1","2","1","1","2","3","4","5","2","1","6","1","6","7","10","8","9","4","2","3","5","3","5","4","7","8","1","9","2","6","11","3","9","7","2","10","5","8","6","4","1","Republican","Donald Trump","Donald Trump","man","White","","","","","","","","$60,001-$80,000","4yearColl","South Carolina","Horry"
384317,"0","100","337","1","1","25","15","36","0","0","0","24","0","2","100","25","25","25","5","5","100","20","20","30","0","0","0","30","0","2","7","4","2","5","1","1","1","1","1","5","7","1","3","4","5","7","4","5","3","5","5","3","5","5","6","3","5","3","1","3","4","6","7","1","1","1","1","3","4","1","2","5","1","2","3","1","2","3","4","5","1","","1","2","3","4","5","6","35","","","","1","2","2","1","1","2","6","4","5","3","1","2","1","6","5","7","8","10","3","4","2","9","7","2","4","3","8","1","5","6","9","10","6","11","8","2","5","9","7","4","3","1","Republican","Donald Trump","Donald Trump","woman","White","","","","","","","","$80,001-$100,000","2yearColl","California","Kern"
568556,"0","100","452","1","1","5","15","15","5","30","5","20","5","50","70","40","20","80","10","30","20","10","10","20","20","10","10","10","10","6","6","2","2","5","2","1","5","3","2","6","6","5","5","5","2","6","5","3","3","5","5","3","2","5","2","6","6","6","3","6","3","7","6","2","2","3","6","2","5","4","1","3","1","2","3","2","1","3","4","5","1","","1","2","3","4","5","6","28","","","","2","1","2","1","2","1","5","2","4","3","1","6","1","5","8","9","10","6","4","3","2","7","3","8","5","9","2","1","7","4","6","6","8","2","11","5","7","10","3","9","4","1","Republican","Donald Trump","Donald Trump","man","White","","","","","","","","$60,001-$80,000","4yearColl","Wisconsin","Washington"
297368,"0","100","401","1","1","10","20","30","10","10","10","5","5","40","35","60","30","40","40","50","45","10","10","30","10","10","10","10","10","5","5","7","5","5","5","5","6","3","5","6","6","5","6","3","2","7","7","5","1","6","7","1","4","6","7","5","5","6","5","4","2","5","6","1","2","3","5","3","1","2","5","4","2","1","3","2","1","3","4","5","1","","2","1","3","4","5","6","26","","","","2","1","2","1","1","2","2","3","6","4","1","5","1","5","6","7","8","9","3","4","2","10","4","5","9","8","3","1","2","7","6","2","4","10","11","5","6","3","8","9","7","1","Republican","Joe Biden","Donald Trump","woman","","","Black or African American","","","","","","$20,001-$40,000","GED","Vermont","Lamoille"
625007,"0","100","375","1","1","14","8","23","21","20","3","6","5","69","80","68","68","74","100","87","97","16","7","22","20","15","5","12","3","1","3","5","4","5","3","2","6","3","1","7","7","6","6","1","1","5","5","5","5","1","5","3","4","5","7","5","4","7","3","2","3","1","6","2","1","3","1","1","4","2","3","5","2","1","3","1","2","3","4","5","1","","2","1","3","4","5","6","33","","","","1","2","1","2","1","2","4","5","6","3","1","2","1","7","9","6","5","10","3","4","2","8","3","6","8","9","5","1","4","2","7","6","2","3","8","4","9","7","11","10","5","1","Republican","Joe Biden","Joe Biden","man","White","","","","","","","","$60,001-$80,000","2yearColl","Virginia","Fairfax"
221730,"0","100","1622","1","1","15","15","20","10","15","10","10","5","50","25","35","65","50","15","80","85","10","15","15","10","15","10","15","10","7","6","7","2","5","3","4","3","5","1","3","6","1","1","6","4","4","5","3","3","6","6","1","2","5","5","5","7","6","6","3","1","6","6","2","1","1","","2","1","3","4","5","2","1","3","1","2","3","4","5","1","","1","2","3","4","5","6","43","","","","1","2","2","1","2","1","3","5","6","4","1","2","1","8","6","9","10","7","2","4","3","5","2","5","8","3","9","1","7","4","6","4","8","9","2","11","10","7","5","3","6","1","Republican","Donald Trump","Donald Trump","woman","","","Black or African American","","","","","","$0-$20,000","GED","Texas","Harris"
206204,"0","100","326","1","1","8","18","41","19","14","0","0","0","13","35","42","19","31","4","4","44","12","13","42","25","8","0","0","0","4","5","6","4","5","3","3","6","1","6","7","6","3","5","4","1","4","6","4","4","5","5","4","1","7","1","6","5","6","1","7","1","1","6","1","1","3","1","1","4","2","5","3","1","2","3","2","1","3","4","2","1","","2","1","3","4","5","6","57","","","","1","2","1","2","1","2","2","3","4","6","1","5","1","10","5","8","6","7","4","3","2","9","5","8","4","7","2","1","6","3","9","8","6","3","7","5","4","9","2","10","11","1","Republican","Donald Trump","Robert F. Kennedy Jr.","woman","White","","","","","","","","$40,001-$60,000","GED","New York","Madison"
967051,"0","100","423","1","1","5","25","40","2","15","10","1","2","75","82","88","93","65","79","87","84","5","25","30","2","19","15","2","2","6","5","4","5","5","5","5","5","3","5","5","5","5","3","4","2","5","5","3","2","5","5","2","3","6","3","3","6","5","3","5","5","3","5","2","1","5","3","2","5","1","3","4","2","1","3","2","1","3","4","2","1","","1","2","3","4","5","6","33","","","","1","2","1","2","1","2","2","3","5","4","1","6","1","5","9","8","10","6","2","3","4","7","2","9","8","6","5","1","4","3","7","6","2","7","8","9","3","11","4","10","5","1","Republican","Donald Trump","Donald Trump","woman","White","","","","","","","","$60,001-$80,000","4yearColl","Missouri","Adair"
493968,"0","100","337","1","1","10","5","35","10","10","10","10","10","5","50","18","30","12","22","80","43","4","3","27","4","20","18","13","11","5","6","6","1","5","2","2","2","1","1","5","5","1","2","5","6","4","2","5","6","2","2","3","3","7","2","5","5","6","2","6","4","6","6","1","1","2","5","3","4","1","5","2","1","2","3","1","2","3","4","5","1","","2","1","3","4","5","6","34","","","VOTE RED","2","1","2","1","1","2","3","4","6","2","1","5","1","8","9","6","5","7","2","4","3","10","5","3","9","4","2","1","6","7","8","11","10","9","5","8","4","6","2","7","3","1","Republican","Donald Trump","Donald Trump","man","White","","","","","","","","$100,001-$120,000","2yearColl","Minnesota","Hennepin"
471118,"0","100","286","1","1","35","34","11","0","10","5","5","0","1","3","2","36","1","4","13","48","23","25","26","0","12","8","6","0","7","7","7","1","5","1","1","1","1","2","2","3","3","3","2","3","7","7","3","1","6","6","2","3","6","7","5","7","5","2","4","5","7","7","1","1","1","5","2","3","4","5","1","2","1","3","1","2","3","4","5","1","","2","1","3","4","5","6","44","","","","1","2","2","1","2","1","3","5","4","2","1","6","1","9","7","5","10","6","3","4","2","8","3","9","5","6","8","1","2","7","4","5","10","7","2","4","8","11","6","9","3","1","Republican","Donald Trump","Donald Trump","woman","White","","","","","","","","$20,001-$40,000","4yearColl","Tennessee","Sevier"
312074,"0","100","420","1","1","25","9","25","4","20","4","7","6","31","30","81","80","51","83","35","56","16","16","31","3","15","8","6","5","5","6","6","2","5","3","1","3","1","5","6","7","2","5","4","6","6","7","6","6","1","5","3","2","6","3","6","5","7","1","7","1","5","6","1","1","4","4","5","2","1","3","4","2","1","3","1","2","3","4","5","1","","1","2","3","4","5","6","40","","","","1","2","2","1","2","1","5","6","4","2","1","3","1","9","10","5","6","7","4","3","2","8","8","3","9","7","5","1","4","2","6","5","10","3","8","6","2","4","7","9","11","1","Republican","Donald Trump","Donald Trump","woman","White","","","","","","","","$120,001-$140,000","4yearColl","New York","Albany"
152063,"0","100","304","1","1","24","2","30","6","11","15","10","2","40","54","41","84","41","52","44","54","17","10","24","11","13","17","5","3","5","6","5","2","5","3","2","5","1","2","6","6","2","5","4","2","3","4","7","3","3","6","1","2","7","1","5","7","5","5","7","6","4","4","1","3","1","1","1","2","5","4","3","2","1","3","2","1","3","4","2","0","unsure","2","1","3","4","5","6","37","","","","1","2","1","2","1","2","2","5","6","3","1","4","1","10","8","7","9","5","2","4","3","6","4","5","7","3","9","1","6","8","2","4","2","8","9","6","5","3","7","10","11","1","Republican","Donald Trump","Other","woman","White","","","","","","","","$100,001-$120,000","GED","South Carolina","Edgefield"
420736,"0","100","500","1","1","20","15","15","10","15","10","5","10","60","60","65","60","65","60","35","65","20","15","10","10","20","10","10","5","6","3","5","5","5","5","6","5","6","7","6","7","6","7","7","5","7","5","2","2","3","7","2","2","7","3","6","7","7","1","6","3","6","7","4","6","5","6","1","4","3","2","5","1","2","3","1","2","3","4","4","0","","2","1","3","4","5","6","26","","","","2","1","1","2","1","2","3","4","2","6","1","5","1","5","8","6","10","7","2","4","3","9","5","4","2","3","8","1","7","9","6","8","4","11","9","3","10","2","6","7","5","1","Republican","Donald Trump","","man","White","","","","","","","","$40,001-$60,000","4yearColl","Colorado","Denver"
777861,"0","100","358","1","1","30","16","23","5","10","13","1","2","90","80","85","85","77","64","70","81","20","20","20","5","10","10","5","10","5","6","5","5","5","6","6","7","5","6","7","7","6","6","1","1","7","7","2","1","7","7","2","1","6","7","6","5","7","1","4","1","3","5","1","1","6","1","4","2","1","5","3","1","2","3","2","1","3","4","5","1","","1","2","3","4","5","6","28","","","","2","1","1","2","2","1","6","2","5","3","1","4","1","8","9","7","6","10","2","4","3","5","4","6","5","7","9","1","8","3","2","6","8","11","2","9","3","4","5","10","7","1","Republican","Donald Trump","Donald Trump","woman","White","","","","","","","","$80,001-$100,000","4yearColl","New York","Westchester"
872476,"0","100","639","1","1","13","4","24","0","22","6","28","3","10","80","77","100","20","52","52","100","15","10","20","5","20","10","15","5","5","7","6","3","5","2","1","5","1","1","7","6","5","6","4","4","4","2","1","6","2","4","5","5","6","4","4","3","3","1","7","4","4","7","1","1","1","1","3","2","5","4","1","2","1","3","1","2","3","4","5","1","","2","1","3","4","5","6","57","","","","2","1","1","2","2","1","5","4","2","3","1","6","1","8","9","7","5","6","2","3","4","10","6","9","8","5","7","1","2","3","4","8","7","5","11","3","6","2","10","9","4","1","Republican","Donald Trump","Donald Trump","man","White","","","","","","","","$60,001-$80,000","4yearColl","Tennessee","Knox"
982278,"0","100","524","1","1","29","26","45","0","0","0","0","0","83","86","98","57","9","1","6","2","34","24","42","0","0","0","0","0","5","5","5","3","5","3","2","3","1","3","5","4","3","5","3","3","5","5","3","5","4","5","1","2","5","3","5","7","7","5","5","4","5","6","2","1","1","5","2","3","5","4","1","1","2","3","1","2","3","4","5","1","","2","1","3","4","5","6","57","","","None","2","1","1","2","2","1","4","5","3","2","1","6","1","9","6","10","8","5","3","4","2","7","6","4","7","3","5","1","9","2","8","4","3","11","10","7","6","2","8","9","5","1","Republican","Donald Trump","Robert F. Kennedy Jr.","woman","White","","","","","","","","$40,001-$60,000","4yearColl","California","San Bernardino"
450965,"0","100","515","1","1","30","0","50","0","20","0","0","0","70","80","70","35","30","25","80","100","0","0","50","0","20","30","0","0","7","6","6","3","5","5","3","6","1","5","3","3","2","2","7","7","4","1","6","7","2","6","3","2","5","6","2","6","5","1","6","6","5","6","3","1","5","1","2","1","3","4","5","1","2","3","2","1","3","4","2","0","","1","2","3","4","5","6","30","","","","1","2","1","2","1","2","6","4","3","5","1","2","1","10","5","7","6","8","4","2","3","9","7","8","9","4","6","1","2","3","5","4","7","10","3","8","9","5","11","2","6","1","Republican","Donald Trump","Donald Trump","man","White","","","","","","","","$60,001-$80,000","4yearColl","Connecticut","New Haven"
898085,"0","100","209","1","1","9","11","9","13","14","15","9","20","3","6","10","15","3","9","5","7","9","14","14","13","8","15","10","17","3","2","2","2","5","2","3","1","1","2","2","3","3","5","3","4","4","3","3","4","5","6","6","3","5","3","3","5","6","3","7","2","5","7","6","5","3","5","5","4","3","2","1","2","1","3","1","2","3","4","5","1","","2","1","3","4","5","6","31","","","","2","1","1","2","1","2","3","2","5","6","1","4","1","6","10","9","5","8","3","2","4","7","6","2","7","4","3","1","9","8","5","6","2","11","7","5","9","4","10","8","3","1","Republican","Third-party candidate","Robert F. Kennedy Jr.","man","White","","","","","","","","$20,001-$40,000","2yearColl","Kansas","Johnson"
448074,"0","100","439","1","1","20","15","10","10","10","10","10","15","60","70","75","85","60","45","75","80","25","10","15","5","20","15","5","5","3","3","3","5","5","5","3","5","5","5","6","6","5","6","6","6","6","3","7","6","2","2","5","1","6","3","6","3","6","1","6","2","3","6","1","1","1","1","2","3","5","4","1","2","1","3","2","1","3","4","5","1","","1","2","3","4","5","6","29","","","","1","2","2","1","1","2","3","5","6","2","1","4","1","9","6","5","8","7","2","4","3","10","5","7","2","4","8","1","3","9","6","3","8","7","11","4","9","10","6","2","5","1","Republican","Donald Trump","Donald Trump","woman","White","","","","","","","","$180,001-$200,000","MA","New York","Westchester"
963058,"0","100","244","1","1","21","13","24","20","9","9","4","0","43","61","27","72","38","28","53","65","14","15","20","24","4","17","6","0","6","7","7","2","5","1","1","5","1","2","5","5","3","2","3","1","6","3","5","3","6","7","3","2","5","5","6","2","4","2","6","2","2","5","2","2","5","1","5","4","1","2","3","1","2","3","2","1","3","4","5","1","","1","2","3","4","5","6","47","","","Stop advocating hate,  terrorism and anti-Semitism on your campus.  ","2","1","1","2","1","2","6","4","5","2","1","3","1","9","8","10","5","7","4","3","2","6","9","2","3","5","8","1","4","7","6","6","10","8","2","9","3","7","4","5","11","1","Republican","Donald Trump","Robert F. Kennedy Jr.","man","White","","","","","","","","$40,001-$60,000","4yearColl","New York","Monroe"
816148,"0","100","438","1","1","19","5","21","0","20","5","30","0","10","10","20","0","6","5","20","1","20","8","20","20","3","9","20","0","7","7","5","3","5","3","2","5","1","5","7","6","3","4","3","1","7","7","4","2","5","6","6","2","7","1","7","3","7","1","7","2","7","7","1","1","6","2","1","2","5","4","3","2","1","3","1","2","3","4","5","1","","2","1","3","4","5","6","39","","",NA,"1","2","2","1","1","2","4","2","5","6","1","3","1","10","6","7","8","9","2","4","3","5","6","9","3","5","2","1","4","7","8","7","3","6","5","10","4","8","2","9","11","1","Republican","Donald Trump","Donald Trump","man","White","","","","","","","","$60,001-$80,000","2yearColl","Texas","Harris"
723990,"0","100","483","1","1","18","13","16","13","11","12","11","6","90","86","98","98","74","98","84","93","19","11","13","12","12","14","10","9","2","5","5","2","5","2","5","7","1","5","6","7","2","7","6","2","6","7","5","6","5","7","2","3","7","6","3","7","6","1","4","6","2","5","1","3","2","4","5","1","3","2","4","1","2","3","1","2","3","4","5","1","","2","1","3","4","5","6","25","","","","1","2","2","1","2","1","4","2","5","3","1","6","1","6","10","9","7","8","2","4","3","5","9","5","3","8","2","1","6","7","4","4","6","7","10","5","2","8","3","11","9","1","Republican","Donald Trump","Joe Biden","man","White","","","","","","","","$20,001-$40,000","2yearColl","Kansas","Brown"
189969,"0","100","504","1","1","20","10","35","13","7","2","10","3","30","20","30","40","5","10","5","20","14","2","35","5","22","10","10","2","2","6","5","2","5","2","2","4","2","2","6","6","3","3","4","1","4","5","7","6","3","5","2","3","6","4","3","5","5","2","4","3","6","7","1","1","3","1","4","2","5","3","1","1","2","3","1","2","3","4","5","1","","1","2","3","4","5","6","55","","","","1","2","2","1","2","1","5","6","3","2","1","4","1","5","6","7","8","9","4","2","3","10","7","6","3","2","8","1","5","4","9","10","9","6","3","5","4","2","8","7","11","1","Republican","Donald Trump","Donald Trump","woman","White","","","","","","","","$40,001-$60,000","4yearColl","Pennsylvania","Montgomery"
681365,"0","100","273","1","1","17","13","11","24","19","15","1","0","20","40","15","16","9","31","11","42","36","28","11","19","5","0","1","0","7","7","7","1","5","1","1","5","1","1","1","1","1","2","6","2","4","5","4","2","5","7","6","5","3","5","6","3","6","6","6","1","5","5","1","1","1","1","4","1","3","2","5","1","2","3","1","2","3","4","3","1","","1","2","3","4","5","6","35","","","You have a good survey!","2","1","2","1","2","1","5","6","3","4","1","2","1","7","6","5","10","8","2","3","4","9","6","4","7","9","5","1","8","3","2","2","8","3","7","5","10","6","9","11","4","1","Republican","I did not vote","Donald Trump","man","White","","","","","","","","$60,001-$80,000","4yearColl","Tennessee","Putnam"
528717,"0","100","762","1","1","29","18","0","0","10","8","20","15","90","65","75","50","60","30","75","40","30","10","10","5","25","0","5","15","5","3","2","7","5","6","6","6","6","6","6","7","5","6","2","3","7","7","1","1","7","7","6","1","7","1","6","7","6","1","7","1","2","6","4","5","3","5","5","1","2","3","4","1","2","3","2","1","3","4","5","1","","2","1","3","4","5","6","25","","","","2","1","2","1","1","2","2","3","4","5","1","6","1","10","6","5","9","7","2","4","3","8","4","3","2","8","6","1","5","7","9","3","6","7","10","11","5","2","4","8","9","1","Republican","Donald Trump","Donald Trump","man","White","","","","","","","","$60,001-$80,000","4yearColl","California","Los Angeles"
755226,"0","100","324","1","1","10","18","23","6","23","10","10","0","35","61","25","55","44","29","65","51","3","11","24","14","17","13","16","2","7","7","6","1","5","1","2","3","1","2","2","2","1","2","4","7","5","2","2","6","3","4","3","2","7","1","2","5","3","1","7","7","3","5","3","1","2","1","3","1","2","4","5","2","1","3","2","1","3","4","5","1","","2","1","3","4","5","6","39","","","","2","1","2","1","2","1","2","5","3","6","1","4","1","10","6","9","5","8","2","3","4","7","2","3","5","9","7","1","6","4","8","6","4","7","11","2","9","5","10","3","8","1","Republican","Donald Trump","Donald Trump","man","White","","","","","","","","$40,001-$60,000","4yearColl","Arkansas","Pulaski"
727512,"0","100","498","1","1","10","24","31","0","30","0","5","0","40","75","83","33","29","39","75","73","6","0","49","0","15","15","15","0","6","7","6","3","5","1","1","1","3","5","6","7","2","5","6","6","4","4","6","6","3","6","2","2","6","2","6","6","6","2","6","6","7","7","1","1","5","3","5","2","4","1","3","2","1","3","1","2","3","4","5","1","","2","1","3","4","5","6","40","","","","2","1","1","2","2","1","4","3","2","5","1","6","1","6","8","5","7","10","3","4","2","9","8","5","7","2","6","1","9","3","4","7","3","8","2","9","11","10","5","4","6","1","Republican","Donald Trump","Donald Trump","woman","White","","","","","","","","Over $200,000","MA","Tennessee","Wilson"
378468,"0","100","638","1","1","15","10","16","10","15","16","10","8","50","61","45","68","15","15","30","68","16","11","15","4","12","18","11","13","4","7","6","2","5","2","2","4","2","3","6","6","6","5","6","5","3","3","6","5","4","5","5","5","6","3","6","4","6","1","6","3","5","5","3","2","4","3","4","3","1","5","2","2","1","3","1","2","3","4","5","1","","1","2","3","4","5","6","68","","","","1","2","2","1","1","2","6","2","3","4","1","5","1","9","8","5","10","6","4","3","2","7","7","4","3","9","2","1","8","6","5","4","8","6","9","5","7","10","3","11","2","1","Republican","Donald Trump","Donald Trump","man","White","","","","","","","Other (please specify)","$120,001-$140,000","GED","Oregon","Multnomah"
645998,"0","100","1202","1","1","34","13","22","5","24","1","1","0","78","20","72","20","56","8","74","50","26","0","0","20","29","10","0","15","7","6","3","2","5","2","2","5","1","1","5","6","2","1","2","5","7","6","6","3","7","7","1","1","7","1","2","6","7","6","7","3","3","6","1","1","2","6","2","3","1","5","4","1","2","3","1","2","3","4","5","1","","2","1","3","4","5","6","33","","","","2","1","1","2","1","2","2","6","3","4","1","5","1","5","9","7","10","8","3","4","2","6","8","9","2","3","4","1","7","6","5","4","10","8","5","7","6","2","3","9","11","1","Republican","Donald Trump","Donald Trump","man","White","","","","","","","","$160,001-$180,000","4yearColl","California","Los Angeles"
