"PID","brokenpromise","personaldisappoint","promisekept","idealkept","antiest","trust_deminst","trust_natinst","SDO","TIPI_extra","TIPI_agree","TIPI_consc","TIPI_neuro","TIPI_open","change","vote_tomorrow","vote_likely","antiest_1","antiest_2","antiest_3","antiest_4R","trust_congress","trust_gov","trust_courts","trust_media","trust_edu","trust_police","trust_millitary","trust_finance","trust_med","SDO_1","SDO_2","SDO_3R","SDO_4R","SDO_5","SDO_6","SDO_7R","SDO_8R","TIPI_1","TIPI_6R","TIPI_2R","TIPI_7","TIPI_3","TIPI_8R","TIPI_4","TIPI_9R","TIPI_5","TIPI_10R","is_elg","ideo_con","ideo_lib","ideo_demsoc","ideo_lbrtn","ideo_prog","party_id","republican","democrat","independent","vote_2020","vote_2024","vote_2024_trump","vote_2024_biden","vote_2024_rfkj","vote_2024_other","income","income_num","edu","edu_num","race","white","hispanic","age","gender","man","state","county","county_gini","county_density","county_medianincome","feedback"
705404,53.9,53.83,46.1,46.17,1,5,5.83333333333333,1.625,1,7,7,1,4,2,1,2,1,1,1,1,5,5,5,5,6,6,6,5,7,1,1,1,4,1,1,3,1,1,1,7,7,7,7,1,1,7,1,1,5,4,4,4,3,"Republican",1,0,0,"Joe Biden","Joe Biden",0,1,0,0,"$100,001-$120,000",6,"MA",5,NA,NA,1,28,"man",1,"Texas","Harris","0.4968","1042.130651","63539",NA
914223,30.6,64.26,69.4,35.74,5,1.66666666666667,3,1.875,3.5,6.5,6.5,2,6,5,1,4,7,4,4,5,1,2,2,3,4,3,3,2,3,6,1,2,1,2,1,1,1,4,3,7,6,6,7,2,2,6,6,1,3,4,4,4,4,"Democrat",0,1,0,"Joe Biden","Joe Biden",0,1,0,0,"$40,001-$60,000",3,"2yearColl",3,"Black or African American",0,0,38,"woman",0,"Kentucky","Scott","0.4039","73.33424745","71961",NA
834767,36,33.07,64,66.93,5.25,5.33333333333333,5,4.125,4,2.5,3.5,3.5,4.5,5,0,2,5,6,5,5,5,6,5,5,5,6,5,3,6,5,5,3,3,6,6,3,2,5,3,2,3,5,2,5,2,6,3,1,3,5,5,5,4,"Democrat",0,1,0,"Joe Biden","Joe Biden",0,1,0,0,"$40,001-$60,000",3,"MA",5,"White",1,0,30,"woman",0,"New York","New York","0.5968","27819.8048","84371",NA
636440,16,16,84,84,3,6.66666666666667,6.5,1,4,6,6,2,3.5,2,0,2,3,3,4,2,6,7,7,6,6,7,7,6,7,1,1,1,1,1,1,1,1,5,3,6,6,6,6,2,2,4,3,1,7,1,1,3,1,"Republican",1,0,0,"I did not vote","Donald Trump",1,0,0,0,"$20,001-$40,000",2,"4yearColl",4,"multiracial",0,0,49,"man",1,"Texas","Bell","0.4412","125.6914911","58878",NA
686129,27.46,92.5,72.54,7.5,5.5,1,3.33333333333333,2.25,1,5.5,6,3.5,6,6,0,1,7,1,7,7,1,1,1,1,2,5,6,1,5,5,1,1,7,1,1,1,1,1,1,5,6,6,6,4,3,6,6,1,NA,NA,NA,NA,6,"Independent",0,0,1,"I did not vote","Donald Trump",1,0,0,0,"$120,001-$140,000",7,"MA",5,"Asian",0,0,35,"man",1,"New York","Nassau","0.4552","1840.443984","125118",NA
184675,31.47,32.47,68.53,67.53,3.75,4.33333333333333,5,4.25,5,5.5,6,2,5.5,4,1,5,3,4,5,3,6,2,5,2,3,7,7,5,6,6,5,4,4,5,4,4,2,5,5,6,5,6,6,2,2,6,5,1,7,1,1,5,2,"Republican",1,0,0,"Donald Trump","Donald Trump",1,0,0,0,"$40,001-$60,000",3,"GED",2,"multiracial",0,0,33,"man",1,"Pennsylvania","York","0.4158","189.5970158","72949",NA
620699,38.64,38.74,61.36,61.26,3.25,5.33333333333333,4.33333333333333,3.5,6.5,5,5,3.5,5.5,2,1,5,1,4,5,3,6,5,5,4,3,6,6,4,3,4,1,5,3,5,3,4,3,7,6,4,6,6,4,4,3,6,5,1,5,5,1,4,1,"Independent",0,0,1,"Third-party candidate","Joe Biden",0,1,0,0,"Over $200,000",11,"MA",5,"White",1,1,34,"man",1,"Texas","Tarrant","0.4543","903.0520092","71399","None. Thank you!"
350547,83.28,83.6,16.72,16.4,5.5,5,4.66666666666667,1,4.5,5,7,1.5,6,5,1,5,7,5,7,3,3,7,5,4,5,5,6,5,3,1,1,1,1,1,1,1,1,6,3,3,7,7,7,1,2,5,7,1,1,7,6,1,7,"Democrat",0,1,0,"Joe Biden","Joe Biden",0,1,0,0,"$120,001-$140,000",7,"4yearColl",4,"White",1,1,55,"woman",0,"Maine","Cumberland","0.4568","134.4200117","80484",NA
424350,63.96,82.37,36.04,17.63,6.75,2,2.66666666666667,1.25,4,4.5,5.5,3,4,7,1,3,7,6,7,7,2,2,2,1,5,4,4,1,1,1,1,1,1,3,1,1,1,4,4,4,5,4,7,5,1,4,4,1,1,2,7,1,5,"Independent",0,0,1,"Joe Biden","Joe Biden",0,1,0,0,"$80,001-$100,000",5,"GED",2,NA,NA,1,54,"man",1,"Massachusetts","Bristol","0.4579","390.1505028","72857",NA
946869,87.6,86.5,12.4,13.5,4.75,5,3.66666666666667,3.5,4,4,4,4,4.5,4,1,5,4,5,5,5,5,6,4,4,3,3,3,4,5,3,5,3,3,6,3,2,3,5,3,3,5,5,3,5,3,6,3,1,2,3,5,NA,3,"Democrat",0,1,0,"Joe Biden","Joe Biden",0,1,0,0,"$140,001-$160,000",8,"MA",5,"Asian",0,0,34,"man",1,"Texas","Harris","0.4968","1042.130651","63539",NA
560162,100,100,0,0,5.25,1.66666666666667,2.33333333333333,4.125,4,4.5,5,3,3.5,4,1,5,3,6,6,6,1,1,3,1,1,3,5,1,3,4,5,2,2,6,6,7,1,4,4,5,4,5,5,3,3,4,3,1,4,4,1,2,1,"Independent",0,0,1,"Donald Trump","Donald Trump",1,0,0,0,"$80,001-$100,000",5,"4yearColl",4,"White",1,1,55,"man",1,"Texas","El Paso","0.4681","319.2109187","50983",NA
403387,86.41,86.23,13.59,13.77,6.75,3,3.33333333333333,2,2.5,4,4.5,5,4,7,0,1,7,7,7,6,3,3,3,3,4,1,4,4,4,1,1,1,3,1,7,1,1,2,3,3,5,4,5,5,5,5,3,1,5,5,6,5,5,"Independent",0,0,1,"I did not vote","Robert F. Kennedy Jr.",0,0,1,0,"$60,001-$80,000",4,"4yearColl",4,"Asian",0,0,27,"woman",0,"New York","New York","0.5968","27819.8048","84371",NA
485483,28.14,27.97,71.86,72.03,3.75,3.66666666666667,4,3.375,6,6,6,2,6,4,1,5,4,3,4,4,3,4,4,3,5,3,4,4,5,4,2,4,3,5,3,3,3,6,6,6,6,6,6,2,2,6,6,1,1,6,3,2,5,"Democrat",0,1,0,"Joe Biden","Joe Biden",0,1,0,0,"$100,001-$120,000",6,"4yearColl",4,"Black or African American",0,0,37,"man",1,"Illinois","Cook","0.5052","2134.420727","72063",NA
233189,82.16,77.65,17.84,22.35,4.5,5.66666666666667,5.83333333333333,1.75,3,5.5,6.5,3,5,5,1,5,7,5,4,2,5,6,6,3,5,7,7,6,7,1,1,1,1,7,1,1,1,3,3,5,6,6,7,4,2,5,5,1,1,1,1,1,2,"Independent",0,0,1,"Joe Biden","Joe Biden",0,1,0,0,"$0-$20,000",1,"2yearColl",3,"White",1,0,77,"woman",0,"Pennsylvania","Allegheny","0.4823","648.1038604","68874",NA
816563,48.75,53.5,51.25,46.5,4.75,4,3.16666666666667,1.75,1.5,5,4.5,2,6.5,5,1,2,4,5,5,5,4,4,4,2,3,3,4,5,2,2,1,2,2,3,1,2,1,1,2,5,5,5,4,2,2,7,6,1,5,4,5,4,5,"Independent",0,0,1,"I did not vote","Jill Stein",0,0,0,0,"$20,001-$40,000",2,"GED",2,"Black or African American",0,0,21,"man",1,"Missouri","Pemiscot","0.5072","13.34854591","36828",NA
303093,58.43,58.67,41.57,41.33,4.5,5,5,2.375,7,5,7,1,7,7,1,5,5,5,5,3,5,5,5,5,5,5,5,5,5,1,1,1,1,6,6,1,2,7,7,3,7,7,7,1,1,7,7,1,5,3,3,3,3,"Republican",1,0,0,"Donald Trump","Donald Trump",1,0,0,0,"$100,001-$120,000",6,"4yearColl",4,"Black or African American",0,0,39,"woman",0,"Tennessee","Madison","0.4769","67.69833274","53954",NA
506266,72.5,72.5,27.5,27.5,7,1,2.66666666666667,1,1,7,7,1,7,4,0,1,7,7,7,7,1,1,1,2,3,1,4,2,4,1,1,1,1,1,1,1,1,1,1,7,7,7,7,1,1,7,7,1,1,1,1,1,1,"Independent",0,0,1,"I did not vote","Other",0,0,0,1,"$60,001-$80,000",4,"GED",2,"Black or African American",0,0,31,"man",1,"Maryland","Charles","0.3815","132.9772265","103918",NA
755424,39.91,55.42,60.09,44.58,5.5,5.33333333333333,4.66666666666667,2.625,1.5,5,4,2.5,2.5,2,0,3,7,6,5,4,5,6,5,6,4,5,5,3,5,5,2,1,1,3,5,3,1,2,1,6,4,5,3,3,2,3,2,1,1,5,5,1,5,"Democrat",0,1,0,"I did not vote","Joe Biden",0,1,0,0,"$40,001-$60,000",3,"2yearColl",3,"Asian",0,0,44,"man",1,"New York","New York","0.5968","27819.8048","84371",NA
706456,56,53.5,44,46.5,6.75,1,2.16666666666667,1,4,4.5,6.5,5,6,7,1,5,7,7,6,7,1,1,1,2,4,1,1,1,4,1,1,1,1,1,1,1,1,4,4,2,7,6,7,6,4,6,6,1,1,4,7,NA,7,"Democrat",0,1,0,"Joe Biden","Joe Biden",0,1,0,0,"$40,001-$60,000",3,"GED",2,"multiracial",0,0,31,"woman",0,"Hawaii","Kauai","0.4326","44.45801384","76719",NA
160312,27.95,33.95,72.05,66.05,4.25,4,3,1,7,5,7,1.5,7,7,0,1,4,4,4,5,4,4,4,3,2,3,4,3,3,1,1,1,1,1,1,1,1,7,7,5,5,7,7,1,2,7,7,1,3,5,5,4,7,"Democrat",0,1,0,"I did not vote","Joe Biden",0,1,0,0,NA,NA,"2yearColl",3,"Black or African American",0,0,31,"woman",0,"Nevada","Clark","0.4697","104.7773624","63735",NA
961017,46.53,57.05,53.47,42.95,4.25,6.33333333333333,6,2.875,3.5,5,7,2,6,6,1,4,5,3,6,3,6,7,6,6,6,6,5,6,7,3,7,1,1,6,1,3,1,5,2,5,5,7,7,3,1,5,7,1,7,3,5,3,5,"Republican",1,0,0,"Donald Trump","Donald Trump",1,0,0,0,"$20,001-$40,000",2,"MA",5,"Black or African American",0,0,27,"woman",0,"Delaware","New Castle","0.4591","502.7696186","74088","it was good"
223689,82.46,80.73,17.54,19.27,5.25,2.66666666666667,2.16666666666667,1.75,4.5,4.5,5,2.5,5,5,1,5,6,5,4,6,2,3,3,1,4,2,3,1,2,1,1,1,1,7,1,1,1,4,5,5,4,5,5,2,3,5,5,1,1,4,4,1,4,"Democrat",0,1,0,"Joe Biden","Joe Biden",0,1,0,0,"$20,001-$40,000",2,"4yearColl",4,"White",1,0,65,"man",1,"Oregon","Tillamook","0.4346","9.133056771","56158",NA
623815,48.85,55.52,51.15,44.48,5.25,4,3.83333333333333,4.375,4,4,3.5,4,3,3,1,2,5,6,5,5,3,3,6,2,2,6,6,4,3,5,5,5,2,6,5,5,2,6,2,3,5,4,3,5,3,4,2,1,6,1,1,1,1,"Republican",1,0,0,"I did not vote","Donald Trump",1,0,0,0,"$60,001-$80,000",4,"GED",2,"White",1,0,74,"man",1,"Arizona","Yuma","0.4585","14.55270217","55991","nope"
697740,35.75,36,64.25,64,5.25,5.33333333333333,6.16666666666667,2.375,1.5,6,7,2,6,6,1,5,6,6,6,3,5,6,5,5,7,6,7,6,6,6,2,1,2,2,1,2,3,2,1,6,6,7,7,2,2,6,6,1,6,3,7,5,6,"Republican",1,0,0,"Donald Trump","Other",0,0,0,1,"$40,001-$60,000",3,"4yearColl",4,"Black or African American",0,0,25,"man",1,"Washington","King","0.4723","394.8557332","110351",NA
476944,33.95,33.4,66.05,66.6,6,2,3,2.25,1,6,6,4,4,6,1,5,6,6,6,6,2,2,2,2,4,2,4,2,4,3,1,3,2,2,2,3,2,1,1,6,6,6,6,5,3,5,3,1,4,4,4,4,4,"Independent",0,0,1,"Third-party candidate","Jill Stein",0,0,0,0,"$0-$20,000",1,"GED",2,"Asian",0,0,37,"man",1,"South Dakota","Pennington","0.4606","15.19701245","64387","Excellent survey."
480867,80.1,93.64,19.9,6.36,4,2.66666666666667,2.16666666666667,3.125,3.5,4,3.5,4.5,3.5,6,1,5,4,3,3,6,3,4,1,3,4,1,3,1,1,3,4,2,3,4,3,3,3,2,5,6,2,2,5,5,4,4,3,1,1,4,5,1,5,"Independent",0,0,1,"Joe Biden","Joe Biden",0,1,0,0,"$40,001-$60,000",3,"4yearColl",4,"Black or African American",0,0,27,"man",1,"New Jersey","Hudson","0.5006","5589.05695","79159",NA
692098,33.05,44.75,66.95,55.25,6.25,4,3.5,1,2,4,4.5,5,6.5,5,1,5,7,6,6,6,2,5,5,1,6,5,6,1,2,1,1,1,1,1,1,1,1,2,2,2,6,6,3,5,5,6,7,1,1,6,4,NA,5,"Democrat",0,1,0,"Joe Biden","Joe Biden",0,1,0,0,"$120,001-$140,000",7,"4yearColl",4,"White",1,0,63,"woman",0,"Wisconsin","Door","0.4561","21.9814925","64818",NA
594763,27.34,29.4,72.66,70.6,5.75,3.33333333333333,3.83333333333333,2,4.5,6,5.5,2,4.5,6,1,4,7,6,6,4,3,3,4,3,7,2,5,4,2,5,2,1,1,2,2,2,1,5,4,5,7,5,6,2,2,5,4,1,NA,NA,NA,NA,NA,"Independent",0,0,1,"I did not vote","Donald Trump",1,0,0,0,"$20,001-$40,000",2,"GED",2,"White",1,1,20,"woman",0,"Massachusetts","Essex","0.4815","612.3264362","87145",NA
397847,56.21,56.69,43.79,43.31,5,3.66666666666667,4,3.5,1.5,6.5,5,2,3.5,5,1,4,5,5,5,5,3,3,5,2,5,5,6,3,3,5,1,2,2,4,6,5,3,2,1,7,6,5,5,2,2,3,4,1,NA,NA,NA,NA,NA,"Republican",1,0,0,"Donald Trump","Donald Trump",1,0,0,0,"$60,001-$80,000",4,"GED",2,"White",1,0,63,"woman",0,"Tennessee","Greene","0.4583","42.61423905","54166","Worried about where this country is headed.  Can barely afford to eat these days"
827447,27.8,34.08,72.2,65.92,5.25,3.66666666666667,2,3.5,2.5,6.5,5,4.5,4.5,4,0,2,6,5,5,5,4,4,3,2,3,2,2,2,1,4,2,3,4,4,4,4,3,3,2,6,7,5,5,5,4,4,5,1,4,5,3,NA,4,"Democrat",0,1,0,"Joe Biden","Joe Biden",0,1,0,0,"$20,001-$40,000",2,"4yearColl",4,"multiracial",0,0,28,"woman",0,"Missouri","Franklin","0.4192","43.00662407","68162",NA
178509,55.5,58.75,44.5,41.25,6.5,2.33333333333333,3.83333333333333,5.375,4,4.5,7,1.5,6,6,1,5,6,6,7,7,1,2,4,1,4,4,7,2,5,7,3,4,2,7,7,6,7,5,3,5,4,7,7,1,2,6,6,1,5,1,5,7,3,"Independent",0,0,1,"Third-party candidate","Robert F. Kennedy Jr.",0,0,1,0,"$100,001-$120,000",6,"4yearColl",4,"White",1,1,47,"man",1,"Florida","Orange","0.4804","565.2007179","64579",NA
994636,67.99,63.23,32.01,36.77,7,2.33333333333333,1.5,1.625,3.5,3.5,3.5,4.5,5.5,6,1,5,7,7,7,7,2,2,3,3,1,1,2,1,1,1,1,1,1,1,4,2,2,5,2,2,5,5,2,5,4,4,7,1,1,5,7,1,7,"Democrat",0,1,0,"Joe Biden","Joe Biden",0,1,0,0,"Over $200,000",11,"GED",2,"Asian",0,0,34,"woman",0,"New York","Queens","0.4546","8158.437153","72807",NA
225067,29.04,28.91,70.96,71.09,1,6.66666666666667,6.66666666666667,1,2.5,6.5,7,1,7,3,1,5,1,1,1,1,6,7,7,7,6,6,7,7,7,1,1,1,1,1,1,1,1,2,3,7,6,7,7,1,1,7,7,1,3,3,2,3,3,"Independent",0,0,1,"Joe Biden","Donald Trump",1,0,0,0,"$60,001-$80,000",4,"4yearColl",4,"Black or African American",0,0,41,"man",1,"Ohio","Cuyahoga","0.5086","1058.845542","55250","it was fun thanks"
391627,39.34,45,60.66,55,3.5,5.33333333333333,6.16666666666667,2.875,3.5,5.5,5.5,2.5,6,5,1,3,3,3,5,3,5,5,6,6,7,6,6,6,6,3,4,5,1,3,3,2,2,5,2,6,5,5,6,3,2,6,6,1,3,6,6,5,5,"Democrat",0,1,0,"Donald Trump","Donald Trump",1,0,0,0,"$40,001-$60,000",3,"4yearColl",4,"Black or African American",0,0,24,"woman",0,"Georgia",NA,NA,NA,NA,NA
689512,23.25,23,76.75,77,6,2,4,1.75,7,4,6,4,6.5,6,0,1,7,6,6,5,2,2,2,5,6,3,6,2,2,1,1,1,1,1,7,1,1,7,7,5,3,5,7,5,3,6,7,1,3,3,3,3,NA,"Democrat",0,1,0,"Joe Biden","Joe Biden",0,1,0,0,"$40,001-$60,000",3,"2yearColl",3,"Black or African American",0,0,45,"woman",0,"North Carolina","Mecklenburg","0.4901","777.490679","75138",NA
627581,21.89,14.92,78.11,85.08,6.25,2.66666666666667,3.33333333333333,2.625,2,6,6,4,6,5,1,4,6,7,6,6,2,3,3,2,6,2,6,2,2,4,4,2,2,3,2,2,2,2,2,5,7,6,6,5,3,7,5,1,4,5,2,3,5,"Republican",1,0,0,"Donald Trump","Donald Trump",1,0,0,0,"$40,001-$60,000",3,"2yearColl",3,NA,NA,1,31,"man",1,"New York","Queens","0.4546","8158.437153","72807",NA
679697,79.64,88.9,20.36,11.1,4.75,3,4,1,5.5,4,4.5,4.5,5.5,5,0,2,6,2,6,5,3,3,3,4,5,2,4,4,5,1,1,1,1,1,1,1,1,5,6,2,6,5,4,6,3,5,6,1,1,4,1,5,1,"Independent",0,0,1,"Joe Biden","Robert F. Kennedy Jr.",0,0,1,0,"$60,001-$80,000",4,"2yearColl",3,"White",1,1,33,"man",1,"New Hampshire","Rockingham","0.4248","169.417981","104281","Thank you!"
738646,27,26,73,74,4.5,4,4.66666666666667,2.375,3,5.5,7,2,6,5,1,3,6,5,4,3,4,5,3,5,6,4,5,3,5,4,1,2,2,2,2,3,3,4,2,6,5,7,7,2,2,7,5,1,NA,NA,NA,NA,NA,"Democrat",0,1,0,"Joe Biden","Joe Biden",0,1,0,0,"$60,001-$80,000",4,"4yearColl",4,"Asian",0,0,26,"man",1,"New York","Kings","0.5286","14475.02544","66943",NA
266985,37.5,36.05,62.5,63.95,5.5,2.33333333333333,4.5,3.5,4.5,6.5,7,1.5,6.5,2,1,5,4,6,6,6,1,1,5,2,5,6,6,3,5,4,3,3,5,1,7,4,1,6,3,7,6,7,7,1,2,6,7,1,7,1,1,6,1,"Republican",1,0,0,"Donald Trump","Donald Trump",1,0,0,0,"$20,001-$40,000",2,"GED",2,"White",1,0,69,"woman",0,"Texas","Bell","0.4412","125.6914911","58878","The current administration is a disaster!"
630439,NA,NA,NA,NA,6.75,1.66666666666667,3.66666666666667,2,1,4.5,4,4,5.5,6,1,4,7,7,7,6,1,2,2,4,3,2,3,5,5,1,1,2,1,3,1,5,2,1,1,3,6,5,3,5,3,6,5,1,1,NA,NA,NA,NA,"Independent",0,0,1,"Third-party candidate","Joe Biden",0,1,0,0,"$0-$20,000",1,"4yearColl",4,"Black or African American",0,0,26,"woman",0,"Oklahoma","Cleveland","0.4375","198.2719805","67692",NA
759298,58.75,71.25,41.25,28.75,4.25,3,1.83333333333333,1,2,6.5,5,5.5,6.5,7,1,5,6,4,3,4,3,3,3,2,3,1,2,1,2,1,1,1,1,1,1,1,1,1,3,7,6,5,5,5,6,6,7,1,1,NA,6,1,7,"Democrat",0,1,0,"Joe Biden","Joe Biden",0,1,0,0,"$20,001-$40,000",2,"2yearColl",3,"White",1,1,32,"woman",0,"Florida","Alachua","0.5137","116.1122104","56006",NA
522537,61.7,64.74,38.3,35.26,4.75,5.66666666666667,5.83333333333333,2.5,3,5.5,6,2,5.5,5,1,5,5,5,7,2,6,6,5,3,7,6,6,7,6,7,7,1,1,1,1,1,1,4,2,6,5,7,5,3,1,4,7,1,7,4,6,5,3,"Republican",1,0,0,"Donald Trump","Donald Trump",1,0,0,0,"$20,001-$40,000",2,"4yearColl",4,"White",1,0,38,"woman",0,"Virginia","Arlington","0.4464","3442.635855","124474","it was good"
886393,35.63,51.97,64.37,48.03,4,3.33333333333333,4.83333333333333,1.25,4,4.5,6.5,4.5,6,5,1,5,6,3,2,5,3,5,2,6,6,3,3,5,6,1,1,1,1,3,1,1,1,5,3,3,6,6,7,6,3,6,6,1,2,6,5,4,5,"Democrat",0,1,0,"Joe Biden","Joe Biden",0,1,0,0,"$80,001-$100,000",5,"MA",5,"White",1,0,29,"woman",0,"Connecticut","Middlesex","0.4391","170.7988153","94735",NA
876409,69.75,67.48,30.25,32.52,5.5,3,2.83333333333333,2.625,3.5,4,6,4,4.5,5,1,4,5,6,6,5,3,3,3,4,4,2,2,2,3,4,4,2,2,2,3,2,2,4,3,3,5,6,6,5,3,6,3,1,1,3,6,1,5,"Democrat",0,1,0,"Joe Biden","Cornel West",0,0,0,0,"$40,001-$60,000",3,"4yearColl",4,NA,NA,1,29,"woman",0,"California","Orange","0.4662","1541.02667","100210",NA
648722,39.66,46.1,60.34,53.9,7,1.33333333333333,2.66666666666667,1.75,3,5.5,5.5,2,5,7,1,5,7,7,7,7,1,2,1,1,1,6,6,1,1,1,1,1,1,7,1,1,1,3,3,6,5,6,5,2,2,5,5,1,3,5,1,5,4,"Democrat",0,1,0,"Joe Biden","Donald Trump",1,0,0,0,"$40,001-$60,000",3,"4yearColl",4,"White",1,1,41,"man",1,"California","San Luis Obispo","0.451","32.9240586","79688",NA
993772,60.36,61.84,39.64,38.16,4.25,5,4.5,2.875,2,6,5,3.5,2.5,5,0,2,5,4,5,3,5,5,5,4,5,5,5,4,4,3,3,3,2,6,2,2,2,2,2,6,6,5,5,4,3,3,2,1,2,1,3,1,NA,"Independent",0,0,1,"I did not vote","Jill Stein",0,0,0,0,"Over $200,000",11,"4yearColl",4,"Asian",0,0,36,"woman",0,"Washington","King","0.4723","394.8557332","110351",NA
195208,55.5,57.5,44.5,42.5,6.25,2.66666666666667,2.83333333333333,1,5.5,7,6,1.5,6,6,1,5,7,7,5,6,3,3,2,1,3,3,3,1,6,1,1,1,1,1,1,1,1,5,6,7,7,6,6,1,2,6,6,1,1,7,5,4,2,"Democrat",0,1,0,"Joe Biden","Joe Biden",0,1,0,0,"$80,001-$100,000",5,"2yearColl",3,"multiracial",0,0,37,"woman",0,"Washington","King","0.4723","394.8557332","110351",NA
697823,78.73,82.86,21.27,17.14,3.25,6,5.5,1.625,5.5,5.5,5.5,2.5,5.5,5,1,5,5,3,2,3,6,6,6,4,6,5,6,6,6,1,1,2,2,2,1,2,2,5,6,6,5,5,6,2,3,5,6,1,2,4,5,2,5,"Independent",0,0,1,"Joe Biden","Joe Biden",0,1,0,0,"$60,001-$80,000",4,"MA",5,NA,NA,1,32,"man",1,"Louisana","Lafayette",NA,NA,NA,NA
397370,36.91,39.91,63.09,60.09,5.25,1.66666666666667,2.66666666666667,1.5,3.5,5,5.5,2,6,6,1,4,6,6,4,5,2,2,1,3,4,2,2,2,3,1,1,1,1,2,2,3,1,4,3,6,4,6,5,2,2,6,6,1,1,4,5,2,6,"Independent",0,0,1,"Joe Biden","Joe Biden",0,1,0,0,"$80,001-$100,000",5,"4yearColl",4,"Asian",0,0,23,"man",1,"California","San Diego","0.4615","302.9941503","90756",NA
435438,43.8,49.85,56.2,50.15,4.5,5,5,2.125,2,7,3.5,4.5,5.5,4,1,3,4,4,6,4,5,5,5,4,5,5,5,6,5,3,1,2,2,2,2,2,3,2,2,7,7,5,2,6,3,6,5,1,4,5,4,4,4,"Democrat",0,1,0,"Joe Biden","Joe Biden",0,1,0,0,"$40,001-$60,000",3,"4yearColl",4,"Asian",0,0,29,"woman",0,"California","Santa Clara","0.4674","574.8383699","141161",NA
615731,46.52,48.27,53.48,51.73,5,6.33333333333333,6.16666666666667,3.75,3,6,6.5,3.5,6.5,6,1,4,6,6,6,2,6,7,6,6,6,6,7,5,7,5,5,2,3,5,4,2,4,4,2,6,6,6,7,5,2,6,7,1,5,4,5,4,5,"Independent",0,0,1,"Joe Biden","Donald Trump",1,0,0,0,"$40,001-$60,000",3,"4yearColl",4,"Black or African American",0,0,33,"man",1,"Wisconsin","Chippewa","0.4221","24.36602328","62306","Thank you"
697755,53.75,56,46.25,44,5.25,3,2.66666666666667,1,3,5,4.5,4.5,4.5,5,1,2,5,5,6,5,3,3,3,2,3,3,3,2,3,1,1,1,1,1,1,1,1,3,3,5,5,4,5,5,4,4,5,1,3,5,4,NA,NA,"Independent",0,0,1,"I did not vote","Joe Biden",0,1,0,0,"$60,001-$80,000",4,"4yearColl",4,NA,NA,1,41,"man",1,"Texas","Harris","0.4968","1042.130651","63539","none"
503299,29.89,30.4,70.11,69.6,4,4,4.16666666666667,4,4,4.5,4.5,3.5,4.5,4,1,3,4,4,4,4,4,4,4,4,4,4,5,4,4,4,4,4,4,4,4,4,4,4,4,4,5,5,4,4,3,5,4,1,6,5,5,5,5,"Republican",1,0,0,"Joe Biden","Joe Biden",0,1,0,0,"$40,001-$60,000",3,"MA",5,"Black or African American",0,0,45,"woman",0,"Texas","Dallas","0.491","1145.193915","63549",NA
371309,21,48,79,52,5.5,5,5.33333333333333,1,1.5,7,5.5,1,5,5,1,5,6,7,6,3,5,5,5,6,6,2,5,6,7,1,1,1,1,1,1,1,1,2,1,7,7,6,5,1,1,6,4,1,1,6,6,1,4,"Democrat",0,1,0,"Joe Biden","Joe Biden",0,1,0,0,"$20,001-$40,000",2,"4yearColl",4,"Black or African American",0,0,35,"woman",0,"Virginia","Henry","0.4387","52.09423569","45784",NA
963281,62.64,65.66,37.36,34.34,3.5,6,5.83333333333333,3.375,2.5,4.5,4.5,2.5,4.5,5,1,4,3,4,5,2,7,5,6,2,7,6,7,6,7,5,6,2,1,1,7,4,1,3,2,3,6,6,3,3,2,4,5,1,7,5,3,3,3,"Democrat",0,1,0,"Joe Biden","Joe Biden",0,1,0,0,"$40,001-$60,000",3,"4yearColl",4,"Black or African American",0,0,49,"woman",0,"Arizona","Yuma","0.4585","14.55270217","55991","it was good"
474366,13.2,14.31,86.8,85.69,4.5,6,5.66666666666667,4,2,6,6,2,6,4,1,5,5,5,5,3,6,6,6,6,5,5,6,6,6,5,5,3,3,5,5,3,3,1,3,7,5,5,7,1,3,5,7,1,4,4,4,4,4,"Democrat",0,1,0,"Joe Biden","Joe Biden",0,1,0,0,"$80,001-$100,000",5,"4yearColl",4,"Black or African American",0,0,23,"man",1,"New York","New York","0.5968","27819.8048","84371","no comments"
461486,49.91,73.29,50.09,26.71,4.25,6,5.16666666666667,1.5,1,5.5,5.5,1.5,3.5,7,1,5,7,2,5,3,6,6,6,6,5,5,3,6,6,2,1,1,2,3,1,1,1,1,1,5,6,5,6,2,1,6,1,1,1,2,5,2,5,"Democrat",0,1,0,"Joe Biden","Joe Biden",0,1,0,0,"$80,001-$100,000",5,"MA",5,"Black or African American",0,0,40,"woman",0,"Ohio","Summit","0.4792","506.7518997","63191",NA
436629,91.21,89.91,8.79,10.09,6.5,1,1.66666666666667,1,3,7,6.5,1,7,7,1,5,7,7,6,6,1,1,1,1,2,1,3,1,2,1,1,1,1,1,1,1,1,5,1,7,7,6,7,1,1,7,7,1,2,6,NA,NA,7,"Independent",0,0,1,"Joe Biden","Joe Biden",0,1,0,0,"$40,001-$60,000",3,"MA",5,"Black or African American",0,0,30,"man",1,"Florida","Duval","0.4741","467.7286986","60121",NA
171594,30.6,2.5,69.4,97.5,5.5,4,4,4.5,4,5.5,6.5,2,6,7,0,1,7,4,4,7,4,4,4,4,4,4,4,4,4,4,4,4,5,4,7,4,4,4,4,4,7,6,7,3,1,5,7,1,4,5,5,5,NA,"Independent",0,0,1,"I did not vote","Other",0,0,0,1,"$60,001-$80,000",4,"2yearColl",3,"Other (please specify)",0,0,49,"woman",0,"Georgia","Gwinnett","0.436","809.1434093","75021",NA
776555,56.4,72,43.6,28,6.75,1.66666666666667,2,1.125,3,5,6.5,4.5,6.5,7,0,2,7,7,6,7,2,1,2,1,3,1,1,1,5,1,1,1,1,2,1,1,1,3,3,3,7,7,6,7,2,6,7,1,1,7,6,1,7,"Independent",0,0,1,"Joe Biden","Jill Stein",0,0,0,0,"$60,001-$80,000",4,"GED",2,"multiracial",0,0,25,"woman",0,"New Jersey","Camden","0.4716","885.0013032","77675",NA
574685,55,50,45,50,7,2.66666666666667,2.33333333333333,1.875,7,5,7,1,7,7,1,5,7,7,7,7,2,1,5,2,5,2,2,1,2,1,7,1,1,2,1,1,1,7,7,3,7,7,7,1,1,7,7,1,7,6,7,1,1,"Democrat",0,1,0,"Joe Biden","Jill Stein",0,0,0,0,"$60,001-$80,000",4,"4yearColl",4,"Black or African American",0,0,32,"woman",0,"Florida","Miami-Dade","0.5134","552.1870708","58905","Thank you for this opportunity!"
576048,40.85,41.1,59.15,58.9,3.75,4.33333333333333,5,3.375,2.5,5,6.5,1,6,5,1,5,6,3,3,3,5,3,5,3,5,6,6,5,5,6,5,3,3,3,3,2,2,3,2,5,5,6,7,1,1,6,6,1,5,5,4,4,4,"Republican",1,0,0,"Donald Trump","Donald Trump",1,0,0,0,"$100,001-$120,000",6,"2yearColl",3,NA,NA,1,29,"man",1,"Colorado","Weld","0.4231","28.58676378","84826","no technical issues, thanks"
786317,15.9,20.03,84.1,79.97,6.25,2.33333333333333,4.33333333333333,3.5,4,6.5,7,1,6.5,7,1,5,7,6,6,6,1,1,5,5,4,5,5,4,3,1,4,1,4,6,5,3,4,4,4,7,6,7,7,1,1,6,7,1,4,2,1,4,2,"Independent",0,0,1,"Third-party candidate","Jill Stein",0,0,0,0,"$40,001-$60,000",3,NA,NA,"Black or African American",0,0,57,"man",1,"Illinois","Cook","0.5052","2134.420727","72063",NA
183274,46.85,46.68,53.15,53.32,4.25,5.33333333333333,5.83333333333333,2.625,4,5.5,6,2.5,6,5,1,3,4,5,5,3,5,5,6,5,6,6,6,6,6,3,5,2,2,3,3,2,1,5,3,6,5,6,6,3,2,6,6,1,5,3,5,3,5,"Republican",1,0,0,"Donald Trump","Donald Trump",1,0,0,0,"$40,001-$60,000",3,"4yearColl",4,"Black or African American",0,0,23,"man",1,"Oklahoma","Oklahoma","0.4889","425.9895277","57890",NA
738449,72.2,75.54,27.8,24.46,6,3,4.33333333333333,1,5,6,7,2,6,6,1,5,7,6,6,5,2,5,2,7,5,2,6,1,5,1,1,1,1,1,1,1,1,6,4,7,5,7,7,2,2,6,6,1,1,7,7,2,7,"Democrat",0,1,0,"Joe Biden","Joe Biden",0,1,0,0,"$0-$20,000",1,"GED",2,"White",1,0,60,"man",1,"California","Los Angeles","0.4969","960.7427779","77356",NA
359947,91.4,93.8,8.6,6.2,6.25,2.66666666666667,2.33333333333333,1.75,4,5,5,5,5.5,7,1,5,7,5,7,6,2,5,1,4,3,3,2,1,1,1,1,1,7,1,1,1,1,3,5,4,6,5,5,5,5,5,6,1,1,6,5,1,6,"Independent",0,0,1,"Joe Biden","Joe Biden",0,1,0,0,"$0-$20,000",1,"GED",2,NA,NA,1,31,"woman",0,"California","Los Angeles","0.4969","960.7427779","77356",NA
148169,85.16,93.04,14.84,6.96,2.75,4.33333333333333,4.33333333333333,1.75,6,7,4,1,7,7,1,4,4,3,2,2,4,5,4,3,5,4,6,3,5,1,1,1,1,7,1,1,1,7,5,7,7,1,7,1,1,7,7,1,4,5,NA,5,5,"Democrat",0,1,0,"Joe Biden","Joe Biden",0,1,0,0,"$80,001-$100,000",5,"GED",2,"Black or African American",0,0,26,"man",1,"Missouri","St. Louis","0.4968","759.9012477","72507",NA
758907,47.84,56.99,52.16,43.01,6.25,2,2,1.75,1,3.5,7,2.5,4.5,7,1,3,7,7,5,6,2,2,2,3,2,1,4,1,1,1,1,1,1,7,1,1,1,1,1,3,4,7,7,3,2,6,3,1,1,3,1,1,2,"Democrat",0,1,0,"I did not vote","Joe Biden",0,1,0,0,"$120,001-$140,000",7,"GED",2,"Black or African American",0,0,40,"man",1,"Texas","Denton","0.4293","354.6578718","98027","good study"
812045,31.2,32,68.8,68,5.25,4,4.5,1,3,6,4,6,6,7,1,3,7,5,6,3,4,4,4,5,2,6,5,4,5,1,1,1,1,1,1,1,1,5,1,5,7,3,5,7,5,6,6,1,2,7,7,4,7,"Democrat",0,1,0,"Joe Biden","Joe Biden",0,1,0,0,"$0-$20,000",1,"2yearColl",3,NA,NA,1,30,"woman",0,"Texas","Tarrant","0.4543","903.0520092","71399","I don't have any additional comments or feedback, thank you."
708891,28,28.71,72,71.29,4.25,3.33333333333333,2.83333333333333,1,3.5,7,7,1.5,7,4,1,5,5,4,4,4,2,4,4,2,4,1,4,2,4,1,1,1,1,1,1,1,1,5,2,7,7,7,7,2,1,7,7,1,1,5,6,1,6,"Democrat",0,1,0,"Joe Biden","Joe Biden",0,1,0,0,"Over $200,000",11,"MA",5,NA,NA,1,35,"man",1,"New Jersey","Bergen","0.4761","1542.514631","104777",NA
164843,50.43,50.5,49.57,49.5,4.5,5.66666666666667,5.5,4,4,3.5,4,4,4.5,5,1,3,5,5,5,3,6,5,6,5,5,6,6,5,6,6,6,2,3,5,5,2,3,6,2,2,5,5,3,6,2,6,3,1,4,3,3,3,3,"Republican",1,0,0,"I did not vote","Donald Trump",1,0,0,0,"Over $200,000",11,"MA",5,"Asian",0,0,26,"man",1,"New Jersey","Bergen","0.4761","1542.514631","104777",NA
728695,25.1,30.89,74.9,69.11,6,3.66666666666667,3.16666666666667,2.875,2,6,6.5,2.5,5.5,2,1,4,6,7,6,5,3,3,5,1,3,6,6,1,2,4,1,4,1,3,6,2,2,1,3,5,7,6,7,3,2,5,6,1,4,4,2,2,3,"Independent",0,0,1,"Joe Biden","Other",0,0,0,1,"$0-$20,000",1,"PHD",6,"White",1,0,76,"woman",0,"Arizona","Maricopa","0.4572","178.541174","76230",NA
947777,64.5,70,35.5,30,6.25,4,4.66666666666667,1,2.5,7,5.5,5.5,7,5,1,5,7,7,7,4,4,4,4,6,6,4,4,4,4,1,1,1,1,1,1,1,1,4,1,7,7,4,7,7,4,7,7,1,1,7,7,1,7,"Democrat",0,1,0,"Joe Biden","Joe Biden",0,1,0,0,"$0-$20,000",1,"4yearColl",4,"Asian",0,0,34,"woman",0,"California","San Francisco","0.5118","7168.190471","119776",NA
813601,54.43,70.94,45.57,29.06,7,1,1,1,3,4.5,3,5,5,7,0,1,7,7,7,7,1,1,1,1,1,1,1,1,1,1,1,1,1,1,1,1,1,3,3,3,6,3,3,5,5,5,5,1,1,5,6,5,5,"Democrat",0,1,0,"I did not vote","Other",0,0,0,1,"$60,001-$80,000",4,"4yearColl",4,"Black or African American",0,0,22,"woman",0,"Oklahoma","Cleveland","0.4375","198.2719805","67692",NA
235350,17.07,19.55,82.93,80.45,4.5,5.66666666666667,4.33333333333333,2.375,3.5,6,6,3.5,6,5,1,2,6,3,6,3,5,6,6,2,4,5,6,3,6,2,1,1,3,5,2,3,2,5,2,6,6,6,6,6,1,5,7,1,6,3,NA,3,NA,"Republican",1,0,0,"I did not vote","Donald Trump",1,0,0,0,"$60,001-$80,000",4,"MA",5,NA,NA,1,26,"man",1,"California","Orange","0.4662","1541.02667","100210",NA
327151,17.36,24.51,82.64,75.49,4.75,3.33333333333333,3.5,2.5,1.5,4.5,6,2,6,4,0,2,5,5,5,4,3,4,3,1,6,4,6,1,3,4,1,2,3,2,2,4,2,2,1,3,6,6,6,2,2,6,6,1,1,4,4,1,4,"Independent",0,0,1,"I did not vote","Joe Biden",0,1,0,0,"$40,001-$60,000",3,"4yearColl",4,"Asian",0,0,28,"man",1,"Arkansas","Sebastian","0.497","92.52384261","49170",NA
560371,50.7,51,49.3,49,6.75,2,3.5,1.875,4,6.5,4,5,6,6,1,5,7,7,6,7,2,2,2,4,2,2,5,2,6,3,1,1,1,3,2,2,2,4,4,7,6,5,3,5,5,6,6,1,3,6,3,6,5,"Democrat",0,1,0,"Joe Biden","Joe Biden",0,1,0,0,"$60,001-$80,000",4,"2yearColl",3,NA,NA,1,46,"woman",0,"New York","Chenango","0.4248","20.89013457","58177",NA
138693,96.25,97.5,3.75,2.5,7,1,1,1,3.5,5,5.5,3,5.5,7,0,1,7,7,7,7,1,1,1,1,1,1,1,1,1,1,1,1,1,1,1,1,1,4,3,4,6,6,5,3,3,6,5,1,4,4,4,4,4,"Independent",0,0,1,"Third-party candidate","Donald Trump",1,0,0,0,"$40,001-$60,000",3,"2yearColl",3,"multiracial",0,0,27,"man",1,"Florida","Collier","0.5264","70.38522842","75799",NA
246258,61,58.4,39,41.6,5.75,5,4.16666666666667,2.875,3.5,7,7,3.5,6.5,6,1,5,6,6,6,5,5,5,5,2,5,5,6,2,5,2,4,4,7,1,2,1,2,5,2,7,7,7,7,5,2,6,7,1,3,5,5,3,5,"Democrat",0,1,0,"Joe Biden","Joe Biden",0,1,0,0,"$20,001-$40,000",2,"MA",5,"Black or African American",0,0,30,"woman",0,"Maryland","Baltimore","0.4551","534.0413784","80159",NA
351166,27.64,32.57,72.36,67.43,5.75,3.33333333333333,3.83333333333333,4.75,1,6,6,5,2.5,2,1,3,5,6,6,6,2,3,5,1,3,6,5,3,5,4,6,2,6,6,6,6,2,1,1,7,5,6,6,6,4,3,2,1,6,1,1,5,1,"Republican",1,0,0,"I did not vote","Donald Trump",1,0,0,0,"$0-$20,000",1,"2yearColl",3,"Asian",0,0,70,"man",1,"California","Los Angeles","0.4969","960.7427779","77356",NA
419809,41.79,40.04,58.21,59.96,3.25,6,5.83333333333333,1,3.5,7,7,1.5,6,5,1,4,4,3,4,2,6,6,6,4,6,6,6,6,7,1,1,1,1,1,1,1,1,5,2,7,7,7,7,2,1,5,7,1,3,6,4,5,7,"Democrat",0,1,0,"Joe Biden","Joe Biden",0,1,0,0,"$120,001-$140,000",7,"4yearColl",4,"Black or African American",0,0,28,"woman",0,"New York","Suffolk","0.4438","630.0681534","112681","I had a good time completing this study"
799085,74,71.63,26,28.37,5.75,3,3.83333333333333,1.375,4,7,6,3,5,7,1,5,6,6,6,5,3,3,3,3,5,3,4,3,5,4,1,1,1,1,1,1,1,5,3,7,7,7,5,3,3,5,5,1,4,4,4,4,4,"Democrat",0,1,0,"Joe Biden","Joe Biden",0,1,0,0,"$40,001-$60,000",3,"GED",2,NA,NA,1,32,"woman",0,"Rhode Island","Kent","0.4437","375.3431064","74282",NA
451483,47.74,49.09,52.26,50.91,3.25,4.33333333333333,5.66666666666667,1,7,6,5,3,6.5,5,1,5,4,3,2,4,3,5,5,4,6,6,6,6,6,1,1,1,1,1,1,1,1,7,7,5,7,5,5,3,3,7,6,1,3,6,3,5,5,"Democrat",0,1,0,"Joe Biden","Joe Biden",0,1,0,0,"Over $200,000",11,"MA",5,"Asian",0,0,32,"man",1,"Massachusetts","Suffolk","0.5281","5248.519833","77163",NA
162159,60.64,61.98,39.36,38.02,3.75,3,3.66666666666667,4.625,2,4,6,4,3.5,5,1,5,2,3,5,5,4,2,3,1,3,4,6,4,4,6,3,4,4,6,5,5,4,2,2,4,4,6,6,5,3,3,4,1,7,1,1,5,1,"Republican",1,0,0,"Donald Trump","Donald Trump",1,0,0,0,"$0-$20,000",1,"GED",2,"White",1,0,68,"woman",0,"Iowa","Cass","0.4752","9.026137483","55909",NA
136840,82.58,85.44,17.42,14.56,6,1.33333333333333,2.16666666666667,3.625,6,6,6,2,6,6,1,5,6,6,6,6,1,1,2,1,2,3,3,2,2,4,1,1,1,7,7,7,1,6,6,6,6,6,6,2,2,6,6,1,5,5,3,4,2,"Independent",0,0,1,"Joe Biden","Donald Trump",1,0,0,0,"$60,001-$80,000",4,"2yearColl",3,"White",1,1,64,"man",1,"Florida","Sumter","0.4232","83.85731716","69707","Thanks, it was interesting."
605159,49.9,50,50.1,50,5.25,3,3.83333333333333,3.25,3,5,6,3.5,5,5,0,1,5,6,5,5,4,2,3,2,4,4,5,4,4,3,3,3,3,4,4,3,3,3,3,4,6,6,6,4,3,5,5,1,5,2,2,2,2,"Republican",1,0,0,"I did not vote","Donald Trump",1,0,0,0,"$80,001-$100,000",5,"4yearColl",4,"Asian",0,0,38,"man",1,"Pennsylvania","Cumberland","0.4209","175.1320535","81975",NA
801249,72.57,89,27.43,11,4.5,1,2.83333333333333,1.5,4,4,7,1,7,6,1,5,2,5,4,7,1,1,1,1,4,1,1,4,6,1,5,1,1,1,1,1,1,7,1,1,7,7,7,1,1,7,7,1,2,7,2,3,3,"Democrat",0,1,0,"Joe Biden","Joe Biden",0,1,0,0,"$180,001-$200,000",10,"4yearColl",4,NA,NA,1,31,"man",1,"Illinois","Cook","0.5052","2134.420727","72063",NA
803155,92,92.5,8,7.5,5.25,5,3.66666666666667,1.5,3.5,5.5,5.5,3.5,5,6,1,4,5,6,5,5,5,5,5,1,3,5,6,2,5,1,1,1,1,2,1,4,1,4,3,6,5,5,6,3,4,5,5,1,4,4,4,4,4,"Independent",0,0,1,"Joe Biden","Joe Biden",0,1,0,0,"$80,001-$100,000",5,"GED",2,"White",1,1,26,"man",1,"California","Contra Costa","0.468","610.1802904","110595",NA
969465,15.42,48.14,84.58,51.86,5.25,3.33333333333333,2.83333333333333,1.375,3,5.5,3.5,4.5,5,5,0,1,5,5,6,5,4,4,2,4,2,3,4,2,2,1,1,1,2,1,2,1,2,3,3,6,5,4,3,5,4,5,5,1,4,NA,NA,NA,4,"Independent",0,0,1,"I did not vote","Other",0,0,0,1,"$0-$20,000",1,NA,NA,"Black or African American",0,0,36,NA,NA,"Maryland","Washington","0.4464","126.3575575","65433",NA
573027,50.88,58.88,49.12,41.12,4,5.66666666666667,5.83333333333333,1,2,7,7,2.5,3,5,1,5,5,3,5,3,5,6,6,5,6,5,7,6,6,1,1,1,1,1,1,1,1,3,1,7,7,7,7,3,2,3,3,1,1,7,7,6,7,"Democrat",0,1,0,"Joe Biden","Joe Biden",0,1,0,0,"$20,001-$40,000",2,"GED",2,"Black or African American",0,0,59,"woman",0,"Florida","Palm Beach","0.5199","284.088504","70024",NA
990329,31.36,29.79,68.64,70.21,5.25,3,3.83333333333333,2.75,3.5,5,5.5,3,5,5,1,5,5,6,5,5,3,3,3,3,5,3,4,3,5,3,3,2,2,4,3,3,2,4,3,5,5,5,6,3,3,5,5,1,2,4,5,4,4,"Independent",0,0,1,"Joe Biden","Joe Biden",0,1,0,0,"$80,001-$100,000",5,"2yearColl",3,"White",1,0,48,"woman",0,"Louisana","Lafayette",NA,NA,NA,NA
954348,29,33.4,71,66.6,4.5,4.33333333333333,5.16666666666667,3.625,3.5,3.5,5,4,4.5,6,0,1,5,4,6,3,4,4,5,6,5,6,5,5,4,6,6,2,1,4,4,4,2,5,2,2,5,6,4,5,3,6,3,1,NA,2,NA,NA,NA,"Democrat",0,1,0,"I did not vote","Donald Trump",1,0,0,0,"$20,001-$40,000",2,"GED",2,"Black or African American",0,0,53,"woman",0,"Virginia","Northumberland","0.5062","24.65466112","63255",NA
117056,82.09,80.77,17.91,19.23,4.75,3,4.33333333333333,2.5,5.5,6.5,6.5,2,6.5,7,1,5,6,6,5,2,3,3,3,6,2,2,5,5,6,3,3,1,1,3,2,6,1,6,5,6,7,7,6,2,2,7,6,1,2,2,2,2,4,"Independent",0,0,1,"Donald Trump","Cornel West",0,0,0,0,"$40,001-$60,000",3,"2yearColl",3,NA,NA,1,23,"woman",0,"Texas","Lubbock","0.4847","129.959318","57270",NA
907989,51.5,51.75,48.5,48.25,6.5,3.66666666666667,5.66666666666667,1.625,6,7,6.5,3.5,6,7,0,4,7,6,7,6,2,5,4,2,7,5,7,6,7,5,1,1,2,1,1,1,1,6,6,7,7,7,6,5,2,6,6,1,3,7,7,6,6,"Democrat",0,1,0,"Joe Biden",NA,NA,NA,NA,NA,"$20,001-$40,000",2,"4yearColl",4,"Black or African American",0,0,27,"man",1,"Illinois","Cook","0.5052","2134.420727","72063",NA
200934,68.78,82.71,31.22,17.29,5.5,5,2.83333333333333,2.75,2.5,5.5,4.5,4.5,6,5,1,5,6,6,5,5,5,5,5,2,6,1,2,3,3,3,3,2,3,3,2,3,3,3,2,5,6,6,3,5,4,6,6,1,1,6,6,2,6,"Democrat",0,1,0,"Joe Biden","Joe Biden",0,1,0,0,"$80,001-$100,000",5,"4yearColl",4,"Asian",0,0,28,"woman",0,"Texas","Travis","0.477","468.3628628","84519",NA
658569,87.75,89.55,12.25,10.45,7,1,1,1.25,4,6.5,5,3,6,7,1,5,7,7,7,7,1,1,1,1,1,1,1,1,1,3,1,1,1,1,1,1,1,5,3,6,7,7,3,3,3,6,6,1,1,7,7,1,7,"Democrat",0,1,0,"Joe Biden","Joe Biden",0,1,0,0,"$40,001-$60,000",3,"GED",2,"multiracial",0,0,41,"woman",0,"South Carolina","Pickens","0.4845","95.373278","54415",NA
963219,46.89,43.48,53.11,56.52,4.25,2.66666666666667,3.5,1,4.5,6,6,2,6,6,1,4,5,4,4,4,3,2,3,4,3,4,4,3,3,1,1,1,1,1,1,1,1,5,4,6,6,6,6,2,2,6,6,1,2,7,4,4,6,"Democrat",0,1,0,"Joe Biden","Joe Biden",0,1,0,0,"$80,001-$100,000",5,"4yearColl",4,"Black or African American",0,0,53,"woman",0,"New Jersey","Bergen","0.4761","1542.514631","104777","I have no further comments."
983415,31.43,32.05,68.57,67.95,5,5,4.5,1.375,4,6.5,6,1.5,7,5,1,5,5,5,6,4,5,5,5,3,5,4,6,3,6,2,2,1,1,1,2,1,1,5,3,7,6,6,6,2,1,7,7,1,3,5,5,5,NA,"Democrat",0,1,0,"Joe Biden","Joe Biden",0,1,0,0,"$80,001-$100,000",5,"4yearColl",4,"White",1,0,27,"man",1,"Maine","Cumberland","0.4568","134.4200117","80484",NA
343023,48.2,56.36,51.8,43.64,4.75,5,5,1,6.5,6.5,6.5,1,6,5,1,4,4,5,5,5,2,6,7,6,6,2,7,3,6,1,1,1,1,1,1,1,1,7,6,6,7,7,6,1,1,7,5,1,2,5,NA,5,5,"Independent",0,0,1,"Joe Biden","Joe Biden",0,1,0,0,"$60,001-$80,000",4,"4yearColl",4,"Black or African American",0,0,27,"man",1,"Illinois","Cook","0.5052","2134.420727","72063",NA
324963,63,68,37,32,4.5,2.33333333333333,3.16666666666667,3.375,3.5,3.5,6,3.5,5.5,6,1,5,5,5,5,3,1,3,3,2,4,4,4,1,4,3,5,4,3,4,2,3,3,3,4,3,4,6,6,4,3,5,6,1,2,5,7,3,7,"Democrat",0,1,0,"Joe Biden","Joe Biden",0,1,0,0,"Over $200,000",11,"4yearColl",4,"multiracial",0,0,37,"man",1,"California","Los Angeles","0.4969","960.7427779","77356",NA
133071,65.9,65.97,34.1,34.03,4.25,5,4.33333333333333,3.625,6,3.5,4.5,3.5,5,5,1,3,3,5,4,5,4,6,5,6,5,2,4,4,5,5,3,4,4,4,3,3,3,6,6,4,3,4,5,4,3,5,5,1,4,5,3,3,3,"Independent",0,0,1,"Donald Trump","Donald Trump",1,0,0,0,"$120,001-$140,000",7,"4yearColl",4,"Black or African American",0,0,22,"man",1,"California","El Dorado","0.4727","42.19958001","87689",NA
943732,32.5,39,67.5,61,4.75,4,4,1.75,2.5,6.5,6.5,1,6.5,5,1,5,5,5,6,3,4,4,4,4,4,4,4,4,4,2,1,2,1,2,2,2,2,3,2,7,6,6,7,1,1,6,7,1,1,5,4,NA,5,"Democrat",0,1,0,"Joe Biden","Joe Biden",0,1,0,0,"$20,001-$40,000",2,"4yearColl",4,"Black or African American",0,0,33,"woman",0,"Mississippi","Lowndes","0.4795","45.4032083","49086",NA
634122,46.62,48.82,53.38,51.18,6.25,1.66666666666667,2.16666666666667,1,2.5,2.5,6.5,3,7,6,1,5,6,7,7,5,2,1,2,1,2,1,4,2,3,1,1,1,1,1,1,1,1,2,3,3,2,6,7,3,3,7,7,1,2,4,4,4,4,"Independent",0,0,1,"Third-party candidate","Joe Biden",0,1,0,0,"$80,001-$100,000",5,"2yearColl",3,NA,NA,1,27,"woman",0,"New York","Kings","0.5286","14475.02544","66943",NA
376221,80,80,20,20,6,1,2.5,1,1,4,4,5.5,3.5,7,1,5,7,7,7,3,1,1,1,1,3,1,7,1,2,1,1,1,1,1,1,1,1,1,1,3,5,4,4,6,5,4,3,1,2,4,6,1,1,"Democrat",0,1,0,"Joe Biden","Joe Biden",0,1,0,0,"$120,001-$140,000",7,"GED",2,"Black or African American",0,1,28,"man",1,"New Jersey","Union","0.4839","2077.943059","85926",NA
587069,35.52,44.79,64.48,55.21,6,5.66666666666667,3.66666666666667,1,3.5,6.5,6.5,4,7,6,1,5,6,5,7,6,6,6,5,6,6,2,5,1,2,1,1,1,1,1,1,1,1,5,2,7,6,6,7,5,3,7,7,1,2,5,6,6,5,"Democrat",0,1,0,"Donald Trump","Robert F. Kennedy Jr.",0,0,1,0,"$80,001-$100,000",5,"4yearColl",4,"Black or African American",0,0,25,"woman",0,"Texas","El Paso","0.4681","319.2109187","50983",NA
515175,25.7,28.4,74.3,71.6,5,3.66666666666667,4,1,3,6.5,7,1.5,6.5,5,1,4,5,5,5,5,3,3,5,3,6,1,6,2,6,1,1,1,1,1,1,1,1,5,1,6,7,7,7,2,1,7,6,1,2,6,5,4,3,"Democrat",0,1,0,"Joe Biden","Joe Biden",0,1,0,0,"$0-$20,000",1,"2yearColl",3,"Black or African American",0,0,34,"man",1,"Georgia","DeKalb","0.4866","1071.792083","70756",NA
568031,86.75,90.59,13.25,9.41,2.75,5,3.5,1,3,6,3,5.5,5,6,1,5,5,2,1,3,4,6,5,4,6,1,2,1,7,1,1,1,1,1,1,1,1,3,3,6,6,4,2,6,5,6,4,1,1,6,6,2,6,"Democrat",0,1,0,"Joe Biden","Joe Biden",0,1,0,0,"$60,001-$80,000",4,"PHD",6,"Asian",0,0,36,"woman",0,"District of Columbia","Washington","0.5199","4322.952569","91072",NA
852815,21.63,27.36,78.37,72.64,5.5,5.33333333333333,5.33333333333333,4.625,3.5,5.5,7,2,6,3,1,5,6,6,7,3,5,6,5,7,5,5,7,3,5,5,5,7,4,6,5,4,1,5,2,6,5,7,7,2,2,6,6,1,7,NA,5,NA,4,"Democrat",0,1,0,"Joe Biden","Joe Biden",0,1,0,0,"$0-$20,000",1,"4yearColl",4,"Black or African American",0,0,25,"man",1,"Florida","Jackson","0.4572","20.38294824","42721",NA
572835,50.65,51.5,49.35,48.5,4.5,3.33333333333333,5.33333333333333,4.75,3,1.5,4,1.5,6,5,1,4,5,5,5,3,2,3,5,5,6,6,7,6,2,5,5,3,5,5,5,5,5,3,3,2,1,6,2,2,1,6,6,1,3,5,3,3,4,"Democrat",0,1,0,"Joe Biden","Joe Biden",0,1,0,0,"Over $200,000",11,"4yearColl",4,"Asian",0,0,34,"man",1,"Virginia","Loudoun","0.3882","288.317756","153716",NA
696009,89.05,94.31,10.95,5.69,6.5,4.66666666666667,2.66666666666667,1.375,1.5,5.5,6.5,5,5,7,0,1,7,6,6,7,5,3,6,4,5,1,1,3,2,2,1,1,1,2,1,1,2,2,1,6,5,7,6,7,3,4,6,1,1,6,1,2,1,"Democrat",0,1,0,"Joe Biden","Joe Biden",0,1,0,0,"$40,001-$60,000",3,"4yearColl",4,"Black or African American",0,0,20,"woman",0,"Florida","Broward","0.4889","612.6877168","65536",NA
129070,20.4,21.35,79.6,78.65,5,4,4.5,1,4.5,7,6.5,1.5,5,5,0,1,5,5,6,4,4,4,4,5,4,3,3,6,6,1,1,1,1,1,1,1,1,4,5,7,7,6,7,1,2,5,5,1,3,NA,4,NA,NA,"Democrat",0,1,0,"I did not vote","Other",0,0,0,1,"$40,001-$60,000",3,"GED",2,"White",1,0,70,"woman",0,"Pennsylvania","Westmoreland","0.451","133.2342207","63184","none"
148780,33.96,39.8,66.04,60.2,5.5,4,3.33333333333333,1.375,7,4,7,1,7,7,1,5,7,7,7,1,4,4,4,4,2,1,5,4,4,1,1,1,1,1,4,1,1,7,7,1,7,7,7,1,1,7,7,1,NA,NA,NA,NA,NA,"Independent",0,0,1,"Joe Biden","Robert F. Kennedy Jr.",0,0,1,0,"$0-$20,000",1,"GED",2,"Asian",0,0,33,"man",1,"Nevada","Clark","0.4697","104.7773624","63735",NA
391754,78.98,83.31,21.02,16.69,5.75,2.66666666666667,5.16666666666667,1,4,6.5,5,5.5,6,7,1,4,6,6,6,5,3,2,3,4,5,7,6,4,5,1,1,1,1,1,1,1,1,4,4,6,7,5,5,6,5,6,6,1,1,7,6,NA,7,"Democrat",0,1,0,"Joe Biden","Joe Biden",0,1,0,0,"$40,001-$60,000",3,"2yearColl",3,NA,NA,1,31,"woman",0,"Kentucky","Jefferson","0.4748","778.0698343","60636",NA
914970,53.4,64.3,46.6,35.7,4.75,4,3.16666666666667,2.125,5.5,6.5,5,3,5,7,1,5,5,6,5,3,4,4,4,3,3,2,5,3,3,2,1,1,1,7,3,1,1,5,6,6,7,5,5,3,3,5,5,1,4,4,5,4,5,"Democrat",0,1,0,"Joe Biden","Robert F. Kennedy Jr.",0,0,1,0,"$160,001-$180,000",9,"MA",5,"multiracial",0,0,35,"woman",0,"West Virginia","Berkeley","0.3993","136.4498415","70893","none"
187698,33.41,55.64,66.59,44.36,5.75,2,1.83333333333333,2.625,4,4,3,5.5,5.5,6,0,2,7,6,4,6,1,2,3,1,1,2,3,1,3,4,3,2,2,4,2,2,2,3,5,3,5,3,3,6,5,5,6,1,5,1,1,4,1,"Independent",0,0,1,"I did not vote","Donald Trump",1,0,0,0,"$20,001-$40,000",2,"GED",2,"Black or African American",0,0,44,"man",1,"Texas","Bexar","0.4654","599.5581109","63014",NA
299189,56.5,63,43.5,37,7,2,2.83333333333333,1,7,3,3,3,6,6,1,5,7,7,7,7,2,3,1,3,5,1,1,3,4,1,1,1,1,1,1,1,1,7,7,3,3,4,2,3,3,7,5,1,1,5,4,1,6,"Democrat",0,1,0,"Joe Biden","Joe Biden",0,1,0,0,"$100,001-$120,000",6,"MA",5,NA,NA,1,30,"man",1,"New York","Albany","0.4498","227.0299683","74512",NA
695238,29.66,34.02,70.34,65.98,6.5,1.66666666666667,2.66666666666667,2.5,7,7,7,1,6.5,3,1,5,7,7,6,6,1,1,3,1,2,5,6,1,1,1,1,1,2,6,6,2,1,7,7,7,7,7,7,1,1,6,7,1,5,3,2,5,4,"Independent",0,0,1,"Donald Trump","Donald Trump",1,0,0,0,"$40,001-$60,000",3,"GED",2,"White",1,0,62,"man",1,"Florida","Okaloosa","0.4467","83.31780277","69053",NA
483700,40.9,42.75,59.1,57.25,4.75,4.66666666666667,5,2.25,4,6,4,2.5,5,5,1,4,6,6,3,4,4,5,5,5,5,6,6,3,5,5,1,2,1,3,2,3,1,5,3,6,6,5,3,2,3,4,6,1,4,5,4,2,5,"Democrat",0,1,0,"I did not vote","Other",0,0,0,1,"$80,001-$100,000",5,"2yearColl",3,"White",1,0,68,"woman",0,"Pennsylvania","Lehigh","0.4559","405.5747841","68688",NA
156625,83.24,92.44,16.76,7.56,5.5,3.66666666666667,3,2.125,4.5,6,5.5,3,4,5,1,5,5,7,5,5,3,4,4,2,4,1,3,4,4,2,1,2,2,3,2,2,3,3,6,6,6,6,5,3,3,4,4,1,NA,NA,NA,NA,NA,"Democrat",0,1,0,"Joe Biden","Joe Biden",0,1,0,0,"$80,001-$100,000",5,"4yearColl",4,NA,NA,1,25,"woman",0,"California","San Bernardino","0.439","41.10128555","74218",NA
472707,49.4,57.95,50.6,42.05,5.75,3.66666666666667,4.33333333333333,2.125,5.5,7,7,1,5,3,1,5,6,5,6,6,3,3,5,2,5,3,6,5,5,3,2,3,2,2,1,2,2,7,4,7,7,7,7,1,1,5,5,1,3,5,3,4,5,"Independent",0,0,1,"Donald Trump","Donald Trump",1,0,0,0,"$120,001-$140,000",7,"PHD",6,"Black or African American",0,0,29,"man",1,"New York","New York","0.5968","27819.8048","84371",NA
216643,82.12,91.28,17.88,8.72,6,2.33333333333333,2.83333333333333,2.25,2,6,5,4.5,6,7,1,5,6,6,6,6,2,2,3,2,3,1,3,3,5,2,3,2,2,3,2,2,2,2,2,7,5,5,5,5,4,5,7,1,1,6,NA,NA,NA,"Independent",0,0,1,"Third-party candidate","Robert F. Kennedy Jr.",0,0,1,0,"$60,001-$80,000",4,"4yearColl",4,"Black or African American",0,1,31,"woman",0,"North Carolina","Gaston","0.4582","235.0834095","56017",NA
447385,30,31,70,69,4,6,5.66666666666667,1.125,5,6.5,5.5,4,6,4,1,5,4,4,4,4,6,6,6,5,6,5,6,6,6,2,1,1,1,1,1,1,1,7,3,6,7,6,5,5,3,6,6,1,4,6,5,5,5,"Democrat",0,1,0,"Joe Biden","Joe Biden",0,1,0,0,"$180,001-$200,000",10,"MA",5,"Black or African American",0,0,27,"man",1,"Texas","Montgomery","0.4702","205.3210869","87831",NA
760304,67.82,63,32.18,37,4.25,1.33333333333333,3.66666666666667,2.25,1.5,6.5,6.5,3,6.5,7,1,4,6,6,2,3,2,1,1,5,2,1,7,1,6,4,2,7,1,1,1,1,1,2,1,7,6,7,6,5,1,7,6,1,3,NA,5,NA,6,"Democrat",0,1,0,"Joe Biden","Robert F. Kennedy Jr.",0,0,1,0,"$80,001-$100,000",5,"4yearColl",4,"multiracial",0,0,22,"woman",0,"South Carolina","Charleston","0.5158","166.0251337","71755","I do not have any comments. Thank you."
211969,10,14,90,86,3.5,6,5.83333333333333,2,4,6,5.5,2.5,6,2,1,2,5,3,3,3,5,6,7,6,6,5,7,6,5,2,2,2,2,2,2,2,2,5,3,6,6,6,5,3,2,6,6,1,3,5,5,5,5,"Democrat",0,1,0,"Joe Biden","Joe Biden",0,1,0,0,"$40,001-$60,000",3,"4yearColl",4,"Black or African American",0,0,24,"man",1,"New York","New York","0.5968","27819.8048","84371",NA
417611,30.5,30.46,69.5,69.54,4,6,5.33333333333333,3.125,4,6,6,2,6,5,0,1,5,4,4,3,6,6,6,5,6,4,5,6,6,3,2,3,4,6,2,3,2,6,2,6,6,6,6,2,2,6,6,1,5,4,3,5,5,"Independent",0,0,1,"I did not vote","Other",0,0,0,1,"$20,001-$40,000",2,"GED",2,"Asian",0,0,44,"man",1,"New Jersey","Mercer","0.5036","634.3949589","86499",NA
208446,84.5,89,15.5,11,4.5,5.66666666666667,6.5,3.625,6,4,6.5,1.5,4,6,1,4,6,5,5,2,5,6,6,6,7,6,7,6,7,6,6,2,1,5,6,1,2,6,6,3,5,6,7,2,1,6,2,1,2,3,2,2,4,"Republican",1,0,0,"Donald Trump","Donald Trump",1,0,0,0,"$40,001-$60,000",3,"MA",5,"Black or African American",0,0,36,"man",1,"North Carolina","Mecklenburg","0.4901","777.490679","75138","good survey"
671780,85.15,87.15,14.85,12.85,5,3,4.83333333333333,4.125,4,5.5,6,2.5,5.5,5,1,4,5,5,5,5,3,3,3,5,5,5,5,4,5,3,4,5,3,5,5,3,5,5,3,6,5,6,6,2,3,5,6,1,4,5,5,5,5,"Republican",1,0,0,"Donald Trump","Donald Trump",1,0,0,0,"$80,001-$100,000",5,"4yearColl",4,"Black or African American",0,0,52,"woman",0,"Georgia","Cobb","0.4485","846.6897774","87532","Thank you for the survey. It was great!"
682574,87.06,88.14,12.94,11.86,3.75,4.33333333333333,4.5,2.75,3.5,5.5,7,1,7,5,1,5,5,3,4,3,3,5,5,5,5,5,5,4,3,1,1,1,3,5,5,3,3,4,3,6,5,7,7,1,1,7,7,1,1,5,7,2,7,"Democrat",0,1,0,"Joe Biden","Joe Biden",0,1,0,0,"$140,001-$160,000",8,"MA",5,"multiracial",0,0,41,"man",1,"Maryland","Montgomery","0.4681","814.4747962","112352",NA
614420,53.61,60.9,46.39,39.1,5.25,4.33333333333333,3.66666666666667,3.5,4,3.5,4,4,5.5,5,1,5,5,5,6,5,5,5,3,4,3,5,5,2,3,3,2,6,7,3,2,2,3,4,4,3,4,4,4,3,5,6,5,1,4,4,3,4,5,"Democrat",0,1,0,"Joe Biden","Joe Biden",0,1,0,0,"$60,001-$80,000",4,"GED",2,NA,NA,1,39,"man",1,"New York","Kings","0.5286","14475.02544","66943",NA
550512,36,35.5,64,64.5,5.5,4,2.83333333333333,1.375,2.5,6.5,7,2,5,5,1,5,7,6,4,5,4,4,4,4,2,2,4,1,4,2,2,1,2,1,1,1,1,2,3,7,6,7,7,2,2,6,4,1,2,4,4,2,5,"Democrat",0,1,0,"Joe Biden","Joe Biden",0,1,0,0,"$60,001-$80,000",4,"4yearColl",4,"Asian",0,0,29,"man",1,"Pennsylvania","Montgomery","0.4663","656.5915611","102648",NA
779037,56,64,44,36,4.5,5.33333333333333,4.16666666666667,4.125,3.5,5,7,2,6,5,1,5,6,5,4,3,5,6,5,5,5,3,4,4,4,6,5,3,3,5,6,3,2,4,3,4,6,7,7,2,2,6,6,1,3,5,5,4,6,"Democrat",0,1,0,"Joe Biden","Joe Biden",0,1,0,0,"$120,001-$140,000",7,"4yearColl",4,"Asian",0,0,34,"woman",0,"Oregon","Multnomah","0.4716","715.2753775","77851",NA
806153,50,47.75,50,52.25,5.75,2.33333333333333,3.16666666666667,2.25,4,6,6,2.5,4.5,6,1,4,6,6,6,5,2,2,3,2,4,3,4,2,4,4,2,2,2,2,2,2,2,5,3,6,6,6,6,3,2,5,4,1,1,1,1,1,1,"Independent",0,0,1,"Donald Trump","Other",0,0,0,1,"$0-$20,000",1,"GED",2,"White",1,0,60,"man",1,"Florida","Taylor","0.5212","8.177839655","47083",NA
960622,32.5,32.25,67.5,67.75,5,5.33333333333333,6.16666666666667,3.875,2.5,4,6.5,2,6,5,1,3,6,6,6,2,5,5,6,5,6,7,6,6,7,6,3,5,5,5,5,1,1,3,2,2,6,7,6,2,2,6,6,1,NA,NA,NA,NA,NA,"Democrat",0,1,0,"Donald Trump","Donald Trump",1,0,0,0,"$60,001-$80,000",4,"PHD",6,"Black or African American",0,0,23,"woman",0,"U.S. Virgin Islands",NA,NA,NA,NA,NA
199682,56,68,44,32,5.25,3,5.83333333333333,1,2,6,6,2,4.5,5,0,3,4,6,6,5,3,3,3,5,6,6,6,6,6,1,1,1,1,1,1,1,1,2,2,6,6,6,6,2,2,3,6,1,1,5,5,1,4,"Democrat",0,1,0,"Joe Biden","Joe Biden",0,1,0,0,"$40,001-$60,000",3,"GED",2,"White",1,0,51,"woman",0,"New York","Westchester","0.5318","868.7630666","109131","Thank you for allowing me to take part in your study.  Have a great rest of your day!"
468306,69.6,80.33,30.4,19.67,5.25,4,3.5,4.5,4.5,4.5,6.5,1.5,6.5,4,1,3,6,5,6,4,4,4,4,2,1,4,4,4,6,6,4,4,3,7,7,4,1,6,3,3,6,6,7,1,2,6,7,1,7,1,NA,6,NA,"Republican",1,0,0,"Donald Trump","Donald Trump",1,0,0,0,"$80,001-$100,000",5,"4yearColl",4,"Black or African American",0,0,23,"man",1,"Virginia","Arlington","0.4464","3442.635855","124474",NA
887346,64.75,63.95,35.25,36.05,5,3.33333333333333,3.66666666666667,3.5,3.5,4,5,3.5,4.5,4,1,3,5,5,5,5,3,3,4,4,3,3,5,3,4,4,3,4,4,3,4,3,3,4,3,3,5,5,5,4,3,4,5,1,NA,NA,NA,NA,NA,"Republican",1,0,0,"I did not vote","Donald Trump",1,0,0,0,"$20,001-$40,000",2,"GED",2,NA,NA,1,28,"man",1,NA,NA,NA,NA,NA,NA
339116,38.57,51.3,61.43,48.7,6,2.66666666666667,2.83333333333333,2.75,2,6,6,2,4.5,3,1,5,6,7,6,5,2,3,3,4,4,1,4,2,2,2,1,7,1,2,4,4,1,2,2,6,6,6,6,2,2,3,6,1,3,3,2,NA,3,"Independent",0,0,1,"Joe Biden","Other",0,0,0,1,"$60,001-$80,000",4,"2yearColl",3,"Black or African American",0,0,41,"woman",0,"Florida","Osceola","0.4349","98.47136801","60495",NA
784170,71.25,74.25,28.75,25.75,5.75,2.66666666666667,2.5,2.375,2,5.5,4.5,2.5,4.5,4,0,2,5,6,7,5,2,3,3,3,2,3,2,3,2,2,1,1,1,6,6,1,1,2,2,5,6,5,4,3,2,4,5,1,3,5,4,5,4,"Independent",0,0,1,"I did not vote","Other",0,0,0,1,"$0-$20,000",1,"GED",2,"Black or African American",0,0,40,"man",1,"Maryland","Montgomery","0.4681","814.4747962","112352","N/A"
782657,50.5,51.25,49.5,48.75,4.5,4.33333333333333,4.16666666666667,2.625,6.5,6.5,7,2.5,6,3,1,5,5,3,5,5,6,1,6,1,2,7,7,2,6,1,1,2,1,7,6,2,1,7,6,7,6,7,7,3,2,6,6,1,6,1,1,4,1,"Republican",1,0,0,"Third-party candidate","Other",0,0,0,1,"$40,001-$60,000",3,"GED",2,"White",1,0,77,"woman",0,"Texas","Nacogdoches","0.5237","26.74120542","46970","None, thank you."
147815,82.3,81.73,17.7,18.27,6,3.66666666666667,3.83333333333333,4.125,3,5,5,4,4,3,1,4,7,7,5,5,3,5,3,3,3,3,6,3,5,5,5,3,3,5,5,3,4,3,3,5,5,5,5,5,3,5,3,1,NA,NA,4,NA,NA,"Democrat",0,1,0,"Joe Biden","Joe Biden",0,1,0,0,"$80,001-$100,000",5,"MA",5,"Asian",0,0,33,"man",1,"Texas","Collin","0.4319","433.4078589","102119",NA
466230,63.68,72.3,36.32,27.7,5.75,2,2.83333333333333,1.125,1,4,4,5,4,5,0,1,6,5,6,6,3,2,1,3,4,2,3,2,3,1,1,1,1,2,1,1,1,1,1,5,3,5,3,5,5,5,3,1,3,6,6,NA,NA,"Democrat",0,1,0,"I did not vote","Jill Stein",0,0,0,0,"$20,001-$40,000",2,"4yearColl",4,"Asian",0,0,26,"woman",0,"Georgia","Fulton","0.5342","749.0585218","82820",NA
668970,54.8,52.88,45.2,47.12,5.75,5,4.16666666666667,1.25,4,6,4,2,5,5,1,5,6,5,6,6,5,5,5,3,5,3,6,3,5,1,1,1,2,2,1,1,1,5,3,6,6,5,3,2,2,5,5,1,5,3,5,3,4,"Democrat",0,1,0,"Joe Biden","Joe Biden",0,1,0,0,"$60,001-$80,000",4,"MA",5,"Black or African American",0,0,48,"woman",0,"South Carolina","Richland","0.4913","208.1441279","56940",NA
588532,45.55,50.15,54.45,49.85,5.5,4,3.83333333333333,1.75,5,6.5,3.5,5,6,5,1,5,6,5,5,6,5,5,2,5,6,1,7,2,2,1,1,1,1,7,1,1,1,5,5,6,7,2,5,5,5,6,6,1,1,6,5,2,6,"Democrat",0,1,0,"Joe Biden","Joe Biden",0,1,0,0,"$20,001-$40,000",2,"GED",2,"Black or African American",0,0,38,"man",1,"Washington","Thurston","0.4062","146.7926993","81544",NA
526338,49,49,51,51,4.25,3.66666666666667,4.33333333333333,4.375,4,6,7,2,6.5,2,1,5,4,4,5,4,3,2,6,2,2,6,6,5,5,5,5,3,4,6,5,4,3,4,4,6,6,7,7,2,2,6,7,1,6,2,1,5,2,"Independent",0,0,1,"Donald Trump","Donald Trump",1,0,0,0,"$80,001-$100,000",5,"4yearColl",4,"Asian",0,0,61,"man",1,"New Jersey","Mercer","0.5036","634.3949589","86499",NA
888617,51.55,88.84,48.45,11.16,4.75,2,3.83333333333333,1,4.5,4.5,6,2,6,5,1,5,7,4,2,6,2,2,2,2,6,1,6,2,6,1,1,1,1,1,1,1,1,4,5,4,5,6,6,2,2,6,6,1,2,2,4,2,4,"Independent",0,0,1,"Joe Biden","Joe Biden",0,1,0,0,"$40,001-$60,000",3,"2yearColl",3,"Black or African American",0,0,39,"man",1,"Ohio","Hamilton","0.5016","772.3432857","64087",NA
261901,20.69,23.08,79.31,76.92,4.5,5,4.16666666666667,3.25,3,3,6,2.5,5.5,5,1,5,5,5,3,5,5,5,5,3,4,5,6,4,3,4,3,3,3,4,3,3,3,5,1,3,3,6,6,3,2,6,5,1,4,1,1,1,2,"Republican",1,0,0,"Donald Trump","Joe Biden",0,1,0,0,"$0-$20,000",1,"GED",2,NA,NA,1,32,"woman",0,"New Jersey","Passaic","0.4645","1046.233338","74016","none"
682116,38.9,49.97,61.1,50.03,4,6,4.83333333333333,1,1.5,7,7,1,7,5,1,5,4,4,4,4,6,6,6,5,6,1,4,6,7,1,1,1,1,1,1,1,1,1,2,7,7,7,7,1,1,7,7,1,2,7,7,2,7,"Democrat",0,1,0,"Joe Biden","Joe Biden",0,1,0,0,"$40,001-$60,000",3,"4yearColl",4,"Black or African American",0,0,30,"man",1,"Missouri","St. Louis","0.4968","759.9012477","72507",NA
630777,80.04,82.55,19.96,17.45,5.75,3.66666666666667,3.33333333333333,2.25,3,5.5,5,3.5,5.5,6,1,3,5,6,6,6,3,3,5,2,4,3,5,3,3,1,1,2,2,5,2,3,2,3,3,6,5,5,5,4,3,5,6,1,3,4,5,5,4,"Independent",0,0,1,"Joe Biden","Robert F. Kennedy Jr.",0,0,1,0,"$20,001-$40,000",2,"PHD",6,"White",1,0,71,"woman",0,"Connecticut","Litchfield","0.4602","76.77098216","84689",NA
121721,87.48,86.05,12.52,13.95,4.5,6,4.33333333333333,2,3.5,6.5,5.5,2.5,6,6,1,5,5,5,6,2,6,5,7,3,6,3,5,3,6,3,4,1,1,2,1,2,2,5,2,7,6,5,6,2,3,6,6,1,6,NA,5,NA,NA,"Republican",1,0,0,"Donald Trump","Donald Trump",1,0,0,0,"$60,001-$80,000",4,"4yearColl",4,"Black or African American",0,0,26,"man",1,"New York","Bronx","0.5117","13202.5153","43143",NA
190403,49.19,48.63,50.81,51.37,4.5,3.33333333333333,4.16666666666667,4.25,6,6,6,1.5,6.5,3,1,5,5,5,4,4,3,3,4,3,5,4,4,4,5,6,5,4,2,6,6,4,1,6,6,6,6,6,6,2,1,7,6,1,4,4,1,6,2,"Independent",0,0,1,"Joe Biden","Other",0,0,0,1,"$100,001-$120,000",6,"MA",5,"Asian",0,0,28,"woman",0,"New Jersey","Hudson","0.5006","5589.05695","79159",NA
429484,82.17,87.05,17.83,12.95,5.25,3,4.33333333333333,2.75,5,4.5,4,4,5,5,0,3,6,5,5,5,3,3,3,5,5,3,5,5,3,3,4,3,2,3,2,2,3,5,5,4,5,5,3,5,3,5,5,1,4,4,5,4,4,"Democrat",0,1,0,"Joe Biden","Joe Biden",0,1,0,0,"$60,001-$80,000",4,"GED",2,"Other (please specify)",0,0,27,"woman",0,"Michigan",NA,NA,NA,NA,NA
345099,74.7,75.69,25.3,24.31,4.25,2.33333333333333,3.33333333333333,1.375,6,6,6,2,5.5,7,1,5,5,6,3,3,2,4,1,4,2,2,6,3,3,1,1,1,2,2,2,1,1,6,6,6,6,6,6,2,2,6,5,1,2,5,5,5,5,"Democrat",0,1,0,"Joe Biden","Joe Biden",0,1,0,0,"Over $200,000",11,"MA",5,"Black or African American",0,0,53,"man",1,"New Jersey","Mercer","0.5036","634.3949589","86499",NA
475387,40.23,34.91,59.77,65.09,4.25,5,5.33333333333333,3.5,3.5,7,6,2,6.5,6,1,4,6,5,4,2,4,5,6,5,6,4,7,4,6,5,5,2,1,6,6,2,1,6,1,7,7,6,6,1,3,6,7,1,2,5,6,2,6,"Democrat",0,1,0,"Joe Biden","Joe Biden",0,1,0,0,"$80,001-$100,000",5,"4yearColl",4,"Black or African American",0,0,25,"woman",0,"Virginia","Loudoun","0.3882","288.317756","153716",NA
880793,25.91,39.5,74.09,60.5,5.5,6.66666666666667,6.33333333333333,3.875,5,5.5,7,1.5,6,6,1,5,7,7,7,1,6,7,7,7,7,7,7,7,3,7,7,1,1,6,7,1,1,7,3,4,7,7,7,2,1,6,6,1,4,7,7,NA,6,"Democrat",0,1,0,"Joe Biden","Joe Biden",0,1,0,0,"$20,001-$40,000",2,"GED",2,"Asian",0,0,37,"man",1,"New York","Monroe","0.4653","437.4604077","66003",NA
791705,19.75,20,80.25,80,5,7,4.66666666666667,1.625,4,5.5,4.5,2,6,6,0,2,7,5,5,3,7,7,7,2,5,5,5,5,6,2,1,1,1,3,2,2,1,5,3,5,6,5,4,2,2,6,6,1,3,5,5,4,6,"Democrat",0,1,0,"I did not vote","Joe Biden",0,1,0,0,"$60,001-$80,000",4,"GED",2,NA,NA,1,34,"man",1,"Florida","Pasco","0.4538","264.0275519","59555",NA
646036,64.97,75.41,35.03,24.59,4.75,3,3.16666666666667,1.5,2.5,5.5,6,4.5,4,5,1,3,5,5,5,4,3,3,3,2,4,4,4,2,3,2,1,2,1,2,2,1,1,3,2,5,6,6,6,5,4,4,4,1,5,3,4,4,4,"Independent",0,0,1,"Joe Biden","Joe Biden",0,1,0,0,"$60,001-$80,000",4,"4yearColl",4,"multiracial",0,0,43,"woman",0,"Florida","Palm Beach","0.5199","284.088504","70024",NA
763985,57.72,56.42,42.28,43.58,4.75,2.66666666666667,3,1.75,4,7,6.5,2,5.5,7,1,5,7,5,4,3,3,2,3,3,3,3,3,3,3,1,1,1,1,7,1,1,1,5,3,7,7,6,7,2,2,5,6,1,4,1,4,1,4,"Democrat",0,1,0,"Joe Biden","Donald Trump",1,0,0,0,"$60,001-$80,000",4,"4yearColl",4,"multiracial",0,0,34,"woman",0,"Alabama","Russell","0.4744","35.05587426","44849",NA
209910,24.2,32.9,75.8,67.1,4.25,4,4.66666666666667,1,4,7,7,1,5.5,4,1,5,5,4,5,3,4,4,4,4,5,4,5,5,5,1,1,1,1,1,1,1,1,5,3,7,7,7,7,1,1,6,5,1,6,4,6,4,5,"Republican",1,0,0,"Joe Biden","Joe Biden",0,1,0,0,"$20,001-$40,000",2,"GED",2,"Black or African American",0,0,41,"woman",0,"Michigan","Wayne","0.4906","1111.243974","52644",NA
323574,84.07,88.28,15.93,11.72,6.25,1.66666666666667,1.83333333333333,1,1,4,7,5.5,7,6,1,5,6,6,7,6,1,2,2,1,5,1,1,1,2,1,1,1,1,1,1,1,1,1,1,3,5,7,7,6,5,7,7,1,1,5,5,5,5,"Democrat",0,1,0,"Joe Biden","Joe Biden",0,1,0,0,"$140,001-$160,000",8,"4yearColl",4,NA,NA,1,33,"woman",0,"South Carolina","Berkeley","0.4324","73.14238371","74289",NA
653840,20.16,18.51,79.84,81.49,3.5,6,2.83333333333333,2.375,2.5,6,7,1.5,6,5,1,3,3,3,5,3,6,6,6,1,4,5,5,1,1,1,4,1,1,4,4,3,1,2,3,6,6,7,7,2,1,6,6,1,7,1,7,1,7,"Republican",1,0,0,"I did not vote","Donald Trump",1,0,0,0,"$20,001-$40,000",2,"2yearColl",3,"White",1,0,68,"man",1,"Texas","Collin","0.4319","433.4078589","102119",NA
506181,14.4,14.15,85.6,85.85,4.75,6,6,1,7,7,7,1,6.5,5,1,5,6,5,5,3,6,6,6,6,6,5,7,6,6,1,1,1,1,1,1,1,1,7,7,7,7,7,7,1,1,6,7,1,3,6,5,4,3,"Democrat",0,1,0,"Joe Biden","Joe Biden",0,1,0,0,"$60,001-$80,000",4,"4yearColl",4,"Black or African American",0,0,30,"man",1,"California","San Francisco","0.5118","7168.190471","119776","i have nothing else to add"
706839,86.9,87.2,13.1,12.8,6,2.66666666666667,3.66666666666667,1.125,1.5,7,4,4,5,6,1,3,7,6,5,6,2,5,1,4,3,2,4,4,5,2,1,1,1,1,1,1,1,2,1,7,7,4,4,5,3,5,5,1,1,6,5,2,4,"Democrat",0,1,0,"Joe Biden","Joe Biden",0,1,0,0,"$80,001-$100,000",5,"GED",2,"Black or African American",0,0,52,"woman",0,"Wisconsin","Menominee","0.4481","4.943762846","42976","None"
844443,25.52,25.19,74.48,74.81,4,4,4.5,3.875,4.5,4.5,4.5,3.5,4.5,4,1,3,4,4,4,4,4,4,4,4,6,4,5,4,4,4,4,4,4,4,4,3,4,5,4,4,5,5,4,4,3,5,4,1,6,5,6,5,5,"Democrat",0,1,0,"Joe Biden","Joe Biden",0,1,0,0,"$20,001-$40,000",2,"4yearColl",4,"Black or African American",0,0,27,"woman",0,"New Jersey","Ocean","0.4539","363.7218004","75732",NA
459745,35.95,55.8,64.05,44.2,6.25,2,2.16666666666667,1,4,4.5,5.5,4.5,4.5,6,1,5,7,6,6,6,2,2,2,2,2,2,2,2,3,1,1,1,1,1,1,1,1,5,3,5,4,5,6,5,4,6,3,1,2,6,6,4,5,"Democrat",0,1,0,"Joe Biden","Joe Biden",0,1,0,0,"$80,001-$100,000",5,"MA",5,"Asian",0,0,32,"woman",0,"Massachusetts","Middlesex","0.4697","753.0895333","112345",NA
770471,87.94,88.11,12.06,11.89,4.5,4.33333333333333,4,3.125,4,5.5,5.5,2,6,5,1,4,5,3,5,5,4,4,5,3,3,3,5,5,5,2,2,2,6,5,2,3,3,5,3,6,5,5,6,2,2,6,6,1,3,1,2,NA,1,"Democrat",0,1,0,"Donald Trump","Donald Trump",1,0,0,0,"$20,001-$40,000",2,"2yearColl",3,"Black or African American",0,0,47,"woman",0,"Louisana","Morehouse",NA,NA,NA,NA
681754,64.25,75.95,35.75,24.05,6.25,5.66666666666667,6.66666666666667,1.5,3.5,4,4.5,3.5,4.5,7,0,1,7,6,6,6,7,7,3,7,6,6,7,7,7,1,1,1,1,2,4,1,1,4,3,4,4,5,4,4,3,6,3,1,4,4,4,1,4,"Democrat",0,1,0,"I did not vote","Donald Trump",1,0,0,0,"$40,001-$60,000",3,"MA",5,NA,NA,1,48,"woman",0,"New York","Queens","0.4546","8158.437153","72807",NA
387908,75.14,76.22,24.86,23.78,3,5.66666666666667,6.33333333333333,4.25,4,6.5,7,1.5,6.5,7,1,5,2,2,5,3,6,5,6,6,6,7,7,7,5,6,3,2,5,6,6,2,4,6,2,7,6,7,7,1,2,6,7,1,3,2,5,2,5,"Democrat",0,1,0,"Joe Biden","Joe Biden",0,1,0,0,"Over $200,000",11,"4yearColl",4,"Black or African American",0,0,22,"man",1,"California","Los Angeles","0.4969","960.7427779","77356","a very nice project"
220060,82.25,84.7,17.75,15.3,4.25,2,1.66666666666667,3,4,5.5,4.5,3.5,5,6,1,5,6,4,2,5,2,2,2,2,3,1,1,1,2,3,1,4,1,5,5,3,2,4,4,6,5,4,5,4,3,5,5,1,1,NA,5,2,NA,"Democrat",0,1,0,"I did not vote","Joe Biden",0,1,0,0,"$40,001-$60,000",3,"4yearColl",4,NA,NA,1,21,"woman",0,"Texas","Dallas","0.491","1145.193915","63549",NA
890483,55.3,53.62,44.7,46.38,5.25,3,4.66666666666667,4.75,4,5,6,3.5,3,5,1,5,5,5,5,6,4,2,3,2,4,5,6,5,6,5,5,5,6,5,5,5,2,4,4,6,4,6,6,5,2,3,3,1,6,2,3,2,1,"Republican",1,0,0,"Donald Trump","Donald Trump",1,0,0,0,"$40,001-$60,000",3,"2yearColl",3,"White",1,0,70,"man",1,"Colorado","Arapahoe","0.455","308.0717154","84308",NA
388750,47.45,49.51,52.55,50.49,5.25,5.66666666666667,3.5,1.875,4,5.5,6.5,2.5,6.5,6,1,5,6,6,7,2,6,6,5,5,5,2,6,1,2,3,1,1,1,1,6,1,1,6,2,6,5,6,7,3,2,6,7,1,2,6,5,6,5,"Democrat",0,1,0,"Donald Trump","Donald Trump",1,0,0,0,"$80,001-$100,000",5,"4yearColl",4,"Black or African American",0,0,25,"woman",0,"Oklahoma","Oklahoma","0.4889","425.9895277","57890",NA
103566,24.12,25.91,75.88,74.09,5,6,6,2.5,4.5,5,5.5,2.5,6.5,4,1,3,5,5,5,5,6,6,6,6,7,5,6,5,7,2,3,3,2,3,3,2,2,5,4,5,5,6,5,3,2,6,7,1,NA,7,NA,NA,NA,"Democrat",0,1,0,"Joe Biden","Joe Biden",0,1,0,0,"$80,001-$100,000",5,"4yearColl",4,"White",1,0,23,"man",1,"Florida","Miami-Dade","0.5134","552.1870708","58905",NA
635057,73,79.7,27,20.3,4.25,4,5.16666666666667,1.75,6.5,6.5,7,2.5,6.5,5,1,4,5,4,5,3,5,5,2,5,5,5,6,4,6,2,4,2,1,1,1,2,1,6,7,7,6,7,7,3,2,6,7,1,2,4,5,4,4,"Democrat",0,1,0,"Joe Biden","Joe Biden",0,1,0,0,NA,NA,"MA",5,"Black or African American",0,1,27,"woman",0,"Virginia","Mecklenburg","0.4925","19.04720888","48013",NA
188868,48.66,45.82,51.34,54.18,4,6,3.5,3.125,4,6.5,5,2,6.5,2,0,5,3,5,4,4,5,6,7,1,2,6,5,5,2,6,1,1,3,4,6,2,2,5,3,7,6,5,5,2,2,6,7,1,4,2,1,4,4,"Republican",1,0,0,"Donald Trump","Donald Trump",1,0,0,0,"$60,001-$80,000",4,"2yearColl",3,NA,NA,1,40,"woman",0,"Virginia","Virginia Beach","#N/A","#N/A","#N/A",NA
985100,45.8,51.34,54.2,48.66,5,3.66666666666667,4,3.75,2.5,5.5,5.5,6.5,5.5,4,1,5,5,4,7,4,3,4,4,4,5,4,4,3,4,4,4,4,4,3,3,4,4,4,1,7,4,4,7,6,7,4,7,1,5,4,4,4,4,"Republican",1,0,0,"Donald Trump","Donald Trump",1,0,0,0,"$0-$20,000",1,"2yearColl",3,"Black or African American",0,0,54,"woman",0,"North Carolina","Craven","0.4517","56.326586","57628","None"
783400,36.25,33.55,63.75,66.45,4.25,4,3.66666666666667,4.125,2.5,7,7,1,4,4,1,4,4,5,4,4,4,4,4,2,4,4,4,4,4,4,4,4,4,1,6,4,6,4,1,7,7,7,7,1,1,4,4,1,1,1,1,1,1,"Independent",0,0,1,"Donald Trump","Donald Trump",1,0,0,0,NA,NA,NA,NA,"Black or African American",0,0,38,NA,NA,"Georgia","Cobb","0.4485","846.6897774","87532",NA
629995,74.02,74.73,25.98,25.27,5.5,1,2.33333333333333,1,2,5,3.5,5,5,6,1,4,6,7,5,4,1,1,1,2,3,1,2,1,5,1,1,1,1,1,1,1,1,2,2,4,6,4,3,5,5,4,6,1,1,3,6,1,7,"Democrat",0,1,0,"Joe Biden","Joe Biden",0,1,0,0,"$20,001-$40,000",2,"4yearColl",4,"Black or African American",0,0,37,"man",1,"Illinois","Cook","0.5052","2134.420727","72063",NA
249840,92.2,100,7.8,0,6.75,1,1.66666666666667,2.375,1.5,4,5.5,4,5.5,7,1,5,7,7,6,7,1,1,1,1,3,1,1,1,3,5,4,1,1,3,2,1,2,1,2,2,6,6,5,5,3,7,4,1,5,5,NA,3,6,"Democrat",0,1,0,"Joe Biden","Joe Biden",0,1,0,0,"$60,001-$80,000",4,"4yearColl",4,"Asian",0,0,29,"man",1,"Georgia","Gwinnett","0.436","809.1434093","75021",NA
727703,96.43,96.45,3.57,3.55,5.75,4,3.83333333333333,3.25,4,4.5,4.5,3.5,5,5,0,1,6,6,6,5,4,4,4,4,4,3,4,4,4,3,3,2,2,5,3,3,5,5,3,4,5,5,4,4,3,5,5,1,NA,NA,NA,NA,NA,"Independent",0,0,1,"I did not vote","Other",0,0,0,1,"$20,001-$40,000",2,"GED",2,"Black or African American",0,0,41,"woman",0,"Texas","Williamson","0.3987","181.9645215","96653",NA
596827,53.79,53.91,46.21,46.09,3.25,5.33333333333333,6.5,3,4,6,5.5,2.5,5,4,1,3,3,4,3,3,6,5,5,7,6,6,7,6,7,5,5,4,2,2,2,3,1,5,3,6,6,5,6,3,2,5,5,1,3,3,3,5,5,"Republican",1,0,0,"Donald Trump","Donald Trump",1,0,0,0,"$100,001-$120,000",6,"MA",5,"Black or African American",0,0,21,"man",1,"New York","New York","0.5968","27819.8048","84371","very good survey"
299974,7.71000000000001,7.10000000000001,92.29,92.9,6.5,4,4.66666666666667,2.625,5.5,7,7,1.5,5.5,6,1,4,7,7,5,7,5,5,2,1,5,5,6,6,5,4,3,1,2,4,2,3,2,6,5,7,7,7,7,2,1,6,5,1,2,6,5,5,6,"Democrat",0,1,0,"Joe Biden","Cornel West",0,0,0,0,"$60,001-$80,000",4,"4yearColl",4,NA,NA,1,41,"man",1,"California","San Mateo","0.4889","659.1746544","131151","I enjoyed the study"
561450,33.02,20.18,66.98,79.82,5.5,2.66666666666667,2.5,4.75,3.5,4,4,3.5,4,6,0,2,6,6,4,6,3,3,2,1,2,5,5,1,1,4,6,6,4,6,3,4,5,4,3,4,4,3,5,4,3,5,3,1,5,5,NA,3,NA,"Democrat",0,1,0,"Joe Biden","Joe Biden",0,1,0,0,"$60,001-$80,000",4,"4yearColl",4,"Asian",0,0,25,"woman",0,"Maryland","Howard","0.4145","485.1603249","131412",NA
128594,12.91,14.27,87.09,85.73,5.5,5.66666666666667,5.66666666666667,1.125,3.5,7,6.5,1,6,3,1,4,6,5,6,5,6,5,6,6,6,6,7,2,7,2,1,1,1,1,1,1,1,4,3,7,7,6,7,1,1,6,6,1,5,2,3,3,5,"Republican",1,0,0,"Donald Trump","Donald Trump",1,0,0,0,"$80,001-$100,000",5,"4yearColl",4,"Asian",0,0,33,"man",1,"Washington","Spokane","0.4495","108.9811133","65571","This survey was easy to follow and well put together"
109677,25.11,24.31,74.89,75.69,3,4.66666666666667,4.16666666666667,1.125,1,6.5,7,2.5,4,2,1,5,3,3,3,3,6,2,6,2,2,7,7,1,6,1,1,1,1,2,1,1,1,1,1,7,6,7,7,3,2,3,5,1,6,2,1,5,1,"Republican",1,0,0,"Donald Trump","Donald Trump",1,0,0,0,"$40,001-$60,000",3,"4yearColl",4,"multiracial",0,0,38,"woman",0,"Indiana","Whitley","0.4031","38.71472137","64146",NA
515402,34.28,38.18,65.72,61.82,4.5,5.66666666666667,4.33333333333333,2.75,5.5,6.5,3.5,2.5,5,3,1,5,5,4,4,5,5,7,5,2,5,3,7,3,6,4,1,2,2,3,4,4,2,5,6,6,7,4,3,2,3,5,5,1,3,6,3,3,4,"Democrat",0,1,0,"Joe Biden","Joe Biden",0,1,0,0,"Over $200,000",11,"MA",5,"American Indian or Alaska Native",0,0,49,"woman",0,"Oklahoma","McIntosh","0.4737","12.37219882","42506",NA
317113,50.49,50.49,49.51,49.51,7,1,3,2,1,7,6.5,4,6.5,7,1,5,7,7,7,7,1,1,1,1,5,5,1,1,5,4,1,1,1,6,1,1,1,1,1,7,7,6,7,5,3,6,7,1,4,4,4,4,4,"Independent",0,0,1,"Donald Trump","Joe Biden",0,1,0,0,"$0-$20,000",1,"GED",2,"Black or African American",0,0,20,"man",1,"Wisconsin","Milwaukee","0.4724","1525.658962","56417",NA
791747,17.5,18.06,82.5,81.94,5.25,6,5.5,3.625,4,6,5.5,4,2.5,5,1,4,5,6,5,5,6,6,6,4,6,5,7,5,6,4,4,4,3,5,4,3,2,5,3,6,6,6,5,5,3,3,2,1,3,5,5,5,5,"Democrat",0,1,0,"Joe Biden","Joe Biden",0,1,0,0,"$100,001-$120,000",6,"4yearColl",4,"Black or African American",0,0,24,"man",1,"Georgia","Montgomery","0.5217","14.46771444","47618",NA
758111,41.95,45.85,58.05,54.15,4.25,5,5.5,2.375,4,5,5.5,3,6,5,1,4,5,3,5,4,5,5,5,5,6,5,6,5,6,3,3,2,1,3,2,3,2,5,3,5,5,6,5,3,3,6,6,1,3,6,5,5,NA,"Democrat",0,1,0,"Joe Biden","Joe Biden",0,1,0,0,"$60,001-$80,000",4,"2yearColl",3,"multiracial",0,0,43,"woman",0,"Texas","Harris","0.4968","1042.130651","63539",NA
395640,89.65,89.77,10.35,10.23,6.75,1.33333333333333,3.33333333333333,4.5,2.5,7,6,2.5,4,5,1,5,7,6,7,7,1,1,2,1,3,5,5,4,2,4,4,4,5,6,5,5,3,4,1,7,7,7,5,4,1,5,3,1,7,1,2,6,1,"Republican",1,0,0,"Donald Trump","Donald Trump",1,0,0,0,"$40,001-$60,000",3,"GED",2,"White",1,0,69,"woman",0,"Texas","Wise","0.415","27.59556666","77668",NA
489607,52.14,51.34,47.86,48.66,5,3,4.66666666666667,3,4.5,3,4.5,3,5,7,1,5,6,5,4,5,3,3,3,3,5,3,6,5,6,4,4,2,2,3,3,3,3,5,4,3,3,4,5,3,3,5,5,1,3,4,1,2,5,"Independent",0,0,1,"Joe Biden","Joe Biden",0,1,0,0,"$60,001-$80,000",4,"4yearColl",4,"Asian",0,0,40,"man",1,"New York","New York","0.5968","27819.8048","84371",NA
347662,30.5,32.44,69.5,67.56,4.25,4.33333333333333,5.16666666666667,1,6.5,6.5,6,2,5,3,1,5,6,3,4,4,4,4,5,6,5,5,6,3,6,1,1,1,1,1,1,1,1,6,7,6,7,6,6,2,2,5,5,1,5,5,2,2,2,"Independent",0,0,1,"Joe Biden","Joe Biden",0,1,0,0,"$40,001-$60,000",3,"4yearColl",4,"Black or African American",0,0,54,"woman",0,"Virginia","Richmond","0.423","17.90188511","53959",NA
680595,39.67,52.19,60.33,47.81,5.25,2.66666666666667,4,3,3.5,5,5,3,5,5,1,5,6,6,4,5,1,4,3,3,4,4,6,3,4,3,3,3,3,3,3,3,3,4,3,5,5,5,5,3,3,5,5,1,4,5,4,4,5,"Democrat",0,1,0,"Joe Biden","Joe Biden",0,1,0,0,"$60,001-$80,000",4,"4yearColl",4,"White",1,0,61,"woman",0,"Connecticut","Hartford","0.4717","470.033815","79958",NA
635814,46.95,49.39,53.05,50.61,4.5,6,5.5,3.75,4.5,7,6,1,6.5,6,1,5,6,4,6,2,6,7,5,4,6,6,6,5,6,5,6,2,2,5,4,4,2,7,2,7,7,6,6,1,1,7,6,1,4,3,5,3,5,"Democrat",0,1,0,"Joe Biden","Joe Biden",0,1,0,0,"$180,001-$200,000",10,"4yearColl",4,"Black or African American",0,0,22,"man",1,"Texas","Johnson","0.3988","87.08339862","76226","nice"
191750,37.6,37.8,62.4,62.2,5.5,2.33333333333333,4.33333333333333,1.5,2.5,6.5,6.5,3.5,5.5,5,1,3,5,5,6,6,2,3,2,3,5,5,5,4,4,2,1,1,1,3,2,1,1,3,2,6,7,6,7,5,2,5,6,1,3,5,6,NA,5,"Democrat",0,1,0,"Joe Biden","Robert F. Kennedy Jr.",0,0,1,0,"$40,001-$60,000",3,"4yearColl",4,"multiracial",0,0,23,"woman",0,"North Carolina","Wake","0.4467","484.0293229","91558",NA
757093,45.2,63.75,54.8,36.25,4.75,4.33333333333333,5,2.875,7,4.5,5,2.5,5.5,5,1,5,5,5,5,4,4,4,5,5,6,6,5,3,5,3,2,2,2,3,4,3,4,7,7,4,5,7,3,3,2,7,4,1,7,1,NA,3,4,"Republican",1,0,0,"Donald Trump","Donald Trump",1,0,0,0,"$160,001-$180,000",9,"2yearColl",3,"multiracial",0,0,27,"man",1,"Illinois","Kendall","0.3467","150.2481058","100483",NA
156243,5.94,4.63,94.06,95.37,3.5,7,6.33333333333333,2.875,4,5,6,2,6,4,1,5,4,3,3,4,7,7,7,6,7,6,7,6,6,4,4,4,4,2,3,1,1,6,2,4,6,6,6,2,2,6,6,1,1,5,4,6,NA,"Democrat",0,1,0,"I did not vote","Joe Biden",0,1,0,0,"$0-$20,000",1,"GED",2,"Black or African American",0,0,24,"man",1,"Pennsylvania","Philadelphia","0.5178","4531.771822","52882",NA
914255,49.5,58,50.5,42,5,3.33333333333333,2.66666666666667,1.5,2,4.5,4,2.5,6,6,1,4,7,5,2,6,3,2,5,2,3,1,3,2,5,3,2,1,1,1,2,1,1,3,1,3,6,5,3,2,3,6,6,1,2,3,3,1,3,"Democrat",0,1,0,"Joe Biden","Joe Biden",0,1,0,0,"$60,001-$80,000",4,"2yearColl",3,"Black or African American",0,0,26,"man",1,"Pennsylvania","Philadelphia","0.5178","4531.771822","52882",NA
989671,38.08,37.75,61.92,62.25,6,2.66666666666667,3.5,1,4,4.5,6,2,6.5,4,1,5,6,6,6,6,3,2,3,4,2,1,3,6,5,1,1,1,1,1,1,1,1,4,4,3,6,6,6,2,2,7,6,1,1,1,1,1,1,"Independent",0,0,1,"Joe Biden","Donald Trump",1,0,0,0,"$40,001-$60,000",3,"4yearColl",4,"Black or African American",0,0,32,"man",1,"Texas","Dallas","0.491","1145.193915","63549",NA
736994,50.65,65.3,49.35,34.7,5.5,3.33333333333333,2.66666666666667,1.75,3,7,6,3,7,5,1,4,7,6,5,4,3,3,4,1,6,1,4,2,2,1,4,1,2,3,1,1,1,3,3,7,7,7,5,4,2,7,7,1,1,6,4,5,6,"Democrat",0,1,0,"Joe Biden","Joe Biden",0,1,0,0,NA,NA,NA,NA,"multiracial",0,0,29,"man",1,"California","Merced","0.4639","53.67222176","54703","no feedback"
634138,52.25,56.5,47.75,43.5,4.5,3.33333333333333,3.66666666666667,1.25,2.5,4.5,4.5,3,5.5,5,0,2,4,4,5,5,3,4,3,3,4,2,4,4,5,1,2,1,1,2,1,1,1,3,2,4,5,4,5,2,4,6,5,1,2,5,5,4,4,"Democrat",0,1,0,"Joe Biden","Joe Biden",0,1,0,0,"$40,001-$60,000",3,"GED",2,"Black or African American",0,0,37,"woman",0,"North Carolina","Guilford","0.481","312.9883303","60915",NA
871698,65.85,76.4,34.15,23.6,5,2,3.66666666666667,3.125,4.5,6.5,5.5,2.5,4.5,6,1,4,6,5,3,6,2,2,2,3,4,4,4,3,4,4,4,2,2,5,2,4,2,6,3,6,7,6,5,3,2,5,4,1,4,2,2,2,3,"Independent",0,0,1,"I did not vote","Donald Trump",1,0,0,0,"$80,001-$100,000",5,"4yearColl",4,NA,NA,1,33,"woman",0,"New Jersey","Hudson","0.5006","5589.05695","79159",NA
768538,21.47,22.07,78.53,77.93,3.25,5.33333333333333,5.33333333333333,1.625,2.5,4.5,6,2,6,3,1,2,4,3,3,3,5,5,6,5,6,5,6,5,5,2,2,1,1,2,2,2,1,3,2,3,6,6,6,2,2,6,6,1,6,6,5,5,NA,"Independent",0,0,1,"Donald Trump","Donald Trump",1,0,0,0,"$0-$20,000",1,"4yearColl",4,"Black or African American",0,0,29,"man",1,"Texas","Houston","0.4952","7.199788203","45603","none"
259128,63.75,76,36.25,24,5.75,2.33333333333333,2.5,2,5.5,7,5,4,6,6,1,4,6,6,6,5,2,2,3,2,2,3,4,2,2,4,1,4,2,2,1,1,1,5,6,7,7,4,6,5,3,5,7,1,1,5,3,4,3,"Democrat",0,1,0,"Joe Biden","Robert F. Kennedy Jr.",0,0,1,0,"$60,001-$80,000",4,"4yearColl",4,"White",1,1,27,"woman",0,"Florida","Flagler","0.4575","85.26646662","65783",NA
450203,40.97,40.83,59.03,59.17,5.25,2.66666666666667,3.5,1.75,4.5,5.5,6,2,5.5,6,1,5,6,5,5,5,3,2,3,2,5,2,5,2,5,2,2,1,2,2,2,2,1,6,3,5,6,6,6,2,2,5,6,1,6,2,5,3,3,"Republican",1,0,0,"Donald Trump","Donald Trump",1,0,0,0,"$40,001-$60,000",3,"4yearColl",4,"Black or African American",0,0,25,"man",1,"California","Los Angeles","0.4969","960.7427779","77356",NA
333128,20.51,22.58,79.49,77.42,5,6.33333333333333,5.83333333333333,3.75,4,5,5,2,4,5,1,5,5,7,6,2,6,6,7,5,6,7,5,6,6,6,6,3,1,5,5,2,2,6,2,4,6,5,5,3,1,5,3,1,6,5,6,5,5,"Democrat",0,1,0,"Joe Biden","Joe Biden",0,1,0,0,"$40,001-$60,000",3,"4yearColl",4,"Black or African American",0,0,53,"man",1,"Kansas","Ford","0.4148","12.12300932","67105",NA
906894,57.5,57.5,42.5,42.5,3.25,5,3.33333333333333,1,5,6,7,1,7,6,1,5,5,3,3,2,5,5,5,3,3,3,5,3,3,1,1,1,1,1,1,1,1,6,4,6,6,7,7,1,1,7,7,1,3,5,2,5,4,"Republican",1,0,0,"I did not vote","Donald Trump",1,0,0,0,"$80,001-$100,000",5,"4yearColl",4,"Asian",0,0,38,"woman",0,"North Carolina","Guilford","0.481","312.9883303","60915","I have no comments"
671163,19.04,90.3,80.96,9.7,6.75,1.33333333333333,2.5,1.125,2,4,2,6,4,6,1,5,7,7,7,6,1,2,1,1,1,1,5,1,6,1,1,1,1,2,1,1,1,1,3,3,5,2,2,6,6,5,3,1,1,6,4,2,7,"Democrat",0,1,0,"Joe Biden","Joe Biden",0,1,0,0,"$20,001-$40,000",2,"GED",2,"White",1,0,64,"man",1,"Pennsylvania","Allegheny","0.4823","648.1038604","68874",NA
871542,64.01,67.09,35.99,32.91,3.5,5,3.5,3.375,3,6,6.5,3.5,4,7,1,4,4,3,5,2,4,6,5,2,3,4,3,4,5,6,3,2,4,3,4,3,2,3,3,6,6,6,7,4,3,5,3,1,3,2,5,4,4,"Independent",0,0,1,"Third-party candidate","Donald Trump",1,0,0,0,"$60,001-$80,000",4,"GED",2,"Black or African American",0,0,25,"woman",0,"Louisana","Lafayette",NA,NA,NA,NA
644579,27.2,29.8,72.8,70.2,5,4.33333333333333,3.83333333333333,2,5,6.5,5,3,5.5,5,1,5,7,3,5,5,5,5,3,5,5,2,5,1,5,2,1,1,1,7,2,1,1,5,5,6,7,5,5,3,3,6,5,1,3,5,6,2,6,"Democrat",0,1,0,"Joe Biden","Joe Biden",0,1,0,0,"$20,001-$40,000",2,"2yearColl",3,"White",1,0,34,"woman",0,"Illinois","Cook","0.5052","2134.420727","72063",NA
231971,74.9,70.45,25.1,29.55,6.75,2.66666666666667,3,1.875,1,4.5,6.5,2.5,5,7,1,4,7,7,7,6,2,2,4,1,3,3,5,1,5,2,1,1,1,7,1,1,1,1,1,2,7,6,7,2,3,4,6,1,4,2,4,4,4,"Independent",0,0,1,"Third-party candidate","Robert F. Kennedy Jr.",0,0,1,0,"$0-$20,000",1,"2yearColl",3,"Black or African American",0,0,37,"man",1,"Arkansas","Dallas","0.4594","4.299625822","42442",NA
242320,34.57,32.71,65.43,67.29,4.75,3.66666666666667,3,2,3.5,3.5,6,4,3.5,7,1,5,5,7,6,1,4,3,4,1,2,5,4,3,3,2,1,2,3,2,2,1,3,5,2,2,5,6,6,5,3,3,4,1,4,5,4,3,4,"Independent",0,0,1,"Donald Trump","Donald Trump",1,0,0,0,"$40,001-$60,000",3,"4yearColl",4,"White",1,1,29,"man",1,"Pennsylvania","Lehigh","0.4559","405.5747841","68688",NA
153622,39.3,41.4,60.7,58.6,3.5,5.33333333333333,5.16666666666667,2.75,4.5,5,6,2,5,4,1,4,3,4,4,3,5,6,5,6,5,4,7,5,4,4,3,3,2,3,3,2,2,5,4,6,4,5,7,2,2,5,5,1,3,6,4,4,5,"Democrat",0,1,0,"Joe Biden","Joe Biden",0,1,0,0,"$60,001-$80,000",4,"4yearColl",4,"Black or African American",0,0,24,"man",1,"Connecticut","Fairfield","0.5425","583.4165304","100703",NA
226020,45.3,43.7,54.7,56.3,3,6,6.16666666666667,3,3.5,7,6,2,6.5,4,0,1,2,4,4,2,6,6,6,6,7,6,6,6,6,4,1,2,2,4,6,2,3,5,2,7,7,6,6,2,2,6,7,1,6,4,5,4,7,"Republican",1,0,0,"I did not vote","Donald Trump",1,0,0,0,"$120,001-$140,000",7,"4yearColl",4,"Black or African American",0,0,24,"woman",0,"New York","New York","0.5968","27819.8048","84371",NA
332675,80.85,82.2,19.15,17.8,5.25,4.66666666666667,3.83333333333333,4.25,3,4.5,5.5,3.5,4,6,1,4,6,6,6,3,4,6,4,2,4,6,3,5,3,4,6,5,5,5,4,2,3,4,2,3,6,7,4,4,3,3,5,1,5,6,2,3,5,"Democrat",0,1,0,"Joe Biden","Joe Biden",0,1,0,0,"$40,001-$60,000",3,"4yearColl",4,"Black or African American",0,0,51,"man",1,"Nebraska","Burt","0.4576","5.127233038","61317",NA
604549,14.5,19.1,85.5,80.9,3.75,6,5.83333333333333,1,6,5.5,7,1,7,4,1,5,4,4,4,3,6,5,7,5,6,6,7,5,6,1,1,1,1,1,1,1,1,6,6,4,7,7,7,1,1,7,7,1,NA,6,6,NA,6,"Democrat",0,1,0,"Joe Biden","Joe Biden",0,1,0,0,"$60,001-$80,000",4,"2yearColl",3,NA,NA,1,22,"man",1,"Texas","El Paso","0.4681","319.2109187","50983",NA
324991,8.51999999999998,7.02,91.48,92.98,2,6.33333333333333,6,2.5,3,6,5.5,1.5,4.5,4,0,1,2,2,2,2,6,6,7,5,6,6,7,5,7,4,3,1,2,3,4,2,1,5,1,6,6,6,5,2,1,6,3,1,6,1,5,1,6,"Republican",1,0,0,"I did not vote","Donald Trump",1,0,0,0,"$100,001-$120,000",6,"4yearColl",4,"Black or African American",0,0,29,"man",1,"New York","New York","0.5968","27819.8048","84371","None"
858688,17.88,17.19,82.12,82.81,5.75,3.66666666666667,3.5,1,4,6.5,6,2.5,7,7,1,5,7,7,6,3,3,5,3,3,3,2,5,3,5,1,1,1,1,1,1,1,1,5,3,6,7,6,6,4,1,7,7,1,1,7,7,4,7,"Democrat",0,1,0,"Joe Biden","Joe Biden",0,1,0,0,"$20,001-$40,000",2,"4yearColl",4,"multiracial",0,0,27,"man",1,"Oklahoma","Oklahoma","0.4889","425.9895277","57890",NA
329773,23.14,61.13,76.86,38.87,5.25,1.66666666666667,2.5,1,4.5,5,4.5,4.5,7,6,1,5,6,6,5,4,3,1,1,1,3,2,3,1,5,1,1,1,1,1,1,1,1,6,3,4,6,6,3,6,3,7,7,1,1,6,7,NA,7,"Democrat",0,1,0,"Joe Biden","Joe Biden",0,1,0,0,"$0-$20,000",1,"GED",2,"Black or African American",0,0,21,"woman",0,"Connecticut","Hartford","0.4717","470.033815","79958",NA
248794,84.32,96.45,15.68,3.55,6.25,3.66666666666667,4.33333333333333,2.375,3.5,6,6.5,1,5.5,7,0,2,7,6,6,6,5,5,1,2,6,3,3,6,6,4,2,1,7,1,1,2,1,5,2,7,5,6,7,1,1,6,5,1,5,3,5,5,5,"Independent",0,0,1,"Joe Biden","Donald Trump",1,0,0,0,"$20,001-$40,000",2,"4yearColl",4,"Black or African American",0,0,58,"woman",0,"Washington","Pacific","0.4349","8.808827018","58715",NA
867063,38.41,37.34,61.59,62.66,5,6.66666666666667,6.5,3.5,4,6.5,7,1,6,6,1,5,6,6,6,2,6,7,7,6,7,6,6,7,7,6,7,1,1,4,5,2,2,7,1,7,6,7,7,1,1,7,5,1,2,6,5,6,6,"Democrat",0,1,0,"Joe Biden","Joe Biden",0,1,0,0,"$80,001-$100,000",5,"4yearColl",4,"Black or African American",0,0,38,"man",1,"New York","Bronx","0.5117","13202.5153","43143",NA
462540,28.42,24.5,71.58,75.5,6.25,1,1.5,2.875,3,4.5,3.5,5.5,4,7,1,5,6,6,6,7,1,1,1,1,1,1,1,2,3,4,2,2,2,3,4,3,3,3,3,5,4,4,3,6,5,4,4,1,2,5,3,3,3,"Democrat",0,1,0,"Joe Biden","Robert F. Kennedy Jr.",0,0,1,0,"$0-$20,000",1,"GED",2,"multiracial",0,0,22,"woman",0,"North Carolina","Stanly","0.4491","59.71835464","57465",NA
160108,28.2,27.05,71.8,72.95,4.75,4,3.5,2.25,3,5.5,5.5,5,5,5,1,4,5,5,4,5,4,4,4,3,5,3,4,3,3,3,1,2,3,3,3,2,1,3,3,6,5,5,6,5,5,5,5,1,2,6,5,4,NA,"Democrat",0,1,0,"Joe Biden","Joe Biden",0,1,0,0,"$60,001-$80,000",4,"MA",5,NA,NA,1,26,"woman",0,"Texas","Dallas","0.491","1145.193915","63549",NA
940526,76.84,76.58,23.16,23.42,5,2.33333333333333,2.16666666666667,3.25,4,4,5.5,2.5,5,4,1,4,6,5,5,4,2,3,2,2,2,1,4,2,2,4,1,2,4,4,4,4,3,4,4,4,4,5,6,3,2,6,4,1,3,5,5,3,5,"Democrat",0,1,0,"I did not vote","Joe Biden",0,1,0,0,"$40,001-$60,000",3,"4yearColl",4,NA,NA,1,31,"man",1,"Arizona","Pima","0.4652","42.8548311","60604",NA
351490,21.26,21.9,78.74,78.1,4.75,3,3.66666666666667,3.375,3,5.5,4.5,3,5,3,1,4,5,5,5,4,3,3,3,3,3,5,5,2,4,4,3,3,4,3,5,3,2,4,2,5,6,6,3,4,2,5,5,1,5,5,5,3,5,"Independent",0,0,1,"I did not vote","Donald Trump",1,0,0,0,"$20,001-$40,000",2,"2yearColl",3,"White",1,0,52,"man",1,"Florida","Brevard","0.4553","219.3764634","65280","Thx"
392644,75.82,79.81,24.18,20.19,5.5,3.33333333333333,5.33333333333333,1,6,6.5,7,1,6,3,1,5,6,5,6,5,3,5,2,6,6,5,6,3,6,1,1,1,1,1,1,1,1,6,6,7,6,7,7,1,1,5,7,1,5,4,NA,NA,NA,"Democrat",0,1,0,"Joe Biden","Joe Biden",0,1,0,0,"$20,001-$40,000",2,"4yearColl",4,"Black or African American",0,0,38,"woman",0,"Illinois","Cook","0.5052","2134.420727","72063",NA
165911,83.74,85.34,16.26,14.66,5.5,2.33333333333333,3.33333333333333,1.125,1.5,6.5,5.5,4,5.5,5,1,5,6,5,5,6,3,1,3,1,3,1,6,4,5,1,1,1,1,1,1,2,1,1,2,7,6,5,6,5,3,5,6,1,1,7,5,NA,7,"Democrat",0,1,0,"Joe Biden","Joe Biden",0,1,0,0,"$100,001-$120,000",6,"GED",2,"Asian",0,0,23,"woman",0,"New Jersey","Middlesex","0.4304","1032.248366","98992",NA
713212,4.81999999999999,95.3,95.18,4.7,6.75,1.33333333333333,1.83333333333333,1.375,6,6,5,4,6,7,1,5,7,6,7,7,1,1,2,1,2,1,2,3,2,1,1,1,1,3,2,1,1,6,6,6,6,5,5,5,3,6,6,1,4,2,3,NA,4,"Independent",0,0,1,"Joe Biden","Cornel West",0,0,0,0,"$0-$20,000",1,"GED",2,"multiracial",0,1,46,"woman",0,"North Carolina","Durham","0.4681","413.0661931","71436",NA
454663,25.47,35.76,74.53,64.24,6.25,1.33333333333333,4.66666666666667,1,4,7,5,1,7,4,1,4,6,7,7,5,1,1,2,3,7,6,7,2,3,1,1,1,1,1,1,1,1,7,1,7,7,7,3,1,1,7,7,1,1,6,7,1,6,"Independent",0,0,1,"I did not vote","Robert F. Kennedy Jr.",0,0,1,0,"$0-$20,000",1,"GED",2,"Black or African American",0,0,21,"woman",0,"New York","Bronx","0.5117","13202.5153","43143",NA
176577,29.31,26.2,70.69,73.8,3.25,6,4.83333333333333,2.875,3,3,5,2.5,3,3,0,1,5,3,3,2,6,5,7,3,5,6,7,5,3,2,1,3,3,5,3,3,3,3,3,3,3,5,5,2,3,3,3,1,4,6,5,3,3,"Democrat",0,1,0,"Joe Biden","Joe Biden",0,1,0,0,"$20,001-$40,000",2,"2yearColl",3,"Black or African American",0,0,44,"man",1,"Texas","McLennan","0.4765","92.48574837","58524",NA
261618,24.76,22.86,75.24,77.14,3,5,5.66666666666667,3.875,4,6,7,1.5,6,4,1,5,5,2,2,3,5,5,5,4,6,4,7,6,7,6,4,3,1,7,4,2,4,6,2,6,6,7,7,2,1,5,7,1,6,2,4,2,5,"Republican",1,0,0,"Donald Trump","Donald Trump",1,0,0,0,"$60,001-$80,000",4,"4yearColl",4,"Black or African American",0,0,25,"man",1,"Nevada","White Pine","0.4262","0.423622183","63070",NA
617896,31.03,28.07,68.97,71.93,3,4.66666666666667,6.16666666666667,4.125,3.5,6,6,1.5,6.5,5,1,5,5,3,2,2,4,5,5,6,6,5,7,6,7,6,4,4,2,6,4,3,4,6,1,6,6,6,6,2,1,6,7,1,7,2,5,NA,6,"Republican",1,0,0,"Donald Trump","Donald Trump",1,0,0,0,"$60,001-$80,000",4,"4yearColl",4,"Black or African American",0,0,25,"woman",0,"New Jersey","Middlesex","0.4304","1032.248366","98992",NA
610022,47.64,61.09,52.36,38.91,6.5,2.33333333333333,2.33333333333333,1.125,1,4,4.5,4.5,5.5,7,1,5,7,7,7,5,2,2,3,4,3,1,1,2,3,1,2,1,1,1,1,1,1,1,1,3,5,4,5,5,4,5,6,1,1,6,5,1,6,"Democrat",0,1,0,"Joe Biden","Joe Biden",0,1,0,0,"$40,001-$60,000",3,"GED",2,"Black or African American",0,0,27,"woman",0,"Pennsylvania","Philadelphia","0.5178","4531.771822","52882",NA
181734,64,95,36,5,7,1,1,1.5,1,2,3.5,5,6.5,7,1,5,7,7,7,7,1,1,1,1,1,1,1,1,1,1,1,1,1,4,1,2,1,1,1,2,2,2,5,5,5,6,7,1,1,1,2,2,3,"Independent",0,0,1,"Third-party candidate","Jill Stein",0,0,0,0,NA,NA,"2yearColl",3,"Asian",0,0,43,"man",1,"California","Los Angeles","0.4969","960.7427779","77356","For the first part of the survey, strictly speaking, I was talking about how the US itself behaves presently, not the principles the country was founded upon. The US government fixes or overthrows elections when it doesn't like the results so it doesn't value Democracy. They imprison journalists for telling the truth. They send police and the national guard to brutalize protestors for speaking out on humanitarian rights. And even for a ""capitalist"" nation they must sanction all other nations to prevent them from trading freely. Morally bankrupt."
811935,74.07,77.1,25.93,22.9,5,2.66666666666667,4.5,3.875,3,5.5,6,3,5.5,6,1,3,5,5,5,5,2,3,3,4,5,5,5,3,5,4,4,2,2,6,5,5,3,3,3,6,5,6,6,3,3,5,6,1,5,1,3,2,2,"Republican",1,0,0,"Donald Trump","Joe Biden",0,1,0,0,"$80,001-$100,000",5,"4yearColl",4,"White",1,0,60,"man",1,"Virginia","Virginia Beach","#N/A","#N/A","#N/A","Ive never seen things so bad as they are now"
747260,94.65,95.2,5.35,4.8,5,4.66666666666667,3,3.5,2.5,4,3.5,4.5,3.5,5,1,5,5,5,4,6,5,4,5,2,2,5,5,2,2,5,4,3,2,4,4,3,3,3,2,3,5,3,4,5,4,4,3,1,6,2,2,3,1,"Republican",1,0,0,"Donald Trump","Donald Trump",1,0,0,0,"$60,001-$80,000",4,"4yearColl",4,NA,NA,1,32,"woman",0,"Texas","Collin","0.4319","433.4078589","102119",NA
302818,37.34,34.47,62.66,65.53,4.25,5.66666666666667,5.83333333333333,3,4,5.5,6,2,7,7,1,5,6,4,5,2,4,6,7,5,7,6,5,6,6,7,7,1,2,2,2,2,1,6,2,4,7,6,6,3,1,7,7,1,6,6,6,3,6,"Democrat",0,1,0,"Joe Biden","Joe Biden",0,1,0,0,"$80,001-$100,000",5,"4yearColl",4,"Black or African American",0,0,40,"man",1,"Texas","Andrews","0.4602","4.584174535","70005",NA
864570,74.38,81.95,25.62,18.05,7,2.33333333333333,2.16666666666667,1.5,4,3,7,3.5,4,7,0,1,7,7,7,7,1,1,5,1,5,2,1,2,2,5,1,1,1,1,1,1,1,4,4,1,5,7,7,5,2,5,3,1,4,4,3,NA,3,"Democrat",0,1,0,"Joe Biden","Jill Stein",0,0,0,0,"$120,001-$140,000",7,"PHD",6,"Asian",0,0,30,"man",1,"California","Orange","0.4662","1541.02667","100210","None"
688952,32.38,41.47,67.62,58.53,4.5,3,4.83333333333333,1.75,3,5,6,2,4.5,6,1,5,6,4,5,3,2,5,2,5,5,5,4,4,6,4,1,2,3,1,1,1,1,4,2,4,6,6,6,2,2,5,4,1,4,5,3,2,5,"Democrat",0,1,0,"Joe Biden","Joe Biden",0,1,0,0,"Over $200,000",11,"MA",5,"Asian",0,0,45,"man",1,"Massachusetts","Plymouth","0.4599","300.0827076","99445",NA
355518,85.47,86.48,14.53,13.52,3,6,5.66666666666667,2,5,5.5,6,2,5,3,0,3,3,3,4,2,6,6,6,5,6,6,5,6,6,2,2,2,2,2,2,2,2,4,6,6,5,6,6,2,2,5,5,1,2,6,4,2,5,"Democrat",0,1,0,"I did not vote","Jill Stein",0,0,0,0,"$120,001-$140,000",7,"4yearColl",4,"White",1,0,63,"woman",0,"California","Santa Clara","0.4674","574.8383699","141161","None"
317699,75.15,73.3,24.85,26.7,5.75,1,2,4.25,2,5,6.5,4.5,5.5,7,1,5,5,7,4,7,1,1,1,1,1,5,3,1,1,4,6,4,4,6,3,4,3,2,2,5,5,6,7,5,4,5,6,1,7,2,1,3,1,"Independent",0,0,1,"Donald Trump","Donald Trump",1,0,0,0,"$60,001-$80,000",4,"4yearColl",4,"White",1,0,66,"woman",0,"Pennsylvania","Allegheny","0.4823","648.1038604","68874",NA
390680,39.01,38.47,60.99,61.53,5.75,5,5.5,1.75,7,7,7,1,7,5,1,5,7,6,7,3,5,5,5,1,5,6,7,7,7,4,1,1,1,3,1,2,1,7,7,7,7,7,7,1,1,7,7,1,NA,3,NA,NA,NA,"Independent",0,0,1,"Joe Biden","Joe Biden",0,1,0,0,"$60,001-$80,000",4,"4yearColl",4,"White",1,0,67,"woman",0,"Pennsylvania","York","0.4158","189.5970158","72949",NA
559573,68.87,67.66,31.13,32.34,5,3,2.66666666666667,1.375,3.5,5,5,4,5.5,7,1,4,5,5,5,5,5,3,1,5,5,1,1,1,3,1,2,1,2,2,1,1,1,5,2,5,5,5,5,3,5,5,6,1,1,7,7,4,6,"Democrat",0,1,0,"Joe Biden","Joe Biden",0,1,0,0,"$60,001-$80,000",4,"4yearColl",4,"Black or African American",0,0,25,"woman",0,"Texas","Travis","0.477","468.3628628","84519",NA
563590,36.75,46,63.25,54,5.25,3.33333333333333,4,2,4,5,6,4,5.5,2,1,4,5,5,6,5,2,5,3,3,3,3,7,2,6,5,5,1,1,1,1,1,1,5,3,3,7,6,6,5,3,5,6,1,2,6,NA,NA,5,"Independent",0,0,1,"Joe Biden","Joe Biden",0,1,0,0,"$0-$20,000",1,"GED",2,"White",1,0,65,"man",1,"Ohio","Coshocton","0.4348","25.04020235","50135","n/a"
957186,57.1,53.91,42.9,46.09,5.25,1.33333333333333,3.66666666666667,6.5,5,3.5,4.5,4.5,2.5,4,1,5,5,5,5,6,1,1,2,4,1,5,5,3,4,6,7,7,7,7,7,7,4,5,5,3,4,3,6,4,5,3,2,1,7,1,1,2,1,"Republican",1,0,0,"Donald Trump","Donald Trump",1,0,0,0,"Over $200,000",11,"MA",5,"Asian",0,0,35,"man",1,"Nevada","Clark","0.4697","104.7773624","63735",NA
668795,29.75,81.25,70.25,18.75,6.75,2.33333333333333,4,1.75,2.5,5,6.5,1.5,6,7,0,1,6,7,7,7,2,3,2,5,4,4,6,1,4,1,1,7,1,1,1,1,1,2,3,4,6,6,7,2,1,6,6,1,1,4,5,4,5,"Independent",0,0,1,"Joe Biden","Joe Biden",0,1,0,0,"$60,001-$80,000",4,"GED",2,"Black or African American",0,0,43,"woman",0,"Tennessee","Shelby","0.517","473.7972806","54931",NA
115381,47.2,47.99,52.8,52.01,5,2,3.5,4.25,2.5,5.5,5.5,3,4.5,5,1,5,5,5,7,3,2,1,3,2,2,6,6,1,4,4,5,4,3,6,4,4,4,2,3,6,5,6,5,4,2,5,4,1,6,3,1,3,3,"Republican",1,0,0,"Donald Trump","Donald Trump",1,0,0,0,"$20,001-$40,000",2,"4yearColl",4,"White",1,0,60,"woman",0,"Texas","Concho","0.4149","1.661359051","48563",NA
396293,55.3,55.3,44.7,44.7,4,4,4,4,4,4.5,4.5,3.5,5.5,5,1,3,4,4,4,4,4,4,4,4,4,4,4,4,4,4,4,4,4,4,4,4,4,4,4,4,5,4,5,4,3,5,6,1,2,3,3,2,3,"Democrat",0,1,0,"Joe Biden","Joe Biden",0,1,0,0,"$40,001-$60,000",3,"4yearColl",4,"White",1,0,32,"man",1,"Pennsylvania","Indiana","0.4416","40.01371619","51887",NA
648942,84.55,84.85,15.45,15.15,6,4,4,3.75,4.5,5,4.5,4.5,6.5,5,1,5,5,6,7,6,4,4,4,2,3,3,7,3,6,4,4,3,4,2,5,4,4,5,4,5,5,5,4,5,4,6,7,1,6,1,1,3,2,"Republican",1,0,0,"Donald Trump","Donald Trump",1,0,0,0,"$180,001-$200,000",10,"MA",5,"multiracial",0,1,37,"woman",0,"New York","Queens","0.4546","8158.437153","72807",NA
383209,74.6,72.95,25.4,27.05,2.5,5.66666666666667,5.66666666666667,2.5,4,4.5,6.5,4,3.5,5,1,5,3,2,2,3,6,6,5,4,4,7,7,6,6,4,2,1,3,3,2,2,3,4,4,2,7,7,6,4,4,3,4,1,7,1,3,2,4,"Republican",1,0,0,"Donald Trump","Donald Trump",1,0,0,0,"Over $200,000",11,"4yearColl",4,"White",1,1,23,"woman",0,"Pennsylvania","York","0.4158","189.5970158","72949",NA
962073,7.05999999999999,7.35999999999999,92.94,92.64,4.5,7,6.33333333333333,4,4.5,4,5,3,2.5,5,1,5,5,5,5,3,7,7,7,6,6,7,6,7,6,5,5,3,3,5,5,3,3,5,4,6,2,4,6,2,4,2,3,1,1,6,1,7,1,"Republican",1,0,0,"Donald Trump","Donald Trump",1,0,0,0,"$80,001-$100,000",5,"MA",5,"Black or African American",0,0,NA,"man",1,"New York","Erie","0.4649","340.609971","63014",NA
155472,27.15,29.65,72.85,70.35,4.25,4.66666666666667,4.33333333333333,1.5,3.5,4.5,6,4,4,3,1,5,6,3,5,3,5,6,3,6,5,3,3,6,3,2,1,1,1,2,2,2,1,4,3,3,6,6,6,5,3,5,3,1,1,5,5,1,6,"Democrat",0,1,0,"Joe Biden","Joe Biden",0,1,0,0,"$60,001-$80,000",4,"4yearColl",4,NA,NA,1,21,"woman",0,"New York","Queens","0.4546","8158.437153","72807",NA
697765,73.5,78.71,26.5,21.29,6,2,3,1.25,3.5,6,5,4.5,5,7,1,5,7,6,5,6,2,2,2,5,3,2,3,2,3,2,1,2,1,1,1,1,1,4,3,6,6,4,6,6,3,5,5,1,4,5,5,5,5,"Independent",0,0,1,"Joe Biden","Robert F. Kennedy Jr.",0,0,1,0,"$80,001-$100,000",5,"MA",5,"Black or African American",0,0,56,"man",1,"Ohio","Summit","0.4792","506.7518997","63191",NA
724867,80.88,88.6,19.12,11.4,6.25,1,2,1.625,3,6,5.5,4,6,7,1,4,7,6,7,5,1,1,1,1,2,1,4,2,2,1,1,2,3,1,3,1,1,3,3,6,6,5,6,5,3,6,6,1,NA,NA,NA,NA,NA,"Democrat",0,1,0,"Joe Biden","Robert F. Kennedy Jr.",0,0,1,0,NA,NA,"4yearColl",4,"Black or African American",0,0,47,"woman",0,"Georgia","Richmond","0.4825","239.8436152","47816",NA
913577,76.19,80.73,23.81,19.27,6.5,3,2.66666666666667,1.375,5,5,6,3,5.5,7,1,4,7,7,7,5,3,3,3,3,4,3,2,1,3,4,1,1,1,1,1,1,1,7,3,4,6,7,5,4,2,7,4,1,3,3,6,5,5,"Independent",0,0,1,"Joe Biden","Joe Biden",0,1,0,0,"$120,001-$140,000",7,"4yearColl",4,"Asian",0,0,26,"man",1,"California","Orange","0.4662","1541.02667","100210","I have nothing to add"
120410,61.42,62.65,38.58,37.35,6.75,1,2.33333333333333,1,2,5,5,3.5,5.5,7,1,5,7,7,7,6,1,1,1,2,4,1,2,1,4,1,1,1,1,1,1,1,1,2,2,5,5,4,6,4,3,6,5,1,1,5,7,2,7,"Democrat",0,1,0,"Joe Biden","Joe Biden",0,1,0,0,"$60,001-$80,000",4,"4yearColl",4,"Black or African American",0,0,34,"woman",0,"Pennsylvania","York","0.4158","189.5970158","72949",NA
224897,28.66,25.93,71.34,74.07,3.25,6,5.66666666666667,1.375,3,6.5,7,1,6,4,1,5,3,4,4,2,6,6,6,5,6,6,6,5,6,1,1,1,1,3,1,2,1,5,1,7,6,7,7,1,1,5,7,1,4,3,5,3,5,"Democrat",0,1,0,"Joe Biden","Donald Trump",1,0,0,0,"$40,001-$60,000",3,"4yearColl",4,"Black or African American",0,0,54,"woman",0,"Texas","Dallas","0.491","1145.193915","63549",NA
911611,78.66,83.53,21.34,16.47,5.25,2.33333333333333,3.83333333333333,1.625,2,5,4.5,2.5,6,6,1,4,4,7,4,6,2,2,3,4,5,2,4,3,5,2,1,1,1,5,1,1,1,1,3,5,5,5,4,3,2,6,6,1,1,5,4,NA,NA,"Independent",0,0,1,"Joe Biden","Joe Biden",0,1,0,0,"$80,001-$100,000",5,"4yearColl",4,"Black or African American",0,0,22,"man",1,"California","Alameda","0.4633","860.7570749","108971",NA
841435,32.52,33.56,67.48,66.44,4.75,3.33333333333333,5,4.25,6,6,6,1.5,5.5,2,1,5,2,6,5,6,3,1,6,3,2,7,7,5,6,6,2,4,4,6,6,4,2,6,6,6,6,6,6,2,1,6,5,1,6,1,1,4,2,"Independent",0,0,1,"Donald Trump","Donald Trump",1,0,0,0,"Over $200,000",11,"MA",5,"White",1,0,76,"man",1,"Georgia","Fayette","0.4322","221.2247862","92319",NA
504524,75.4,73.69,24.6,26.31,5,4,3.16666666666667,1.125,3.5,5,3.5,4,5.5,6,1,4,6,5,4,5,3,4,5,4,2,2,4,4,3,2,1,1,1,1,1,1,1,4,3,5,5,5,2,5,3,5,6,1,1,3,5,3,4,"Democrat",0,1,0,"I did not vote","Joe Biden",0,1,0,0,NA,NA,"GED",2,"multiracial",0,0,20,"woman",0,"Illinois","Cook","0.5052","2134.420727","72063",NA
308439,78.9,87.98,21.1,12.02,5.75,1.33333333333333,2,2.125,6,6,5.5,3.5,6,6,0,2,7,5,5,6,2,1,1,1,5,2,1,2,1,6,1,2,2,2,2,1,1,6,6,6,6,6,5,5,2,7,5,1,4,5,3,4,5,"Democrat",0,1,0,"Joe Biden","Joe Biden",0,1,0,0,"$60,001-$80,000",4,"4yearColl",4,"multiracial",0,0,29,"man",1,"Virginia","James City","0.4209","201.1067399","92270",NA
445472,23.34,26.32,76.66,73.68,3,5,4.83333333333333,4.875,5,6.5,6.5,2,4,1,1,5,3,3,3,3,5,5,5,3,5,5,6,5,5,6,5,5,4,5,6,4,4,5,5,6,7,6,7,2,2,5,3,1,5,3,1,5,4,"Independent",0,0,1,"Donald Trump","Donald Trump",1,0,0,0,"$100,001-$120,000",6,"2yearColl",3,"White",1,0,61,"woman",0,"North Carolina","Iredell","0.4688","116.0105487","69734",NA
885920,38.36,61.06,61.64,38.94,7,1.66666666666667,2,2.125,4.5,5,6,2,6.5,7,1,5,7,7,7,7,1,2,2,1,2,1,5,1,2,1,1,7,1,2,2,2,1,3,6,4,6,5,7,2,2,7,6,1,3,4,3,5,4,"Independent",0,0,1,"Joe Biden","Cornel West",0,0,0,0,"$60,001-$80,000",4,"2yearColl",3,"Black or African American",0,0,34,"man",1,"Florida","Leon","0.4968","166.8139264","57246",NA
510591,56.1,58.6,43.9,41.4,3.5,5,5.66666666666667,3,4.5,6,5.5,3,6.5,5,0,1,6,1,5,2,5,5,5,5,6,5,6,6,6,6,5,1,3,6,1,1,1,6,3,7,5,6,5,4,2,6,7,1,4,4,NA,4,5,"Republican",1,0,0,"Donald Trump","Donald Trump",1,0,0,0,"$140,001-$160,000",8,"MA",5,"Black or African American",0,0,32,"man",1,"Illinois","Clinton","0.4238","30.65007094","77272",NA
562442,70.35,85.5,29.65,14.5,6.75,1,5.33333333333333,3.25,5.5,6,5.5,1.5,4.5,6,1,5,7,7,6,7,1,1,1,6,5,6,7,6,2,5,3,1,4,2,6,3,2,6,5,6,6,5,6,1,2,6,3,1,2,6,6,3,5,"Democrat",0,1,0,"Joe Biden","Joe Biden",0,1,0,0,"$60,001-$80,000",4,"GED",2,"White",1,0,61,"woman",0,"Ohio","Van Wert","0.3856","26.68768789","61842",NA
303744,32.2,33.54,67.8,66.46,4,4,4.66666666666667,4,4,4.5,4.5,3.5,5,4,1,3,4,4,4,4,4,4,4,4,6,4,6,4,4,4,4,4,4,4,4,4,4,4,4,4,5,5,4,4,3,6,4,1,6,5,6,5,5,"Republican",1,0,0,"Donald Trump","Donald Trump",1,0,0,0,"$40,001-$60,000",3,"MA",5,"Black or African American",0,0,38,"woman",0,"Wisconsin","Brown","0.4369","189.2196973","67232",NA
634422,43.25,70.75,56.75,29.25,6,2,2.33333333333333,1.125,5,6,5.5,5,7,7,1,5,6,6,5,7,2,2,2,2,4,1,2,2,3,1,1,1,1,2,1,1,1,5,5,5,7,6,5,5,5,7,7,1,1,6,5,4,6,"Independent",0,0,1,"Joe Biden","Joe Biden",0,1,0,0,"$60,001-$80,000",4,"2yearColl",3,"White",1,0,28,"woman",0,"California","San Diego","0.4615","302.9941503","90756",NA
167995,91.5,90.9,8.5,9.1,4.5,3.33333333333333,3.66666666666667,1.75,2,6,5,1.5,6.5,5,1,5,5,4,5,4,4,4,2,4,4,2,4,4,4,1,1,1,3,3,2,2,1,2,2,6,6,6,4,1,2,6,7,1,3,5,3,3,5,"Independent",0,0,1,"Joe Biden","Joe Biden",0,1,0,0,"$120,001-$140,000",7,"GED",2,"Black or African American",0,0,51,"man",1,"Georgia","Gwinnett","0.436","809.1434093","75021",NA
773336,55.55,61.24,44.45,38.76,6.5,2,2.83333333333333,1.75,3.5,3.5,6.5,3.5,7,6,1,5,7,7,6,6,2,2,2,2,6,1,1,2,5,2,1,1,1,6,1,1,1,4,3,2,5,6,7,4,3,7,7,1,1,4,7,1,7,"Democrat",0,1,0,"Joe Biden","Joe Biden",0,1,0,0,"$80,001-$100,000",5,"4yearColl",4,"White",1,1,24,"woman",0,"New York","Kings","0.5286","14475.02544","66943",NA
649375,23.81,28.46,76.19,71.54,3,6,6,2,4,5.5,6.5,2.5,5,4,1,4,2,4,4,2,6,6,6,6,6,5,6,6,7,4,4,2,1,2,1,1,1,6,2,5,6,6,7,3,2,6,4,1,NA,NA,5,2,5,"Republican",1,0,0,"I did not vote","Joe Biden",0,1,0,0,"$80,001-$100,000",5,"4yearColl",4,"Black or African American",0,0,24,"man",1,"California","Los Angeles","0.4969","960.7427779","77356","NO COMMENTS"
675465,40,40.1,60,59.9,6,2.33333333333333,3.5,4.625,1.5,3,6,4.5,4,7,1,5,5,7,6,6,2,2,3,1,5,3,5,2,5,5,6,3,3,5,6,5,4,2,1,3,3,6,6,5,4,3,5,1,7,2,1,5,3,"Republican",1,0,0,"Donald Trump","Donald Trump",1,0,0,0,"$120,001-$140,000",7,"GED",2,"White",1,0,51,"man",1,"Washington","Clark","0.4221","285.9036491","83790",NA
661449,45.94,47.41,54.06,52.59,5.25,3,3.16666666666667,1.75,6,6,4,3,5.5,4,1,5,7,5,4,5,3,4,2,3,4,2,4,3,3,2,2,2,2,2,2,1,1,6,6,6,6,2,6,3,3,6,5,1,1,4,7,2,7,"Democrat",0,1,0,"Joe Biden","Joe Biden",0,1,0,0,"$100,001-$120,000",6,"4yearColl",4,"Black or African American",0,0,25,"man",1,"Iowa","Johnson","0.4888","92.59088846","68664",NA
286288,47.91,44.18,52.09,55.82,4.25,4.66666666666667,3,3.25,3,4.5,4.5,3,5.5,6,1,1,5,5,4,3,4,5,5,2,3,3,4,3,3,5,5,1,3,2,4,3,3,3,3,4,5,6,3,3,3,5,6,1,4,4,3,2,5,"Democrat",0,1,0,"Joe Biden","Donald Trump",1,0,0,0,"$40,001-$60,000",3,"4yearColl",4,"Black or African American",0,0,24,"woman",0,"Kentucky","Christian","0.4925","38.88576193","48416",NA
274872,19.7,29,80.3,71,4.25,4.33333333333333,4.83333333333333,1,1.5,5.5,5,3,5,5,1,4,5,4,5,3,4,5,4,4,5,4,6,5,5,1,1,1,1,1,1,1,1,2,1,5,6,5,5,4,2,5,5,1,2,5,NA,NA,4,"Democrat",0,1,0,"Joe Biden","Joe Biden",0,1,0,0,"$80,001-$100,000",5,"GED",2,"Black or African American",0,0,36,"woman",0,"Indiana","Lake","0.4492","376.8351487","61468",NA
708612,16,15,84,85,4.25,5.66666666666667,5.66666666666667,1,4.5,7,6.5,5,5.5,5,1,5,5,5,5,2,5,6,6,5,6,6,6,5,6,1,1,1,1,1,1,1,1,4,5,7,7,6,7,6,4,5,6,1,2,5,6,4,6,"Democrat",0,1,0,"Joe Biden","Joe Biden",0,1,0,0,"$20,001-$40,000",2,"2yearColl",3,"White",1,0,65,"woman",0,"Indiana","Delaware","0.4601","113.8465819","50533",NA
277851,52.64,54.4,47.36,45.6,6.25,4,2.5,4.125,3.5,3.5,6,4.5,4.5,4,1,5,5,7,7,6,5,2,5,1,1,5,5,2,1,4,5,3,3,6,5,5,2,4,3,4,3,5,7,6,3,5,4,1,5,3,1,4,1,"Independent",0,0,1,"Donald Trump","Donald Trump",1,0,0,0,"$60,001-$80,000",4,"4yearColl",4,"White",1,1,26,"man",1,"Georgia","Fulton","0.5342","749.0585218","82820",NA
307213,41.9,49.58,58.1,50.42,6.5,3.33333333333333,4.5,1.125,4,7,6,2.5,4.5,7,1,3,7,7,7,5,2,2,6,4,6,3,6,5,3,2,1,1,1,1,1,1,1,5,3,7,7,7,5,2,3,6,3,1,3,4,5,NA,4,"Democrat",0,1,0,"Joe Biden","Joe Biden",0,1,0,0,"$20,001-$40,000",2,"GED",2,"Black or African American",0,0,43,"woman",0,"Tennessee","Rutherford","0.4115","191.4947533","77942",NA
566343,72.7,92.95,27.3,7.05,6.5,2,3.66666666666667,1.375,2.5,4,5.5,4,6.5,6,1,5,7,6,6,7,2,2,2,4,3,4,3,3,5,2,1,2,2,1,1,1,1,3,2,2,6,6,5,5,3,6,7,1,1,7,5,NA,6,"Democrat",0,1,0,"Joe Biden","Joe Biden",0,1,0,0,"$100,001-$120,000",6,"MA",5,"Black or African American",0,0,32,"woman",0,"South Carolina","Greenville","0.4754","245.1195013","68487",NA
607444,73.29,72.8,26.71,27.2,5,3,2.5,3.125,3.5,5,6,2,4,5,0,2,2,7,5,6,3,3,3,1,3,3,4,2,2,4,2,2,4,4,3,3,3,3,4,5,5,6,6,2,2,5,3,1,3,4,3,NA,5,"Independent",0,0,1,"I did not vote","Other",0,0,0,1,"$60,001-$80,000",4,"4yearColl",4,"Black or African American",0,0,36,"man",1,"North Carolina","Catawba","0.4571","150.7660738","59841",NA
222399,47.6,48,52.4,52,4.25,4.33333333333333,4.5,4,4.5,4,4.5,4,3.5,6,1,2,4,5,4,4,5,4,4,4,5,4,5,4,5,5,5,3,3,5,4,4,3,5,4,3,5,5,4,4,4,4,3,1,4,4,4,3,4,"Republican",1,0,0,"Donald Trump","Donald Trump",1,0,0,0,"$60,001-$80,000",4,"4yearColl",4,"Black or African American",0,0,28,"woman",0,"New York","Greene","0.4591","28.40871645","61375",NA
123004,35.13,40.1,64.87,59.9,4.75,3.66666666666667,4.16666666666667,3.125,4.5,5,5.5,2,5.5,5,1,4,5,5,5,4,3,3,5,3,5,3,6,2,6,3,5,4,3,3,2,3,2,6,3,5,5,5,6,2,2,5,6,1,1,7,7,3,4,"Democrat",0,1,0,"I did not vote","Joe Biden",0,1,0,0,"$60,001-$80,000",4,"4yearColl",4,"Black or African American",0,0,32,"man",1,"Illinois","Clay","0.4513","10.99754848","51042",NA
874000,56.68,61.88,43.32,38.12,4,5,4.33333333333333,1,4,6.5,6.5,1.5,6.5,6,1,5,5,3,5,3,5,5,5,5,5,5,5,3,3,1,1,1,1,1,1,1,1,5,3,7,6,6,7,1,2,6,7,1,2,5,5,2,5,"Democrat",0,1,0,"Joe Biden","Joe Biden",0,1,0,0,"$140,001-$160,000",8,"4yearColl",4,"Black or African American",0,0,33,"woman",0,"Florida","Seminole","0.4476","567.9030651","70470","No comment"
712478,49.1,93.95,50.9,6.05,7,1,2.83333333333333,1.375,7,7,6.5,6,4,7,1,5,7,7,7,7,1,1,1,4,4,1,1,4,3,4,1,1,1,1,1,1,1,7,7,7,7,6,7,5,7,2,6,1,1,1,NA,1,NA,"Independent",0,0,1,"I did not vote","Robert F. Kennedy Jr.",0,0,1,0,"$0-$20,000",1,"2yearColl",3,NA,NA,1,29,"woman",0,"Illinois","Cook","0.5052","2134.420727","72063",NA
283617,27.15,26.3,72.85,73.7,6.75,3,4.66666666666667,3,3,4,6.5,2,5.5,6,0,1,7,7,7,6,3,3,3,1,5,6,5,5,6,2,3,1,2,6,2,7,1,3,3,3,5,7,6,2,2,6,5,1,3,6,5,4,6,"Democrat",0,1,0,"I did not vote","Joe Biden",0,1,0,0,"$140,001-$160,000",8,"2yearColl",3,NA,NA,1,37,"woman",0,"Texas","Fort Bend","0.4263","331.3226402","98070",NA
503094,24.45,29.9,75.55,70.1,5.25,5,5.5,3.375,3.5,4,4,5,5,5,1,2,6,6,6,3,5,5,5,5,5,6,6,5,6,5,4,5,3,3,2,2,3,5,2,3,5,5,3,5,5,5,5,1,4,5,4,5,5,"Independent",0,0,1,"Donald Trump","Donald Trump",1,0,0,0,"$40,001-$60,000",3,"2yearColl",3,"White",1,1,48,"woman",0,"Ohio","Cuyahoga","0.5086","1058.845542","55250",NA
594094,83.26,84.35,16.74,15.65,6,3,3.16666666666667,1.75,6.5,6.5,6,4.5,5.5,5,0,1,6,6,6,6,3,3,3,2,5,1,4,3,4,3,3,2,1,2,1,1,1,6,7,7,6,5,7,5,4,5,6,1,2,5,4,NA,NA,"Independent",0,0,1,"I did not vote","Other",0,0,0,1,"$0-$20,000",1,"2yearColl",3,"multiracial",0,0,24,"woman",0,"Maryland","Anne Arundel","0.4161","528.4397218","107281",NA
189665,18.3,18.7,81.7,81.3,5.75,3,4.5,1.75,3,5,6,3.5,5.5,5,1,5,7,6,4,6,3,3,3,2,6,6,7,4,2,1,1,1,1,5,1,2,2,4,2,6,4,6,6,5,2,5,6,1,NA,NA,6,NA,NA,"Democrat",0,1,0,"Joe Biden","Joe Biden",0,1,0,0,"$100,001-$120,000",6,"GED",2,"White",1,0,67,"woman",0,"Michigan","Oakland","0.4668","556.7798567","86597",NA
502561,97.92,96.97,2.08,3.03,6.75,1.66666666666667,1.66666666666667,1.75,1.5,7,4,3.5,6.5,7,1,5,7,7,6,7,1,1,3,1,1,2,4,1,1,1,1,1,1,7,1,1,1,1,2,7,7,5,3,4,3,6,7,1,4,NA,NA,NA,4,"Independent",0,0,1,"Third-party candidate","Robert F. Kennedy Jr.",0,0,1,0,NA,NA,"GED",2,"Black or African American",0,0,41,"woman",0,"New York","New York","0.5968","27819.8048","84371",NA
399193,57.55,60,42.45,40,6.25,5,4.66666666666667,1.375,4.5,5.5,5.5,3,4.5,3,1,5,7,7,7,4,5,5,5,4,6,6,6,1,5,2,2,1,1,2,1,1,1,5,4,4,7,6,5,3,3,6,3,1,1,7,7,1,7,"Democrat",0,1,0,"Joe Biden","Joe Biden",0,1,0,0,"$20,001-$40,000",2,"2yearColl",3,"White",1,0,65,"man",1,"Florida","Escambia","0.4544","183.0818998","54492","no comments"
636925,67.37,70.69,32.63,29.31,6.75,2,1.66666666666667,1,1.5,6.5,6,5.5,6,6,1,5,7,7,7,6,2,2,2,1,2,1,2,2,2,1,1,1,1,1,1,1,1,1,2,7,6,5,7,7,4,5,7,1,2,6,5,6,6,"Democrat",0,1,0,"Joe Biden","Joe Biden",0,1,0,0,"$40,001-$60,000",3,"GED",2,"White",1,1,25,"woman",0,"New York","Bronx","0.5117","13202.5153","43143",NA
702254,40.72,40.58,59.28,59.42,4.5,5,5,1.5,3,6,7,1,6,3,1,5,5,5,5,3,5,5,5,5,5,5,5,5,5,3,1,1,1,3,1,1,1,5,1,7,5,7,7,1,1,6,6,1,2,3,5,3,4,"Democrat",0,1,0,"Joe Biden","Joe Biden",0,1,0,0,"$120,001-$140,000",7,"4yearColl",4,NA,NA,1,40,"woman",0,"Texas","Randall","0.4377","56.08887126","72082",NA
856945,67.75,68.79,32.25,31.21,6,2.66666666666667,3.83333333333333,3.75,3,6,6.5,1.5,4,2,1,5,7,5,6,6,1,2,5,1,1,6,6,4,5,4,4,4,4,4,4,4,2,3,3,6,6,7,6,2,1,5,3,1,6,2,1,3,1,"Republican",1,0,0,"Donald Trump","Donald Trump",1,0,0,0,"$120,001-$140,000",7,"4yearColl",4,"White",1,0,54,"woman",0,"North Carolina","Mecklenburg","0.4901","777.490679","75138",NA
879936,89.22,91.37,10.78,8.63,5.75,3.66666666666667,3.16666666666667,4.125,2.5,5,6,2.5,6,5,1,5,7,6,5,5,3,5,3,2,3,3,7,2,2,4,3,4,5,6,6,4,1,3,2,7,3,6,6,2,3,6,6,1,3,5,3,5,5,"Democrat",0,1,0,"Joe Biden","Joe Biden",0,1,0,0,"$20,001-$40,000",2,"MA",5,"multiracial",0,0,74,"woman",0,"New Mexico","Valencia","0.4312","27.49185961","50510",NA
623378,65.35,78.75,34.65,21.25,6.75,2,3.16666666666667,1.375,5.5,5.5,5,2,7,6,1,4,7,7,7,6,2,2,2,2,5,1,4,1,6,1,1,1,1,2,1,3,1,6,5,6,5,6,4,2,2,7,7,1,1,5,NA,1,5,"Independent",0,0,1,"Joe Biden","Joe Biden",0,1,0,0,"$140,001-$160,000",8,"MA",5,"White",1,0,64,"man",1,"Indiana","Hamilton","0.442","309.5004043","108203",NA
109653,50.87,52.02,49.13,47.98,4.5,4,5.33333333333333,1.75,4,5.5,6.5,6.5,6,2,1,5,6,3,5,4,3,4,5,5,6,3,7,6,5,1,3,1,4,2,1,1,1,3,5,6,5,7,6,7,6,5,7,1,1,7,5,4,6,"Democrat",0,1,0,"Joe Biden","Joe Biden",0,1,0,0,"$20,001-$40,000",2,"GED",2,"White",1,0,61,"woman",0,"Washington","Jefferson","0.4686","6.605031399","61548",NA
940438,44.4,44.89,55.6,55.11,3.75,4.66666666666667,5.5,1,3,6.5,6.5,3.5,6,4,1,5,2,5,4,4,4,5,5,6,6,6,6,6,3,1,1,1,1,1,1,1,1,3,3,6,7,6,7,5,2,6,6,1,NA,NA,NA,NA,NA,"Independent",0,0,1,"Joe Biden","Joe Biden",0,1,0,0,"$60,001-$80,000",4,"GED",2,"White",1,0,60,"woman",0,"Indiana","Henry","0.4154","47.76859054","52994",NA
148235,71.15,94.08,28.85,5.92,7,1,1.83333333333333,1.5,3.5,4.5,7,1.5,7,7,1,5,7,7,7,7,1,1,1,3,1,1,1,2,3,2,2,1,1,2,2,1,1,3,4,4,5,7,7,2,1,7,7,1,2,6,6,6,7,"Democrat",0,1,0,"I did not vote","Joe Biden",0,1,0,0,"$0-$20,000",1,"GED",2,"Black or African American",0,0,37,"man",1,"Oklahoma","Washita","0.4124","4.399986391","51073",NA
434801,71.34,71.16,28.66,28.84,2.25,5.66666666666667,5.33333333333333,4,3,5.5,6,2,5.5,5,1,4,2,2,2,3,5,6,6,6,6,4,6,4,6,4,4,4,4,4,4,4,4,2,4,6,5,6,6,2,2,5,6,1,2,5,5,5,5,"Democrat",0,1,0,"Joe Biden","Joe Biden",0,1,0,0,"$120,001-$140,000",7,"4yearColl",4,"Black or African American",0,0,23,"man",1,"California","Los Angeles","0.4969","960.7427779","77356",NA
593791,90.05,89.37,9.95,10.63,5.25,3,4.83333333333333,3.625,3,6,5,2.5,4,6,1,5,6,5,5,5,3,1,5,5,4,6,6,3,5,4,4,2,2,5,6,3,3,3,3,6,6,5,5,2,3,4,4,1,6,1,1,4,2,"Republican",1,0,0,"Donald Trump","Donald Trump",1,0,0,0,"$60,001-$80,000",4,"2yearColl",3,"multiracial",0,0,77,"man",1,"North Carolina","Gaston","0.4582","235.0834095","56017",NA
286195,53,57.85,47,42.15,6.75,1,2.66666666666667,3,3,5,5.5,2.5,5.5,5,1,5,6,7,7,7,1,1,1,3,2,4,1,2,4,4,4,2,3,4,4,2,1,5,1,4,6,6,5,3,2,6,5,1,3,5,6,4,7,"Democrat",0,1,0,"Joe Biden","Joe Biden",0,1,0,0,"$40,001-$60,000",3,"2yearColl",3,"Black or African American",0,0,60,"woman",0,"Virginia",NA,NA,NA,NA,NA
441582,11.07,18.31,88.93,81.69,4.25,5,5,2.625,2,4,7,4.5,5,5,0,2,3,5,6,3,5,5,5,4,6,5,6,4,5,5,1,3,1,2,3,3,3,2,2,3,5,7,7,5,4,5,5,1,4,4,4,4,4,"Independent",0,0,1,"I did not vote","Donald Trump",1,0,0,0,"$20,001-$40,000",2,"GED",2,NA,NA,1,29,"man",1,"Texas","El Paso","0.4681","319.2109187","50983",NA
292174,67,71.32,33,28.68,5.75,3,2.33333333333333,1,6.5,4.5,5.5,1.5,7,5,1,5,6,6,5,6,2,5,2,1,1,5,4,1,2,1,1,1,1,1,1,1,1,7,6,4,5,6,5,1,2,7,7,1,2,6,6,4,6,"Democrat",0,1,0,"Joe Biden","Joe Biden",0,1,0,0,"$180,001-$200,000",10,"4yearColl",4,"White",1,0,60,"woman",0,"California","San Diego","0.4615","302.9941503","90756","Thank you"
109548,47,47,53,53,4,2.33333333333333,3.83333333333333,1,5.5,6,7,3.5,5,6,1,5,5,3,3,5,1,5,1,4,6,5,5,1,2,1,1,1,1,1,1,1,1,5,6,5,7,7,7,4,3,4,6,1,1,2,3,1,2,"Democrat",0,1,0,"Joe Biden","Joe Biden",0,1,0,0,"$40,001-$60,000",3,"MA",5,"White",1,0,64,"woman",0,"Arizona","Maricopa","0.4572","178.541174","76230",NA
710655,79.47,81.56,20.53,18.44,6,1,1.33333333333333,2.375,4,4,3.5,5.5,6,7,1,5,7,5,5,7,1,1,1,1,2,1,1,1,2,2,3,2,2,3,2,3,2,5,3,4,4,5,2,6,5,5,7,1,1,5,5,NA,NA,"Democrat",0,1,0,"Joe Biden","Joe Biden",0,1,0,0,"$60,001-$80,000",4,"GED",2,NA,NA,1,28,"woman",0,"Texas","Falls","0.522","8.72565312","46173",NA
455197,56.57,45.13,43.43,54.87,5.25,5.66666666666667,4.16666666666667,1.875,2,5.5,6,4,5.5,1,1,5,7,6,5,3,6,4,7,6,2,6,4,2,5,1,1,2,1,2,2,4,2,2,2,6,5,5,7,4,4,4,7,1,NA,NA,NA,NA,NA,"Democrat",0,1,0,"Joe Biden","Joe Biden",0,1,0,0,"$40,001-$60,000",3,"GED",2,"White",1,0,62,"woman",0,"Arizona","Maricopa","0.4572","178.541174","76230","none"
890873,67.75,68.78,32.25,31.22,5.5,1.66666666666667,2,3.5,2,5,6.5,1.5,3,5,1,5,7,6,4,5,1,2,2,2,1,1,3,3,2,6,5,2,1,6,5,2,1,2,2,5,5,7,6,1,2,5,1,1,2,4,6,2,5,"Democrat",0,1,0,"Joe Biden","Joe Biden",0,1,0,0,"$80,001-$100,000",5,"PHD",6,"White",1,0,66,"woman",0,"Texas","Bexar","0.4654","599.5581109","63014",NA
320676,84.1,83.72,15.9,16.28,5.75,3,2.66666666666667,1.625,3.5,2.5,4,4,5.5,7,1,5,7,6,6,4,2,5,2,1,5,1,4,4,1,1,1,1,2,5,1,1,1,2,5,3,2,4,4,3,5,5,6,1,1,5,7,1,7,"Democrat",0,1,0,"Joe Biden","Joe Biden",0,1,0,0,"$40,001-$60,000",3,"4yearColl",4,NA,NA,1,40,"man",1,"Missouri","St. Louis","0.4968","759.9012477","72507",NA
477348,40.6,40.6,59.4,59.4,4.75,3.33333333333333,4.16666666666667,2.625,3.5,6,5.5,2.5,5.5,2,1,5,4,5,5,5,2,6,2,3,6,4,6,3,3,2,2,2,2,5,3,2,3,4,3,6,6,5,6,2,3,5,6,1,NA,NA,NA,NA,NA,"Independent",0,0,1,"Joe Biden","Joe Biden",0,1,0,0,"$20,001-$40,000",2,"4yearColl",4,"White",1,0,63,"woman",0,"Ohio","Mahoning","0.4713","216.7995986","50216",NA
912208,21.7,22,78.3,78,5.75,3,3.66666666666667,2,3.5,5,5,3.5,5,1,1,5,5,7,7,4,4,1,4,1,2,7,7,2,3,4,1,1,1,5,2,1,1,4,3,3,7,6,4,5,2,6,4,1,7,2,1,2,4,"Republican",1,0,0,"Donald Trump","Donald Trump",1,0,0,0,"$60,001-$80,000",4,"4yearColl",4,"White",1,0,71,"woman",0,"Oregon","Douglas","0.422","8.305534845","52042","Thanks"
677813,37,44.4,63,55.6,5.5,2.66666666666667,3.66666666666667,2.25,4,6.5,6.5,1,6.5,5,1,5,6,6,6,4,2,3,3,3,5,1,4,4,5,3,3,2,1,3,3,2,1,5,3,6,7,7,6,1,1,7,6,1,1,7,4,3,3,"Democrat",0,1,0,"Joe Biden","Joe Biden",0,1,0,0,"$20,001-$40,000",2,"MA",5,"Black or African American",0,1,26,"man",1,"Iowa","Story","0.4747","65.34233437","65137",NA
651177,24.76,24.55,75.24,75.45,3.75,3.66666666666667,3.83333333333333,1.125,3,5.5,6,2,6,3,1,5,3,4,4,4,4,4,3,3,4,4,6,4,2,1,1,1,1,2,1,1,1,3,3,6,5,6,6,2,2,6,6,1,1,6,4,1,7,"Democrat",0,1,0,"Joe Biden","Joe Biden",0,1,0,0,"$40,001-$60,000",3,"2yearColl",3,"White",1,1,31,"man",1,"Florida","Brevard","0.4553","219.3764634","65280",NA
383165,64.85,75.75,35.15,24.25,4.25,2.66666666666667,4.83333333333333,1.375,3,6,4.5,3,5.5,5,1,5,5,5,3,4,3,3,2,3,6,6,4,4,6,1,1,1,1,4,1,1,1,3,3,7,5,5,4,3,3,5,6,1,2,6,6,NA,6,"Democrat",0,1,0,"Joe Biden","Joe Biden",0,1,0,0,"$40,001-$60,000",3,"MA",5,"White",1,0,71,"woman",0,"Massachusetts","Middlesex","0.4697","753.0895333","112345",NA
583611,57.89,77.73,42.11,22.27,4.75,3,3.33333333333333,3.125,2.5,5.5,5,4,5,4,1,5,6,5,2,6,2,4,3,4,4,4,2,2,4,4,1,3,3,4,3,3,4,2,3,6,5,5,5,5,3,5,5,1,2,5,5,4,4,"Democrat",0,1,0,"Joe Biden","Joe Biden",0,1,0,0,NA,NA,"PHD",6,"White",1,0,NA,"woman",0,"Maryland","Montgomery","0.4681","814.4747962","112352",NA
240654,78,88,22,12,5.75,4,3,2,3.5,7,6.5,3.5,6,5,1,5,7,6,5,5,4,4,4,3,3,2,4,3,3,1,1,1,1,4,4,3,1,4,3,7,7,6,7,4,3,5,7,1,NA,4,NA,NA,NA,"Democrat",0,1,0,"Joe Biden","Joe Biden",0,1,0,0,"$40,001-$60,000",3,"MA",5,NA,NA,1,27,"woman",0,"Texas","Hidalgo","0.4785","208.7663614","44260",NA
571353,20.7,17.48,79.3,82.52,4.75,3.66666666666667,4,2.875,5.5,6.5,7,2.5,4.5,3,1,5,5,5,4,5,3,3,5,2,3,5,6,5,3,3,1,2,2,5,4,3,3,5,6,7,6,7,7,2,3,6,3,1,5,2,1,5,3,"Republican",1,0,0,"Donald Trump","Donald Trump",1,0,0,0,"$140,001-$160,000",8,"4yearColl",4,"White",1,0,66,"woman",0,"Oregon","Multnomah","0.4716","715.2753775","77851",NA
879179,79.7,81.7,20.3,18.3,6,1,3,3,4,6,7,2,6.5,7,0,2,6,6,6,6,1,1,1,1,3,5,6,1,2,5,3,1,3,3,3,3,3,5,3,6,6,7,7,2,2,6,7,1,4,5,1,5,1,"Independent",0,0,1,"Third-party candidate","Robert F. Kennedy Jr.",0,0,1,0,"$100,001-$120,000",6,"4yearColl",4,NA,NA,1,34,"woman",0,"Kentucky","Warren","0.489","90.10818904","59223",NA
631373,48.43,48.96,51.57,51.04,5.25,2.66666666666667,4.83333333333333,1.625,4.5,4.5,4.5,4,5,2,1,5,7,5,4,5,3,4,1,7,5,3,6,3,5,1,1,4,1,2,1,2,1,3,6,3,6,6,3,5,3,5,5,1,3,6,7,5,6,"Democrat",0,1,0,"Joe Biden","Joe Biden",0,1,0,0,"$100,001-$120,000",6,"PHD",6,"White",1,0,70,"woman",0,"Massachusetts","Suffolk","0.5281","5248.519833","77163","The 2nd amendment question was confusing - did you mean as written?  Of course, most people don’t realize that it doesn’t mean no regulation, it means the right to bear arms in a “well-regulated militia” - you might want to print the text of the second amendment on the survey."
162810,63.19,57.19,36.81,42.81,4.75,2,3.33333333333333,4.125,1.5,4,4.5,2.5,4.5,5,1,5,3,5,5,6,2,1,3,4,2,5,5,3,1,5,1,3,7,2,6,6,3,2,1,4,4,5,4,3,2,4,5,1,6,1,1,4,1,"Republican",1,0,0,"Donald Trump","Donald Trump",1,0,0,0,"$60,001-$80,000",4,"4yearColl",4,NA,NA,1,40,"man",1,"Illinois","McLean","0.4871","56.52329122","71309",NA
541651,93.47,94.35,6.53,5.65,5.5,1.66666666666667,2.66666666666667,4.25,4.5,4.5,6,2.5,4.5,5,1,5,5,6,5,6,1,1,3,1,3,5,3,1,3,5,3,3,5,6,6,3,3,5,4,4,5,5,7,2,3,5,4,1,7,1,1,2,1,"Republican",1,0,0,"Donald Trump","Donald Trump",1,0,0,0,"$40,001-$60,000",3,"GED",2,"White",1,0,65,"woman",0,"Louisana","East Baton Rouge",NA,NA,NA,NA
808792,51.5,51.75,48.5,48.25,6,3.66666666666667,3.5,1.625,1.5,4.5,6,4,3.5,6,1,5,7,7,6,4,4,3,4,2,4,4,4,3,4,2,1,1,1,3,3,1,1,2,1,4,5,6,6,5,3,4,3,1,2,5,5,4,5,"Democrat",0,1,0,"Joe Biden","Joe Biden",0,1,0,0,"$20,001-$40,000",2,"GED",2,"White",1,1,22,"woman",0,"Iowa","Johnson","0.4888","92.59088846","68664",NA
728945,42.92,36.85,57.08,63.15,5,3.33333333333333,4.16666666666667,2.375,2.5,6,3,3,5.5,6,1,5,5,6,5,4,2,2,6,2,2,4,6,5,6,2,1,1,1,5,6,2,1,3,2,5,7,5,1,3,3,6,5,1,4,2,3,5,1,"Democrat",0,1,0,"Donald Trump","Donald Trump",1,0,0,0,"$120,001-$140,000",7,"MA",5,"White",1,0,64,"man",1,"Massachusetts","Suffolk","0.5281","5248.519833","77163",NA
333452,29.36,27.71,70.64,72.29,3.75,5,5.33333333333333,1,6,7,7,1,7,5,1,5,5,4,3,3,5,6,4,5,6,5,6,5,5,1,1,1,1,1,1,1,1,6,6,7,7,7,7,1,1,7,7,1,2,5,4,3,5,"Democrat",0,1,0,"Joe Biden","Joe Biden",0,1,0,0,"$100,001-$120,000",6,"4yearColl",4,"White",1,0,69,"man",1,"Delaware","Sussex","0.4594","90.54899837","70500",NA
278887,78.54,81.04,21.46,18.96,5.5,2.33333333333333,2.16666666666667,3.375,4,7,5,4,4.5,5,1,5,6,5,6,5,2,2,3,1,1,2,4,3,2,5,3,2,1,4,6,4,2,7,1,7,7,7,3,7,1,7,2,1,6,5,3,6,5,"Republican",1,0,0,"Donald Trump","Donald Trump",1,0,0,0,"$40,001-$60,000",3,"MA",5,NA,NA,1,37,"man",1,"Texas","Bell","0.4412","125.6914911","58878","enjoyed the political questions"
350835,32.38,32.74,67.62,67.26,5.5,3,3.16666666666667,5,1.5,5.5,6,1,5.5,5,1,4,6,6,5,5,1,3,5,1,3,3,5,2,5,5,6,3,4,6,7,5,4,2,1,6,5,7,5,1,1,5,6,1,6,3,1,6,1,"Independent",0,0,1,"Donald Trump","Donald Trump",1,0,0,0,"$80,001-$100,000",5,"GED",2,"White",1,1,30,"man",1,"Louisana","Tangipahoa",NA,NA,NA,NA
908118,19.4,21.75,80.6,78.25,3.75,5,4.33333333333333,2.625,5,5,4.5,2.5,5.5,2,1,3,5,3,3,4,4,5,6,5,3,3,6,4,5,2,2,3,2,5,4,2,1,5,5,5,5,6,3,3,2,7,4,1,3,4,3,4,4,"Democrat",0,1,0,"Joe Biden","Donald Trump",1,0,0,0,"$60,001-$80,000",4,"4yearColl",4,"White",1,0,39,"man",1,"Kansas","Linn","0.4558","6.261931225","57104",NA
378471,59.96,72.08,40.04,27.92,5,3,4.5,1.875,3,5,6,3.5,6,5,0,4,5,5,5,5,3,3,3,4,5,5,5,3,5,2,2,2,1,2,2,2,2,3,3,4,6,6,6,4,3,6,6,1,3,5,NA,5,5,"Democrat",0,1,0,"Joe Biden","Other",0,0,0,1,"$60,001-$80,000",4,"MA",5,NA,NA,1,46,"woman",0,"New Jersey","Mercer","0.5036","634.3949589","86499",NA
344990,34.25,36.75,65.75,63.25,5.25,2.33333333333333,3.33333333333333,1.625,2,5,5,3,5,5,0,1,4,6,5,6,2,2,3,1,3,5,6,4,1,2,2,2,2,2,1,1,1,2,2,4,6,5,5,3,3,5,5,1,5,5,NA,5,NA,"Independent",0,0,1,"I did not vote","Donald Trump",1,0,0,0,"$0-$20,000",1,"4yearColl",4,NA,NA,1,24,"woman",0,"Texas","Hidalgo","0.4785","208.7663614","44260",NA
319166,26.68,29.38,73.32,70.62,4.25,4.66666666666667,4.66666666666667,5,2,5,5,4,3.5,3,1,3,4,4,5,4,4,4,6,4,4,5,5,5,5,4,5,5,5,5,6,6,4,2,2,5,5,6,4,5,3,4,3,1,5,2,1,5,2,"Republican",1,0,0,"I did not vote","Donald Trump",1,0,0,0,"$40,001-$60,000",3,"4yearColl",4,"White",1,1,35,"man",1,"Florida","Pinellas","0.4845","1351.009895","61851",NA
820113,27.15,30.51,72.85,69.49,3.25,5.66666666666667,5.66666666666667,3,2.5,5.5,6.5,3.5,4,1,1,4,2,3,5,3,6,5,6,4,5,7,7,5,6,6,1,5,1,5,2,3,1,4,1,5,6,6,7,5,2,5,3,1,6,4,2,4,4,"Republican",1,0,0,"I did not vote","Other",0,0,0,1,"$20,001-$40,000",2,"GED",2,"White",1,0,60,"woman",0,"California","Kern","0.4649","41.92545231","57926",NA
574105,77.68,78.94,22.32,21.06,5.25,4.33333333333333,3.83333333333333,2.5,3.5,5.5,4.5,5,6.5,6,1,5,6,6,5,4,4,4,5,3,5,3,4,4,4,4,2,2,2,3,3,2,2,3,4,5,6,5,4,5,5,6,7,1,3,4,4,3,5,"Democrat",0,1,0,"Joe Biden","Joe Biden",0,1,0,0,"$80,001-$100,000",5,"GED",2,"White",1,1,40,"woman",0,"Georgia","Cobb","0.4485","846.6897774","87532",NA
642349,44.85,50.5,55.15,49.5,5,3.66666666666667,4.33333333333333,1.75,6,5,3,5,7,7,1,5,6,4,5,5,3,3,5,2,6,1,6,5,6,4,4,1,1,1,1,1,1,7,5,4,6,3,3,5,5,7,7,1,1,7,4,6,4,"Democrat",0,1,0,"Joe Biden","Joe Biden",0,1,0,0,"$120,001-$140,000",7,"4yearColl",4,"White",1,1,44,"man",1,"Texas","Tarrant","0.4543","903.0520092","71399",NA
520288,46.7,41.6,53.3,58.4,5.25,3.33333333333333,4.16666666666667,1,2.5,4.5,2,5.5,3,6,1,5,6,5,5,5,3,6,1,6,2,3,5,3,6,1,1,1,1,1,1,1,1,2,3,3,6,2,2,6,5,3,3,1,1,7,6,1,5,"Democrat",0,1,0,"Joe Biden","Joe Biden",0,1,0,0,"$60,001-$80,000",4,"4yearColl",4,"White",1,0,61,"woman",0,"Florida","Hernando","0.4291","149.2023044","56443",NA
174386,45.84,50.38,54.16,49.62,4.5,5.33333333333333,5,1,4,5,5.5,4.5,5.5,4,0,2,5,4,5,4,4,6,6,6,5,6,5,3,5,1,1,1,1,1,1,1,1,4,4,4,6,5,6,5,4,5,6,1,1,5,3,2,5,"Democrat",0,1,0,"I did not vote","Joe Biden",0,1,0,0,"$0-$20,000",1,"GED",2,"White",1,0,60,"man",1,"Ohio","Cuyahoga","0.5086","1058.845542","55250",NA
602641,87.2,92.4,12.8,7.6,7,1,1.5,2.25,6,4.5,6,2,4,5,1,5,7,7,7,7,1,1,1,1,1,2,2,1,2,2,1,1,3,2,3,5,1,6,6,3,6,6,6,2,2,6,2,1,7,1,1,1,1,"Republican",1,0,0,"Donald Trump","Donald Trump",1,0,0,0,"$60,001-$80,000",4,"2yearColl",3,NA,NA,1,45,"man",1,"Florida","Lee","0.4814","354.8307687","66426",NA
759643,20.72,25,79.28,75,3.75,4.33333333333333,6,3.25,4.5,4.5,6,2,5.5,4,1,5,4,4,4,3,4,5,4,6,7,6,7,4,6,4,4,1,4,4,4,4,1,5,4,4,5,6,6,2,2,6,5,1,4,4,4,3,3,"Democrat",0,1,0,"Joe Biden","Joe Biden",0,1,0,0,"$40,001-$60,000",3,"MA",5,"White",1,0,90,"man",1,"Maine","Waldo","0.4339","20.84929659","58262",NA
374593,62.5,65.54,37.5,34.46,5.25,3.66666666666667,3.5,1,2,6.5,5,4.5,3.5,5,1,5,7,5,5,4,4,4,3,4,6,2,3,1,5,1,1,1,1,1,1,1,1,2,2,6,7,5,5,5,4,6,1,1,1,1,3,1,7,"Democrat",0,1,0,"Joe Biden","Joe Biden",0,1,0,0,"$20,001-$40,000",2,"GED",2,"White",1,0,61,"woman",0,"Michigan","Isabella","0.4802","47.7151145","47999",NA
817239,51.03,54.43,48.97,45.57,6,3,2.83333333333333,2.375,2.5,5.5,5,4,5,5,1,5,6,6,6,6,3,3,3,2,4,2,3,2,4,3,2,2,2,2,2,3,3,3,2,5,6,5,5,5,3,5,5,1,2,5,5,2,4,"Democrat",0,1,0,"Joe Biden","Joe Biden",0,1,0,0,"$40,001-$60,000",3,"4yearColl",4,NA,NA,1,31,"woman",0,"Massachusetts","Suffolk","0.5281","5248.519833","77163",NA
566513,53.9,67.8,46.1,32.2,6.5,2,3.16666666666667,3,2.5,3,4.5,3.5,5.5,6,1,5,7,6,7,6,2,1,3,3,2,5,5,2,2,4,5,1,2,2,6,3,1,3,2,1,5,6,3,5,2,5,6,1,5,5,3,4,3,"Independent",0,0,1,"Donald Trump","Donald Trump",1,0,0,0,"$20,001-$40,000",2,"GED",2,"White",1,1,39,"man",1,"Nevada","Clark","0.4697","104.7773624","63735",NA
791420,78.3,74.3,21.7,25.7,5.5,1,3.5,2,6.5,6.5,7,2,7,7,1,5,7,7,7,1,1,1,1,2,2,1,5,6,5,2,1,1,1,6,2,1,2,6,7,6,7,7,7,2,2,7,7,1,3,7,6,6,7,"Independent",0,0,1,"Third-party candidate","Robert F. Kennedy Jr.",0,0,1,0,"$100,001-$120,000",6,"4yearColl",4,"White",1,0,51,"woman",0,"Arizona","Yavapai","0.4434","10.67714706","57676",NA
232255,25.6,25.5,74.4,74.5,3.25,5.66666666666667,5.5,1,3.5,3.5,5.5,4,5.5,3,1,5,4,3,2,4,5,6,6,6,6,5,6,5,5,1,1,1,1,1,1,1,1,3,4,3,4,6,5,4,4,5,6,1,1,5,3,1,6,"Democrat",0,1,0,"Joe Biden","Joe Biden",0,1,0,0,"$20,001-$40,000",2,"PHD",6,"White",1,0,66,"woman",0,"Colorado","Jefferson","0.4268","288.1670164","94401",NA
321999,64.15,58.73,35.85,41.27,4,4,4.16666666666667,3.5,3.5,5.5,5.5,3,4.5,5,1,5,4,3,5,4,4,4,4,3,5,5,5,3,4,4,3,3,3,4,4,4,3,4,3,6,5,5,6,3,3,5,4,1,3,4,3,NA,NA,"Republican",1,0,0,"Donald Trump","Donald Trump",1,0,0,0,"$20,001-$40,000",2,"2yearColl",3,"White",1,0,74,"woman",0,"Missouri","Greene","0.4762","164.9031583","53391",NA
216138,80.34,80.3,19.66,19.7,5.5,4.33333333333333,4.16666666666667,1.375,1,7,7,1,3.5,1,1,5,5,5,7,5,5,2,6,1,3,7,7,2,5,1,1,1,1,4,1,1,1,1,1,7,7,7,7,1,1,6,1,1,4,1,1,1,1,"Republican",1,0,0,"Donald Trump","Donald Trump",1,0,0,0,"$80,001-$100,000",5,"2yearColl",3,"White",1,0,65,"woman",0,"Idaho","Bonneville","0.4352","23.25677336","69880",NA
330261,24.9,24.9,75.1,75.1,5.25,5,5.16666666666667,4,3.5,4.5,3.5,4,4,5,1,4,6,6,6,3,6,4,5,6,5,6,4,5,5,6,5,3,3,6,4,2,3,4,3,3,6,4,3,6,2,5,3,1,7,5,6,5,6,"Democrat",0,1,0,"Joe Biden","Joe Biden",0,1,0,0,"$80,001-$100,000",5,"4yearColl",4,"White",1,0,61,"man",1,"South Carolina","Aiken","0.4537","60.19984103","56711","good"
169515,34,47,66,53,5.25,6,5.33333333333333,2.25,3.5,4.5,6,4,5,5,0,2,7,5,6,3,6,6,6,5,6,5,6,3,7,2,1,4,1,7,1,1,1,6,1,3,6,6,6,5,3,6,4,1,4,6,4,4,NA,"Democrat",0,1,0,"I did not vote","Joe Biden",0,1,0,0,"$40,001-$60,000",3,"4yearColl",4,NA,NA,1,27,"woman",0,"Texas","El Paso","0.4681","319.2109187","50983",NA
461921,61.96,67.64,38.04,32.36,6.25,1.66666666666667,3.33333333333333,3.25,2.5,6.5,7,2,5.5,5,1,5,7,6,6,6,2,1,2,1,3,5,5,3,3,5,5,1,5,3,2,2,3,2,3,7,6,7,7,2,2,5,6,1,6,1,1,1,1,"Republican",1,0,0,"Donald Trump","Donald Trump",1,0,0,0,"$100,001-$120,000",6,"4yearColl",4,"White",1,1,30,"man",1,"Virginia","Henrico","0.4607","538.0908406","78888",NA
458253,34,40.65,66,59.35,3.5,6,4.16666666666667,1.875,5.5,6,6,4,6,5,1,5,5,3,3,3,6,6,6,4,5,3,5,5,3,3,1,5,1,2,1,1,1,7,4,6,6,6,6,5,3,5,7,1,2,6,5,4,5,"Democrat",0,1,0,"Joe Biden","Joe Biden",0,1,0,0,"$20,001-$40,000",2,"MA",5,"White",1,0,60,"woman",0,"Illinois","Will","0.4095","318.1154816","93994",NA
367866,88.57,89,11.43,11,6.75,1,2,1.875,2.5,6.5,6,4,6,6,1,5,7,7,6,7,1,1,1,1,2,2,3,1,3,1,1,1,2,4,2,3,1,3,2,7,6,5,7,5,3,5,7,1,1,7,5,3,5,"Democrat",0,1,0,"Joe Biden","Joe Biden",0,1,0,0,"$20,001-$40,000",2,"GED",2,"White",1,1,31,"woman",0,"California","San Bernardino","0.439","41.10128555","74218",NA
151981,52.86,52.74,47.14,47.26,5,2,2,4.875,3,5.5,7,2,5,5,1,5,4,6,3,7,2,2,2,1,1,3,3,3,1,3,6,5,6,6,6,6,1,3,3,6,5,7,7,2,2,5,5,1,7,1,1,7,1,"Independent",0,0,1,"Donald Trump","Donald Trump",1,0,0,0,"$20,001-$40,000",2,"GED",2,"multiracial",0,0,63,"woman",0,"Alabama","St. Clair","0.4086","53.370584","63015","None, thank you!"
704086,87.11,92.9,12.89,7.1,6.5,2,4,1,2,5.5,4,5,3,6,0,1,7,7,6,6,2,1,3,3,5,5,5,3,3,1,1,1,1,1,1,1,1,2,2,5,6,5,3,6,4,3,3,1,4,4,4,NA,NA,"Independent",0,0,1,"I did not vote","Other",0,0,0,1,"$20,001-$40,000",2,"2yearColl",3,"White",1,0,60,"woman",0,"Ohio","Stark","0.4422","250.6435257","59205","Interesting study, thanks!"
717912,93,92.8,7,7.2,4.75,1,3.66666666666667,4.75,4,6,7,2,5.5,1,1,5,5,6,1,7,1,1,1,1,1,6,6,3,5,5,5,4,3,6,6,6,3,3,5,7,5,7,7,2,2,7,4,1,5,1,1,5,2,"Independent",0,0,1,"Third-party candidate","Robert F. Kennedy Jr.",0,0,1,0,"$120,001-$140,000",7,"2yearColl",3,NA,NA,1,44,"woman",0,"Idaho","Canyon","0.3994","139.5848719","64301",NA
308108,80.55,85.15,19.45,14.85,4.75,4.33333333333333,4.83333333333333,1.5,5,4,2,3,5,6,1,5,7,5,4,3,5,6,2,4,4,5,7,2,7,1,1,1,1,5,1,1,1,5,5,3,5,2,2,3,3,5,5,1,1,6,6,1,6,"Democrat",0,1,0,"Joe Biden","Joe Biden",0,1,0,0,"$0-$20,000",1,"2yearColl",3,"White",1,0,61,"man",1,"Indiana","Marion","0.4748","919.8842006","58737",NA
577963,51.79,52.19,48.21,47.81,5.25,4,4.33333333333333,4.875,2.5,6,6,2.5,4,2,1,5,4,6,6,5,3,4,5,1,2,7,6,5,5,6,5,5,4,7,6,3,3,4,1,6,6,6,6,3,2,4,4,1,6,3,1,5,3,"Republican",1,0,0,"Donald Trump","Donald Trump",1,0,0,0,"$40,001-$60,000",3,"GED",2,"White",1,0,71,"man",1,"Wisconsin","Winnebago","0.4262","150.9318152","64640",NA
297277,66.67,67.56,33.33,32.44,7,1,1.83333333333333,6.25,2,7,7,4,5,7,0,1,7,7,7,7,1,1,1,1,1,1,1,1,6,7,7,1,7,7,7,7,7,1,3,7,7,7,7,5,3,7,3,1,1,3,5,1,5,"Independent",0,0,1,"I did not vote","Other",0,0,0,1,"$0-$20,000",1,"2yearColl",3,"White",1,0,62,"man",1,"California","Shasta","0.4659","18.31466417","60187","On groups: Should a Nazi group have the same opportunities as a group of teachers?"
641062,99.5,99.5,0.5,0.5,5.5,2.66666666666667,3.5,1,6.5,6,6.5,1.5,6.5,6,1,5,5,6,6,5,2,4,2,2,4,4,4,3,4,1,1,1,1,1,1,1,1,6,7,7,5,6,7,1,2,6,7,1,1,5,4,2,4,"Democrat",0,1,0,"Joe Biden","Joe Biden",0,1,0,0,"$60,001-$80,000",4,"4yearColl",4,"multiracial",0,0,69,"woman",0,"Florida","Seminole","0.4476","567.9030651","70470",NA
251237,39.95,45.04,60.05,54.96,4,3.66666666666667,5.33333333333333,1.25,2.5,6,4,3.5,6,4,1,5,6,3,3,4,5,4,2,5,6,6,6,3,6,3,1,1,1,1,1,1,1,3,2,5,7,5,3,5,2,6,6,1,2,5,4,5,6,"Democrat",0,1,0,"Joe Biden","Joe Biden",0,1,0,0,"$60,001-$80,000",4,"2yearColl",3,"White",1,1,28,"woman",0,"New Jersey","Morris","0.4538","414.4534852","122525","very interesting and engaging survey!"
468876,12,34,88,66,5.75,1,1.83333333333333,3.125,4,6,4.5,2.5,6.5,5,0,1,7,5,4,7,1,1,1,1,2,1,1,1,5,1,2,2,2,5,5,4,4,5,3,5,7,5,4,3,2,6,7,1,2,1,6,3,5,"Independent",0,0,1,"Donald Trump","Other",0,0,0,1,NA,NA,NA,NA,"multiracial",0,0,30,"woman",0,"New York","Broome","0.4817","106.3436213","55729",NA
944197,93.67,93.99,6.33,6.01,5.25,3,3.5,1.25,2,5.5,5.5,5.5,5.5,6,1,5,5,5,6,5,3,3,3,2,5,3,3,3,5,1,1,1,1,2,1,2,1,2,2,6,5,6,5,6,5,5,6,1,1,3,3,2,3,"Democrat",0,1,0,"Joe Biden","Joe Biden",0,1,0,0,"$60,001-$80,000",4,"PHD",6,"White",1,1,32,"woman",0,"Oregon","Lane","0.4649","31.25707027","61509",NA
277428,70.31,70.01,29.69,29.99,7,1.66666666666667,2.5,4.625,5,6.5,6.5,1,7,5,1,5,7,7,7,7,1,2,2,1,2,5,5,1,1,3,1,5,5,6,5,6,6,5,5,6,7,7,6,1,1,7,7,1,6,3,1,4,1,"Independent",0,0,1,"Donald Trump","Donald Trump",1,0,0,0,"$20,001-$40,000",2,"PHD",6,NA,NA,1,29,"woman",0,"Maryland","Montgomery","0.4681","814.4747962","112352","I believe one of the questions may yield inaccurate information. For ex: The U.S. government, as it is outlined in the constitution, and the states' governments outlined in their constitutions, are fine. And if the people want to change them there is an avenue for that.  It is the regulatory rule by the unelected, unaccountable, bureaucracies that are the issue."
702814,29.68,31.61,70.32,68.39,4.75,4,4.16666666666667,4.5,2,2.5,6.5,1.5,4.5,3,1,3,5,6,2,6,5,2,5,1,6,5,6,6,1,7,2,3,2,7,7,7,1,2,2,2,3,6,7,1,2,5,4,1,4,3,1,6,3,"Independent",0,0,1,"I did not vote","Cornel West",0,0,0,0,"$80,001-$100,000",5,"GED",2,"White",1,1,21,"man",1,"Florida","Orange","0.4804","565.2007179","64579",NA
945642,34.43,36.89,65.57,63.11,4,3.66666666666667,4.83333333333333,2.125,4,6,6,2,6,6,1,5,2,3,6,5,3,3,5,3,5,5,6,5,5,1,1,1,1,2,7,2,2,5,3,6,6,6,6,2,2,6,6,1,6,1,1,2,3,"Republican",1,0,0,"Donald Trump","Donald Trump",1,0,0,0,"$180,001-$200,000",10,"MA",5,"White",1,0,63,"woman",0,"Florida","Pinellas","0.4845","1351.009895","61851",NA
896596,48.28,44.24,51.72,55.76,2.5,5.66666666666667,5.5,1.875,2.5,6,6.5,4,3,3,1,5,3,2,3,2,6,6,5,5,6,7,7,6,2,6,1,1,1,1,2,2,1,2,3,5,7,7,6,6,2,3,3,1,2,5,3,NA,7,"Democrat",0,1,0,"Joe Biden","Joe Biden",0,1,0,0,"$80,001-$100,000",5,"4yearColl",4,NA,NA,1,39,"woman",0,"California","Riverside","0.4524","127.6881106","78690",NA
656159,56.7,55.8,43.3,44.2,5.5,3.66666666666667,2.83333333333333,3.5,4.5,5,5.5,3.5,4,7,1,5,1,7,7,7,5,1,5,1,1,5,7,2,1,4,1,1,1,4,5,6,6,7,2,4,6,7,4,4,3,4,4,1,7,1,1,1,1,"Republican",1,0,0,"Donald Trump","Donald Trump",1,0,0,0,"$60,001-$80,000",4,"2yearColl",3,NA,NA,1,54,"woman",0,"South Carolina","York","0.4425","146.7105208","73466",NA
348407,34.29,41.3,65.71,58.7,5.25,2,2.5,1.375,6,6,5,1,6,5,1,5,6,5,4,6,2,2,2,1,2,3,4,2,3,2,1,1,1,1,3,1,1,6,6,5,7,5,5,1,1,6,6,1,2,5,5,5,6,"Independent",0,0,1,"Donald Trump","Robert F. Kennedy Jr.",0,0,1,0,"$40,001-$60,000",3,"2yearColl",3,NA,NA,1,27,"woman",0,"Florida","Miami-Dade","0.5134","552.1870708","58905",NA
724311,50.55,53.35,49.45,46.65,5.25,5.33333333333333,3.33333333333333,1.5,2,7,6.5,2,4,5,1,5,7,6,5,3,5,5,6,3,2,5,7,1,2,1,1,1,1,5,1,1,1,2,2,7,7,7,6,2,2,5,3,1,5,2,4,2,1,"Republican",1,0,0,"Donald Trump","Donald Trump",1,0,0,0,"$40,001-$60,000",3,"GED",2,NA,NA,1,49,"woman",0,"Texas","Williamson","0.3987","181.9645215","96653",NA
494236,48.4,45.45,51.6,54.55,5.5,2.33333333333333,4.66666666666667,4.5,3,5.5,4,4,4.5,2,1,5,5,5,6,6,2,2,3,2,3,6,6,5,6,6,1,3,2,7,7,7,3,3,3,6,5,5,3,5,3,5,4,1,6,1,1,5,1,"Republican",1,0,0,"Donald Trump","Donald Trump",1,0,0,0,"$40,001-$60,000",3,"GED",2,"White",1,0,60,"woman",0,"West Virginia","Grant","0.4222","9.415308783","47357",NA
797000,43.01,49.85,56.99,50.15,6.75,2,1.66666666666667,3,2,3.5,3.5,5,5.5,3,1,4,7,7,7,6,2,2,2,1,2,1,1,2,3,4,3,2,3,5,2,3,2,2,2,2,5,2,5,5,5,5,6,1,4,3,4,3,4,"Democrat",0,1,0,"Joe Biden","Other",0,0,0,1,"$0-$20,000",1,"GED",2,NA,NA,1,24,"woman",0,"California","Alameda","0.4633","860.7570749","108971",NA
289120,100,100,0,0,6.75,2,3.5,1.5,7,6.5,6,1,7,5,1,5,7,6,7,7,1,1,4,1,1,7,7,1,4,1,1,2,1,2,1,3,1,7,7,6,7,6,6,1,1,7,7,1,6,6,5,6,6,"Republican",1,0,0,"Donald Trump","Donald Trump",1,0,0,0,"$40,001-$60,000",3,"GED",2,"White",1,0,69,"woman",0,"California","Butte","0.4885","53.57515906","62982",NA
575129,57.5,64.5,42.5,35.5,6.25,4,3.16666666666667,1.375,1.5,5,5.5,5,3.5,6,0,2,7,6,6,6,4,4,4,3,4,3,3,4,2,3,1,1,1,2,1,1,1,1,2,5,5,5,6,5,5,4,3,1,1,1,1,1,1,"Democrat",0,1,0,"Joe Biden","Robert F. Kennedy Jr.",0,0,1,0,"$20,001-$40,000",2,"GED",2,"White",1,1,31,"woman",0,"California","Kern","0.4649","41.92545231","57926",NA
542688,74.61,76.31,25.39,23.69,4,4,4.33333333333333,2.875,4,5,6.5,4,2.5,5,1,4,4,4,4,4,4,4,4,2,4,5,5,5,5,5,4,1,2,4,1,4,2,4,4,4,6,6,7,6,2,1,4,1,NA,NA,NA,NA,NA,"Independent",0,0,1,"Joe Biden","Joe Biden",0,1,0,0,"$140,001-$160,000",8,"GED",2,NA,NA,1,39,"woman",0,"Wisconsin","Kenosha","0.4269","239.067524","71051",NA
896171,41.06,41.49,58.94,58.51,5.25,4,3.66666666666667,1.125,6.5,7,4.5,3,7,3,1,5,7,5,4,5,4,4,4,4,6,2,4,2,4,1,1,1,1,2,1,1,1,7,6,7,7,5,4,3,3,7,7,1,1,7,6,2,6,"Independent",0,0,1,"Joe Biden","Joe Biden",0,1,0,0,"$0-$20,000",1,"4yearColl",4,"White",1,0,70,"woman",0,"Alabama","Madison","0.4629","172.2275","78386",NA
153918,65.94,57.59,34.06,42.41,4.25,5.33333333333333,4.33333333333333,3.25,1.5,6,7,1,5,3,1,5,4,5,5,3,5,6,5,6,6,5,6,1,2,2,4,2,4,4,5,3,2,2,1,5,7,7,7,1,1,5,5,1,2,7,7,2,6,"Democrat",0,1,0,"Joe Biden","Joe Biden",0,1,0,0,"$140,001-$160,000",8,"2yearColl",3,"White",1,0,63,"woman",0,"Maryland","Montgomery","0.4681","814.4747962","112352",NA
599140,46.95,47.9,53.05,52.1,3.75,5,4.66666666666667,4.75,5,5,5,2.5,4.5,3,1,5,4,4,4,3,5,5,5,4,4,5,5,5,5,5,4,3,4,7,7,6,2,5,5,5,5,5,5,2,3,5,4,1,6,1,1,3,2,"Republican",1,0,0,"Donald Trump","Donald Trump",1,0,0,0,"$60,001-$80,000",4,"2yearColl",3,NA,NA,1,61,"woman",0,"Florida","Broward","0.4889","612.6877168","65536",NA
853927,43.18,57.94,56.82,42.06,7,2.33333333333333,2.5,3.25,4,7,6,1.5,5,7,0,1,7,7,7,7,1,1,5,2,2,5,2,1,3,5,1,1,6,3,5,3,2,7,1,7,7,5,7,2,1,5,5,1,5,NA,6,5,5,"Independent",0,0,1,"I did not vote","Donald Trump",1,0,0,0,"$60,001-$80,000",4,"PHD",6,NA,NA,1,23,"man",1,"New York","Queens","0.4546","8158.437153","72807",NA
180577,94.79,94.73,5.21,5.27,7,1,2.16666666666667,1,6.5,5,4,4.5,6,7,1,4,7,7,7,7,1,1,1,1,5,2,1,1,3,1,1,1,1,1,1,1,1,6,7,5,5,5,3,5,4,7,5,1,1,4,1,1,6,"Democrat",0,1,0,"Joe Biden","Joe Biden",0,1,0,0,"$20,001-$40,000",2,"GED",2,NA,NA,1,26,"man",1,"Wisconsin","Milwaukee","0.4724","1525.658962","56417",NA
817675,27.94,27.92,72.06,72.08,4,5,5,1,2.5,6.5,4,4.5,5.5,4,1,5,6,3,4,3,4,6,5,6,5,5,5,3,6,1,1,1,1,1,1,1,1,3,2,6,7,5,3,5,4,6,5,1,3,5,5,4,4,"Democrat",0,1,0,"Joe Biden","Joe Biden",0,1,0,0,"$40,001-$60,000",3,"2yearColl",3,"White",1,0,66,"woman",0,"California","Santa Clara","0.4674","574.8383699","141161","I notice, for most of the studies I complete, for the demographic questions, regarding race, and gender, the first choices are almost always, ""white, male."" This seems to be a bit of a, ""white, male,"" bias, on the part of researchers, in my opinion."
717866,40,44.75,60,55.25,4.5,5,5,2.25,3,4.5,7,3,4.5,5,1,5,6,5,4,3,4,6,5,6,6,5,5,3,5,3,2,2,2,4,3,1,1,4,2,3,6,7,7,3,3,5,4,1,2,5,6,3,5,"Democrat",0,1,0,"Joe Biden","Joe Biden",0,1,0,0,"$80,001-$100,000",5,"MA",5,"White",1,0,75,"woman",0,"Kansas","Johnson","0.4433","477.3188482","93220","sometimes it helps to distinguish between equality and equity in assessing group opportunity"
464330,20.37,19.02,79.63,80.98,4,6.33333333333333,5.5,1.75,3,5.5,6.5,3.5,6.5,2,1,2,7,5,2,2,6,6,7,6,6,6,7,4,4,1,1,1,1,6,1,1,2,3,3,6,5,7,6,4,3,7,6,1,1,4,1,2,1,"Democrat",0,1,0,"Joe Biden","Jill Stein",0,0,0,0,"$100,001-$120,000",6,"4yearColl",4,"White",1,1,51,"woman",0,"Georgia","DeKalb","0.4866","1071.792083","70756","I think the congress should lower the ageto be elegible for the presidency, it is not fair that the two candidates who have a chance of winning are both over 70 years old."
980586,46.5,50.87,53.5,49.13,4,5,4.16666666666667,2,2,6,4.5,2,6,5,1,5,6,5,2,3,5,5,5,5,5,2,5,2,6,2,2,2,2,2,2,2,2,2,2,6,6,5,4,2,2,6,6,1,2,7,7,1,6,"Independent",0,0,1,"Joe Biden","Joe Biden",0,1,0,0,"$0-$20,000",1,"MA",5,"White",1,0,83,"man",1,"Louisana","East Baton Rouge",NA,NA,NA,NA
769023,36.5,38,63.5,62,5.5,5,5.83333333333333,1,4.5,7,6.5,4,7,6,1,5,7,6,6,3,5,5,5,6,6,6,6,5,6,1,1,1,1,1,1,1,1,6,3,7,7,6,7,6,2,7,7,1,3,4,3,2,4,"Independent",0,0,1,"Joe Biden","Joe Biden",0,1,0,0,"$20,001-$40,000",2,"4yearColl",4,"White",1,0,64,"woman",0,"Missouri","St. Louis","0.4968","759.9012477","72507",NA
689436,64,80.5,36,19.5,5.75,1.33333333333333,2.33333333333333,1.75,2.5,5.5,4.5,4.5,5,6,1,5,5,6,6,6,1,1,2,4,2,2,4,1,1,1,1,1,1,5,1,2,2,3,2,6,5,6,3,5,4,6,4,1,3,5,6,4,4,"Independent",0,0,1,"Joe Biden","Joe Biden",0,1,0,0,"$20,001-$40,000",2,"GED",2,"White",1,0,60,"woman",0,"Arizona","Cochise","0.4353","7.909160031","55748",NA
715382,27.45,27.47,72.55,72.53,4,4,3.16666666666667,1,2.5,4.5,4.5,2.5,3.5,6,1,3,4,4,4,4,4,4,4,4,4,2,2,4,3,1,1,1,1,1,1,1,1,3,2,4,5,5,4,3,2,3,4,1,NA,3,5,NA,NA,"Democrat",0,1,0,"Joe Biden","Joe Biden",0,1,0,0,"$60,001-$80,000",4,"2yearColl",3,NA,NA,1,31,"man",1,"Massachusetts","Worcester","0.4541","210.1639701","84583",NA
809184,39.45,49,60.55,51,5,6,4,2,4,3.5,2.5,3,4.5,5,1,5,6,5,5,4,6,6,6,2,5,4,4,4,5,1,1,1,2,4,3,2,2,5,3,3,4,3,2,3,3,7,2,1,3,6,6,2,7,"Independent",0,0,1,"Joe Biden","Joe Biden",0,1,0,0,"$140,001-$160,000",8,"4yearColl",4,NA,NA,1,57,"woman",0,"Texas","Harris","0.4968","1042.130651","63539",NA
568672,83,80.5,17,19.5,6.25,3.33333333333333,4.16666666666667,1.75,3,5.5,7,3.5,3,6,1,5,7,6,6,6,2,2,6,2,5,5,5,3,5,5,1,1,2,2,1,1,1,3,3,4,7,7,7,5,2,3,3,1,3,5,2,NA,NA,"Democrat",0,1,0,"Joe Biden","Joe Biden",0,1,0,0,"$40,001-$60,000",3,"2yearColl",3,"White",1,0,71,"woman",0,"Washington","King","0.4723","394.8557332","110351",NA
921760,89.51,88.27,10.49,11.73,7,1,1,1,1.5,4,5,6.5,4,6,1,5,7,7,7,7,1,1,1,1,1,1,1,1,1,1,1,1,1,1,1,1,1,1,2,7,1,3,7,6,7,1,7,1,1,5,6,1,4,"Independent",0,0,1,"Joe Biden","Joe Biden",0,1,0,0,"$20,001-$40,000",2,"GED",2,"White",1,1,31,"woman",0,"Texas","Cameron","0.4697","182.7492668","46436",NA
369700,91.25,93,8.75,7,4.25,1.66666666666667,2.66666666666667,3.625,4,6,6,2,4.5,3,1,5,3,4,5,5,3,1,1,1,1,3,6,3,2,6,1,4,2,3,6,3,4,4,4,6,6,6,6,2,2,5,4,1,5,5,1,3,1,"Independent",0,0,1,"Donald Trump","Donald Trump",1,0,0,0,"$60,001-$80,000",4,"MA",5,"White",1,0,62,"man",1,"Tennessee","Campbell","0.4436","31.91258985","44325",NA
318771,17.5,51.4,82.5,48.6,4.5,6,6,3.375,6,6,6,2,6,5,1,5,6,5,5,2,6,6,6,6,6,6,6,6,6,5,2,4,2,4,4,4,2,6,6,6,6,6,6,2,2,6,6,1,2,7,4,6,5,"Republican",1,0,0,"Joe Biden","Other",0,0,0,1,"$100,001-$120,000",6,"GED",2,"White",1,1,53,"woman",0,"Michigan","Baraga","0.4503","3.655915256","46656",NA
271678,50.86,53.89,49.14,46.11,4.75,3.33333333333333,4,1,1,6,4,2.5,6.5,3,1,5,7,4,5,3,3,5,2,3,6,2,6,1,6,1,1,1,1,1,1,1,1,1,1,6,6,5,3,2,3,6,7,1,1,5,6,1,7,"Democrat",0,1,0,"Joe Biden","Joe Biden",0,1,0,0,"$0-$20,000",1,"2yearColl",3,"White",1,1,64,"woman",0,"Florida","Orange","0.4804","565.2007179","64579",NA
703288,48.01,45.73,51.99,54.27,5.75,3,3,1.75,3,4,6.5,1.5,6.5,7,1,3,6,6,6,5,3,3,3,2,5,2,2,4,3,1,1,1,1,1,7,1,1,3,3,3,5,6,7,1,2,6,7,1,2,2,2,2,2,"Independent",0,0,1,"Third-party candidate","Robert F. Kennedy Jr.",0,0,1,0,"$40,001-$60,000",3,"4yearColl",4,NA,NA,1,26,"man",1,"California","Santa Clara","0.4674","574.8383699","141161",NA
201862,77.61,79.71,22.39,20.29,6,3.66666666666667,3.66666666666667,1.625,4.5,4.5,6,3,5,5,1,4,7,5,6,6,3,3,5,2,3,3,6,1,7,1,1,1,6,1,1,1,1,5,4,3,6,6,6,3,3,6,4,1,2,4,5,4,4,"Democrat",0,1,0,"I did not vote","Robert F. Kennedy Jr.",0,0,1,0,"$100,001-$120,000",6,"4yearColl",4,NA,NA,1,20,"woman",0,"Massachusetts","Worcester","0.4541","210.1639701","84583",NA
343950,88.73,90.15,11.27,9.85,6.25,1,2.66666666666667,4.5,3.5,2.5,4,2.5,4,6,1,5,5,7,6,7,1,1,1,1,3,3,5,1,3,6,6,5,3,5,2,4,5,5,2,3,2,5,3,3,2,5,3,1,6,5,1,3,1,"Republican",1,0,0,"Donald Trump","Donald Trump",1,0,0,0,"$60,001-$80,000",4,"GED",2,NA,NA,1,34,"man",1,"Florida","Hillsborough","0.4809","521.0066098","65818",NA
692641,33.5,38.75,66.5,61.25,5.5,3.66666666666667,4.16666666666667,1.125,4.5,7,5,4.5,6,5,1,5,7,5,5,5,3,6,2,6,7,1,7,3,1,1,1,1,1,2,1,1,1,5,4,7,7,6,4,5,4,6,6,1,1,5,7,1,7,"Democrat",0,1,0,"Joe Biden","Joe Biden",0,1,0,0,"$0-$20,000",1,"4yearColl",4,"White",1,0,66,"woman",0,"Oregon","Multnomah","0.4716","715.2753775","77851","Interesting survey"
564992,81,80,19,20,5.25,2,4.66666666666667,3.625,5,6,5,2,5,3,1,5,5,5,5,6,2,2,2,1,5,6,6,4,6,3,5,3,2,5,3,5,3,5,5,6,6,5,5,2,2,5,5,1,2,1,1,1,2,"Republican",1,0,0,"Donald Trump","Donald Trump",1,0,0,0,NA,NA,"MA",5,"White",1,0,65,"woman",0,"Florida","Bay","0.4308","92.88574252","60106",NA
816270,73.69,75.38,26.31,24.62,5.75,2.66666666666667,3.66666666666667,4.625,4,3.5,4,3.5,4,1,1,5,6,6,5,6,2,1,5,2,1,6,6,2,5,6,5,6,5,1,5,4,5,3,5,2,5,5,3,5,2,6,2,1,7,1,1,6,1,"Republican",1,0,0,"Donald Trump","Donald Trump",1,0,0,0,"$80,001-$100,000",5,"4yearColl",4,"White",1,1,36,"man",1,"California","Los Angeles","0.4969","960.7427779","77356","Thank you!"
960375,71.7,71.6,28.3,28.4,5,2.33333333333333,2.83333333333333,1.125,1,2.5,3,6,5.5,6,1,5,7,6,2,5,2,2,3,4,3,1,1,2,6,1,1,1,1,2,1,1,1,1,1,2,3,5,1,6,6,5,6,1,1,3,7,1,3,"Independent",0,0,1,"Third-party candidate","Jill Stein",0,0,0,0,"$20,001-$40,000",2,"4yearColl",4,"White",1,1,29,"woman",0,"Indiana","Lake","0.4492","376.8351487","61468",NA
602765,24.69,93.89,75.31,6.11,6.25,1,2.33333333333333,1.125,3.5,5,4.5,3.5,6,7,1,5,7,7,4,7,1,1,1,2,3,1,1,3,4,1,1,1,1,2,1,1,1,4,3,5,5,5,4,4,3,6,6,1,1,3,7,1,6,"Democrat",0,1,0,"Joe Biden","Joe Biden",0,1,0,0,"$0-$20,000",1,"2yearColl",3,"White",1,1,23,"woman",0,"Ohio","Ottawa","0.4614","61.70172325","71409",NA
614475,30,31,70,69,4,4,4.83333333333333,2.375,1.5,6,6,2,6,1,1,5,2,5,5,4,3,3,6,4,3,6,6,5,5,2,1,2,3,3,3,2,3,2,1,6,6,6,6,2,2,6,6,1,4,2,2,5,2,"Independent",0,0,1,"Joe Biden","Other",0,0,0,1,"$20,001-$40,000",2,"4yearColl",4,"multiracial",0,1,63,"man",1,"Minnesota","Ramsey","0.4637","1373.486689","70485","The ""points apportionment"" method you asked us to use to rate such things as democracy, equality, freedom, etc. doesn't really work in the sense that the categorizations aren't really mutually exclusive."
901703,55.99,58.41,44.01,41.59,4,6,5.16666666666667,3.5,4.5,4,5,3.5,5,5,1,4,4,5,4,3,6,6,6,5,5,5,5,5,6,4,4,4,2,4,4,3,3,5,4,3,5,5,5,5,2,5,5,1,NA,NA,NA,NA,NA,"Democrat",0,1,0,"Joe Biden","Joe Biden",0,1,0,0,"$20,001-$40,000",2,"GED",2,NA,NA,1,34,"woman",0,"Texas","Bexar","0.4654","599.5581109","63014",NA
184210,33.34,31.29,66.66,68.71,2.75,5.33333333333333,5.33333333333333,1.75,4,6.5,6,3,6,5,1,5,4,3,2,2,5,5,6,3,5,7,7,4,6,4,2,1,1,2,2,1,1,5,3,6,7,6,6,3,3,6,6,1,6,3,3,3,6,"Republican",1,0,0,"Donald Trump","Donald Trump",1,0,0,0,"$20,001-$40,000",2,"GED",2,"White",1,0,60,"woman",0,"North Carolina","Lincoln","0.4626","106.2885681","73319",NA
872456,35.31,40.47,64.69,59.53,2.5,3,4.33333333333333,2.5,6.5,5.5,6.5,3,6,5,1,5,2,2,3,3,4,4,1,5,6,1,2,5,7,2,2,2,3,4,3,2,2,7,6,5,6,6,7,3,3,6,6,1,3,6,5,5,6,"Democrat",0,1,0,"Joe Biden","Joe Biden",0,1,0,0,"$80,001-$100,000",5,"MA",5,"White",1,0,67,"man",1,"Texas","Nueces","0.4618","166.0286344","59337",NA
249618,39.13,45.5,60.87,54.5,5.25,3.66666666666667,4.33333333333333,2.75,4.5,6,6,2.5,5.5,5,0,2,5,5,5,6,4,3,4,4,5,5,6,3,3,5,3,2,2,3,3,2,2,6,3,6,6,6,6,2,3,6,5,1,4,5,4,5,4,"Democrat",0,1,0,"Third-party candidate","Donald Trump",1,0,0,0,"$40,001-$60,000",3,"GED",2,"White",1,0,37,"woman",0,"Missouri","Audrain","0.4408","14.35392985","55262",NA
903614,10.9,21.5,89.1,78.5,5.5,3.66666666666667,3.83333333333333,5.5,3,3.5,5,4,5.5,6,1,5,4,5,7,6,3,2,6,3,3,4,4,4,5,6,6,3,4,7,6,7,5,5,1,2,5,6,4,6,2,7,4,1,4,5,4,4,5,"Democrat",0,1,0,"Joe Biden","Robert F. Kennedy Jr.",0,0,1,0,"$140,001-$160,000",8,"MA",5,NA,NA,1,33,"woman",0,"Texas","Collin","0.4319","433.4078589","102119",NA
563084,71.75,73.7,28.25,26.3,5.5,5,4,1.125,2,6.5,5.5,4,4.5,6,1,5,7,5,5,5,5,5,5,5,5,3,3,2,6,2,1,1,1,1,1,1,1,3,1,7,6,5,6,5,3,6,3,1,1,NA,5,NA,NA,"Democrat",0,1,0,"Joe Biden","Joe Biden",0,1,0,0,"$40,001-$60,000",3,"GED",2,NA,NA,1,26,"woman",0,"New Mexico","Bernalillo","0.4754","225.3235596","59723",NA
188696,79.13,86.67,20.87,13.33,6.75,1.33333333333333,2.16666666666667,2.875,2.5,5.5,4,3.5,4,5,1,3,7,7,7,6,1,1,2,2,2,2,3,1,3,4,1,5,1,4,4,2,2,2,3,5,6,5,3,4,3,4,4,1,4,4,5,5,4,"Independent",0,0,1,"Third-party candidate","Other",0,0,0,1,"$40,001-$60,000",3,"4yearColl",4,"White",1,0,38,"woman",0,"New York","Monroe","0.4653","437.4604077","66003",NA
445671,63.03,66.33,36.97,33.67,4.75,1.66666666666667,4.16666666666667,3.75,4,5.5,5.5,2.5,5,5,1,5,4,5,5,5,2,1,2,2,4,6,5,5,3,4,1,3,4,1,6,7,4,4,4,6,5,5,6,2,3,5,5,1,6,1,1,1,1,"Independent",0,0,1,"Third-party candidate","Other",0,0,0,1,"$40,001-$60,000",3,"MA",5,"White",1,0,67,"man",1,"New York","Monroe","0.4653","437.4604077","66003",NA
949639,19.18,25.38,80.82,74.62,4.75,3.66666666666667,3.83333333333333,4.5,1.5,5,4.5,2,6,1,1,5,3,5,6,5,2,3,6,1,2,6,6,3,5,4,3,4,3,6,6,7,3,1,2,6,4,5,4,2,2,6,6,1,6,1,1,7,1,"Independent",0,0,1,"Third-party candidate","Jill Stein",0,0,0,0,"$40,001-$60,000",3,"2yearColl",3,"White",1,0,64,"man",1,"Oregon","Coos","0.4756","15.31503757","54067",NA
506018,34.5,41,65.5,59,4.5,4.66666666666667,3.33333333333333,1,4.5,4,5,2.5,4,5,1,5,5,6,4,3,5,6,3,4,4,3,3,2,4,1,1,1,1,1,1,1,1,4,5,2,6,6,4,3,2,5,3,1,1,6,6,1,6,"Democrat",0,1,0,"Joe Biden","Joe Biden",0,1,0,0,"$80,001-$100,000",5,"4yearColl",4,NA,NA,1,35,"man",1,"Texas","Harris","0.4968","1042.130651","63539",NA
732386,50,0,50,100,6.5,1,1,1,4.5,6,6.5,2,6,7,0,1,6,7,6,7,1,1,1,1,1,1,1,1,1,1,1,1,1,1,1,1,1,6,3,7,5,6,7,1,3,5,7,1,6,5,1,NA,NA,"Republican",1,0,0,"I did not vote","Donald Trump",1,0,0,0,"$60,001-$80,000",4,"2yearColl",3,NA,NA,1,28,"woman",0,"New York","Queens","0.4546","8158.437153","72807",NA
652460,37.95,38.2,62.05,61.8,4.75,4.33333333333333,5.33333333333333,1.25,3,6,5.5,2.5,4.5,5,1,5,5,5,6,3,5,5,3,6,6,6,7,2,5,2,1,1,1,2,1,1,1,3,3,6,6,6,5,3,2,3,6,1,1,6,5,2,2,"Democrat",0,1,0,"Joe Biden","Joe Biden",0,1,0,0,"$60,001-$80,000",4,"GED",2,NA,NA,1,53,"woman",0,"Arizona","Maricopa","0.4572","178.541174","76230",NA
811650,31.25,32.05,68.75,67.95,4.5,6,5.5,3.5,2.5,6,5.5,1,5.5,5,1,5,5,5,5,3,6,6,6,4,5,6,6,6,6,3,4,3,3,5,4,4,2,3,2,7,5,6,5,1,1,5,6,1,5,1,3,2,1,"Independent",0,0,1,"Donald Trump","Donald Trump",1,0,0,0,"$80,001-$100,000",5,"2yearColl",3,"White",1,0,63,"man",1,"California","Alameda","0.4633","860.7570749","108971","All good."
346052,64.04,65.3,35.96,34.7,4.5,3.66666666666667,4.66666666666667,1,4.5,7,4.5,2,5.5,5,1,5,6,5,4,3,3,5,3,6,6,3,5,3,5,1,1,1,1,1,1,1,1,5,4,7,7,4,5,1,3,5,6,1,1,7,7,1,7,"Democrat",0,1,0,"Joe Biden","Joe Biden",0,1,0,0,"$80,001-$100,000",5,"4yearColl",4,"White",1,0,65,"woman",0,"Florida","Duval","0.4741","467.7286986","60121",NA
739141,84,83.55,16,16.45,5.5,2.33333333333333,3.16666666666667,3.875,4.5,4.5,5,4.5,4,6,1,3,6,6,4,6,2,2,3,2,3,5,3,2,4,4,4,4,4,4,4,4,3,5,4,3,6,5,5,5,4,5,3,1,2,3,2,4,4,"Independent",0,0,1,"Third-party candidate","Robert F. Kennedy Jr.",0,0,1,0,"$20,001-$40,000",2,"GED",2,"White",1,0,67,"man",1,"Florida","Pinellas","0.4845","1351.009895","61851",NA
727587,34.92,32.35,65.08,67.65,5.25,1.66666666666667,2.83333333333333,1,3,6,2.5,2.5,6,6,1,5,6,5,5,5,2,2,1,2,6,3,3,1,2,1,1,1,1,1,1,1,1,1,5,7,5,3,2,2,3,5,7,1,1,7,6,1,5,"Democrat",0,1,0,"Joe Biden","Joe Biden",0,1,0,0,"$0-$20,000",1,"2yearColl",3,"White",1,0,68,"woman",0,"Pennsylvania","Westmoreland","0.451","133.2342207","63184",NA
294731,42.46,41.35,57.54,58.65,6.25,5,2.66666666666667,2.5,4.5,4.5,7,2,6.5,6,1,5,6,7,7,5,5,5,5,4,4,1,1,1,5,3,4,1,1,1,7,2,1,6,3,2,7,7,7,2,2,7,6,1,2,2,2,2,4,"Independent",0,0,1,"Donald Trump","Joe Biden",0,1,0,0,"$60,001-$80,000",4,"4yearColl",4,NA,NA,1,30,"man",1,"New York","Bronx","0.5117","13202.5153","43143",NA
781575,60,60,40,40,5.75,1.33333333333333,2.83333333333333,5.375,6,5,6,3,5,6,1,5,5,7,4,7,1,1,2,1,2,6,3,3,2,5,4,4,6,7,7,6,4,6,6,6,4,6,6,4,2,3,7,1,6,1,1,5,1,"Republican",1,0,0,"Donald Trump","Donald Trump",1,0,0,0,"$60,001-$80,000",4,"2yearColl",3,"White",1,0,61,"man",1,"Arizona","Mohave","0.4512","5.977113496","48169","The US is NOT a democracy, it's a CONSTITUTIONAL REPUBLIC, even though the left will never use that term."
872631,34.17,33.45,65.83,66.55,6,2.33333333333333,2.83333333333333,2.5,2.5,4,4.5,3.5,4.5,4,1,3,5,5,7,7,3,2,2,3,4,3,1,2,4,1,1,7,1,7,1,1,1,4,1,4,4,6,3,5,2,5,4,1,4,4,5,4,4,"Independent",0,0,1,"Third-party candidate","Joe Biden",0,1,0,0,"$20,001-$40,000",2,"GED",2,NA,NA,1,20,"man",1,"California","Tulare","0.4586","36.85265632","57398",NA
313567,100,100,0,0,5,2,2.83333333333333,7,4,4,7,1,6.5,1,1,5,1,6,6,7,1,1,4,1,1,4,5,5,1,7,7,7,7,7,7,7,7,4,4,7,1,7,7,1,1,6,7,1,6,NA,NA,2,NA,"Republican",1,0,0,"Donald Trump","Donald Trump",1,0,0,0,"$60,001-$80,000",4,"4yearColl",4,"White",1,1,36,"man",1,"Florida","Osceola","0.4349","98.47136801","60495",NA
656018,24.02,24.61,75.98,75.39,4,4.66666666666667,3.66666666666667,4,4.5,4,4,3.5,4,5,1,2,5,4,4,3,4,5,5,2,4,4,4,3,5,4,5,2,4,5,6,3,3,6,3,3,5,5,3,4,3,4,4,1,3,4,3,4,5,"Independent",0,0,1,"Joe Biden","Robert F. Kennedy Jr.",0,0,1,0,"$20,001-$40,000",2,"GED",2,"White",1,0,37,"man",1,"California","Imperial","0.4578","16.65999073","50970","This was a good study."
276120,37.5,78.74,62.5,21.26,5.5,2.33333333333333,2.16666666666667,2.875,3,4.5,5.5,3.5,6.5,6,0,2,7,5,5,5,3,2,2,2,3,2,1,1,4,4,2,2,2,4,6,2,1,3,3,3,6,6,5,4,3,6,7,1,1,4,7,1,7,"Independent",0,0,1,"Third-party candidate","Cornel West",0,0,0,0,"$20,001-$40,000",2,"MA",5,"White",1,0,65,"woman",0,"Rhode Island","Kent","0.4437","375.3431064","74282",NA
170227,52.6,47.75,47.4,52.25,5,2.66666666666667,3,1,3,5,6,4.5,5.5,5,1,5,5,5,5,5,1,5,2,2,5,2,4,2,3,1,1,1,1,1,1,1,1,3,3,4,6,6,6,6,3,5,6,1,1,5,NA,1,2,"Democrat",0,1,0,"Joe Biden","Joe Biden",0,1,0,0,"$20,001-$40,000",2,"4yearColl",4,"White",1,0,61,"woman",0,"California","Los Angeles","0.4969","960.7427779","77356",NA
447126,49.2,51.87,50.8,48.13,4.5,2,3.5,2.5,5,4.5,4.5,3,5.5,5,1,5,6,3,3,6,2,3,1,2,2,5,5,1,6,1,1,2,2,6,4,2,2,5,5,5,4,5,4,3,3,5,6,1,2,4,5,3,5,"Democrat",0,1,0,"Joe Biden","Joe Biden",0,1,0,0,"Over $200,000",11,"4yearColl",4,"multiracial",0,0,65,"man",1,"New York","Bronx","0.5117","13202.5153","43143",NA
509235,28.75,41,71.25,59,4,4,4.83333333333333,2.125,1.5,4,3.5,6,3,2,0,2,2,6,5,3,3,4,5,4,4,6,5,5,5,2,1,2,1,3,3,3,2,1,2,4,4,3,4,6,6,5,1,1,2,NA,5,NA,4,"Independent",0,0,1,"Joe Biden","Donald Trump",1,0,0,0,"$20,001-$40,000",2,"GED",2,"White",1,1,42,"man",1,"New York","Kings","0.5286","14475.02544","66943",NA
277381,51.76,56.57,48.24,43.43,3.75,5.33333333333333,5.33333333333333,3.75,3.5,6,6,3,5.5,5,1,4,5,4,3,3,5,5,6,4,5,6,7,4,6,5,5,2,4,3,4,4,3,4,3,6,6,6,6,3,3,6,5,1,5,3,4,4,5,"Republican",1,0,0,"Donald Trump","Donald Trump",1,0,0,0,"$20,001-$40,000",2,"GED",2,"White",1,0,70,"man",1,"Tennessee","White","0.4386","27.2449927","45239","Interesting study thank you."
204117,52.75,51.25,47.25,48.75,3.5,3.66666666666667,5.66666666666667,2.375,3.5,5.5,6.5,2.5,6,5,1,5,3,5,3,3,4,4,3,5,6,6,6,5,6,3,2,1,1,4,3,3,2,5,2,6,5,6,7,3,2,6,6,1,2,4,2,2,6,"Democrat",0,1,0,"Joe Biden","Joe Biden",0,1,0,0,"$100,001-$120,000",6,"4yearColl",4,"White",1,0,61,"woman",0,"Florida","Pinellas","0.4845","1351.009895","61851",NA
792624,47.61,50.29,52.39,49.71,5,3.66666666666667,4.5,1.25,3.5,6.5,4,1,6,2,1,5,6,6,5,3,2,6,3,5,6,6,6,1,3,1,1,1,1,1,2,2,1,3,4,7,6,5,3,1,1,7,5,1,1,5,5,1,5,"Democrat",0,1,0,"Joe Biden","Joe Biden",0,1,0,0,"$0-$20,000",1,"4yearColl",4,"White",1,0,71,"woman",0,"Kentucky","Powell","0.4632","26.57916715","40116",NA
664742,29.14,24.55,70.86,75.45,5.25,2,2.16666666666667,2.125,4,6.5,6.5,1.5,4,5,1,4,5,5,5,6,2,2,2,2,2,2,3,2,2,4,3,1,1,3,3,1,1,7,1,6,7,7,6,2,1,7,1,1,5,3,3,3,3,"Republican",1,0,0,"Donald Trump","Donald Trump",1,0,0,0,"$80,001-$100,000",5,"4yearColl",4,"White",1,0,66,"woman",0,"Massachusetts","Berkshire","0.4799","53.04016386","60945","thank you!"
431732,49.93,65.92,50.07,34.08,5.25,2,2.16666666666667,1.375,1.5,5,4,4.5,3.5,5,1,5,6,6,4,5,2,2,2,1,5,1,1,1,4,2,1,1,1,2,1,2,1,1,2,4,6,5,3,5,4,4,3,1,1,6,6,2,7,"Democrat",0,1,0,"Joe Biden","Joe Biden",0,1,0,0,"$60,001-$80,000",4,"4yearColl",4,NA,NA,1,38,"woman",0,"Florida","Alachua","0.5137","116.1122104","56006",NA
424212,65.66,63.39,34.34,36.61,5,4.66666666666667,4,1.875,4.5,5,5.5,2.5,5,3,1,5,7,5,5,3,3,5,6,5,3,5,4,2,5,4,1,1,1,2,4,1,1,5,4,4,6,5,6,3,2,5,5,1,3,5,5,3,4,"Democrat",0,1,0,"Joe Biden","Joe Biden",0,1,0,0,"$40,001-$60,000",3,"2yearColl",3,"White",1,0,62,"woman",0,"North Carolina","New Hanover","0.4942","450.4417618","66212",NA
646499,8,9,92,91,3.75,5.66666666666667,5.5,1.875,2.5,6.5,5.5,2,3.5,3,1,5,6,3,3,3,5,6,6,5,6,7,7,3,5,1,1,2,1,2,2,3,3,2,3,7,6,5,6,1,3,5,2,1,2,4,1,2,3,"Independent",0,0,1,"Joe Biden","Joe Biden",0,1,0,0,"$20,001-$40,000",2,"2yearColl",3,"White",1,0,65,"woman",0,"Kentucky","Muhlenberg","0.4993","25.67719612","45883","Interesting"
200346,59.59,66.48,40.41,33.52,4.25,3.33333333333333,3,3,4,7,7,4.5,4.5,5,1,5,5,4,4,4,4,3,3,1,4,3,4,3,3,6,2,1,2,4,4,4,1,4,4,7,7,7,7,5,4,4,5,1,3,5,NA,5,5,"Independent",0,0,1,"Joe Biden","Donald Trump",1,0,0,0,"Over $200,000",11,"PHD",6,"White",1,1,37,"woman",0,"Florida","Miami-Dade","0.5134","552.1870708","58905",NA
467838,27.84,32.91,72.16,67.09,2.5,6,5.16666666666667,1.75,3,5.5,6,3.5,4.5,5,1,5,3,3,2,2,6,5,7,2,5,6,6,6,6,2,1,1,2,2,2,2,2,3,3,5,6,6,6,5,2,6,3,1,3,4,2,3,4,"Democrat",0,1,0,"Joe Biden","Joe Biden",0,1,0,0,NA,NA,"GED",2,"White",1,0,61,"woman",0,"Ohio","Lorain","0.4589","241.0812951","63348",NA
449533,87,86.3,13,13.7,5,4.33333333333333,3.83333333333333,1.125,4,5,3,4,5,6,1,5,6,6,5,3,5,5,3,3,5,5,3,1,6,1,1,1,1,2,1,1,1,4,4,4,6,3,3,5,3,5,5,1,1,7,7,3,7,"Independent",0,0,1,"Joe Biden","Joe Biden",0,1,0,0,"$0-$20,000",1,"GED",2,"White",1,0,65,"woman",0,"Wisconsin","Sauk","0.4112","29.52890454","70254",NA
622931,85.85,75.55,14.15,24.45,5.75,2,1.33333333333333,2.125,2.5,5,6.5,2,5.5,7,1,3,6,7,5,5,2,2,2,1,2,1,2,1,1,1,1,1,1,3,3,5,2,3,2,5,5,7,6,2,2,6,5,1,2,5,5,2,5,"Democrat",0,1,0,"Third-party candidate","Robert F. Kennedy Jr.",0,0,1,0,"$40,001-$60,000",3,"GED",2,"White",1,1,26,"woman",0,"Missouri","St. Louis","0.4968","759.9012477","72507",NA
655948,25.79,22.68,74.21,77.32,5.5,2.66666666666667,3.83333333333333,1.75,4.5,6,7,3,6.5,6,1,5,7,6,3,6,3,2,3,5,3,5,5,3,2,2,2,1,1,2,2,2,2,6,3,6,6,7,7,3,3,6,7,1,1,3,4,3,3,"Democrat",0,1,0,"Joe Biden","Joe Biden",0,1,0,0,"$20,001-$40,000",2,"4yearColl",4,"White",1,0,63,"woman",0,"Florida","Putnam","0.469","38.59923128","38759",NA
691678,37.11,40.95,62.89,59.05,5,4.66666666666667,4.5,4.5,3,5.5,5,4.5,5.5,2,1,5,5,5,6,4,5,3,6,4,3,6,5,4,5,4,5,4,5,6,5,3,4,3,3,6,5,6,4,5,4,5,6,1,6,2,4,5,2,"Republican",1,0,0,"Donald Trump","Donald Trump",1,0,0,0,"$0-$20,000",1,"GED",2,"White",1,1,62,"man",1,"Florida","Hillsborough","0.4809","521.0066098","65818","none"
976228,49.14,49.17,50.86,50.83,4,6.33333333333333,5.5,2.5,3.5,6,6,2.5,5.5,5,1,4,5,3,5,3,6,6,7,4,6,4,6,6,7,2,2,6,2,2,2,2,2,2,5,6,6,6,6,3,2,5,6,1,3,6,3,6,5,"Republican",1,0,0,"Joe Biden","Joe Biden",0,1,0,0,"$20,001-$40,000",2,"4yearColl",4,"White",1,0,29,"man",1,"Illinois","Cook","0.5052","2134.420727","72063",NA
828801,28.87,33.04,71.13,66.96,4.75,3.33333333333333,3.33333333333333,4.5,3,4,6.5,2,4,5,1,5,4,4,5,6,3,3,4,2,2,3,6,3,4,4,5,1,5,6,6,5,4,3,3,4,4,6,7,2,2,5,3,1,5,2,1,2,3,"Republican",1,0,0,"Donald Trump","Donald Trump",1,0,0,0,"$80,001-$100,000",5,"GED",2,"White",1,0,64,"man",1,"Tennessee","Blount","0.4324","88.74484763","62724",NA
700100,9.90000000000001,0,90.1,100,6.75,2.66666666666667,3.16666666666667,1,1,4.5,7,3.5,6.5,7,1,5,7,7,7,6,1,5,2,1,6,5,5,1,1,1,1,1,1,1,1,1,1,1,1,2,7,7,7,5,2,6,7,1,1,6,7,6,6,"Democrat",0,1,0,"Joe Biden","Joe Biden",0,1,0,0,"$60,001-$80,000",4,"GED",2,NA,NA,1,52,"man",1,"Texas","Chambers","0.4418","26.05167617","89767",NA
574099,39.05,44.55,60.95,55.45,5.5,3.66666666666667,4.5,3.5,2,6,4.5,4.5,4,5,1,5,7,6,5,4,3,3,5,5,5,5,5,4,3,7,2,3,2,7,2,3,2,2,2,6,6,6,3,6,3,6,2,1,3,5,5,2,3,"Democrat",0,1,0,"Joe Biden","Joe Biden",0,1,0,0,"$60,001-$80,000",4,"PHD",6,"White",1,1,52,"woman",0,"Pennsylvania","Bucks","0.4434","400.1185087","99755",NA
738843,40.8,41.35,59.2,58.65,4.75,2.33333333333333,4.5,3,2.5,6.5,6.5,2,6,5,0,3,1,6,6,6,2,2,3,1,3,6,6,5,6,3,2,6,2,1,4,5,1,3,2,7,6,6,7,2,2,6,6,1,4,3,1,3,1,"Independent",0,0,1,"I did not vote","Jill Stein",0,0,0,0,"$180,001-$200,000",10,"4yearColl",4,"White",1,0,62,"man",1,"New Jersey","Middlesex","0.4304","1032.248366","98992",NA
588108,56.3,58.06,43.7,41.94,4.75,4,4.5,3,2,5.5,6,1,5.5,3,1,5,4,5,5,5,5,2,5,1,4,6,6,5,5,6,1,2,1,6,6,1,1,2,2,6,5,6,6,1,1,6,5,1,6,1,1,1,1,"Independent",0,0,1,"Donald Trump","Donald Trump",1,0,0,0,"$40,001-$60,000",3,"2yearColl",3,"White",1,0,72,"woman",0,"Rhode Island","Kent","0.4437","375.3431064","74282",NA
101885,59.37,62.84,40.63,37.16,4.25,4,3.66666666666667,3.125,3.5,4.5,5,3.5,4,4,1,5,5,4,4,4,4,4,4,4,4,3,4,3,4,4,3,3,3,4,4,2,2,4,3,4,5,5,5,4,3,5,3,1,2,4,4,3,NA,"Democrat",0,1,0,"Joe Biden","Joe Biden",0,1,0,0,"$160,001-$180,000",9,"4yearColl",4,NA,NA,1,33,"woman",0,"Connecticut","Fairfield","0.5425","583.4165304","100703",NA
325337,23.55,50.5,76.45,49.5,6.75,2,2.16666666666667,1,7,6.5,7,1,6,5,1,5,7,7,6,7,2,2,2,1,6,1,2,1,2,1,1,1,1,1,1,1,1,7,7,7,6,7,7,1,1,5,7,1,5,1,1,1,1,"Republican",1,0,0,"Donald Trump","Robert F. Kennedy Jr.",0,0,1,0,"$40,001-$60,000",3,"4yearColl",4,"White",1,0,63,"woman",0,"California","San Diego","0.4615","302.9941503","90756","It was interesting to do."
999810,42.56,31.34,57.44,68.66,4.75,5,5.66666666666667,2.5,4,5.5,6,3,5.5,5,1,5,4,4,6,5,5,5,5,4,6,6,7,5,6,4,1,1,1,5,6,1,1,5,3,5,6,7,5,3,3,5,6,1,NA,NA,NA,NA,NA,"Democrat",0,1,0,"Third-party candidate","Robert F. Kennedy Jr.",0,0,1,0,"$20,001-$40,000",2,"2yearColl",3,NA,NA,1,60,"woman",0,"Texas","Maverick","0.4558","17.49341839","41815",NA
718355,52.2,56.55,47.8,43.45,5.5,3.66666666666667,4.66666666666667,3.125,6,4.5,5.5,5.5,5.5,6,1,5,6,6,5,5,3,3,5,4,5,5,6,3,5,4,3,2,2,4,5,3,2,6,6,3,6,6,5,6,5,6,5,1,5,3,1,3,4,"Republican",1,0,0,"Joe Biden","Robert F. Kennedy Jr.",0,0,1,0,"$120,001-$140,000",7,"2yearColl",3,"White",1,1,31,"woman",0,"Arizona","Maricopa","0.4572","178.541174","76230",NA
407343,58.27,58.73,41.73,41.27,5,3.33333333333333,2.83333333333333,7,2,5,6,2,6,2,1,2,6,4,4,6,3,2,5,2,3,2,4,4,2,7,7,7,7,7,7,7,7,2,2,4,6,6,6,2,2,6,6,1,7,1,1,1,1,"Republican",1,0,0,"I did not vote","Donald Trump",1,0,0,0,"$140,001-$160,000",8,"4yearColl",4,"White",1,0,67,"man",1,"Oregon","Clackamas","0.4462","83.75337597","91076",NA
215056,38.75,35,61.25,65,3.75,5.33333333333333,5.16666666666667,1,2.5,3.5,6.5,1,6,5,1,5,6,3,3,3,5,5,6,7,3,7,5,3,6,1,1,1,1,1,1,1,1,3,2,2,5,6,7,1,1,5,7,1,3,6,7,6,7,"Democrat",0,1,0,"I did not vote","Joe Biden",0,1,0,0,"$20,001-$40,000",2,"GED",2,"White",1,0,66,"woman",0,"Kansas","Shawnee","0.441","126.5335231","56625",NA
997440,NA,NA,NA,NA,6,2.66666666666667,2.83333333333333,2,3.5,6,3.5,4,6.5,6,1,5,7,5,6,6,1,6,1,4,2,2,4,4,1,1,1,1,1,6,4,1,1,4,3,6,6,4,3,5,3,7,6,1,3,5,6,4,6,"Democrat",0,1,0,"Joe Biden","Joe Biden",0,1,0,0,"$40,001-$60,000",3,"4yearColl",4,"White",1,0,74,"man",1,"California","Lake","0.5021","19.71137641","55801",NA
680826,93,94.2,7,5.8,6,4.33333333333333,2.33333333333333,1,4.5,6,6,2,6,5,1,5,7,6,6,5,5,6,2,3,2,1,4,1,3,1,1,1,1,1,1,1,1,6,3,6,6,6,6,2,2,6,6,1,1,4,7,1,1,"Democrat",0,1,0,"Joe Biden","Joe Biden",0,1,0,0,"$20,001-$40,000",2,"4yearColl",4,"White",1,0,65,"man",1,"Oregon","Lane","0.4649","31.25707027","61509","n/a"
412023,34.4,44.99,65.6,55.01,2.75,5.33333333333333,4.83333333333333,3.5,3.5,6,6.5,2,5,3,1,5,2,2,2,5,4,6,6,4,3,6,6,5,5,4,1,4,4,5,3,4,3,3,4,6,6,6,7,2,2,5,5,1,2,5,2,2,4,"Democrat",0,1,0,"Joe Biden","Joe Biden",0,1,0,0,"$140,001-$160,000",8,"MA",5,"White",1,0,61,"woman",0,"Virginia","Loudoun","0.3882","288.317756","153716",NA
873749,35.95,35.45,64.05,64.55,4.75,5,5,3.375,3.5,4,5,3.5,5.5,5,1,5,5,5,5,4,5,5,5,5,5,5,5,5,5,5,4,2,3,4,3,3,3,4,3,3,5,5,5,4,3,5,6,1,5,3,3,3,4,"Independent",0,0,1,"Joe Biden","Joe Biden",0,1,0,0,"Over $200,000",11,"4yearColl",4,"White",1,0,60,"man",1,"California","Los Angeles","0.4969","960.7427779","77356",NA
682249,40,45.3,60,54.7,5,3.33333333333333,2.5,2.875,1,4,6,1.5,6.5,3,1,5,6,5,5,4,3,3,4,1,4,2,4,1,3,3,3,1,4,4,4,3,1,1,1,4,4,5,7,1,2,6,7,1,4,4,1,2,1,"Independent",0,0,1,"Donald Trump","Other",0,0,0,1,"$40,001-$60,000",3,"4yearColl",4,"White",1,1,35,"man",1,"California","Los Angeles","0.4969","960.7427779","77356","Good luck with your research"
373158,17.5,22,82.5,78,6,3.33333333333333,3.5,1.5,6,6,6,2,6,6,1,4,7,6,6,5,3,4,3,2,2,4,6,1,6,2,2,1,1,3,1,1,1,6,6,6,6,6,6,2,2,6,6,1,4,3,1,5,2,"Independent",0,0,1,"I did not vote","Donald Trump",1,0,0,0,"$0-$20,000",1,"GED",2,"White",1,1,34,"man",1,"New York","New York","0.5968","27819.8048","84371",NA
691895,71.5,78.5,28.5,21.5,6,2,3.33333333333333,6.125,2,3.5,6,6,2.5,5,0,1,5,6,6,7,2,1,3,1,2,5,5,4,3,6,6,6,6,7,7,7,4,2,2,2,5,6,6,6,6,3,2,1,7,1,1,4,1,"Republican",1,0,0,"Donald Trump","Donald Trump",1,0,0,0,"$20,001-$40,000",2,"GED",2,"White",1,0,65,"woman",0,"Minnesota","Washington","0.4264","254.4333331","105251",NA
271398,63.28,64.86,36.72,35.14,3.5,3.33333333333333,5.16666666666667,2.75,3.5,4,5.5,3.5,5,2,1,5,6,3,2,3,3,5,2,6,6,5,5,3,6,3,1,3,3,4,3,2,3,4,3,3,5,6,5,4,3,5,5,1,2,6,5,3,5,"Democrat",0,1,0,"Joe Biden","Joe Biden",0,1,0,0,"$180,001-$200,000",10,"PHD",6,"White",1,0,74,"man",1,"Colorado","Weld","0.4231","28.58676378","84826",NA
775677,26.1,22.03,73.9,77.97,4.25,3,4.83333333333333,3.875,3,4.5,6,3.5,6.5,6,1,2,4,5,5,3,3,3,3,2,6,5,7,3,6,4,4,3,6,4,4,3,3,3,3,3,6,6,6,5,2,6,7,1,4,3,2,2,5,"Republican",1,0,0,"Donald Trump","Donald Trump",1,0,0,0,"$100,001-$120,000",6,"4yearColl",4,"White",1,0,24,"man",1,"Iowa","Dubuque","0.447","61.44255068","73968",NA
491376,82.4,76.4,17.6,23.6,5,3.33333333333333,4.16666666666667,2,4.5,5.5,6,2,5,5,1,5,6,6,3,5,2,5,3,6,6,1,5,1,6,2,2,2,2,2,2,2,2,6,3,5,6,6,6,2,2,6,4,1,1,1,5,1,5,"Democrat",0,1,0,"Joe Biden","Joe Biden",0,1,0,0,"$60,001-$80,000",4,"4yearColl",4,NA,NA,1,28,"man",1,"Florida","Miami-Dade","0.5134","552.1870708","58905",NA
922403,73.09,79.8,26.91,20.2,7,1,1.83333333333333,1,1,6.5,6.5,1.5,6.5,7,1,5,7,7,7,7,1,1,1,2,2,2,3,1,1,1,1,1,1,1,1,1,1,1,1,7,6,6,7,1,2,6,7,1,1,5,6,1,7,"Democrat",0,1,0,"Joe Biden","Joe Biden",0,1,0,0,"$0-$20,000",1,"PHD",6,"White",1,0,62,"woman",0,"North Carolina","Moore","0.4687","52.92208077","69373",NA
500097,29.41,23.66,70.59,76.34,2.5,6,6,4.125,7,6.5,5.5,2.5,7,5,1,5,2,2,3,3,6,6,6,5,5,7,7,6,6,4,4,4,4,4,5,4,4,7,7,7,6,7,4,4,1,7,7,1,5,4,1,3,5,"Republican",1,0,0,"Donald Trump","Donald Trump",1,0,0,0,"$40,001-$60,000",3,"2yearColl",3,"White",1,0,69,"woman",0,"Washington","Mason","0.4184","25.20310389","73696",NA
706834,54.79,54.75,45.21,45.25,5.25,2.66666666666667,4.5,4.375,2,4.5,7,4,5.5,7,0,1,5,5,5,6,1,2,5,2,6,6,6,4,3,7,7,1,6,5,5,3,1,2,2,2,7,7,7,6,2,6,5,1,3,3,3,NA,4,"Independent",0,0,1,"I did not vote","Donald Trump",1,0,0,0,"$100,001-$120,000",6,"4yearColl",4,"White",1,1,27,"woman",0,"Texas","Bexar","0.4654","599.5581109","63014","N/A"
818027,32.05,32.45,67.95,67.55,5,3,3.5,4.75,3.5,5.5,6,3.5,5,2,1,3,5,5,5,5,3,3,3,4,4,4,3,2,4,5,4,5,4,6,6,4,4,4,3,6,5,7,5,4,3,4,6,1,5,2,NA,NA,1,"Republican",1,0,0,"Donald Trump","Donald Trump",1,0,0,0,"$20,001-$40,000",2,"4yearColl",4,NA,NA,1,36,"woman",0,"California","San Bernardino","0.439","41.10128555","74218",NA
597841,33.75,34.4,66.25,65.6,5.75,4.33333333333333,3.66666666666667,4.75,2.5,4.5,6.5,2.5,5.5,1,1,5,5,6,6,6,2,5,6,1,3,6,6,3,3,6,1,7,4,7,7,5,1,3,2,5,4,6,7,3,2,6,5,1,5,1,1,6,1,"Republican",1,0,0,"Donald Trump","Donald Trump",1,0,0,0,"$100,001-$120,000",6,"2yearColl",3,"White",1,0,69,"man",1,"Georgia","Jackson","0.4217","74.74438404","72486",NA
477042,49.22,51.93,50.78,48.07,6.25,1.66666666666667,2.5,4.625,2.5,6,3.5,2.5,6.5,5,1,5,6,6,7,6,2,1,2,1,1,5,5,2,1,5,2,3,5,7,6,5,4,3,2,6,6,5,2,3,2,6,7,1,7,2,1,3,1,"Republican",1,0,0,"Donald Trump","Donald Trump",1,0,0,0,"$40,001-$60,000",3,"2yearColl",3,"White",1,0,75,"man",1,"Florida","Pinellas","0.4845","1351.009895","61851","I don't have a degree per say, however as a lifelong learner, I'm not going to click High school!"
196956,49.5,49.75,50.5,50.25,5.5,2.66666666666667,2.83333333333333,2.125,1,4.5,3.5,5.5,3.5,7,1,4,6,5,5,6,3,2,3,3,3,2,2,3,4,3,1,2,2,3,2,3,1,1,1,3,6,4,3,6,5,5,2,1,1,5,5,1,6,"Democrat",0,1,0,"I did not vote","Joe Biden",0,1,0,0,"$40,001-$60,000",3,"GED",2,"White",1,0,18,"woman",0,"Pennsylvania","Monroe","0.4184","106.3782509","74989",NA
989080,40.4,22.9,59.6,77.1,4,3.33333333333333,2.33333333333333,1,3,4.5,5,3,6,6,0,1,4,4,4,4,3,3,4,3,2,5,2,1,1,1,1,1,1,1,1,1,1,2,4,4,5,4,6,3,3,5,7,1,1,1,6,NA,6,"Independent",0,0,1,"I did not vote","Joe Biden",0,1,0,0,"$40,001-$60,000",3,"GED",2,NA,NA,1,32,"man",1,"Nevada","Clark","0.4697","104.7773624","63735",NA
170289,55.89,53.78,44.11,46.22,5.5,2.66666666666667,3.33333333333333,1,2,6,3,2.5,7,6,1,5,6,6,5,5,1,6,1,2,5,2,5,2,4,1,1,1,1,1,1,1,1,3,1,6,6,3,3,2,3,7,7,1,1,4,4,1,4,"Democrat",0,1,0,"Joe Biden","Joe Biden",0,1,0,0,NA,NA,"MA",5,"Other (please specify)",0,0,60,"woman",0,"Florida","Brevard","0.4553","219.3764634","65280",NA
406442,7.36,98,92.64,2,6.5,1,1,1.75,1,4,3,5.5,2.5,7,0,1,7,7,5,7,1,1,1,1,1,1,1,1,1,1,1,1,1,7,1,1,1,1,1,3,5,3,3,6,5,2,3,1,7,7,7,7,7,"Independent",0,0,1,"I did not vote","Other",0,0,0,1,"$40,001-$60,000",3,"GED",2,"White",1,1,29,"man",1,"California","Los Angeles","0.4969","960.7427779","77356",NA
474178,49.61,52.23,50.39,47.77,5,4.33333333333333,3.66666666666667,1.375,2.5,4,6,3.5,5.5,5,1,2,5,6,5,4,3,5,5,4,5,3,3,4,3,2,1,1,1,1,1,2,2,3,2,3,5,6,6,4,3,6,5,1,3,4,5,5,5,"Democrat",0,1,0,"I did not vote","Joe Biden",0,1,0,0,"Over $200,000",11,"PHD",6,NA,NA,1,38,"man",1,"North Carolina","Wake","0.4467","484.0293229","91558","N/A"
825735,60.97,61.85,39.03,38.15,4.75,4,4.5,1,1.5,4,6,1,7,3,1,5,6,5,3,5,3,5,4,4,6,2,5,3,7,1,1,1,1,1,1,1,1,2,1,3,5,7,5,1,1,7,7,1,1,7,4,1,7,"Democrat",0,1,0,"Joe Biden","Joe Biden",0,1,0,0,"$140,001-$160,000",8,"MA",5,"White",1,0,61,"man",1,"Missouri","St. Louis","0.4968","759.9012477","72507",NA
170713,69.44,86,30.56,14,6,2.33333333333333,4.66666666666667,3.5,1,6,5.5,4,5,4,1,5,5,7,7,5,2,3,2,1,4,6,7,4,6,4,3,3,2,6,4,4,2,1,1,5,7,6,5,5,3,5,5,1,4,4,1,NA,1,"Democrat",0,1,0,"Joe Biden","Robert F. Kennedy Jr.",0,0,1,0,"$60,001-$80,000",4,"2yearColl",3,"White",1,0,74,"woman",0,"Nevada","Clark","0.4697","104.7773624","63735",NA
520258,34,52.6,66,47.4,6,3,3.33333333333333,3.75,3,2.5,4,1.5,6,6,0,1,7,6,4,7,2,2,5,4,1,1,7,3,4,6,1,2,4,5,7,4,1,3,3,2,3,5,3,2,1,7,5,1,5,1,1,NA,NA,"Republican",1,0,0,"I did not vote","Donald Trump",1,0,0,0,"$120,001-$140,000",7,"GED",2,NA,NA,1,18,"man",1,"Florida","Miami-Dade","0.5134","552.1870708","58905","no"
969281,73.04,77.28,26.96,22.72,6,3,3.66666666666667,1,4,6.5,6.5,2,7,7,1,5,7,6,6,5,2,6,1,3,7,1,4,5,2,1,1,1,1,1,1,1,1,5,3,6,7,7,6,2,2,7,7,1,1,7,7,1,7,"Democrat",0,1,0,"Joe Biden","Joe Biden",0,1,0,0,"$60,001-$80,000",4,"2yearColl",3,"White",1,0,62,"woman",0,"Utah","Salt Lake","0.4315","583.1622532","80676",NA
477576,43.96,54,56.04,46,6.25,2.33333333333333,2.83333333333333,2.25,1.5,6,4.5,3.5,5.5,7,1,5,7,6,6,6,2,2,3,2,4,2,4,1,4,2,2,1,1,6,4,1,1,1,2,7,5,5,4,5,2,5,6,1,1,4,5,1,4,"Democrat",0,1,0,"Joe Biden","Joe Biden",0,1,0,0,"$20,001-$40,000",2,"4yearColl",4,"White",1,1,44,"woman",0,"Colorado","Larimer","0.4493","50.29906087","78681",NA
550377,54.83,57.29,45.17,42.71,5.5,3.33333333333333,3.83333333333333,1.125,3.5,6,6,2,4.5,6,1,5,6,5,5,6,2,3,5,4,5,3,4,4,3,1,1,1,1,2,1,1,1,4,3,5,7,6,6,2,2,5,4,1,NA,NA,NA,NA,NA,"Democrat",0,1,0,"Joe Biden","Other",0,0,0,1,"$80,001-$100,000",5,"GED",2,"White",1,1,42,"woman",0,"Texas","Ellis","0.4083","69.67134826","87698",NA
820780,94.25,94,5.75,6,6.75,1,1.5,1,3,5.5,6,6.5,6.5,7,1,5,7,7,7,6,1,1,1,1,4,1,1,1,1,1,1,1,1,1,1,1,1,3,3,6,5,5,7,7,6,6,7,1,1,3,5,1,5,"Independent",0,0,1,"Joe Biden","Joe Biden",0,1,0,0,"$20,001-$40,000",2,"GED",2,"White",1,0,60,"woman",0,"Hawaii","Hawaii","0.4747","18.94430327","67896","Very interesting format...difficult to choose!"
504217,40.7,44.9,59.3,55.1,3.75,5,5.83333333333333,1,4,6,7,4,4.5,5,1,5,5,4,3,3,5,5,5,6,6,6,6,5,6,1,1,1,1,1,1,1,1,4,4,7,5,7,7,5,3,5,4,1,1,6,7,NA,4,"Democrat",0,1,0,"Joe Biden","Joe Biden",0,1,0,0,"$80,001-$100,000",5,"GED",2,"White",1,0,63,"woman",0,"New York","Kings","0.5286","14475.02544","66943",NA
813265,38.39,38.24,61.61,61.76,4.25,4.66666666666667,4,4.125,4.5,4.5,3.5,4.5,3,5,1,3,5,5,2,5,3,6,5,5,3,5,3,3,5,3,2,3,4,6,5,5,5,5,4,5,4,4,3,5,4,3,3,1,3,3,5,3,4,"Independent",0,0,1,"I did not vote","Donald Trump",1,0,0,0,NA,NA,NA,NA,"White",1,0,18,"man",1,"New Hampshire","Hillsborough","0.4303","181.0770805","90806",NA
881454,61.06,78,38.94,22,4.5,4.33333333333333,4,4.375,2.5,4.5,5,4.5,4.5,4,0,2,4,5,4,5,4,4,5,3,3,5,4,4,5,4,5,4,2,5,5,6,4,2,3,3,6,6,4,6,3,5,4,1,7,4,3,4,4,"Democrat",0,1,0,"Joe Biden","Donald Trump",1,0,0,0,"$0-$20,000",1,"GED",2,"White",1,0,28,"man",1,"Florida","Duval","0.4741","467.7286986","60121",NA
341763,40.84,44.16,59.16,55.84,4.25,4,4.16666666666667,3.5,4.5,3.5,5.5,4,4,5,1,4,5,3,4,5,3,4,5,5,5,4,4,3,4,4,3,2,4,5,3,3,4,4,5,3,4,5,6,5,3,4,4,1,5,1,2,2,5,"Republican",1,0,0,"Donald Trump","Donald Trump",1,0,0,0,"$120,001-$140,000",7,"2yearColl",3,"White",1,0,28,"man",1,"California","San Luis Obispo","0.451","32.9240586","79688",NA
179152,28,35,72,65,6.75,4,5.16666666666667,1,4,6,6.5,4,6,6,1,5,7,7,7,6,5,5,2,6,7,2,6,4,6,1,1,1,1,1,1,1,1,5,3,5,7,6,7,6,2,6,6,1,1,7,NA,NA,NA,"Democrat",0,1,0,"Joe Biden","Joe Biden",0,1,0,0,"$100,001-$120,000",6,"4yearColl",4,"White",1,0,21,"woman",0,"Rhode Island","Kent","0.4437","375.3431064","74282",NA
766619,65.75,65.5,34.25,34.5,5.75,4.33333333333333,4.66666666666667,1,5,6.5,6,1.5,6,5,1,5,7,6,7,3,5,6,2,6,7,1,2,6,6,1,1,1,1,1,1,1,1,5,5,7,6,5,7,1,2,7,5,1,1,5,7,1,6,"Democrat",0,1,0,"Joe Biden","Joe Biden",0,1,0,0,"$140,001-$160,000",8,"PHD",6,"White",1,0,36,"man",1,"New York","Broome","0.4817","106.3436213","55729",NA
786484,46.29,57.91,53.71,42.09,6.25,2,1.83333333333333,2.25,3.5,4.5,5.5,3,5,7,1,5,7,6,6,6,2,2,2,2,4,1,1,1,2,3,1,2,2,3,3,2,2,3,4,5,4,6,5,3,3,5,5,1,1,6,5,5,6,"Democrat",0,1,0,"Joe Biden","Joe Biden",0,1,0,0,"Over $200,000",11,"PHD",6,"White",1,0,36,"woman",0,"Ohio","Union","0.4129","49.76986219","98167",NA
584579,40.67,44.1,59.33,55.9,5.5,2.66666666666667,4.16666666666667,1.125,2.5,6,3.5,3,6,3,1,5,7,6,3,6,2,4,2,4,6,1,5,3,6,1,1,1,1,2,1,1,1,2,3,7,5,5,2,3,3,6,6,1,2,6,NA,2,7,"Democrat",0,1,0,"Joe Biden","Joe Biden",0,1,0,0,"Over $200,000",11,"GED",2,"White",1,0,52,"man",1,"New Jersey","Passaic","0.4645","1046.233338","74016",NA
394965,65,76.5,35,23.5,5.5,3,4.16666666666667,4.75,1.5,7,7,2,3,2,1,5,1,7,7,7,2,1,6,2,2,7,6,2,6,4,1,4,1,7,7,7,7,1,2,7,7,7,7,3,1,1,5,1,7,1,1,1,1,"Republican",1,0,0,"Donald Trump","Donald Trump",1,0,0,0,"$40,001-$60,000",3,"4yearColl",4,"White",1,0,35,"woman",0,"North Carolina","Ashe","0.4373","24.3309623","45551",NA
116190,51.75,64.55,48.25,35.45,4,3,5,2.25,7,7,6.5,3.5,6,5,0,4,6,4,2,4,3,3,3,4,6,6,6,2,6,2,2,3,1,2,2,3,3,7,7,7,7,6,7,5,2,5,7,1,1,4,2,3,1,"Democrat",0,1,0,"Donald Trump","Robert F. Kennedy Jr.",0,0,1,0,"$100,001-$120,000",6,"GED",2,"White",1,0,48,"woman",0,"Massachusetts","Plymouth","0.4599","300.0827076","99445",NA
289779,59.36,58.08,40.64,41.92,4.5,6,5.83333333333333,3.5,1,6.5,7,2.5,3.5,3,1,5,5,4,6,3,6,6,6,4,6,7,7,5,6,4,1,2,1,6,6,5,3,1,1,6,7,7,7,3,2,5,2,1,7,1,1,1,1,"Republican",1,0,0,"Donald Trump","Donald Trump",1,0,0,0,"$60,001-$80,000",4,"GED",2,"White",1,0,39,"woman",0,"Kansas","Osage","0.3892","8.691733943","63166",NA
539805,35.25,34.5,64.75,65.5,3.25,6,5.66666666666667,2.5,5,6,6,4,5.5,3,1,5,5,3,3,2,6,6,6,6,6,5,6,5,6,3,2,2,2,3,3,3,2,5,5,6,6,6,6,5,3,5,6,1,NA,NA,NA,NA,NA,"Democrat",0,1,0,"Joe Biden","Joe Biden",0,1,0,0,"$80,001-$100,000",5,"MA",5,"White",1,0,31,"woman",0,"Illinois","Cook","0.5052","2134.420727","72063",NA
287001,27.37,29.61,72.63,70.39,6,2,2.5,1.625,2,6,6,4,3,5,1,5,6,6,6,6,2,2,2,1,3,3,4,2,2,2,2,2,1,2,2,1,1,2,2,6,6,6,6,5,3,3,3,1,5,1,1,3,1,"Republican",1,0,0,"Donald Trump","Donald Trump",1,0,0,0,"$40,001-$60,000",3,"GED",2,"White",1,0,32,"man",1,"North Carolina","Brunswick","0.4461","57.67976134","67286","Thanks."
422945,45.73,52.56,54.27,47.44,4.5,2.33333333333333,4.16666666666667,1.75,5.5,5.5,5.5,2.5,4.5,4,1,5,6,6,3,3,1,4,2,5,4,3,4,4,5,1,1,1,2,6,1,1,1,7,4,5,6,6,5,3,2,6,3,1,1,5,4,1,5,"Democrat",0,1,0,"Joe Biden","Joe Biden",0,1,0,0,"Over $200,000",11,"PHD",6,"White",1,0,38,"man",1,"New York","New York","0.5968","27819.8048","84371",NA
114800,30.6,29.8,69.4,70.2,5.25,2.33333333333333,5.66666666666667,2.75,1,7,6,3.5,3.5,3,1,5,4,6,6,5,1,1,5,5,5,6,7,5,6,2,1,1,1,6,6,4,1,1,1,7,7,6,6,5,2,3,4,1,7,1,1,4,3,"Republican",1,0,0,"Donald Trump","Donald Trump",1,0,0,0,"$60,001-$80,000",4,"MA",5,"White",1,0,63,"woman",0,"North Carolina","Guilford","0.481","312.9883303","60915",NA
170170,43.9,52.5,56.1,47.5,5.5,4,2.16666666666667,2.875,2.5,3,6,2,3.5,5,1,4,6,6,3,7,5,2,5,1,1,3,1,5,2,2,2,1,2,6,4,3,3,3,2,3,3,6,6,2,2,5,2,1,1,5,1,5,3,"Independent",0,0,1,"Joe Biden","Joe Biden",0,1,0,0,"$60,001-$80,000",4,"4yearColl",4,"White",1,0,33,"man",1,"North Carolina","Wake","0.4467","484.0293229","91558",NA
415320,39.76,41.23,60.24,58.77,4.25,5,3.5,2.25,5,5,6,3,5,3,1,5,5,3,5,4,5,6,4,4,5,3,4,2,3,3,1,2,2,3,3,2,2,5,5,5,5,6,6,3,3,5,5,1,2,3,7,2,4,"Democrat",0,1,0,"Joe Biden","Joe Biden",0,1,0,0,"$60,001-$80,000",4,"4yearColl",4,"White",1,0,55,"man",1,"Ohio","Lucas","0.4857","489.9833862","53379","thanks"
663669,30.56,30.27,69.44,69.73,3.25,3.66666666666667,5,5.125,4.5,5.5,6,2.5,4.5,5,1,5,3,3,3,4,3,3,5,3,5,6,6,4,6,4,4,4,5,6,6,6,6,5,4,6,5,6,6,2,3,5,4,1,6,1,1,6,3,"Republican",1,0,0,"Donald Trump","Donald Trump",1,0,0,0,"$120,001-$140,000",7,"4yearColl",4,"White",1,0,57,"man",1,"Texas","Parker","0.4225","55.47078511","85613","Thanks!"
985769,38.47,43.71,61.53,56.29,5.75,2.33333333333333,2.66666666666667,1.75,1,6.5,5,5,6,4,1,5,7,5,5,6,2,3,2,2,4,2,4,1,3,1,1,1,1,7,1,1,1,1,1,7,6,6,4,7,3,5,7,1,1,4,2,2,1,"Democrat",0,1,0,"Joe Biden","Joe Biden",0,1,0,0,"$140,001-$160,000",8,"MA",5,"White",1,0,32,"man",1,"New York","Nassau","0.4552","1840.443984","125118",NA
587730,86.8,88.5,13.2,11.5,6.75,2.33333333333333,1.5,1,1,6,6.5,6,6,6,0,1,7,7,6,7,1,3,3,2,3,1,1,1,1,1,1,1,1,1,1,1,1,1,1,6,6,6,7,7,5,5,7,1,1,4,7,4,6,"Democrat",0,1,0,"Joe Biden","Joe Biden",0,1,0,0,"$20,001-$40,000",2,"2yearColl",3,"White",1,0,32,"man",1,"Georgia","Pierce","0.4475","21.73383004","51688","Thank you for the study, I am willing to participate in future studies."
148834,62.46,63.16,37.54,36.84,5.75,6,4.33333333333333,1,1.5,6.5,4.5,3,5.5,7,1,5,7,6,7,3,6,6,6,6,6,1,2,4,7,1,1,1,1,1,1,1,1,2,1,6,7,6,3,4,2,6,5,1,1,5,7,4,6,"Democrat",0,1,0,"Joe Biden","Joe Biden",0,1,0,0,"$60,001-$80,000",4,"GED",2,"White",1,0,37,"woman",0,"Nebraska","Lancaster","0.4482","142.9473945","65436",NA
900011,64.39,65.75,35.61,34.25,5.5,2,2.33333333333333,1.125,5.5,4.5,6,3,6,5,1,5,7,7,4,4,2,2,2,3,5,1,2,1,2,1,1,1,1,2,1,1,1,5,6,3,6,6,6,3,3,7,5,1,1,5,3,1,6,"Democrat",0,1,0,"Joe Biden","Joe Biden",0,1,0,0,"$80,001-$100,000",5,"MA",5,"White",1,0,46,"woman",0,"Indiana","Allen","0.4414","217.3430355","62680","N/A"
332327,92.6,96.6,7.4,3.4,6.5,1,2,1.125,1,3.5,3.5,6.5,2.5,7,1,4,7,7,5,7,1,1,1,2,3,1,4,1,1,1,1,1,1,2,1,1,1,1,1,2,5,4,3,7,6,4,1,1,1,7,7,2,6,"Democrat",0,1,0,"Joe Biden","Joe Biden",0,1,0,0,"$40,001-$60,000",3,"GED",2,"White",1,0,39,"woman",0,"North Carolina","Gaston","0.4582","235.0834095","56017",NA
884245,72.95,87.1,27.05,12.9,5.75,4,2.5,1.5,4,4.5,5,4.5,5.5,6,1,4,7,6,4,6,4,4,4,3,3,3,3,1,2,2,1,1,1,3,2,1,1,4,4,5,4,5,5,5,4,5,6,1,3,5,5,3,4,"Democrat",0,1,0,"Joe Biden","Other",0,0,0,1,"$40,001-$60,000",3,"4yearColl",4,"White",1,0,41,"woman",0,"Virginia","Chesapeake","#N/A","#N/A","#N/A",NA
883269,64.75,65.25,35.25,34.75,5.75,3,3.33333333333333,1.75,2,5,4,5,6,6,1,2,7,6,5,5,3,3,3,1,4,4,4,2,5,4,1,1,1,4,1,1,1,2,2,4,6,5,3,5,5,6,6,1,3,5,3,4,5,"Independent",0,0,1,"I did not vote","Other",0,0,0,1,"$20,001-$40,000",2,"2yearColl",3,"White",1,0,32,"man",1,"New York","Queens","0.4546","8158.437153","72807",NA
593095,52.14,93,47.86,7,6.75,1,2.66666666666667,1.25,1,6,5,5,5.5,7,0,1,7,7,7,6,1,1,1,2,5,1,2,1,5,1,1,1,2,2,1,1,1,1,1,6,6,5,5,5,5,5,6,1,1,3,6,1,6,"Democrat",0,1,0,"I did not vote","Joe Biden",0,1,0,0,"$20,001-$40,000",2,"4yearColl",4,"White",1,0,38,"man",1,"Georgia","DeKalb","0.4866","1071.792083","70756",NA
743532,54.8,57.68,45.2,42.32,5.25,3.66666666666667,3,3.125,3,5.5,5,2.5,4,5,1,5,5,5,6,5,3,3,5,1,3,5,5,1,3,4,3,3,2,3,4,3,3,3,3,5,6,5,5,3,2,5,3,1,4,3,1,4,3,"Republican",1,0,0,"Donald Trump","Donald Trump",1,0,0,0,"$60,001-$80,000",4,"GED",2,"White",1,0,46,"woman",0,"Washington","King","0.4723","394.8557332","110351","n/a"
188345,51.67,51.21,48.33,48.79,4.5,4.33333333333333,3.83333333333333,3.125,5,5.5,5.5,3.5,5,6,1,5,7,3,3,5,3,5,5,5,5,5,3,2,3,3,3,2,3,6,3,2,3,5,5,6,5,6,5,5,2,5,5,1,2,6,6,2,6,"Democrat",0,1,0,"Joe Biden","Joe Biden",0,1,0,0,"Over $200,000",11,"4yearColl",4,"White",1,0,46,"woman",0,"Ohio","Franklin","0.4629","924.8617766","66056",NA
533444,27.3,27.54,72.7,72.46,5.25,6,3.83333333333333,1,5,6.5,4.5,4,6,5,1,5,6,5,5,5,6,6,6,5,5,3,4,3,3,1,1,1,1,1,1,1,1,5,5,6,7,3,6,5,3,6,6,1,2,5,5,4,5,"Democrat",0,1,0,"Joe Biden","Joe Biden",0,1,0,0,"$40,001-$60,000",3,"GED",2,"White",1,0,35,"man",1,"Texas","Tarrant","0.4543","903.0520092","71399",NA
392602,26,28,74,72,5.5,5,5.5,1,4,7,7,2.5,4.5,5,1,5,7,5,7,3,5,5,5,5,6,6,6,3,7,1,1,1,1,1,1,1,1,5,3,7,7,7,7,3,2,6,3,1,1,5,4,5,4,"Democrat",0,1,0,"Joe Biden","Joe Biden",0,1,0,0,"$80,001-$100,000",5,"2yearColl",3,"White",1,0,40,"woman",0,"Ohio","Stark","0.4422","250.6435257","59205",NA
704323,68.93,71.2,31.07,28.8,4,4,4,4,4,4,4,4,4,4,1,2,4,4,4,4,4,4,4,4,4,4,4,4,4,4,4,4,4,4,4,4,4,4,4,4,4,4,4,4,4,4,4,1,2,5,5,3,5,"Democrat",0,1,0,"Joe Biden","Joe Biden",0,1,0,0,"$120,001-$140,000",7,"PHD",6,"White",1,0,29,"man",1,"Tennessee","Shelby","0.517","473.7972806","54931",NA
991269,39.25,39.2,60.75,60.8,5.25,4,4.5,1,1,6.5,6,2,5,5,1,5,6,6,6,3,4,5,3,4,5,5,5,2,6,1,1,1,1,1,1,1,1,1,1,6,7,6,6,2,2,4,6,1,1,3,3,3,4,"Democrat",0,1,0,"Joe Biden","Joe Biden",0,1,0,0,"$40,001-$60,000",3,"4yearColl",4,"White",1,0,32,"man",1,"Nevada","Clark","0.4697","104.7773624","63735",NA
641618,64.43,67.46,35.57,32.54,5.5,2.66666666666667,3.5,2.125,3.5,6,6,3,5.5,4,1,3,6,6,5,5,2,3,3,3,4,3,4,2,5,2,1,2,1,4,2,2,3,3,4,6,6,6,6,3,3,6,5,1,2,4,3,2,2,"Independent",0,0,1,"Joe Biden","Joe Biden",0,1,0,0,"$60,001-$80,000",4,"2yearColl",3,"White",1,0,63,"woman",0,"California","Humboldt","0.4853","14.69107797","53924",NA
218576,22.85,20.5,77.15,79.5,4.25,6,5.83333333333333,1.875,2,5.5,5.5,2,4.5,5,0,1,4,5,5,3,6,6,6,6,6,6,6,5,6,2,1,2,2,2,2,2,2,2,2,6,5,6,5,2,2,4,5,1,5,1,1,1,2,"Republican",1,0,0,"I did not vote","Joe Biden",0,1,0,0,"$0-$20,000",1,"GED",2,"White",1,0,40,"man",1,"Ohio","Hamilton","0.5016","772.3432857","64087",NA
924895,24.15,26.6,75.85,73.4,5.25,5.33333333333333,4.16666666666667,2.75,3,6.5,5.5,4,3,3,1,5,3,7,6,5,5,5,6,3,3,5,6,3,5,5,2,5,3,3,2,1,1,5,1,7,6,6,5,3,5,5,1,1,5,NA,2,NA,NA,"Independent",0,0,1,"Donald Trump","Robert F. Kennedy Jr.",0,0,1,0,"$60,001-$80,000",4,"GED",2,"White",1,0,29,"woman",0,"Florida","St. Lucie","0.4432","206.3889596","62378",NA
461594,8.17,4.15000000000001,91.83,95.85,4.25,5,5,3.125,4.5,4,6,2,4,6,1,5,5,4,5,3,5,5,5,5,5,5,5,5,5,3,4,2,4,2,6,2,2,6,3,2,6,6,6,2,2,2,6,1,6,5,6,6,6,"Democrat",0,1,0,"Joe Biden","Joe Biden",0,1,0,0,"$80,001-$100,000",5,"4yearColl",4,"White",1,0,22,"man",1,"New York","New York","0.5968","27819.8048","84371",NA
642515,65.37,67.15,34.63,32.85,5.25,3,2.83333333333333,2.5,3,3.5,3.5,5.5,6,6,1,5,5,5,5,6,3,3,3,3,4,2,4,2,2,2,2,2,2,2,2,2,6,3,3,3,4,4,3,6,5,5,7,1,2,6,4,3,5,"Democrat",0,1,0,"Joe Biden","Joe Biden",0,1,0,0,"$0-$20,000",1,"2yearColl",3,"White",1,0,35,"woman",0,"Rhode Island","Washington","0.4287","148.0276107","90152","Thanks!"
560758,30.7,30.53,69.3,69.47,4,5,5,3,3,5,4,3.5,5,3,1,4,4,4,4,4,5,5,5,5,5,5,5,5,5,6,2,2,2,2,4,4,2,3,3,5,5,4,4,3,4,5,5,1,4,5,4,4,4,"Democrat",0,1,0,"Joe Biden","Joe Biden",0,1,0,0,"Over $200,000",11,"4yearColl",4,"White",1,0,32,"woman",0,"California","Los Angeles","0.4969","960.7427779","77356",NA
608370,29,31,71,69,4.75,3,6.16666666666667,2.75,2.5,5,7,1.5,6.5,3,1,5,3,6,4,6,2,1,6,5,5,7,7,6,7,4,2,1,3,4,2,3,3,3,2,5,5,7,7,2,1,6,7,1,5,4,1,5,3,"Republican",1,0,0,"Donald Trump","Other",0,0,0,1,"$20,001-$40,000",2,"4yearColl",4,"White",1,0,68,"woman",0,"Indiana","Marion","0.4748","919.8842006","58737",NA
340229,99.19,99.5,0.81,0.5,7,1,2.83333333333333,1,4,5.5,5.5,2,6,5,1,3,7,7,7,7,1,1,1,4,5,1,2,1,4,1,1,1,1,1,1,1,1,5,3,5,6,6,5,2,2,6,6,1,5,6,7,NA,6,"Independent",0,0,1,"Joe Biden","Joe Biden",0,1,0,0,"$60,001-$80,000",4,"2yearColl",3,"White",1,0,29,"woman",0,"Colorado","Arapahoe","0.455","308.0717154","84308",NA
664710,23.65,27.1,76.35,72.9,3.5,4.66666666666667,4.5,4,1,3,7,1,6.5,3,1,5,6,2,2,4,3,5,6,5,6,5,4,2,5,6,3,4,4,5,5,3,2,1,1,3,3,7,7,1,1,6,7,1,2,5,5,3,6,"Democrat",0,1,0,"Joe Biden","Joe Biden",0,1,0,0,"Over $200,000",11,"PHD",6,"White",1,0,44,"man",1,"Illinois","Piatt","0.3957","14.44259449","81583",NA
958278,57.8,56.27,42.2,43.73,4.5,2,2.66666666666667,3.125,3,5,4,3,4,5,1,5,5,5,5,3,2,2,2,1,2,5,5,1,2,3,3,2,3,3,3,4,4,3,3,5,5,5,3,3,3,3,5,1,4,3,4,3,3,"Republican",1,0,0,"Donald Trump","Donald Trump",1,0,0,0,"$100,001-$120,000",6,"2yearColl",3,"White",1,0,42,"woman",0,"South Carolina","Richland","0.4913","208.1441279","56940",NA
569212,60.8,61,39.2,39,5.25,3.66666666666667,3.33333333333333,1,2,4.5,4.5,5,5.5,6,1,5,6,6,4,5,4,4,3,3,3,4,4,3,3,1,1,1,1,1,1,1,1,2,2,5,4,5,4,5,5,5,6,1,4,3,4,4,4,"Democrat",0,1,0,"Joe Biden","Joe Biden",0,1,0,0,"$60,001-$80,000",4,"GED",2,"White",1,0,49,"woman",0,"Florida","Osceola","0.4349","98.47136801","60495",NA
607315,44.5,44.5,55.5,55.5,3.25,4.33333333333333,4.33333333333333,1.125,1.5,6,7,2,5,2,1,5,5,2,3,3,5,5,3,5,6,2,2,5,6,1,1,1,1,2,1,1,1,1,2,6,6,7,7,2,2,5,5,1,6,7,5,6,6,"Democrat",0,1,0,"Joe Biden","Joe Biden",0,1,0,0,"$160,001-$180,000",9,"GED",2,"White",1,0,32,"man",1,"Texas","Brazos","0.5172","144.5413721","50494",NA
441009,34.65,63.05,65.35,36.95,5.25,3,3,1,2,4,3,5.5,4,5,1,5,6,5,5,5,2,4,3,3,5,1,2,2,5,1,1,1,1,1,1,1,1,2,2,3,5,3,3,6,5,5,3,1,1,6,6,1,7,"Democrat",0,1,0,"Joe Biden","Joe Biden",0,1,0,0,"$80,001-$100,000",5,"MA",5,"White",1,0,40,"woman",0,"New York","Albany","0.4498","227.0299683","74512",NA
482029,95.59,96.39,4.41,3.61,7,1,2.66666666666667,1.75,5.5,7,7,1.5,7,7,0,1,7,7,7,7,1,1,1,2,5,1,4,1,3,5,1,1,2,1,2,1,1,6,5,7,7,7,7,2,1,7,7,1,4,5,4,5,5,"Independent",0,0,1,"Donald Trump","Donald Trump",1,0,0,0,"$20,001-$40,000",2,"GED",2,"White",1,0,68,"woman",0,"Oklahoma","Canadian","0.3771","58.86855908","75806",NA
377626,47.31,49.24,52.69,50.76,4.25,3.66666666666667,4,3.375,4,5,5,4,4,6,1,5,4,4,4,5,3,3,5,3,3,5,5,3,5,3,3,2,3,6,5,2,3,5,3,5,5,5,5,3,5,5,3,1,3,5,2,2,5,"Independent",0,0,1,"Joe Biden","Joe Biden",0,1,0,0,"$80,001-$100,000",5,"4yearColl",4,"White",1,0,29,"man",1,"Oregon","Lane","0.4649","31.25707027","61509",NA
275655,33.6,41.3,66.4,58.7,6.5,2.33333333333333,3.5,1.125,3,7,3.5,2,4.5,6,0,1,7,7,7,5,3,2,2,3,5,2,5,1,5,1,1,1,1,2,1,1,1,3,3,7,7,4,3,2,2,6,3,1,2,6,5,6,5,"Democrat",0,1,0,"I did not vote","Joe Biden",0,1,0,0,"$100,001-$120,000",6,"GED",2,"White",1,0,32,"man",1,"Indiana","Delaware","0.4601","113.8465819","50533",NA
296329,51.87,57.3,48.13,42.7,5.75,3.33333333333333,3.33333333333333,1.375,4.5,6,4.5,3.5,5.5,4,1,5,7,6,6,4,3,3,4,4,3,3,4,3,3,1,1,1,2,2,2,1,1,4,5,6,6,5,4,4,3,5,6,1,1,4,4,1,7,"Democrat",0,1,0,"Joe Biden","Joe Biden",0,1,0,0,"$60,001-$80,000",4,"4yearColl",4,"White",1,0,39,"woman",0,"Virginia","Prince William","0.3888","525.2628815","116354","I don't actually live in a county, I live in a large independent city in my state. Your list doesn't seem to have those."
311544,44.25,59.1,55.75,40.9,5,3.66666666666667,5,1,2.5,5.5,5,4,4.5,5,1,4,7,6,5,2,1,6,4,4,6,6,6,3,5,1,1,1,1,1,1,1,1,3,2,4,7,5,5,5,3,4,5,1,2,5,5,5,6,"Independent",0,0,1,"Joe Biden","Joe Biden",0,1,0,0,"$80,001-$100,000",5,"2yearColl",3,"White",1,0,36,"woman",0,"Kentucky","Campbell","0.4839","235.395229","71245",NA
882606,49.03,60.94,50.97,39.06,5.5,2.33333333333333,3,2.875,2.5,5,5,5.5,5.5,5,1,4,6,5,5,6,2,2,3,1,5,3,3,3,3,2,2,2,2,5,4,3,3,3,2,5,5,5,5,6,5,5,6,1,1,5,4,NA,5,"Democrat",0,1,0,"Joe Biden","Joe Biden",0,1,0,0,"$20,001-$40,000",2,"GED",2,"White",1,0,29,"woman",0,"Washington","Clark","0.4221","285.9036491","83790",NA
630678,39.1,38.33,60.9,61.67,5,5.33333333333333,5.83333333333333,3.875,3.5,5,7,3.5,2,6,1,5,6,6,5,3,5,5,6,6,6,6,7,5,5,6,6,5,3,3,3,3,2,5,2,5,5,7,7,5,2,2,2,1,5,3,5,5,5,"Democrat",0,1,0,"Joe Biden","Joe Biden",0,1,0,0,"$40,001-$60,000",3,"4yearColl",4,"White",1,0,42,"woman",0,"Texas","Cameron","0.4697","182.7492668","46436","nice"
582672,58.79,56.13,41.21,43.87,5,3,4.16666666666667,2.5,2.5,5,6,2,3,3,1,5,7,5,5,3,3,3,3,3,5,3,3,5,6,3,3,2,2,3,3,2,2,2,3,5,5,6,6,2,2,3,3,1,1,7,7,2,7,"Democrat",0,1,0,"Joe Biden","Joe Biden",0,1,0,0,"$40,001-$60,000",3,"2yearColl",3,"White",1,0,57,"woman",0,"Oregon","Lincoln","0.454","18.85655988","52751",NA
772931,36.99,36.96,63.01,63.04,4,5.66666666666667,5.83333333333333,3.25,4.5,6,6.5,2.5,3,5,1,5,6,3,5,2,5,6,6,6,5,5,7,6,6,6,5,3,2,2,3,2,3,6,3,6,6,6,7,3,2,3,3,1,5,4,5,3,3,"Democrat",0,1,0,"Joe Biden","Joe Biden",0,1,0,0,"$40,001-$60,000",3,"4yearColl",4,"White",1,0,49,"man",1,"Indiana","Greene","0.433","22.98602823","55504","nice"
432745,29,29,71,71,6,3,4,1,2.5,6.5,5.5,4,5,6,1,2,6,6,6,6,3,3,3,2,5,5,5,3,4,1,1,1,1,1,1,1,1,2,3,6,7,5,6,5,3,4,6,1,3,5,5,5,5,"Independent",0,0,1,"I did not vote","Joe Biden",0,1,0,0,"$60,001-$80,000",4,"GED",2,"White",1,0,26,"woman",0,"Massachusetts","Worcester","0.4541","210.1639701","84583",NA
422365,54.82,52.6,45.18,47.4,6.25,2.33333333333333,3.5,1.125,2.5,4.5,6,5,5.5,7,1,5,6,7,5,7,2,3,2,2,3,5,3,5,3,1,1,2,1,1,1,1,1,3,2,4,5,6,6,6,4,5,6,1,5,NA,NA,NA,5,"Democrat",0,1,0,"Joe Biden","Joe Biden",0,1,0,0,"$100,001-$120,000",6,"MA",5,"White",1,1,24,"woman",0,"Pennsylvania","Montgomery","0.4663","656.5915611","102648",NA
111978,25.11,22.41,74.89,77.59,4.25,6.33333333333333,6.5,3.75,3.5,6.5,6.5,3.5,6,7,1,5,6,1,7,3,6,6,7,6,7,7,7,5,7,2,6,3,2,6,6,1,4,4,3,6,7,6,7,5,2,6,6,1,5,3,7,6,5,"Democrat",0,1,0,"Joe Biden","Joe Biden",0,1,0,0,"$100,001-$120,000",6,"4yearColl",4,"White",1,0,48,"man",1,"Indiana","Marion","0.4748","919.8842006","58737","had a great study"
919504,47.86,58.82,52.14,41.18,5.5,2.66666666666667,3.16666666666667,2.375,1.5,6.5,5.5,4.5,3.5,5,1,5,6,5,5,6,3,3,2,4,4,2,3,2,4,2,2,2,3,3,4,2,1,2,1,7,6,5,6,6,3,4,3,1,1,6,4,3,4,"Democrat",0,1,0,"Joe Biden","Joe Biden",0,1,0,0,"$60,001-$80,000",4,"GED",2,"White",1,0,37,"man",1,"Florida","Lee","0.4814","354.8307687","66426",NA
525612,72.36,71.89,27.64,28.11,3,5,5.16666666666667,2.25,2.5,5,5,2.5,5,5,0,2,2,3,1,6,5,5,5,5,5,5,6,5,5,1,2,2,2,6,1,2,2,2,3,5,5,5,5,3,2,5,5,1,3,5,4,4,4,"Democrat",0,1,0,"I did not vote","Robert F. Kennedy Jr.",0,0,1,0,"$80,001-$100,000",5,"MA",5,"Middle Eastern or North African",0,0,33,"woman",0,"Massachusetts","Suffolk","0.5281","5248.519833","77163",NA
392942,59.99,64.61,40.01,35.39,6.25,1.66666666666667,2.16666666666667,1.875,1.5,6,6.5,2.5,6,6,1,5,6,6,7,6,1,1,3,1,1,5,2,1,3,1,1,2,1,4,2,2,2,1,2,6,6,6,7,2,3,5,7,1,5,2,1,2,4,"Independent",0,0,1,"Donald Trump","Donald Trump",1,0,0,0,"$20,001-$40,000",2,"GED",2,"White",1,0,31,"woman",0,"Michigan","Wayne","0.4906","1111.243974","52644",NA
557119,28.54,36.09,71.46,63.91,4.75,3.66666666666667,4.66666666666667,1.5,2,7,5,2,6,5,1,5,5,5,3,6,5,3,3,3,3,7,7,5,3,1,1,1,1,5,1,1,1,2,2,7,7,7,3,3,1,6,6,1,7,1,1,3,3,"Republican",1,0,0,"Donald Trump","Donald Trump",1,0,0,0,"Over $200,000",11,"GED",2,"White",1,0,59,"woman",0,NA,NA,NA,NA,NA,NA
415287,85.92,86.21,14.08,13.79,6.5,4.33333333333333,4.5,2.125,3,7,5,2.5,4,7,1,5,7,7,7,5,5,3,5,2,5,6,6,5,3,3,1,1,1,4,2,3,2,3,3,7,7,3,7,2,3,5,3,1,6,2,2,4,5,"Republican",1,0,0,"Donald Trump","Donald Trump",1,0,0,0,"$60,001-$80,000",4,"2yearColl",3,"multiracial",0,0,61,"woman",0,"Maryland","Wicomico","0.4436","105.3600627","61848","This was an interesting study. Thank you"
351470,24.61,26.05,75.39,73.95,2,4.33333333333333,5.16666666666667,1.25,2.5,4,6,5.5,3.5,3,1,5,3,1,2,2,4,6,3,3,7,5,7,4,5,1,2,1,2,1,1,1,1,2,3,3,5,5,7,7,4,2,5,1,2,6,NA,3,6,"Democrat",0,1,0,"Joe Biden","Joe Biden",0,1,0,0,"$40,001-$60,000",3,"GED",2,"White",1,0,31,"man",1,"Pennsylvania","Chester","0.4531","266.0474171","109616","Maybe a question about civil servants and bureaucracy would be helpful for what you're trying to learn?"
905512,50,50.5,50,49.5,5.25,3,4.66666666666667,3.5,3.5,4.5,3.5,4,3.5,5,1,5,6,5,5,5,3,3,3,5,5,5,5,4,4,4,5,2,3,4,4,3,3,3,4,4,5,4,3,5,3,4,3,1,2,5,NA,5,NA,"Democrat",0,1,0,"Joe Biden","Joe Biden",0,1,0,0,"$0-$20,000",1,"2yearColl",3,"White",1,0,34,"woman",0,"California","Santa Barbara","0.4841","62.63967412","83185",NA
190077,15.7,21,84.3,79,4.75,4.33333333333333,3.66666666666667,1,2,3,4.5,4,6,2,1,3,6,5,5,3,5,2,6,2,4,3,7,3,3,1,1,1,1,1,1,1,1,2,2,3,3,6,3,5,3,5,7,1,3,5,5,5,7,"Democrat",0,1,0,"Joe Biden","Joe Biden",0,1,0,0,"$20,001-$40,000",2,"GED",2,"White",1,0,39,"man",1,"Texas","Kerr","0.4598","17.97486233","60834","None."
395306,71.43,83,28.57,17,6.25,1.33333333333333,2,1.125,1,5,5,4.5,4,7,1,5,7,6,5,7,1,2,1,2,4,1,2,1,2,1,1,1,1,2,1,1,1,1,1,6,4,5,5,6,3,4,4,1,1,4,7,1,7,"Democrat",0,1,0,"Joe Biden","Joe Biden",0,1,0,0,"$20,001-$40,000",2,"4yearColl",4,"White",1,0,33,"man",1,"Maryland","Prince George's","0.4082","724.9258165","89689",NA
963502,34.3,34.65,65.7,65.35,6.25,2.66666666666667,3.33333333333333,3.125,1,4,5,4,3.5,5,1,5,5,7,6,7,3,2,3,1,1,6,4,3,5,5,3,2,2,2,4,5,2,1,1,3,5,5,5,5,3,5,2,1,7,1,1,3,1,"Republican",1,0,0,"Donald Trump","Donald Trump",1,0,0,0,"$80,001-$100,000",5,"GED",2,"White",1,0,37,"woman",0,"Georgia","Long","0.4111","17.50796876","55601",NA
988604,44.55,48.9,55.45,51.1,5.25,2.66666666666667,3.5,5.375,4,4.5,7,6.5,2,6,1,5,1,6,7,7,2,2,4,1,2,6,6,2,4,5,4,4,3,7,7,7,6,4,4,3,6,7,7,7,6,3,1,1,7,1,1,1,2,"Republican",1,0,0,"Donald Trump","Donald Trump",1,0,0,0,"$140,001-$160,000",8,"GED",2,"White",1,0,49,"woman",0,"North Carolina","Cabarrus","0.4352","215.3137563","79148",NA
464266,33.92,41.78,66.08,58.22,5.5,5,5.33333333333333,3.625,5.5,6.5,7,2,6.5,5,1,5,6,6,6,4,5,5,5,4,6,6,6,5,5,5,4,2,4,4,4,3,3,7,4,6,7,7,7,2,2,7,6,1,4,1,4,4,4,"Republican",1,0,0,"Donald Trump","Donald Trump",1,0,0,0,"$60,001-$80,000",4,"MA",5,"White",1,0,51,"woman",0,"Ohio","Lorain","0.4589","241.0812951","63348",NA
603931,34.75,42.4,65.25,57.6,4,3.33333333333333,5.5,1.875,1.5,6,6,3,3.5,5,1,4,5,4,3,4,1,6,3,6,6,6,6,3,6,3,1,2,2,2,3,1,1,2,1,6,6,6,6,4,2,4,3,1,2,5,3,4,5,"Democrat",0,1,0,"Joe Biden","Joe Biden",0,1,0,0,"$40,001-$60,000",3,"4yearColl",4,"White",1,0,56,"woman",0,"North Carolina","Gaston","0.4582","235.0834095","56017",NA
156941,60.24,63.14,39.76,36.86,5.25,4.33333333333333,2.83333333333333,1.375,4,6.5,3.5,3.5,7,5,1,5,7,5,6,3,6,6,1,3,4,1,4,1,4,1,1,1,1,4,1,1,1,5,3,6,7,4,3,5,2,7,7,1,1,6,4,1,6,"Democrat",0,1,0,"Joe Biden","Joe Biden",0,1,0,0,"$0-$20,000",1,"2yearColl",3,"White",1,0,56,"woman",0,"California","San Bernardino","0.439","41.10128555","74218",NA
799749,55.71,70.19,44.29,29.81,5.5,1.66666666666667,1.66666666666667,1.125,2,4,2.5,6,5.5,7,1,5,7,7,2,6,1,2,2,2,4,1,1,1,1,2,1,1,1,1,1,1,1,2,2,3,5,2,3,7,5,5,6,1,1,3,7,3,7,"Democrat",0,1,0,"Joe Biden","Joe Biden",0,1,0,0,"$100,001-$120,000",6,"GED",2,"White",1,0,23,NA,NA,"Oklahoma","Tulsa","0.4847","435.1573978","59232",NA
226679,57.7,59.01,42.3,40.99,5.5,3,2,3,1.5,4,5,4,5,5,1,3,7,5,5,5,3,3,3,2,2,2,2,1,3,3,4,2,4,3,2,2,4,2,1,3,5,5,5,5,3,4,6,1,1,5,6,3,6,"Democrat",0,1,0,"Joe Biden","Joe Biden",0,1,0,0,"$80,001-$100,000",5,"4yearColl",4,"White",1,0,32,"man",1,"Illinois","Morgan","0.4372","23.36849172","54644",NA
167311,24.75,24.75,75.25,75.25,2.5,5.33333333333333,4.83333333333333,3.5,4.5,6.5,7,4,3,2,0,3,2,2,3,3,5,5,6,2,5,5,6,6,5,5,2,3,3,4,4,4,3,5,4,7,6,7,7,5,3,3,3,1,3,4,1,5,4,"Democrat",0,1,0,"Joe Biden","Other",0,0,0,1,"$40,001-$60,000",3,"MA",5,"White",1,0,57,"woman",0,"Massachusetts","Berkshire","0.4799","53.04016386","60945",NA
227704,26.8,24.6,73.2,75.4,4.75,5.33333333333333,4.83333333333333,2.25,2.5,4,4.5,4,6.5,2,1,5,6,5,4,4,5,6,5,5,5,5,5,4,5,4,1,1,1,4,4,2,1,3,2,4,4,4,5,4,4,6,7,1,1,6,4,NA,NA,"Democrat",0,1,0,"Joe Biden","Joe Biden",0,1,0,0,"$0-$20,000",1,"GED",2,"White",1,0,39,"man",1,"New Jersey","Morris","0.4538","414.4534852","122525",NA
248052,71.8,76.45,28.2,23.55,7,1,2,1,1.5,6,4,5.5,3,7,1,5,7,7,7,7,1,1,1,2,5,1,1,1,2,1,1,1,1,1,1,1,1,1,2,6,6,3,5,6,5,3,3,1,1,7,7,NA,7,"Democrat",0,1,0,"Joe Biden","Joe Biden",0,1,0,0,"$20,001-$40,000",2,"GED",2,"White",1,0,25,"woman",0,"Florida","Duval","0.4741","467.7286986","60121",NA
938153,60.78,70.34,39.22,29.66,4.5,5,4.33333333333333,1,2.5,6.5,6,3.5,6.5,5,1,4,5,5,3,5,5,5,5,5,5,3,3,5,5,1,1,1,1,1,1,1,1,3,2,6,7,6,6,5,2,6,7,1,1,5,7,3,7,"Democrat",0,1,0,"I did not vote","Joe Biden",0,1,0,0,"$160,001-$180,000",9,"GED",2,"White",1,0,20,"woman",0,"North Carolina","Buncombe","0.4801","149.6625061","63838",NA
307219,13.5,14.65,86.5,85.35,4.25,5.33333333333333,4.5,1.625,3,6,5.5,2.5,5,3,1,3,6,3,5,3,6,5,5,3,5,4,7,3,5,3,1,1,1,2,2,2,1,3,3,5,7,6,5,3,2,6,4,1,4,5,3,5,5,"Independent",0,0,1,"I did not vote","Robert F. Kennedy Jr.",0,0,1,0,"$20,001-$40,000",2,"GED",2,"White",1,0,25,"man",1,"Kansas","Johnson","0.4433","477.3188482","93220",NA
642828,70.75,70.75,29.25,29.25,6.5,2,2.33333333333333,2.875,2.5,5,6,2.5,4.5,7,0,1,7,7,6,6,2,1,3,2,3,3,2,2,2,4,4,1,2,4,4,3,1,3,2,6,4,6,6,2,3,5,4,1,3,6,4,4,5,"Democrat",0,1,0,"Joe Biden","Joe Biden",0,1,0,0,"$40,001-$60,000",3,"GED",2,"White",1,0,54,"woman",0,"Rhode Island","Providence","0.467","598.297855","66610",NA
619138,23.5,26,76.5,74,4.25,3.66666666666667,4.83333333333333,1,1.5,3,6,6,6,5,1,5,6,5,2,4,3,5,3,5,5,4,4,5,6,1,1,1,1,1,1,1,1,1,2,2,4,6,6,7,5,5,7,1,1,5,3,3,5,"Independent",0,0,1,"I did not vote","Joe Biden",0,1,0,0,"$0-$20,000",1,"GED",2,"White",1,0,38,"man",1,"Illinois","Franklin","0.448","36.94368005","49510",NA
224564,55.25,57.5,44.75,42.5,6.25,2,3.5,1,1.5,6,6.5,3,5.5,5,1,5,7,6,6,6,2,2,2,1,6,2,5,1,6,1,1,1,1,1,1,1,1,2,1,6,6,6,7,4,2,5,6,1,1,7,6,2,7,"Democrat",0,1,0,"Joe Biden","Joe Biden",0,1,0,0,"$40,001-$60,000",3,"GED",2,"White",1,0,50,"man",1,"Minnesota","Otter Tail","0.4321","11.35525316","63741","Stay safe out there."
172576,15.45,17.44,84.55,82.56,5,6.66666666666667,6,1.75,4,5,7,2,7,3,1,4,7,6,6,1,7,6,7,6,7,5,5,6,7,1,7,1,1,1,1,1,1,6,2,3,7,7,7,3,1,7,7,1,3,6,6,5,5,"Democrat",0,1,0,"Joe Biden","Joe Biden",0,1,0,0,"$60,001-$80,000",4,"4yearColl",4,"White",1,0,28,"man",1,"New York","Erie","0.4649","340.609971","63014",NA
142278,40.18,41.09,59.82,58.91,3.75,5,5.83333333333333,3.125,2.5,5,6,3,6,4,1,3,5,4,3,3,5,5,5,6,6,6,6,5,6,5,4,2,2,3,3,3,3,3,2,5,5,6,6,3,3,6,6,1,5,3,5,5,5,"Independent",0,0,1,"Joe Biden","Joe Biden",0,1,0,0,"$120,001-$140,000",7,"PHD",6,"multiracial",0,0,34,"man",1,"Minnesota","Polk","0.432","6.188180671","61629",NA
445330,17.25,15.21,82.75,84.79,4,5,6,3.75,5,6.5,6.5,1.5,6.5,5,1,4,4,5,4,3,4,5,6,6,6,6,6,6,6,6,5,3,3,2,6,3,2,6,4,7,6,6,7,1,2,6,7,1,1,5,5,1,5,"Democrat",0,1,0,"Joe Biden","Joe Biden",0,1,0,0,"$60,001-$80,000",4,"PHD",6,"White",1,0,27,"man",1,"Texas","Atascosa","0.4298","15.45876401","57905",NA
616329,20.5,24.35,79.5,75.65,6.25,5.33333333333333,4.5,1,1,6.5,7,3,4.5,7,0,1,6,7,6,6,5,5,6,2,6,5,6,2,6,1,1,1,1,1,1,1,1,1,1,7,6,7,7,3,3,3,6,1,1,4,1,1,2,"Democrat",0,1,0,"Donald Trump","Other",0,0,0,1,"$20,001-$40,000",2,"2yearColl",3,"White",1,0,49,"woman",0,"Tennessee","Hickman","0.5168","15.55671412","50345","Enjoyed participating. Everything worked great."
333403,27,33,73,67,5.75,2,2,1.5,1,4.5,2.5,4,5.5,5,0,1,7,5,5,6,2,2,2,3,3,2,1,1,2,2,2,1,2,2,1,1,1,1,1,4,5,3,2,4,4,5,6,1,3,7,5,4,6,"Democrat",0,1,0,"I did not vote","Joe Biden",0,1,0,0,NA,NA,"4yearColl",4,"White",1,0,32,"woman",0,"New Mexico","Bernalillo","0.4754","225.3235596","59723","I just wanted to mention that the reason I don't plan to vote is, although I've been living in this country for a long time, I am a permanent resident and not a citizen."
174438,54.33,54.3,45.67,45.7,4.25,5.33333333333333,5.5,3.5,3,4,5,2.5,5,6,1,5,3,5,6,3,5,5,6,5,5,5,7,5,6,6,4,2,2,6,4,2,2,3,3,3,5,5,5,2,3,5,5,1,5,5,5,5,5,"Republican",1,0,0,"Donald Trump","Donald Trump",1,0,0,0,"$80,001-$100,000",5,"4yearColl",4,"White",1,0,33,"woman",0,"Oklahoma","Oklahoma","0.4889","425.9895277","57890","No comments."
701583,74.51,73.56,25.49,26.44,6,3.66666666666667,3.16666666666667,2.25,4,5,5,3,5.5,6,1,3,6,6,6,6,4,2,5,1,3,5,6,1,3,5,2,1,1,5,2,1,1,5,3,5,5,6,4,3,3,5,6,1,3,2,5,3,5,"Independent",0,0,1,"Donald Trump","Robert F. Kennedy Jr.",0,0,1,0,"$40,001-$60,000",3,"GED",2,"White",1,0,31,"man",1,"Florida","Marion","0.4575","84.68030731","54555",NA
214671,73.86,74.9,26.14,25.1,7,1,1,2.625,2,5,1,6,5.5,7,0,1,7,7,7,7,1,1,1,1,1,1,1,1,1,2,2,2,1,5,3,3,3,3,1,3,7,1,1,7,5,5,6,1,3,3,5,4,3,"Independent",0,0,1,"Donald Trump","Robert F. Kennedy Jr.",0,0,1,0,"$20,001-$40,000",2,"2yearColl",3,"White",1,0,29,"man",1,"Georgia","Lee","0.3681","31.84009173","76546",NA
727531,58.75,64.25,41.25,35.75,5.75,2.66666666666667,2.66666666666667,1,3,4,3,7,4,6,1,5,6,5,6,6,3,3,2,2,1,5,3,2,3,1,1,1,1,1,1,1,1,2,4,4,4,3,3,7,7,5,3,1,1,5,7,5,5,"Independent",0,0,1,"Joe Biden","Joe Biden",0,1,0,0,"$40,001-$60,000",3,"GED",2,"White",1,0,31,"man",1,"Texas","Denton","0.4293","354.6578718","98027",NA
762757,40.02,45.43,59.98,54.57,4.75,4,4.66666666666667,1.125,2.5,6,7,2.5,4,5,1,5,6,4,4,5,4,4,4,5,6,4,4,4,5,1,1,1,1,1,1,2,1,3,2,6,6,7,7,4,1,5,3,1,1,6,5,3,7,"Democrat",0,1,0,"Joe Biden","Joe Biden",0,1,0,0,"$120,001-$140,000",7,"MA",5,"White",1,0,35,"woman",0,"Wyoming","Laramie","0.4415","14.04356168","63134",NA
949956,60.89,70.28,39.11,29.72,6,2.66666666666667,2.5,1,3.5,4,5,3,5,6,1,5,7,7,7,3,2,5,1,1,7,1,1,1,4,1,1,1,1,1,1,1,1,4,3,3,5,5,5,3,3,5,5,1,1,7,7,1,7,"Democrat",0,1,0,"Joe Biden","Joe Biden",0,1,0,0,"$20,001-$40,000",2,"2yearColl",3,"White",1,0,34,"man",1,"North Carolina","Jackson","0.4844","33.21533826","50652",NA
123303,41.25,47.78,58.75,52.22,6.25,2.66666666666667,4.83333333333333,2.25,7,6,6.5,2.5,7,1,1,5,7,6,6,6,2,2,4,1,6,1,7,7,7,5,7,1,1,1,1,1,1,7,7,5,7,6,7,1,4,7,7,1,1,7,4,1,1,"Democrat",0,1,0,"Joe Biden","Donald Trump",1,0,0,0,"$40,001-$60,000",3,"4yearColl",4,"White",1,0,57,"man",1,"New Hampshire","Hillsborough","0.4303","181.0770805","90806",NA
409742,28.38,28.38,71.62,71.62,5,5.33333333333333,5,2,4,6,6,2.5,4,4,0,2,5,6,5,4,5,5,6,3,4,6,6,5,6,4,2,1,1,4,1,2,1,4,4,6,6,6,6,2,3,5,3,1,5,2,1,4,2,"Republican",1,0,0,"Donald Trump","Donald Trump",1,0,0,0,"$20,001-$40,000",2,"4yearColl",4,"White",1,0,64,"woman",0,"Texas","Jefferson","0.4798","112.4375645","55575",NA
919154,52.05,49.6,47.95,50.4,4.75,3.66666666666667,3.5,4,6.5,4.5,6.5,1,6.5,5,1,4,5,4,5,5,4,4,3,2,3,5,4,3,4,4,4,3,4,5,4,5,3,6,7,5,4,6,7,1,1,6,7,1,6,1,NA,NA,4,"Republican",1,0,0,"Donald Trump","Donald Trump",1,0,0,0,"$120,001-$140,000",7,"MA",5,"White",1,0,30,"man",1,"New York","New York","0.5968","27819.8048","84371","n/a"
183769,58.45,57.2,41.55,42.8,5.75,2.33333333333333,3.16666666666667,1.125,2,4,5,5,7,7,1,4,7,5,5,6,2,2,3,3,3,3,2,5,3,1,1,2,1,1,1,1,1,2,2,3,5,5,5,5,5,7,7,1,1,5,6,2,7,"Independent",0,0,1,"Third-party candidate","Jill Stein",0,0,0,0,"$80,001-$100,000",5,"4yearColl",4,"multiracial",0,0,23,"woman",0,"Illinois","Cook","0.5052","2134.420727","72063",NA
227476,16.5,31.75,83.5,68.25,2.5,5.33333333333333,4.83333333333333,2.625,1.5,4,6.5,3.5,4,4,1,5,3,2,3,2,5,6,5,3,5,5,7,6,3,6,2,2,1,4,3,2,1,2,1,3,5,6,7,6,1,5,3,1,2,2,4,3,NA,"Democrat",0,1,0,"Joe Biden","Joe Biden",0,1,0,0,"$40,001-$60,000",3,"GED",2,"White",1,0,23,"man",1,"California","San Diego","0.4615","302.9941503","90756",NA
490196,47.6,50.8,52.4,49.2,3.5,6,6,2.125,2.5,5.5,6.5,2,5.5,3,1,5,5,3,3,3,6,6,6,5,7,6,6,5,7,2,1,1,2,6,1,3,1,3,2,5,6,6,7,2,2,5,6,1,1,6,5,NA,1,"Democrat",0,1,0,"Joe Biden","Joe Biden",0,1,0,0,"$60,001-$80,000",4,"MA",5,"White",1,0,27,"man",1,"Ohio","Champaign","0.3844","34.97825851","64876",NA
664602,63.25,94.14,36.75,5.86,7,2.33333333333333,2.83333333333333,5.5,2.5,5.5,7,2.5,1,7,1,5,7,7,7,7,1,1,5,1,1,5,7,1,2,7,7,1,7,7,7,7,1,3,2,7,4,7,7,4,1,1,1,1,7,1,1,2,1,"Republican",1,0,0,"Donald Trump","Donald Trump",1,0,0,0,"$140,001-$160,000",8,"MA",5,"White",1,0,40,"man",1,"Virginia","Fairfax","0.4312","1129.205805","133845",NA
611497,60.67,61.8,39.33,38.2,5.75,3,4,1.125,1,6.5,6.5,2,3.5,6,1,5,6,6,6,5,3,3,3,5,6,2,2,4,5,2,1,1,1,1,1,1,1,1,1,7,6,6,7,1,3,5,2,1,1,7,7,2,7,"Democrat",0,1,0,"Joe Biden","Joe Biden",0,1,0,0,"$40,001-$60,000",3,"2yearColl",3,"White",1,0,34,"woman",0,"Texas","Fort Bend","0.4263","331.3226402","98070",NA
824478,88.7,90.59,11.3,9.41,5.5,3,3.33333333333333,2.625,2,4,2,6,4,5,1,3,5,5,7,5,3,3,3,3,4,3,3,3,4,3,4,2,2,3,3,3,1,2,2,3,5,2,2,7,5,3,5,1,4,3,4,4,4,"Democrat",0,1,0,"Joe Biden","Joe Biden",0,1,0,0,"$40,001-$60,000",3,"GED",2,"White",1,0,30,"woman",0,"Illinois","Cook","0.5052","2134.420727","72063",NA
760765,67.34,71.5,32.66,28.5,6.75,2.33333333333333,4.5,1.625,3.5,4,3,4.5,4,6,0,1,7,7,7,6,3,1,3,3,5,5,5,3,6,1,1,1,1,3,1,2,3,2,5,5,3,3,3,3,6,6,2,1,5,3,NA,NA,NA,"Republican",1,0,0,"I did not vote","Donald Trump",1,0,0,0,"$140,001-$160,000",8,"GED",2,"White",1,0,31,"woman",0,"Virginia","York","0.3789","249.4741948","97500",NA
694929,57.6,62.4,42.4,37.6,7,2,5.5,4.25,1,7,6,2.5,4.5,7,0,1,7,7,7,7,2,2,2,5,6,5,6,5,6,5,5,3,3,5,5,5,3,1,1,7,7,7,5,3,2,6,3,1,5,2,2,7,NA,"Independent",0,0,1,"Donald Trump","Donald Trump",1,0,0,0,"$20,001-$40,000",2,"GED",2,"White",1,0,37,"woman",0,"Wyoming","Sweetwater","0.4214","1.633614807","74677",NA
255774,13.5,13.19,86.5,86.81,3.5,6.33333333333333,7,3.25,3.5,6,7,1,7,5,1,4,5,4,3,2,7,6,6,7,7,7,7,7,7,7,6,3,2,1,4,2,1,6,1,6,6,7,7,1,1,7,7,1,4,6,7,6,7,"Democrat",0,1,0,"Joe Biden","Joe Biden",0,1,0,0,"$100,001-$120,000",6,"4yearColl",4,"White",1,0,23,"man",1,"New York","New York","0.5968","27819.8048","84371",NA
229699,44.5,47.5,55.5,52.5,3.25,6,6,2.125,5,6,6.5,2,5.5,4,1,4,4,4,3,2,6,6,6,6,6,6,6,6,6,3,1,3,2,4,2,1,1,6,4,6,6,6,7,2,2,5,6,1,1,7,7,1,7,"Democrat",0,1,0,"Joe Biden","Joe Biden",0,1,0,0,"$60,001-$80,000",4,"MA",5,"White",1,0,26,"man",1,"Texas","Medina","0.4412","14.37193047","62907","No"
474666,9.7,7.65000000000001,90.3,92.35,2.75,5,5.16666666666667,1.875,5.5,6,6.5,2,5,5,1,5,3,2,3,3,5,5,5,5,5,5,6,5,5,2,1,1,1,7,1,1,1,6,5,7,5,6,7,1,3,5,5,1,7,5,3,7,5,"Democrat",0,1,0,"Joe Biden","Joe Biden",0,1,0,0,"$20,001-$40,000",2,"2yearColl",3,"White",1,0,NA,"woman",0,"Texas","Bexar","0.4654","599.5581109","63014",NA
994164,31.9,33.85,68.1,66.15,3.25,5,5.16666666666667,1.625,5,5.5,5.5,3,5.5,5,1,5,7,3,1,2,5,7,3,5,6,6,6,2,6,2,1,1,2,2,2,1,2,4,6,6,5,6,5,3,3,6,5,1,1,6,3,2,5,"Democrat",0,1,0,"Joe Biden","Joe Biden",0,1,0,0,"$0-$20,000",1,"4yearColl",4,"White",1,0,48,"woman",0,"New York","Kings","0.5286","14475.02544","66943",NA
474644,73.12,72.49,26.88,27.51,4,4.33333333333333,5.16666666666667,1.75,4.5,7,7,2,7,4,1,5,7,3,3,3,5,6,2,5,6,5,7,5,3,1,1,1,1,7,1,1,1,7,2,7,7,7,7,2,2,7,7,1,3,6,5,3,5,"Democrat",0,1,0,"Joe Biden","Joe Biden",0,1,0,0,"$0-$20,000",1,"GED",2,"White",1,0,53,"man",1,"Washington","Pierce","0.4177","199.0552976","85492","None"
134874,23.55,26.5,76.45,73.5,5,3.66666666666667,4.16666666666667,1.25,1.5,4.5,5,5,4.5,5,1,5,7,5,3,5,4,4,3,5,4,3,6,1,6,1,1,1,2,1,1,2,1,1,2,3,6,5,5,5,5,3,6,1,1,4,5,2,5,"Democrat",0,1,0,"Joe Biden","Joe Biden",0,1,0,0,"$40,001-$60,000",3,"GED",2,"White",1,0,29,"man",1,"New York","Madison","0.447","42.07261082","66419","No comments, thank you for letting me participate!"
268603,11.86,11.98,88.14,88.02,1.25,6,6.33333333333333,6.125,1.5,7,7,1,7,1,1,5,1,1,1,2,6,6,6,5,7,7,7,6,6,7,7,4,7,7,4,7,6,2,1,7,7,7,7,1,1,7,7,1,2,5,3,3,6,"Democrat",0,1,0,"Joe Biden","Joe Biden",0,1,0,0,"$100,001-$120,000",6,"4yearColl",4,"White",1,0,69,"woman",0,"California","Los Angeles","0.4969","960.7427779","77356","This question always annoys me: ""Experts in this country don’t understand the lives of people like me""  Do you assume that everyone taking this survey is poor? Or somehow otherwise oppressed? I'm not. I'm white, professional, upper class, living in a 7-figure home I own outright in one of the most expensive cities in the US (Arcadia, CA). Why WOULDN'T experts or politicians or fill-in-the-blank-others understand me?!"
609635,50.75,66.75,49.25,33.25,6.25,2,2.66666666666667,1,3,5,5,3.5,5,6,1,2,7,6,6,6,2,2,2,3,5,1,3,1,3,1,1,1,1,1,1,1,1,3,3,4,6,5,5,5,2,5,5,1,2,5,6,6,6,"Independent",0,0,1,"I did not vote","Joe Biden",0,1,0,0,"$40,001-$60,000",3,"GED",2,"White",1,0,20,"man",1,"Georgia","Liberty","0.41","46.43059823","50696",NA
475127,60.65,61.33,39.35,38.67,5.5,2.66666666666667,3,2.25,3.5,5.5,5,3,5.5,6,1,5,6,5,6,5,2,4,2,2,2,3,6,2,3,2,2,2,2,4,2,2,2,5,2,5,6,5,5,3,3,5,6,1,1,5,6,3,6,"Democrat",0,1,0,"Joe Biden","Joe Biden",0,1,0,0,"$0-$20,000",1,"GED",2,"White",1,0,42,"man",1,"Michigan","Genesee","0.4656","248.1385245","52157",NA
551876,21,26,79,74,5.5,5.33333333333333,3.16666666666667,1,1.5,2.5,6,3,5,5,1,5,6,5,6,5,6,3,7,5,2,3,2,1,6,1,1,1,1,1,1,1,1,2,1,2,3,6,6,5,1,5,5,1,1,6,6,3,6,"Democrat",0,1,0,"Joe Biden","Joe Biden",0,1,0,0,"$40,001-$60,000",3,"4yearColl",4,"White",1,0,37,"woman",0,"Maryland","Prince George's","0.4082","724.9258165","89689","I do not think much needs to ""radically change"" on paper except to clarify certain things or add more restrictions to power / checks and balances. I do think we need to ""radically change"" how things are carried out and what we allow and are willing to tolerate (corruption, excessive executive orders, gerrymandering/redistricting, etc.) because most of what is wrong today does not come from our roots / the constitution."
513996,47.08,50.03,52.92,49.97,4.25,4,3,2.5,4,5,4,4,5.5,6,1,2,4,4,5,4,4,4,4,2,4,3,4,3,2,2,2,2,2,4,4,3,1,4,4,5,5,4,4,4,4,5,6,1,4,4,4,5,4,"Independent",0,0,1,"I did not vote","Robert F. Kennedy Jr.",0,0,1,0,"$20,001-$40,000",2,"GED",2,"White",1,0,44,"woman",0,"Illinois","DuPage","0.4508","1097.706801","99536","Thank you."
736053,31.75,73.05,68.25,26.95,6.75,4.33333333333333,3.5,1,1,7,5,1,4,7,1,5,7,7,7,6,5,4,4,2,5,3,5,1,5,1,1,1,1,1,1,1,1,1,1,7,7,7,3,1,1,5,3,1,1,5,7,1,7,"Democrat",0,1,0,"Joe Biden","Joe Biden",0,1,0,0,"$40,001-$60,000",3,"2yearColl",3,"White",1,0,66,"man",1,"Florida","Collier","0.5264","70.38522842","75799","I don't think that it is possible to say whether I trust the executive branch or the judicial branch without knowing the person involved. Trump is not the same as Biden, or even either Bush or Reagan. Sotomayor is not the same as Alito, Thomas, or Cannon. Our systems are so corrupt that the checks and balances, the guardrails, matter less than the degree of corruptness of the individual."
174247,35.18,46.4,64.82,53.6,5.5,3.33333333333333,2.66666666666667,3.375,1.5,2.5,5.5,3,3.5,3,0,1,5,6,5,6,4,3,3,2,1,5,3,2,3,5,1,5,3,6,3,2,2,1,2,2,3,5,6,3,3,5,2,1,5,3,2,5,1,"Republican",1,0,0,"I did not vote","Donald Trump",1,0,0,0,"Over $200,000",11,"GED",2,"White",1,0,18,"man",1,"Illinois","Douglas","0.4095","18.26796996","65447",NA
579472,26,25.9,74,74.1,3,6,6.16666666666667,3.75,4,5,5.5,3,5.5,4,1,5,3,3,3,3,6,6,6,6,6,6,7,6,6,5,5,3,3,4,4,3,3,5,3,5,5,5,6,3,3,5,6,1,4,5,5,5,5,"Democrat",0,1,0,"Joe Biden","Joe Biden",0,1,0,0,"$60,001-$80,000",4,"MA",5,"White",1,0,28,"man",1,"New York","Madison","0.447","42.07261082","66419",NA
221097,24.3,26.45,75.7,73.55,2,6.66666666666667,6.5,1.5,4.5,6.5,6.5,2,7,2,1,3,4,1,2,1,7,7,6,6,6,6,7,7,7,1,1,2,2,3,1,1,1,5,4,7,6,6,7,2,2,7,7,1,1,5,1,6,7,"Independent",0,0,1,"I did not vote","Donald Trump",1,0,0,0,"$20,001-$40,000",2,"GED",2,"White",1,0,27,"man",1,"California","Los Angeles","0.4969","960.7427779","77356","I enjoyed sharing my thoughts and opinions on how society is and how it should be and I hope my answers help with this study! Thank you for the opportunity to participate!"
873001,88.61,92.58,11.39,7.42,5.5,2,1.83333333333333,1,4.5,3,7,1,7,7,1,1,6,3,7,6,2,1,3,1,1,1,1,5,2,1,1,1,1,1,1,1,1,5,4,3,3,7,7,1,1,7,7,1,1,6,7,1,6,"Democrat",0,1,0,"Joe Biden","Joe Biden",0,1,0,0,"Over $200,000",11,"MA",5,"White",1,0,30,"man",1,"Washington","Pierce","0.4177","199.0552976","85492",NA
650463,82.49,77.56,17.51,22.44,6,1.33333333333333,3,1,4,3.5,5,2.5,4.5,5,1,1,6,6,6,6,1,2,1,3,4,1,4,1,5,1,1,1,1,1,1,1,1,3,5,3,4,6,4,3,2,5,4,1,1,4,6,1,5,"Independent",0,0,1,"I did not vote","Other",0,0,0,1,"$20,001-$40,000",2,"GED",2,"White",1,0,41,"man",1,"Missouri","Dent","0.445","7.952232527","45530",NA
265796,93.25,93,6.75,7,5.75,5,6,1.5,3.5,5,7,1,6.5,6,1,5,6,6,6,5,5,5,5,5,6,6,7,6,6,3,3,1,1,1,1,1,1,6,1,4,6,7,7,1,1,6,7,1,NA,NA,NA,NA,NA,"Republican",1,0,0,"Donald Trump","Donald Trump",1,0,0,0,"$0-$20,000",1,"GED",2,"White",1,0,41,"woman",0,"Texas","Hardin","0.4282","24.44235616","67183",NA
450641,76.65,79.19,23.35,20.81,6,2.66666666666667,3,2.875,4,4,5,5.5,6,6,1,5,7,6,5,6,2,5,1,6,6,1,2,1,2,5,4,1,2,5,2,2,2,5,3,3,5,5,5,6,5,6,6,1,1,6,5,1,5,"Democrat",0,1,0,"Joe Biden","Joe Biden",0,1,0,0,"$160,001-$180,000",9,"4yearColl",4,"White",1,0,43,"man",1,"North Carolina","Wake","0.4467","484.0293229","91558",NA
736441,92.53,88.25,7.47,11.75,6.75,1.66666666666667,2.33333333333333,2.375,4,7,7,1,7,7,1,5,7,7,6,7,2,1,2,1,3,2,3,3,2,1,7,1,1,6,1,1,1,5,3,7,7,7,7,1,1,7,7,1,4,7,1,7,4,"Republican",1,0,0,"Donald Trump","Robert F. Kennedy Jr.",0,0,1,0,"$40,001-$60,000",3,"GED",2,"White",1,0,33,"woman",0,"California","Riverside","0.4524","127.6881106","78690",NA
538516,35.42,39.21,64.58,60.79,5,4.33333333333333,5,3.125,4.5,4,5.5,3.5,3.5,5,1,4,5,6,6,3,6,2,5,5,6,5,5,5,4,5,6,1,2,3,3,3,2,6,3,3,5,5,6,5,2,5,2,1,3,5,5,4,5,"Republican",1,0,0,"Donald Trump","Donald Trump",1,0,0,0,"$80,001-$100,000",5,"4yearColl",4,"White",1,0,34,"man",1,"New York","Bronx","0.5117","13202.5153","43143",NA
765623,89.3,87.5,10.7,12.5,6.75,1.33333333333333,1.33333333333333,4.125,1.5,2.5,6,2.5,5.5,6,1,5,7,7,6,7,1,2,1,1,1,2,2,1,1,4,6,1,3,6,7,5,1,2,1,3,2,6,6,3,2,5,6,1,5,3,2,5,1,"Independent",0,0,1,"Donald Trump","Robert F. Kennedy Jr.",0,0,1,0,"$80,001-$100,000",5,"GED",2,"White",1,0,55,"man",1,"Utah","Salt Lake","0.4315","583.1622532","80676",NA
375819,72.69,70.65,27.31,29.35,5.5,2,1.66666666666667,3,2.5,3.5,5.5,2,4,6,0,3,5,6,5,6,2,2,2,1,3,1,3,1,1,4,2,3,2,2,4,5,2,3,2,4,3,5,6,2,2,5,3,1,6,2,3,4,NA,"Independent",0,0,1,"Donald Trump","Donald Trump",1,0,0,0,"$40,001-$60,000",3,"GED",2,"White",1,0,51,"man",1,"Texas","Harris","0.4968","1042.130651","63539",NA
490803,65,65,35,35,6.25,2,3.66666666666667,2,2,5.5,5.5,2,5,7,0,1,7,6,6,6,2,2,2,2,4,3,5,5,3,4,4,1,1,1,3,1,1,3,1,4,7,5,6,2,2,5,5,1,3,1,1,1,1,"Republican",1,0,0,"I did not vote","Donald Trump",1,0,0,0,"$60,001-$80,000",4,"GED",2,"White",1,0,41,"woman",0,"Tennessee","Hamilton","0.4901","254.5437533","65689",NA
667467,NA,NA,NA,NA,5.75,2.66666666666667,4,3.375,1,3.5,2,6,3.5,6,0,1,5,6,6,6,2,3,3,5,4,3,4,4,4,3,4,2,5,4,3,3,3,1,1,3,4,2,2,6,6,4,3,1,2,5,5,5,NA,"Independent",0,0,1,"Third-party candidate","Other",0,0,0,1,NA,NA,NA,NA,"White",1,0,29,"woman",0,"Michigan","Macomb","0.4262","699.8635883","67646",NA
146867,32.75,25.5,67.25,74.5,4.25,5.33333333333333,5.5,1.25,6.5,6.5,6.5,1.5,5.5,6,1,3,3,5,6,3,5,5,6,5,6,6,7,6,3,3,1,1,1,1,1,1,1,6,7,7,6,6,7,1,2,5,6,1,5,2,2,2,3,"Republican",1,0,0,"I did not vote","Donald Trump",1,0,0,0,"$80,001-$100,000",5,"GED",2,"White",1,0,51,"man",1,"Florida","Seminole","0.4476","567.9030651","70470",NA
708228,65.75,65.75,34.25,34.25,7,1,2,1,1,5,4,3,2,5,1,5,7,7,7,7,1,1,1,1,4,1,1,1,4,1,1,1,1,1,1,1,1,1,1,5,5,5,3,5,1,3,1,1,2,2,5,2,3,"Democrat",0,1,0,"Joe Biden","Joe Biden",0,1,0,0,"$60,001-$80,000",4,"GED",2,"White",1,0,47,"man",1,"Connecticut","Hartford","0.4717","470.033815","79958","none thank you"
139001,92.75,93.18,7.25,6.82,7,1,1,1.875,3.5,5,7,2,5,7,1,5,7,7,7,7,1,1,1,1,1,1,1,1,1,2,1,1,1,6,1,1,2,4,3,6,4,7,7,2,2,5,5,1,5,2,2,4,3,"Republican",1,0,0,"Donald Trump","Donald Trump",1,0,0,0,"$20,001-$40,000",2,"GED",2,"White",1,0,37,"man",1,"New York","Niagara","0.4391","156.4831231","61068","None"
829360,43,40,57,60,6.25,2.33333333333333,4,2.375,3,7,6,4,2.5,7,1,5,5,7,6,7,1,1,5,1,2,7,6,2,6,5,1,1,1,5,2,3,1,3,3,7,7,5,7,5,3,1,4,1,7,1,1,NA,1,"Republican",1,0,0,"Donald Trump","Donald Trump",1,0,0,0,"$60,001-$80,000",4,"GED",2,"White",1,0,25,"woman",0,"Utah","Salt Lake","0.4315","583.1622532","80676",NA
247242,49.2,42.5,50.8,57.5,7,1.66666666666667,3,5.25,1.5,3.5,3.5,6,2.5,4,0,1,7,7,7,7,1,1,3,1,2,5,5,1,4,6,6,4,6,6,4,4,6,1,2,5,2,2,5,7,5,4,1,1,5,1,1,5,1,"Independent",0,0,1,"Third-party candidate","Donald Trump",1,0,0,0,"$20,001-$40,000",2,"GED",2,"White",1,0,31,"man",1,"Kansas","Sedgwick","0.4575","198.2078776","60540",NA
598930,32.75,32.25,67.25,67.75,6.25,2.66666666666667,3,3.5,1,6,2,6.5,2.5,1,0,2,6,6,6,7,2,1,5,1,3,5,5,1,3,5,6,3,1,4,4,3,2,1,1,6,6,3,1,7,6,2,3,1,6,2,3,7,3,"Republican",1,0,0,"Donald Trump","Donald Trump",1,0,0,0,"$0-$20,000",1,"GED",2,"White",1,0,34,"man",1,"Rhode Island","Kent","0.4437","375.3431064","74282",NA
564923,50,50,50,50,4,4,3.83333333333333,2.25,3.5,5.5,5.5,3,5,5,1,5,4,4,4,4,4,4,4,4,4,4,4,3,4,4,1,2,1,3,3,2,2,4,3,5,6,5,6,3,3,6,4,1,4,NA,4,NA,NA,"Independent",0,0,1,"Joe Biden","Joe Biden",0,1,0,0,"$40,001-$60,000",3,"GED",2,"White",1,0,29,"woman",0,"Oregon","Columbia","0.4079","29.83323986","78267",NA
464652,25.7,24.95,74.3,75.05,5.75,3,3.5,4.75,2,7,7,2,6,2,1,5,6,6,5,6,2,1,6,2,4,5,7,1,2,6,3,6,3,7,4,6,3,2,2,7,7,7,7,2,2,6,6,1,6,1,1,3,1,"Republican",1,0,0,"Donald Trump","Donald Trump",1,0,0,0,"$20,001-$40,000",2,"GED",2,"White",1,0,40,"man",1,"South Carolina","York","0.4425","146.7105208","73466",NA
209255,100,100,0,0,6.75,1.66666666666667,2,2.25,2.5,4,5.5,4.5,5.5,5,1,3,7,7,6,7,1,1,3,1,4,2,1,1,3,1,1,2,2,5,2,2,3,3,2,3,5,6,5,5,4,4,7,1,1,2,6,5,5,"Independent",0,0,1,"Third-party candidate","Robert F. Kennedy Jr.",0,0,1,0,"$80,001-$100,000",5,"GED",2,"White",1,0,30,"man",1,"Indiana","Madison","0.4317","110.6436258","54026",NA
896046,22.25,26.25,77.75,73.75,4.75,5,4.5,4.125,1,5,3.5,3,3,2,0,4,5,5,5,4,3,6,6,3,4,4,7,3,6,3,4,1,3,7,7,5,3,1,1,4,6,3,4,4,2,3,3,1,5,3,1,5,3,"Republican",1,0,0,"Donald Trump","Donald Trump",1,0,0,0,"$20,001-$40,000",2,"noHS",1,"White",1,0,30,"man",1,"New Jersey","Ocean","0.4539","363.7218004","75732",NA
399038,68.66,69.51,31.34,30.49,7,2.33333333333333,2.5,4,3.5,3,5.5,3,5,6,1,5,7,7,7,7,2,2,3,1,3,3,3,1,4,3,5,3,3,4,6,4,4,3,4,4,2,5,6,3,3,3,7,1,4,1,3,3,1,"Republican",1,0,0,"Joe Biden","Donald Trump",1,0,0,0,"$20,001-$40,000",2,"GED",2,"White",1,0,44,"man",1,"Michigan","Midland","0.4666","62.36493775","68054",NA
702265,95.35,96.24,4.65,3.76,6.5,1.33333333333333,3.66666666666667,2.75,3.5,7,7,2.5,5,1,1,5,5,7,7,7,2,1,1,1,1,7,7,1,5,1,1,1,1,7,1,7,3,4,3,7,7,7,7,2,3,4,6,1,7,1,1,2,1,"Republican",1,0,0,"Donald Trump","Donald Trump",1,0,0,0,"$40,001-$60,000",3,"GED",2,"White",1,0,80,"woman",0,"New Jersey","Cape May","0.475","143.8511318","74896",NA
723371,66.62,80.4,33.38,19.6,5.25,1.66666666666667,2.83333333333333,2.125,5,6,7,1.5,6,7,1,5,7,5,6,3,2,2,1,2,1,5,5,1,3,2,1,1,1,5,3,2,2,5,5,6,6,7,7,1,2,7,5,1,3,6,4,4,3,"Independent",0,0,1,"Joe Biden","Joe Biden",0,1,0,0,"$60,001-$80,000",4,"GED",2,"White",1,0,58,"woman",0,"Florida","Martin","0.5238","111.8867742","67059",NA
517582,100,100,0,0,5.75,1.33333333333333,2,1.375,3.5,6.5,5,3.5,3,7,1,5,6,6,5,6,1,1,2,1,2,4,3,1,1,1,1,1,1,4,1,1,1,4,3,6,7,4,6,5,2,3,3,1,6,1,1,1,5,"Republican",1,0,0,"Donald Trump","Donald Trump",1,0,0,0,NA,NA,"GED",2,"White",1,0,47,"woman",0,"South Dakota","Walworth","0.4552","3.002112486","53162",NA
259557,45,45,55,55,3.25,6,5.83333333333333,1.375,3.5,5.5,7,4.5,2,3,1,4,3,3,4,3,6,6,6,4,6,6,7,6,6,1,1,2,2,2,1,1,1,3,4,7,4,7,7,5,4,2,2,1,2,NA,NA,NA,NA,"Independent",0,0,1,"Joe Biden","Joe Biden",0,1,0,0,"$20,001-$40,000",2,"GED",2,"White",1,0,63,"woman",0,"New York","Erie","0.4649","340.609971","63014",NA
482787,53.54,72.76,46.46,27.24,4,4,3.16666666666667,3.375,5,4.5,4.5,3.5,6,6,1,5,3,5,4,4,4,4,4,3,3,4,4,2,3,4,3,3,4,4,4,3,2,5,5,4,5,5,4,4,3,6,6,1,4,4,4,4,4,"Independent",0,0,1,"Joe Biden","Joe Biden",0,1,0,0,"$20,001-$40,000",2,"GED",2,"White",1,0,42,"man",1,"North Carolina","Wake","0.4467","484.0293229","91558","No issues with task, thank you."
176829,62.36,62.64,37.64,37.36,6.75,1,2.66666666666667,2.125,4,5.5,2.5,6,2.5,7,0,1,6,7,7,7,1,1,1,3,4,1,5,1,2,1,1,1,2,2,6,2,2,2,6,6,5,3,2,6,6,2,3,1,5,2,3,2,5,"Independent",0,0,1,"Donald Trump","Donald Trump",1,0,0,0,"$60,001-$80,000",4,"GED",2,"White",1,0,48,"woman",0,"Kentucky","Hardin","0.4554","66.94972341","61224","n/a"
200586,66,61,34,39,4.5,4,4.83333333333333,3.25,4.5,4.5,4,4.5,4.5,6,1,5,5,5,4,4,5,4,3,5,5,4,6,5,4,5,4,2,3,5,3,3,1,3,6,4,5,5,3,6,3,5,4,1,3,6,5,NA,5,"Independent",0,0,1,"Donald Trump","Donald Trump",1,0,0,0,"$60,001-$80,000",4,"GED",2,"White",1,0,24,"man",1,"Ohio","Trumbull","0.4514","126.0650673","51838",NA
442266,52.4,63.5,47.6,36.5,1.75,5.33333333333333,5,4,3.5,7,7,1,7,4,1,5,1,2,1,3,5,5,6,5,3,7,7,7,1,7,1,1,1,7,7,7,1,6,1,7,7,7,7,1,1,7,7,1,7,1,1,2,1,"Republican",1,0,0,"Donald Trump","Donald Trump",1,0,0,0,"$40,001-$60,000",3,"GED",2,"White",1,0,31,"man",1,"Nevada","Clark","0.4697","104.7773624","63735",NA
614305,99,99,1,1,5.75,3,3.33333333333333,4.5,3.5,6,6,2.5,6,6,1,3,6,6,6,5,3,3,3,3,4,3,3,3,4,7,6,4,4,7,4,2,2,6,1,5,7,7,5,3,2,7,5,1,4,1,3,1,3,"Republican",1,0,0,"Donald Trump","Donald Trump",1,0,0,0,"$20,001-$40,000",2,"GED",2,"White",1,0,38,"man",1,"Kentucky","Knott","0.4426","17.03924339","34051",NA
372274,44.51,43.83,55.49,56.17,4.75,2.66666666666667,2.5,2.375,3.5,6,6,3.5,6,5,0,1,6,4,3,6,3,2,3,1,2,3,5,3,1,1,5,2,2,5,2,1,1,5,2,5,7,6,6,4,3,7,5,1,7,1,5,5,2,"Republican",1,0,0,"I did not vote","Donald Trump",1,0,0,0,"$40,001-$60,000",3,"GED",2,"White",1,0,25,"woman",0,"Alabama","Cullman","0.4314","43.25267563","55036","No comment"
948511,29.55,29.3,70.45,70.7,4.5,6.33333333333333,5.16666666666667,2.875,2.5,6.5,5,3.5,4.5,6,1,3,5,5,5,3,6,7,6,4,4,5,7,5,6,3,5,2,2,4,2,4,1,3,2,6,7,6,4,5,2,4,5,1,6,3,3,3,5,"Republican",1,0,0,"I did not vote","Robert F. Kennedy Jr.",0,0,1,0,"$20,001-$40,000",2,"GED",2,"White",1,0,59,"woman",0,"Maryland","Anne Arundel","0.4161","528.4397218","107281",NA
533560,74.83,77.14,25.17,22.86,5.5,2.33333333333333,2.66666666666667,5.125,1.5,1.5,5.5,3,1,1,1,5,3,7,6,6,1,1,5,1,2,5,6,1,1,4,5,5,4,7,6,7,3,1,2,2,1,5,6,3,3,1,1,1,2,1,1,7,1,"Independent",0,0,1,"Donald Trump","Robert F. Kennedy Jr.",0,0,1,0,"$0-$20,000",1,"GED",2,"White",1,0,46,"man",1,"South Dakota","Yankton","0.4118","16.82898322","65826",NA
795248,61.45,67.55,38.55,32.45,5.75,2.33333333333333,1.83333333333333,3.75,3,4.5,5,4,4,3,1,5,4,7,5,7,1,1,5,1,1,2,3,1,3,4,1,4,4,6,4,4,3,3,3,3,6,5,5,5,3,5,3,1,5,3,1,6,2,"Independent",0,0,1,"Donald Trump","Robert F. Kennedy Jr.",0,0,1,0,"$40,001-$60,000",3,"GED",2,"White",1,0,41,"woman",0,"Colorado","El Paso","0.4324","124.925569","79094",NA
345938,37.5,31.4,62.5,68.6,5.75,3,3.66666666666667,1.625,1.5,4,5.5,2.5,3.5,5,0,2,7,6,5,5,4,1,4,1,3,4,5,4,5,3,1,1,1,3,2,1,1,2,1,3,5,7,4,4,1,6,1,1,NA,NA,NA,NA,NA,"Independent",0,0,1,"I did not vote","Robert F. Kennedy Jr.",0,0,1,0,"$40,001-$60,000",3,"GED",2,"White",1,0,18,"man",1,"Virginia","Campbell","0.42","42.33097538","53059",NA
917294,14.5,15.8,85.5,84.2,6,3.66666666666667,4.66666666666667,3.25,2,6,6.5,2.5,2,3,1,3,6,6,6,6,2,3,6,2,6,6,6,5,3,2,2,2,4,4,4,4,4,2,2,7,5,6,7,3,2,2,2,1,7,1,1,NA,1,"Republican",1,0,0,"Donald Trump","Other",0,0,0,1,"$80,001-$100,000",5,"GED",2,"White",1,0,54,"man",1,"Pennsylvania","Lancaster","0.4223","220.2186681","75619",NA
833526,50.27,50.57,49.73,49.43,6.25,1,1.5,3.625,2.5,4,5,5,5.5,6,1,4,6,7,5,7,1,1,1,1,1,4,1,1,1,1,1,4,4,7,7,4,1,3,2,3,5,6,4,5,5,5,6,1,4,1,1,6,1,"Independent",0,0,1,"Donald Trump","Donald Trump",1,0,0,0,"$20,001-$40,000",2,"GED",2,"White",1,0,32,"man",1,"Montana","Powder River","0.4651","0.189527657","52298",NA
202315,59.1,77.75,40.9,22.25,6,4.66666666666667,2.83333333333333,3.125,2,7,4.5,5,6,7,0,1,6,6,7,5,6,3,5,1,3,5,5,1,2,4,5,1,2,3,4,3,3,3,1,7,7,6,3,5,5,6,6,1,3,5,2,5,6,"Independent",0,0,1,"I did not vote","Robert F. Kennedy Jr.",0,0,1,0,"$40,001-$60,000",3,"GED",2,"White",1,0,40,"woman",0,"Nebraska","Douglas","0.4715","656.4846395","69475",NA
140958,50.05,56.86,49.95,43.14,6.75,2,3.16666666666667,3,1.5,5,6,2.5,5,6,1,5,7,7,6,7,2,2,2,1,5,3,5,1,4,4,4,3,3,3,3,2,2,2,1,5,5,6,6,3,2,4,6,1,2,4,6,4,5,"Independent",0,0,1,"Joe Biden","Joe Biden",0,1,0,0,"$40,001-$60,000",3,"GED",2,"White",1,0,35,"man",1,"Washington","King","0.4723","394.8557332","110351",NA
458939,64.5,65,35.5,35,4.75,3.66666666666667,4,2.625,3.5,6,6.5,2,6,6,1,5,6,5,5,3,3,3,5,4,3,4,5,3,5,2,4,2,1,5,3,2,2,4,3,7,5,6,7,2,2,6,6,1,5,5,5,NA,5,"Independent",0,0,1,"I did not vote","Joe Biden",0,1,0,0,"$0-$20,000",1,"GED",2,"White",1,0,49,"man",1,"Connecticut","Windham","0.4211","87.72291173","71581",NA
292142,53.07,53.74,46.93,46.26,4,4,4,4,4,4,4,4,4,4,0,1,4,4,4,4,4,4,4,4,4,4,4,4,4,4,4,4,4,4,4,4,4,4,4,4,4,4,4,4,4,4,4,1,1,1,1,1,1,"Independent",0,0,1,"I did not vote","Joe Biden",0,1,0,0,NA,NA,"GED",2,"White",1,0,24,"man",1,"California","Los Angeles","0.4969","960.7427779","77356",NA
305579,44.06,61.45,55.94,38.55,5.5,3.33333333333333,5,1.125,2,6.5,7,5.5,4,5,1,5,5,6,6,5,2,2,6,4,4,6,7,4,5,1,1,1,1,1,2,1,1,2,2,6,7,7,7,7,4,4,4,1,4,4,NA,NA,NA,"Republican",1,0,0,"I did not vote","Donald Trump",1,0,0,0,"$0-$20,000",1,"GED",2,"White",1,0,52,"woman",0,"South Carolina","Kershaw","0.4389","34.20633477","54900",NA
106089,54.42,62.83,45.58,37.17,5.25,3,3.66666666666667,3.25,3.5,5.5,6,3.5,4,4,1,2,5,5,5,6,3,3,3,4,4,4,6,2,2,5,5,2,2,4,4,2,2,4,3,6,5,6,6,4,3,4,4,1,4,4,4,4,3,"Independent",0,0,1,"Donald Trump","Robert F. Kennedy Jr.",0,0,1,0,"$40,001-$60,000",3,"GED",2,"White",1,0,55,"woman",0,"Florida","Pasco","0.4538","264.0275519","59555",NA
779843,15.75,30.5,84.25,69.5,1.75,7,6.66666666666667,2.375,2,3.5,6,4.5,2,2,0,1,1,2,2,2,7,7,7,6,7,7,7,6,7,6,1,2,3,2,2,2,1,2,2,3,4,5,7,5,4,1,3,1,4,1,1,5,2,"Independent",0,0,1,"I did not vote","Donald Trump",1,0,0,0,"$20,001-$40,000",2,"GED",2,"White",1,0,29,"man",1,"Pennsylvania","Indiana","0.4416","40.01371619","51887",NA
229649,42.93,36.69,57.07,63.31,5.25,2,3.5,3.75,3.5,6,5,5.5,6,7,1,5,7,1,7,6,2,2,2,1,3,6,7,2,2,7,3,3,1,6,5,4,1,5,2,6,6,7,3,6,5,5,7,1,7,1,1,1,2,"Republican",1,0,0,"Donald Trump","Donald Trump",1,0,0,0,"$40,001-$60,000",3,"GED",2,"White",1,0,37,"woman",0,"Indiana","Allen","0.4414","217.3430355","62680",NA
321283,74.69,75.15,25.31,24.85,5.75,3.66666666666667,2.33333333333333,2,2.5,6,6.5,3,6.5,7,1,3,7,5,6,5,2,3,6,1,3,3,4,1,2,1,1,1,1,4,3,3,2,3,2,6,6,7,6,3,3,6,7,1,3,2,2,2,2,"Independent",0,0,1,"Donald Trump","Robert F. Kennedy Jr.",0,0,1,0,"$60,001-$80,000",4,"GED",2,"White",1,0,29,"man",1,"Minnesota","Ramsey","0.4637","1373.486689","70485",NA
362116,38.9,37,61.1,63,5.25,1.33333333333333,2.5,4.125,1.5,3,6,3.5,3.5,2,1,5,4,7,4,6,1,1,2,2,2,2,4,3,2,4,4,4,4,1,6,7,3,1,2,3,3,6,6,4,3,3,4,1,7,1,1,5,1,"Republican",1,0,0,"Donald Trump","Donald Trump",1,0,0,0,"$80,001-$100,000",5,"GED",2,"Black or African American",0,0,39,"man",1,"Nevada","Clark","0.4697","104.7773624","63735",NA
311428,68.9,65.39,31.1,34.61,4,4,3.16666666666667,4,4,4,4.5,4.5,4,4,1,4,4,4,4,4,4,4,4,3,2,4,4,3,3,4,4,4,4,4,4,4,4,4,4,4,4,5,4,5,4,4,4,1,2,2,3,2,2,"Independent",0,0,1,"Donald Trump","Donald Trump",1,0,0,0,"$100,001-$120,000",6,"GED",2,"White",1,0,30,"woman",0,"Nevada","Clark","0.4697","104.7773624","63735",NA
141862,96.54,96.14,3.46,3.86,5,5.33333333333333,3.16666666666667,4.25,2.5,4,5.5,3,6,3,1,5,5,6,6,3,6,5,5,1,1,3,3,5,6,5,3,3,3,5,5,5,5,3,2,3,5,6,5,3,3,5,7,1,5,3,3,5,3,"Republican",1,0,0,"Donald Trump","Donald Trump",1,0,0,0,"$60,001-$80,000",4,"GED",2,"White",1,0,35,"woman",0,"Michigan","Tuscola","0.4108","25.55592587","52365",NA
827278,40.29,43.13,59.71,56.87,5.25,3.33333333333333,3.5,1,2,5.5,6,4,5.5,5,1,4,6,5,5,5,3,5,2,3,6,2,5,3,2,1,1,1,1,1,1,1,1,3,1,5,6,6,6,5,3,5,6,1,2,5,3,2,4,"Democrat",0,1,0,"Joe Biden","Joe Biden",0,1,0,0,"$0-$20,000",1,"GED",2,"White",1,0,43,"woman",0,"New York","Otsego","0.4462","23.22022723","61664",NA
322720,60.2,70,39.8,30,5.75,1.33333333333333,2.5,4.375,2,4,3.5,2.5,4.5,7,0,1,7,7,2,7,1,1,2,4,1,4,4,1,1,7,4,7,1,7,4,4,1,2,2,4,4,4,3,2,3,5,4,1,NA,NA,NA,NA,NA,"Independent",0,0,1,"I did not vote","Other",0,0,0,1,"$20,001-$40,000",2,"GED",2,"White",1,0,26,"man",1,"Minnesota","Hennepin","0.4788","861.2850078","84220","Thank you for the survey."
915999,60.5,65,39.5,35,6.25,1.66666666666667,3.16666666666667,2.125,3,3,5.5,2.5,7,7,1,5,6,5,7,7,1,2,2,1,3,5,7,2,1,1,1,1,1,5,1,4,3,4,2,3,3,5,6,2,3,7,7,1,1,1,1,1,1,"Independent",0,0,1,"Third-party candidate","Robert F. Kennedy Jr.",0,0,1,0,"$40,001-$60,000",3,"GED",2,"White",1,0,39,"man",1,"Colorado","Broomfield","0.4085","773.5251676","106413",NA
337523,55.77,56.88,44.23,43.12,6,1.33333333333333,3.66666666666667,4.75,2.5,5.5,6,2.5,5,7,0,1,7,6,5,6,1,1,2,3,5,6,3,2,3,7,6,6,3,6,3,3,4,2,3,6,5,5,7,3,2,3,7,1,6,1,1,2,3,"Republican",1,0,0,"I did not vote","Robert F. Kennedy Jr.",0,0,1,0,"$140,001-$160,000",8,"GED",2,"White",1,0,46,"woman",0,"Texas","Collin","0.4319","433.4078589","102119",NA
934909,60,79.75,40,20.25,7,1,1.66666666666667,4.25,3,6,5.5,4,4,6,1,2,7,7,7,7,1,1,1,1,1,2,4,1,1,5,6,3,3,4,4,5,4,4,2,5,7,6,5,5,3,6,2,1,3,1,1,5,1,"Independent",0,0,1,"Donald Trump","Other",0,0,0,1,"$20,001-$40,000",2,"GED",2,"White",1,0,23,"man",1,"Kansas","Sedgwick","0.4575","198.2078776","60540",NA
217971,36.2,41.8,63.8,58.2,4.25,4.66666666666667,4,2.25,1.5,5,4,5,5,1,1,2,5,3,5,4,5,4,5,4,5,5,4,2,4,4,4,2,1,3,2,1,1,2,1,5,5,5,3,5,5,5,5,1,1,2,5,NA,5,"Independent",0,0,1,"I did not vote","Joe Biden",0,1,0,0,"$40,001-$60,000",3,"GED",2,"White",1,0,21,"man",1,"Tennessee","Blount","0.4324","88.74484763","62724",NA
657776,29.2,36.1,70.8,63.9,5,2.33333333333333,3.16666666666667,1.125,5,6.5,5.5,2,4.5,5,1,5,1,7,6,6,2,2,3,1,3,6,4,1,4,1,1,1,1,2,1,1,1,7,3,6,7,6,5,2,2,5,4,1,7,1,1,1,1,"Republican",1,0,0,"I did not vote","Donald Trump",1,0,0,0,"$0-$20,000",1,"GED",2,"White",1,0,45,"man",1,"Kentucky","Lawrence","0.4888","14.66293087","42750",NA
372352,54.88,54.1,45.12,45.9,6.5,3,2.16666666666667,4.25,2,6,6.5,2.5,4,7,1,5,7,7,6,6,2,2,5,1,2,3,3,2,2,7,6,1,2,6,6,4,2,2,2,6,6,7,6,3,2,5,3,1,7,3,3,3,5,"Republican",1,0,0,"Donald Trump","Donald Trump",1,0,0,0,"$0-$20,000",1,"GED",2,"White",1,0,60,"woman",0,"Pennsylvania","Blair","0.4484","90.93865631","55843",NA
370985,58.32,61.86,41.68,38.14,4.25,2,4.16666666666667,4.125,5,4,5,3,4,5,0,1,4,4,4,5,2,2,2,2,4,6,5,4,4,3,4,4,5,5,4,4,4,5,5,4,4,5,5,3,3,5,3,1,3,4,4,4,5,"Republican",1,0,0,"I did not vote","Donald Trump",1,0,0,0,"$60,001-$80,000",4,"GED",2,"White",1,0,31,"woman",0,"Washington","Snohomish","0.4121","145.5609686","99650","No"
532845,62.86,61.28,37.14,38.72,3.75,5,5.16666666666667,1.75,2.5,6.5,6.5,3.5,5.5,5,0,3,5,3,4,3,5,5,5,3,6,6,7,4,5,1,4,2,2,2,1,1,1,3,2,6,7,7,6,5,2,5,6,1,NA,NA,NA,NA,NA,"Democrat",0,1,0,"Joe Biden","Robert F. Kennedy Jr.",0,0,1,0,"$40,001-$60,000",3,"GED",2,"White",1,0,53,"woman",0,"Delaware","Sussex","0.4594","90.54899837","70500",NA
412950,38.6,55.95,61.4,44.05,4.75,3.33333333333333,3.66666666666667,2.5,2,3.5,4,2.5,6,4,1,5,5,6,4,4,2,4,4,4,5,2,4,2,5,1,1,3,2,4,4,4,1,2,2,3,4,5,3,3,2,6,6,1,2,4,4,5,3,"Independent",0,0,1,"Joe Biden","Joe Biden",0,1,0,0,"$40,001-$60,000",3,"GED",2,"White",1,0,31,"man",1,"Georgia","Brooks","0.5659","12.23231715","40936",NA
967795,41.8,34,58.2,66,5.5,3,3.16666666666667,2.5,2,4,5,4.5,3.5,6,1,3,6,6,5,5,3,3,3,1,3,3,2,5,5,2,5,1,1,3,2,3,3,2,2,3,5,5,5,6,3,5,2,1,5,3,3,3,2,"Independent",0,0,1,"Donald Trump","Donald Trump",1,0,0,0,"$80,001-$100,000",5,"GED",2,"White",1,0,22,"man",1,"North Carolina","Forsyth","0.4864","351.818409","60228",NA
148026,10.26,27.08,89.74,72.92,4,4.66666666666667,5.16666666666667,3.875,4,3,4,4.5,4,5,1,5,4,4,5,3,6,6,2,6,6,4,6,3,6,5,5,3,2,6,6,2,2,5,3,3,3,4,4,5,4,5,3,1,3,4,5,5,5,"Republican",1,0,0,"Donald Trump","Donald Trump",1,0,0,0,"$20,001-$40,000",2,"GED",2,"White",1,0,34,"woman",0,"Louisana","Iberia",NA,NA,NA,"no"
135536,18.19,22.43,81.81,77.57,6,3,4,2.5,3.5,5,5,3,4,6,0,2,6,6,6,6,3,3,3,1,5,5,5,5,3,2,1,2,2,2,6,3,2,5,2,5,5,5,5,3,3,5,3,1,3,3,NA,5,2,"Independent",0,0,1,"I did not vote","Donald Trump",1,0,0,0,"$40,001-$60,000",3,"GED",2,"White",1,0,37,"woman",0,"Alabama","Mobile","0.4674","130.2299289","49848",NA
696038,32.75,29.75,67.25,70.25,7,1,2.16666666666667,3.125,5,7,7,1,7,6,1,5,7,7,7,7,1,1,1,1,1,4,5,1,1,2,1,6,1,4,4,6,1,5,5,7,7,7,7,1,1,7,7,1,NA,1,1,1,1,"Independent",0,0,1,"I did not vote","Donald Trump",1,0,0,0,"$40,001-$60,000",3,"GED",2,"White",1,0,18,"woman",0,"Arizona","Maricopa","0.4572","178.541174","76230",NA
854408,100,100,0,0,5.5,1,1,4,2.5,5.5,5,3.5,6.5,5,0,1,4,7,4,7,1,1,1,1,1,1,1,1,1,4,4,4,4,4,4,4,4,2,3,4,7,5,5,4,3,6,7,1,NA,NA,NA,NA,NA,"Independent",0,0,1,"I did not vote","Other",0,0,0,1,"$40,001-$60,000",3,"GED",2,"White",1,0,25,"woman",0,"Colorado","Arapahoe","0.455","308.0717154","84308",NA
597349,66.65,72.07,33.35,27.93,5.25,3,4.5,3.5,3.5,5,5.5,2.5,4.5,6,1,5,5,5,6,5,3,3,3,1,4,6,7,3,6,4,2,3,3,4,4,4,4,4,3,5,5,6,5,2,3,5,4,1,NA,NA,NA,NA,NA,"Republican",1,0,0,"Donald Trump","Donald Trump",1,0,0,0,"$60,001-$80,000",4,"GED",2,"White",1,0,41,"woman",0,"Connecticut","New London","0.4394","156.0796361","78552",NA
194226,42.65,39.8,57.35,60.2,3.75,5.33333333333333,5.5,1.625,1.5,5,5.5,3,2.5,4,0,1,5,4,3,3,5,5,6,2,6,7,6,6,6,1,1,2,1,2,2,2,2,2,1,6,4,6,5,3,3,3,2,1,5,3,4,3,3,"Independent",0,0,1,"I did not vote","Other",0,0,0,1,"$20,001-$40,000",2,"GED",2,"White",1,0,69,"woman",0,"Connecticut","New Haven","0.4728","548.8569872","75094",NA
996307,66,66,34,34,6.5,1,2,4,3,6,7,2,6,7,1,5,6,6,7,7,1,1,1,1,1,3,3,1,3,4,6,4,4,4,4,3,3,3,3,5,7,7,7,3,1,5,7,1,7,1,1,2,1,"Republican",1,0,0,"Donald Trump","Donald Trump",1,0,0,0,"$60,001-$80,000",4,"4yearColl",4,"White",1,0,43,"man",1,"Indiana","Clark","0.4152","119.8157579","62822",NA
214591,58.25,57.25,41.75,42.75,6.25,1.33333333333333,1.16666666666667,5.75,2,4.5,5.5,2,5,6,0,3,6,6,6,7,1,1,2,1,1,2,1,1,1,4,7,4,6,7,7,5,6,2,2,5,4,5,6,2,2,5,5,1,6,1,2,3,1,"Independent",0,0,1,"Donald Trump","Donald Trump",1,0,0,0,"$0-$20,000",1,"GED",2,"White",1,0,35,"man",1,"Indiana","Greene","0.433","22.98602823","55504","none"
587811,49.47,50.53,50.53,49.47,5.75,1.33333333333333,4,3.625,3,4.5,4.5,4,5.5,5,1,4,6,5,6,6,1,1,2,3,5,3,6,2,5,5,4,3,3,4,4,3,3,3,3,3,6,6,3,5,3,5,6,1,5,4,4,4,5,"Republican",1,0,0,"Donald Trump","Donald Trump",1,0,0,0,"$40,001-$60,000",3,"GED",2,"White",1,0,28,"woman",0,"Florida","Lee","0.4814","354.8307687","66426",NA
396165,53.6,56.62,46.4,43.38,5.75,2.33333333333333,4.83333333333333,2.625,2.5,6,7,1,7,1,1,5,5,6,5,7,1,1,5,1,6,6,7,3,6,1,1,1,1,5,6,5,1,3,2,7,5,7,7,1,1,7,7,1,6,2,1,3,1,"Republican",1,0,0,"Donald Trump","Donald Trump",1,0,0,0,"$60,001-$80,000",4,"GED",2,"White",1,0,51,"man",1,"Florida","Pinellas","0.4845","1351.009895","61851",NA
765294,82.75,82.75,17.25,17.25,6.75,1.33333333333333,3.5,3.625,5.5,7,7,1.5,5,7,1,5,7,7,7,6,1,1,2,1,2,6,7,1,4,4,4,4,1,4,4,4,4,5,6,7,7,7,7,2,1,4,6,1,7,1,1,1,1,"Republican",1,0,0,"Donald Trump","Donald Trump",1,0,0,0,"$20,001-$40,000",2,"GED",2,"White",1,0,51,"woman",0,"Florida","Lee","0.4814","354.8307687","66426",NA
966401,35.05,34.15,64.95,65.85,4.5,4.33333333333333,3.33333333333333,4,1.5,4.5,5.5,3.5,6,3,1,3,3,5,5,5,5,3,5,1,2,5,5,3,4,6,3,4,5,4,4,5,1,2,1,4,5,5,6,4,3,6,6,1,6,2,1,5,3,"Independent",0,0,1,"I did not vote","Robert F. Kennedy Jr.",0,0,1,0,"$140,001-$160,000",8,"GED",2,"White",1,0,24,"man",1,"Washington","Thurston","0.4062","146.7926993","81544",NA
359774,89.85,100,10.15,0,4,1,2.5,2.5,5.5,5.5,6,4,4.5,1,1,3,4,4,4,4,1,1,1,1,2,4,3,1,4,4,1,1,1,4,4,4,1,4,7,5,6,5,7,4,4,5,4,1,1,1,1,1,1,"Republican",1,0,0,"Donald Trump","Donald Trump",1,0,0,0,"$20,001-$40,000",2,"GED",2,"White",1,0,24,"woman",0,"Kentucky","Green","0.5097","14.87858376","42569",NA
579690,55.5,61.26,44.5,38.74,5.25,4.33333333333333,4.66666666666667,1,2,6,7,6.5,6,5,1,2,2,7,7,5,5,3,5,2,6,6,7,6,1,1,1,1,1,1,1,1,1,1,3,7,5,7,7,7,6,6,6,1,3,4,5,4,4,"Independent",0,0,1,"I did not vote","Cornel West",0,0,0,0,"$20,001-$40,000",2,"GED",2,"White",1,0,37,"woman",0,"Georgia","Ware","0.4719","15.28610844","43065",NA
294623,89.04,92.1,10.96,7.9,6.75,1,1.16666666666667,1.5,2,2,7,5,5.5,7,1,5,7,7,6,7,1,1,1,1,2,1,1,1,1,1,1,1,1,3,1,1,3,2,2,1,3,7,7,6,4,5,6,1,7,1,1,5,1,"Republican",1,0,0,"Third-party candidate","Robert F. Kennedy Jr.",0,0,1,0,"$20,001-$40,000",2,"GED",2,"White",1,0,30,"man",1,"California","Riverside","0.4524","127.6881106","78690",NA
650193,73.19,76.74,26.81,23.26,5,3.33333333333333,3.5,3.75,4,4.5,5,3,5.5,6,1,2,6,5,5,4,2,5,3,1,6,4,3,2,5,5,4,3,3,5,4,2,4,4,4,4,5,6,4,3,3,5,6,1,3,5,5,5,4,"Independent",0,0,1,"I did not vote","Donald Trump",1,0,0,0,"$40,001-$60,000",3,"GED",2,"White",1,0,28,"man",1,"Kentucky","Warren","0.489","90.10818904","59223","N/a"
563720,87.39,87.05,12.61,12.95,6,2,2.66666666666667,1.625,3.5,4.5,4.5,3.5,4.5,5,1,3,7,6,5,6,2,3,1,3,3,2,4,1,3,2,1,3,1,2,1,2,1,3,4,4,5,4,5,3,4,3,6,1,3,6,5,5,4,"Independent",0,0,1,"Joe Biden","Robert F. Kennedy Jr.",0,0,1,0,"$40,001-$60,000",3,"GED",2,"White",1,0,60,"woman",0,"Georgia","Cobb","0.4485","846.6897774","87532",NA
265542,21.04,47.2,78.96,52.8,4,3,2.5,3.125,3.5,5,5,4,5,5,0,1,5,5,3,3,3,3,3,1,3,5,3,1,2,3,2,3,3,3,3,4,4,2,5,5,5,5,5,5,3,5,5,1,3,NA,NA,4,NA,"Independent",0,0,1,"I did not vote","Robert F. Kennedy Jr.",0,0,1,0,"$100,001-$120,000",6,"GED",2,"White",1,0,35,"woman",0,"California","San Bernardino","0.439","41.10128555","74218","thank you!"
751268,25,52.3,75,47.7,4.5,4,5.16666666666667,1,3.5,4.5,7,2,5.5,7,1,5,7,3,4,4,5,5,2,6,4,6,6,4,5,1,1,1,1,1,1,1,1,4,3,6,3,7,7,2,2,5,6,1,2,5,2,5,4,"Independent",0,0,1,"Joe Biden","Joe Biden",0,1,0,0,"$40,001-$60,000",3,"GED",2,"White",1,0,50,"woman",0,"Florida","Palm Beach","0.5199","284.088504","70024",NA
312926,28.37,30.43,71.63,69.57,5.25,5,4,1.25,1,4,4.5,6.5,2.5,6,0,2,6,5,6,4,5,5,5,5,4,2,5,3,5,2,1,1,2,1,1,1,1,1,1,3,5,4,5,7,6,2,3,1,3,5,5,NA,5,"Democrat",0,1,0,"I did not vote","Joe Biden",0,1,0,0,"$20,001-$40,000",2,"GED",2,"White",1,0,32,"woman",0,"Maryland","Cecil","0.4172","114.3069038","76727",NA
285250,62.3,61.6,37.7,38.4,5.25,2.66666666666667,2.66666666666667,2.875,3.5,5.5,5.5,2,5.5,3,1,5,4,5,5,7,2,2,4,1,2,6,4,1,2,4,1,1,3,4,5,4,1,4,3,4,7,6,5,2,2,6,5,1,4,3,1,3,1,"Independent",0,0,1,"Third-party candidate","Robert F. Kennedy Jr.",0,0,1,0,"$40,001-$60,000",3,"GED",2,"White",1,0,37,"woman",0,"Connecticut","Fairfield","0.5425","583.4165304","100703","all went smooth"
323775,56.15,54.45,43.85,45.55,4.75,4,4,3.875,4,5,5,4,5,6,1,5,4,5,5,5,4,4,4,4,4,4,6,3,3,3,4,3,4,4,5,4,4,4,4,4,6,5,5,4,4,5,5,1,5,NA,4,NA,NA,"Republican",1,0,0,"Donald Trump","Donald Trump",1,0,0,0,"$160,001-$180,000",9,"GED",2,"White",1,0,NA,"woman",0,"California","San Bernardino","0.439","41.10128555","74218",NA
901580,85.22,88.39,14.78,11.61,4.75,2.33333333333333,3.5,2.125,3,4.5,4.5,3.5,5,5,0,1,6,5,3,5,2,2,3,2,4,2,4,5,4,3,1,1,2,3,3,3,1,3,3,4,5,4,5,3,4,4,6,1,4,4,5,4,4,"Independent",0,0,1,"I did not vote","Other",0,0,0,1,"$20,001-$40,000",2,"GED",2,"White",1,0,26,"woman",0,"Texas","Bexar","0.4654","599.5581109","63014",NA
181392,70.68,77.75,29.32,22.25,6,2.66666666666667,1.5,1.75,1,3.5,4,5,5.5,5,0,1,6,7,5,6,3,2,3,1,3,1,1,1,2,1,1,7,1,1,1,1,1,1,1,3,4,5,3,5,5,6,5,1,2,5,4,4,5,"Independent",0,0,1,"I did not vote","Robert F. Kennedy Jr.",0,0,1,0,"$40,001-$60,000",3,"GED",2,"multiracial",0,0,26,"man",1,"Oklahoma","Tulsa","0.4847","435.1573978","59232",NA
792165,45.76,39.26,54.24,60.74,4.25,4.66666666666667,4.5,1.875,6,6,6,2.5,5,5,1,4,5,3,5,4,5,4,5,4,4,6,6,4,3,2,1,1,1,3,4,2,1,6,6,6,6,6,6,2,3,5,5,1,5,2,1,4,4,"Republican",1,0,0,"Donald Trump","Robert F. Kennedy Jr.",0,0,1,0,"$60,001-$80,000",4,"GED",2,"White",1,0,53,"woman",0,"Oklahoma","Tulsa","0.4847","435.1573978","59232",NA
418795,NA,NA,NA,NA,7,2,3.33333333333333,1.75,4.5,5,7,3,5.5,7,1,3,7,7,7,7,2,2,2,4,3,2,6,2,3,1,4,1,1,4,1,1,1,6,3,4,6,7,7,3,3,6,5,1,NA,NA,NA,NA,NA,"Republican",1,0,0,"I did not vote","Donald Trump",1,0,0,0,"$20,001-$40,000",2,"GED",2,"White",1,0,52,"man",1,"Pennsylvania","Somerset","0.4175","26.93495636","53770",NA
791052,82,81.8,18,18.2,6.75,1,1,7,1.5,2.5,4,5.5,5.5,7,1,5,7,7,6,7,1,1,1,1,1,1,1,1,1,7,7,7,7,7,7,7,7,2,1,1,4,5,3,7,4,5,6,1,7,1,1,1,1,"Independent",0,0,1,"Donald Trump","Donald Trump",1,0,0,0,"$20,001-$40,000",2,"GED",2,"White",1,0,36,"man",1,"Florida","Okaloosa","0.4467","83.31780277","69053","None"
695539,54.77,62.75,45.23,37.25,6.75,2,1.83333333333333,4,2,4.5,5.5,2.5,6.5,6,0,1,7,7,7,6,2,2,2,1,2,3,2,1,2,4,5,6,4,1,7,4,1,2,2,5,4,6,5,2,3,6,7,1,2,2,5,3,1,"Independent",0,0,1,"Joe Biden","Jill Stein",0,0,0,0,"$20,001-$40,000",2,"GED",2,"White",1,0,32,"man",1,"Minnesota","Hennepin","0.4788","861.2850078","84220",NA
605265,22.69,24.86,77.31,75.14,5.5,5.33333333333333,4.33333333333333,5.125,6,6,6,2.5,5,2,1,5,5,6,6,5,5,5,6,3,2,6,5,5,5,6,5,3,5,6,6,5,5,6,6,6,6,6,6,2,3,5,5,1,7,1,1,3,3,"Republican",1,0,0,"Donald Trump","Donald Trump",1,0,0,0,"$60,001-$80,000",4,"GED",2,"White",1,0,62,"woman",0,"Kentucky","Trimble","0.4158","21.99016694","62902",NA
870434,95.45,95.25,4.55,4.75,5.25,3,4.83333333333333,3.25,4,5.5,6,3.5,5,5,1,4,6,5,5,5,3,2,4,2,5,6,6,5,5,4,5,2,3,3,5,2,2,5,3,6,5,5,7,5,2,5,5,1,4,3,3,3,3,"Independent",0,0,1,"Third-party candidate","Robert F. Kennedy Jr.",0,0,1,0,"$60,001-$80,000",4,"GED",2,"White",1,0,30,"woman",0,"West Virginia","Berkeley","0.3993","136.4498415","70893",NA
847403,58.1,57.98,41.9,42.02,5.5,3,2.5,3.125,4,4,3,5.5,4,5,1,3,6,6,5,5,3,3,3,3,2,2,3,2,3,4,4,4,3,3,3,3,1,5,3,3,5,3,3,6,5,5,3,1,1,6,NA,NA,5,"Independent",0,0,1,"I did not vote","Robert F. Kennedy Jr.",0,0,1,0,"$20,001-$40,000",2,"GED",2,"White",1,0,24,"woman",0,"Arizona","Pima","0.4652","42.8548311","60604",NA
189488,72.78,74.1,27.22,25.9,5.25,2,3,2.25,4,4,5,4,5.5,7,0,1,7,6,6,2,2,2,2,3,3,4,4,3,1,4,3,1,1,3,3,2,1,4,4,3,5,5,5,4,4,6,5,1,5,5,4,5,4,"Independent",0,0,1,"I did not vote","Robert F. Kennedy Jr.",0,0,1,0,"$60,001-$80,000",4,"GED",2,"White",1,0,31,"man",1,"Oregon","Multnomah","0.4716","715.2753775","77851",NA
852240,83.83,87.64,16.17,12.36,6.25,1.66666666666667,3.16666666666667,5.5,3.5,7,6.5,3,5,7,1,5,6,6,6,7,2,1,2,1,3,5,5,3,2,6,6,4,5,7,5,6,5,4,3,7,7,6,7,4,2,5,5,1,6,1,3,7,3,"Republican",1,0,0,"Donald Trump","Donald Trump",1,0,0,0,"$120,001-$140,000",7,"GED",2,"White",1,0,55,"woman",0,"Pennsylvania","Allegheny","0.4823","648.1038604","68874",NA
351165,31.6,38.4,68.4,61.6,6,1.66666666666667,4,2.125,5.5,6.5,4,2,7,3,0,1,7,5,6,6,2,1,2,1,5,6,2,5,5,1,1,2,2,4,1,3,3,5,6,6,7,2,6,2,2,7,7,1,3,6,3,5,6,"Independent",0,0,1,"I did not vote","Other",0,0,0,1,"$40,001-$60,000",3,"GED",2,"White",1,0,55,"man",1,"Pennsylvania","York","0.4158","189.5970158","72949",NA
324460,88.62,86.6,11.38,13.4,4.5,1.66666666666667,2.83333333333333,3.625,4,6,4,3,5,5,1,5,5,5,5,3,1,2,2,1,3,3,4,4,2,4,4,3,4,4,4,4,2,4,4,6,6,4,4,2,4,5,5,1,5,1,1,3,1,"Independent",0,0,1,"Donald Trump","Donald Trump",1,0,0,0,"$0-$20,000",1,"noHS",1,"White",1,0,56,"man",1,"Arkansas","Pope","0.4768","30.24304863","47049",NA
291058,50.73,50.84,49.27,49.16,5.75,4,3.5,2.75,2,6,4.5,4,4.5,7,0,1,7,6,5,5,4,4,4,2,5,1,5,3,5,3,2,1,1,6,2,3,4,2,2,6,6,3,6,5,3,5,4,1,2,2,2,2,3,"Independent",0,0,1,"I did not vote","Donald Trump",1,0,0,0,"$0-$20,000",1,"GED",2,"White",1,0,29,"woman",0,"Arkansas","Clay","0.4363","9.093629023","41419",NA
775640,80.77,57.63,19.23,42.37,5,1.66666666666667,2.16666666666667,3.25,4,7,6.5,3.5,5.5,6,1,4,5,6,5,4,2,2,1,1,1,1,4,2,4,4,2,1,4,6,4,4,1,4,4,7,7,7,6,3,4,5,6,1,6,4,4,4,5,"Independent",0,0,1,"Donald Trump","Donald Trump",1,0,0,0,"$0-$20,000",1,"GED",2,"White",1,0,65,"woman",0,"Georgia","Miller","0.475","7.978434865","44814",NA
663107,97.21,97.61,2.79,2.39,6.25,1.66666666666667,2,3.875,3,6,4,1.5,4.5,7,1,5,7,7,7,4,2,1,2,1,1,3,3,3,1,4,4,4,4,3,4,4,4,4,2,6,6,4,4,1,2,4,5,1,5,3,4,4,3,"Republican",1,0,0,"Donald Trump","Donald Trump",1,0,0,0,"$0-$20,000",1,"GED",2,"White",1,0,66,"woman",0,"Ohio","Fayette","0.4368","27.21693041","58020",NA
736294,29.12,36.59,70.88,63.41,4,3.66666666666667,4.33333333333333,3.125,3.5,5,5,3,5,4,0,2,4,5,3,4,4,4,3,3,5,2,6,5,5,4,3,3,3,3,3,3,3,4,3,5,5,5,5,3,3,5,5,1,2,4,1,2,4,"Republican",1,0,0,"I did not vote","Donald Trump",1,0,0,0,"$20,001-$40,000",2,"GED",2,"White",1,0,19,"man",1,"Florida","Calhoun","0.475","9.829928189","43210",NA
190833,80.75,80.75,19.25,19.25,5,4,3.66666666666667,4,4,4,4,4,4,6,1,5,4,6,4,6,4,4,4,2,4,4,4,4,4,4,4,4,4,4,4,4,4,4,4,4,4,4,4,4,4,4,4,1,4,4,4,4,4,"Republican",1,0,0,"Donald Trump","Donald Trump",1,0,0,0,"$80,001-$100,000",5,"GED",2,"White",1,0,47,"woman",0,"Oklahoma","Stephens","0.4412","19.51390969","49840",NA
851652,78.2,85.8,21.8,14.2,5.75,2.66666666666667,3.16666666666667,3.875,7,5.5,6.5,4,6,7,1,4,5,6,6,6,3,2,3,3,2,2,6,3,3,6,6,2,1,7,6,2,1,7,7,5,6,7,6,5,3,6,6,1,NA,NA,NA,NA,NA,"Independent",0,0,1,"I did not vote","Donald Trump",1,0,0,0,"$60,001-$80,000",4,"GED",2,"White",1,0,51,"woman",0,"Rhode Island","Providence","0.467","598.297855","66610",NA
240705,56,83.25,44,16.75,6,2.33333333333333,3.16666666666667,1,1.5,6.5,5.5,2.5,5.5,7,1,4,6,6,6,6,3,2,2,2,2,5,3,2,5,1,1,1,1,1,1,1,1,1,2,6,7,5,6,3,2,5,6,1,1,6,3,4,NA,"Democrat",0,1,0,"Joe Biden","Robert F. Kennedy Jr.",0,0,1,0,"$40,001-$60,000",3,"GED",2,"White",1,0,51,"woman",0,"New York","Ulster","0.4665","61.57895417","77427",NA
103311,62.12,70.82,37.88,29.18,6.5,1.66666666666667,3,1.5,2.5,6,5.5,2.5,4,7,0,1,6,7,7,6,2,2,1,3,3,4,1,2,5,2,2,1,2,1,2,1,1,4,1,6,6,5,6,2,3,3,5,1,NA,NA,NA,NA,NA,"Independent",0,0,1,"I did not vote","Robert F. Kennedy Jr.",0,0,1,0,"$20,001-$40,000",2,"GED",2,"White",1,0,45,"man",1,"Tennessee","Overton","0.4947","19.59880477","45793",NA
343987,75.14,74.46,24.86,25.54,5,2.66666666666667,2.66666666666667,3,2,5.5,4,4.5,5.5,5,1,4,5,5,5,5,3,2,3,1,2,3,4,3,3,4,4,2,2,4,3,3,2,2,2,5,6,5,3,6,3,5,6,1,6,1,3,2,3,"Republican",1,0,0,"Donald Trump","Donald Trump",1,0,0,0,"$60,001-$80,000",4,"GED",2,"White",1,0,29,"woman",0,"Alaska","Anchorage Area","0.4274","67.00029188","86152","N/A"
881974,24.26,24.25,75.74,75.75,4,6,6,1.875,4.5,5,5,3,4.5,3,1,4,5,3,5,3,6,6,6,6,6,6,6,6,6,2,1,1,2,3,3,2,1,5,4,4,6,5,5,3,3,6,3,1,5,5,3,5,4,"Republican",1,0,0,"Donald Trump","Other",0,0,0,1,"$140,001-$160,000",8,"GED",2,"White",1,0,46,"woman",0,"Washington","King","0.4723","394.8557332","110351",NA
409993,62.25,68.35,37.75,31.65,6.25,2,2.33333333333333,1.125,2,3.5,6,5,3.5,6,0,1,7,6,5,7,2,2,2,2,2,4,2,2,2,2,1,1,1,1,1,1,1,2,2,2,5,7,5,6,4,4,3,1,NA,5,6,NA,6,"Independent",0,0,1,"I did not vote","Other",0,0,0,1,"$20,001-$40,000",2,"GED",2,"White",1,0,25,"woman",0,"Michigan","Berrien","0.4824","105.2725308","57554",NA
801362,40.31,49.46,59.69,50.54,6.75,1.66666666666667,2.66666666666667,3.125,4,6.5,6,2.5,7,5,1,5,7,7,6,7,2,2,1,1,3,2,6,2,2,6,3,2,2,5,2,2,3,5,3,6,7,6,6,3,2,7,7,1,2,3,1,5,2,"Independent",0,0,1,"Joe Biden","Robert F. Kennedy Jr.",0,0,1,0,"$100,001-$120,000",6,"GED",2,"White",1,0,45,"woman",0,"Tennessee","Marshall","0.4201","33.18345915","64710","Our needs as a country are not being supported by either political party. They are putting us in a debt that can not be repaid."
641983,31.25,33.5,68.75,66.5,5,4,5,1,2,7,7,4,5,6,0,3,7,6,4,3,5,5,2,5,4,6,6,3,6,1,1,1,1,1,1,1,1,3,1,7,7,7,7,6,2,5,5,1,2,5,NA,NA,5,"Independent",0,0,1,"I did not vote","Joe Biden",0,1,0,0,"$20,001-$40,000",2,"GED",2,"White",1,0,55,"woman",0,"Wisconsin","Marathon","0.4287","33.79720586","74050","None...Thank you."
191386,48.14,49.8,51.86,50.2,5,4.33333333333333,4.16666666666667,3.5,2,6,5.5,2.5,5,4,1,5,5,5,5,5,5,3,5,3,5,5,5,3,4,4,3,3,3,5,4,3,3,3,1,6,6,6,5,3,2,6,4,1,5,3,2,4,3,"Independent",0,0,1,"Donald Trump","Donald Trump",1,0,0,0,"$20,001-$40,000",2,"GED",2,"White",1,0,66,"woman",0,"South Carolina","Spartanburg","0.4508","144.4493659","60470",NA
867891,46.75,56.6,53.25,43.4,6.75,2,4.33333333333333,2.125,5,6.5,6.5,1,5,6,1,5,7,7,7,6,2,2,2,5,3,5,5,3,5,5,2,1,2,3,2,1,1,5,5,7,6,6,7,1,1,5,5,1,2,4,3,4,4,"Independent",0,0,1,"Joe Biden","Joe Biden",0,1,0,0,"$60,001-$80,000",4,"GED",2,"White",1,0,60,"woman",0,"Ohio","Franklin","0.4629","924.8617766","66056",NA
258851,64.04,68.47,35.96,31.53,7,1,1.66666666666667,1,3,6.5,6,1.5,4.5,7,1,5,7,7,7,7,1,1,1,3,3,1,1,1,1,1,1,1,1,1,1,1,1,3,3,7,6,5,7,1,2,6,3,1,NA,7,7,NA,7,"Independent",0,0,1,"Joe Biden","Cornel West",0,0,0,0,"$100,001-$120,000",6,"MA",5,"White",1,0,33,"man",1,"Illinois","Cook","0.5052","2134.420727","72063",NA
742556,24.6,10,75.4,90,1.75,7,4,1.75,1,5.5,7,4,1,4,0,1,4,1,1,1,7,7,7,4,4,4,4,4,4,4,1,1,4,1,1,1,1,1,1,4,7,7,7,7,1,1,1,1,2,1,2,1,1,"Independent",0,0,1,"I did not vote","Other",0,0,0,1,"$20,001-$40,000",2,"GED",2,"White",1,1,32,"man",1,"New Jersey","Passaic","0.4645","1046.233338","74016",NA
761877,94.1,96.49,5.9,3.51,6.25,1,1.33333333333333,1,2,4.5,3,4.5,5,7,0,1,7,7,4,7,1,1,1,1,3,1,1,1,1,1,1,1,1,1,1,1,1,2,2,4,5,3,3,5,4,6,4,1,1,1,6,1,1,"Independent",0,0,1,"I did not vote","Other",0,0,0,1,"$0-$20,000",1,"GED",2,"White",1,0,30,"man",1,"Ohio","Holmes","0.42","40.07562584","70027",NA
815187,15.1,15.78,84.9,84.22,3.75,5.33333333333333,5.66666666666667,4.5,4.5,4,4.5,5,3.5,5,1,5,4,3,5,3,5,5,6,6,6,5,6,5,6,5,6,5,2,6,6,3,3,7,2,2,6,6,3,7,3,4,3,1,6,2,5,5,5,"Republican",1,0,0,"I did not vote","Donald Trump",1,0,0,0,"$60,001-$80,000",4,"2yearColl",3,"White",1,0,NA,"man",1,"Virginia","Albemarle","0.4737","56.99600947","91849",NA
683306,41.75,44.5,58.25,55.5,5.5,1.66666666666667,3.66666666666667,5.625,2,5,2.5,5,5,4,1,5,4,7,4,7,2,1,2,1,5,5,5,3,3,6,6,6,6,6,6,5,4,2,2,6,4,2,3,5,5,4,6,1,7,2,1,2,4,"Republican",1,0,0,"Donald Trump","Donald Trump",1,0,0,0,"Over $200,000",11,"4yearColl",4,"White",1,0,28,"woman",0,"Maryland","Calvert","0.3787","164.9551742","117459",NA
810062,77.68,82.96,22.32,17.04,4.75,4,3.16666666666667,1.625,1,5,4.5,5,5,5,0,1,5,5,5,4,4,4,4,3,4,2,4,3,3,3,2,3,1,1,1,1,1,1,1,5,5,4,5,6,4,4,6,1,2,4,NA,NA,NA,"Independent",0,0,1,"I did not vote","Joe Biden",0,1,0,0,"$0-$20,000",1,"4yearColl",4,"Black or African American",0,0,31,"woman",0,"Georgia","Richmond","0.4825","239.8436152","47816",NA
429486,45.55,51.75,54.45,48.25,3.75,6.33333333333333,5.83333333333333,1.875,3,6,6,2,6,2,1,5,6,3,3,3,6,7,6,6,5,6,7,5,6,1,1,7,1,2,1,1,1,3,3,6,6,6,6,2,2,6,6,1,2,6,5,2,5,"Independent",0,0,1,"Joe Biden","Joe Biden",0,1,0,0,"$20,001-$40,000",2,"2yearColl",3,"White",1,0,56,"woman",0,"Ohio","Ashtabula","0.4541","53.96951051","48916",NA
841446,90.11,89.74,9.89,10.26,6,2.33333333333333,2.83333333333333,3.875,5,3.5,5.5,2,3,6,1,5,4,7,6,7,1,1,5,1,1,6,5,2,2,4,4,4,6,1,4,7,1,5,5,3,4,5,6,2,2,4,2,1,4,1,1,4,1,"Republican",1,0,0,"Donald Trump","Donald Trump",1,0,0,0,"$100,001-$120,000",6,"PHD",6,"White",1,0,38,"woman",0,"New York","Monroe","0.4653","437.4604077","66003",NA
458353,63.93,67.71,36.07,32.29,6,3,3,2.375,2,6,5.5,2.5,5.5,6,1,3,6,7,6,5,3,3,3,1,3,5,2,2,5,5,4,2,2,2,1,2,1,2,2,6,6,5,6,2,3,6,5,1,5,3,3,2,4,"Independent",0,0,1,"Joe Biden","Donald Trump",1,0,0,0,"$40,001-$60,000",3,"GED",2,"Asian",0,0,29,"man",1,"New York","Queens","0.4546","8158.437153","72807",NA
681509,53,53.5,47,46.5,6,2.33333333333333,3.66666666666667,3,3,2.5,4,6,3,6,1,5,6,6,6,6,2,2,3,1,5,5,3,3,5,3,3,3,3,3,3,3,3,3,3,3,2,3,5,7,5,3,3,1,5,2,3,7,1,"Republican",1,0,0,"Donald Trump","Donald Trump",1,0,0,0,"$80,001-$100,000",5,"4yearColl",4,"White",1,0,38,"man",1,"Michigan","Macomb","0.4262","699.8635883","67646",NA
517381,18.7,15.91,81.3,84.09,4.25,5.33333333333333,4.16666666666667,4.5,3.5,6.5,6.5,2.5,4,3,1,2,5,5,4,3,5,5,6,3,5,5,6,3,3,5,4,3,6,6,4,5,3,4,3,6,7,7,6,2,3,5,3,1,5,3,3,2,NA,"Republican",1,0,0,"I did not vote","Robert F. Kennedy Jr.",0,0,1,0,"Over $200,000",11,"PHD",6,"White",1,1,37,"woman",0,"Virginia","Prince William","0.3888","525.2628815","116354",NA
128840,33.2,90.1,66.8,9.9,5.5,1.33333333333333,1.66666666666667,1,1.5,6,7,6,2.5,7,1,2,7,7,7,1,1,1,2,1,3,1,1,1,3,1,1,1,1,1,1,1,1,1,2,6,6,7,7,6,6,2,3,1,1,4,5,3,5,"Independent",0,0,1,"Joe Biden","Other",0,0,0,1,"$40,001-$60,000",3,"4yearColl",4,"White",1,0,36,"woman",0,"West Virginia","Marion","0.4255","70.65279753","51252",NA
863189,48.75,53,51.25,47,5.25,4.33333333333333,4,3,4,6,4.5,5,4.5,6,0,1,5,6,6,4,4,4,5,3,2,5,5,4,5,5,1,2,1,4,4,4,3,5,3,6,6,5,4,5,5,5,4,1,3,3,5,3,4,"Independent",0,0,1,"I did not vote","Robert F. Kennedy Jr.",0,0,1,0,"$160,001-$180,000",9,"4yearColl",4,"White",1,0,42,"woman",0,"New Jersey","Essex","0.5483","2430.062385","66191",NA
959191,94.15,95.5,5.85,4.5,6.75,1,2.5,2.375,6,6.5,3,2.5,7,7,1,4,7,7,6,7,1,1,1,2,4,3,2,1,3,4,1,4,1,4,2,2,1,6,6,6,7,3,3,3,2,7,7,1,1,5,7,1,7,"Independent",0,0,1,"Joe Biden","Jill Stein",0,0,0,0,"$120,001-$140,000",7,"MA",5,"White",1,0,29,"woman",0,"Texas","Dallas","0.491","1145.193915","63549",NA
900547,49.44,50.96,50.56,49.04,4.75,5,4.33333333333333,2.5,3.5,6,6.5,3,5.5,5,0,1,6,5,4,4,5,5,5,3,6,5,5,2,5,1,3,1,3,7,2,2,1,5,2,6,6,6,7,4,2,5,6,1,5,3,5,3,5,"Independent",0,0,1,"I did not vote","Other",0,0,0,1,"$60,001-$80,000",4,"2yearColl",3,"White",1,0,46,"man",1,"Texas","Collin","0.4319","433.4078589","102119",NA
624113,95.8,97.01,4.2,2.99,5.25,1.33333333333333,2.66666666666667,2.625,1.5,3.5,4,5.5,3.5,7,0,2,7,7,6,1,1,2,1,2,3,3,3,2,3,2,2,1,3,4,5,2,2,1,2,3,4,4,4,5,6,4,3,1,NA,NA,NA,NA,NA,"Independent",0,0,1,"Third-party candidate","Cornel West",0,0,0,0,"$100,001-$120,000",6,"GED",2,"White",1,0,41,"woman",0,"West Virginia","Berkeley","0.3993","136.4498415","70893",NA
907160,33.96,36.37,66.04,63.63,4.75,4.66666666666667,5,2.25,3,6,4.5,3,4.5,5,1,5,5,6,4,4,3,6,5,3,4,6,6,5,6,2,1,2,3,3,4,1,2,4,2,7,5,6,3,4,2,3,6,1,NA,NA,NA,NA,NA,"Independent",0,0,1,"Joe Biden","Joe Biden",0,1,0,0,"$80,001-$100,000",5,"4yearColl",4,"White",1,0,58,"woman",0,"Florida","Orange","0.4804","565.2007179","64579",NA
872844,24,29,76,71,3.75,5.66666666666667,5.5,2.625,3,7,2,2,6.5,2,1,4,6,3,3,3,5,6,6,5,5,5,6,6,6,2,2,1,2,5,4,3,2,5,1,7,7,2,2,2,2,6,7,1,3,3,2,4,3,"Republican",1,0,0,"I did not vote","Donald Trump",1,0,0,0,"$20,001-$40,000",2,"GED",2,"White",1,0,49,"man",1,"Wisconsin","Waukesha","0.4389","280.1570664","94506",NA
632616,14.5,21.5,85.5,78.5,7,1,1,6.375,3.5,5.5,6.5,1.5,4,7,0,1,7,7,7,7,1,1,1,1,1,1,1,1,1,7,7,7,2,7,7,7,7,5,2,6,5,6,7,1,2,6,2,1,6,1,1,1,1,"Independent",0,0,1,"I did not vote","Other",0,0,0,1,"$40,001-$60,000",3,"GED",2,"multiracial",0,0,41,NA,NA,"New Jersey","Hudson","0.5006","5589.05695","79159",NA
846466,43.54,43.35,56.46,56.65,3.75,3,4,2.5,4.5,5.5,6,2,6,6,1,5,6,3,3,3,3,3,3,2,5,2,6,3,6,2,2,2,2,6,2,2,2,6,3,6,5,6,6,2,2,6,6,1,6,3,5,2,5,"Republican",1,0,0,"Donald Trump","Donald Trump",1,0,0,0,"$40,001-$60,000",3,"4yearColl",4,"Black or African American",0,0,27,"man",1,"California","Los Angeles","0.4969","960.7427779","77356",NA
334333,99,99,1,1,7,1,1,4,1,2.5,3,4,2.5,4,1,4,7,7,7,7,1,1,1,1,1,1,1,1,1,4,4,4,4,4,4,4,4,1,1,4,1,4,2,4,4,1,4,1,1,1,1,1,1,"Independent",0,0,1,"Donald Trump","Donald Trump",1,0,0,0,"$20,001-$40,000",2,"4yearColl",4,"White",1,0,39,"man",1,"Michigan","Chippewa","0.487","9.372935438","48972",NA
662558,42.25,43.53,57.75,56.47,5,2.66666666666667,4.66666666666667,2.5,2.5,5,5,5,5,7,0,2,5,5,5,5,3,2,3,5,3,5,5,4,6,4,2,2,3,2,3,2,2,3,2,5,5,5,5,5,5,5,5,1,3,4,3,5,5,"Independent",0,0,1,"I did not vote","Robert F. Kennedy Jr.",0,0,1,0,"$40,001-$60,000",3,"2yearColl",3,"White",1,0,38,"man",1,"Washington","King","0.4723","394.8557332","110351",NA
976265,30.45,37.63,69.55,62.37,5.75,3,3.66666666666667,6.25,3.5,5.5,5,3.5,4,2,0,1,5,6,6,6,1,2,6,1,4,5,6,2,4,5,7,5,5,7,7,7,7,4,3,5,6,5,5,4,3,5,3,1,1,1,1,3,1,"Independent",0,0,1,"I did not vote","Other",0,0,0,1,"$20,001-$40,000",2,"4yearColl",4,"White",1,0,31,"man",1,"Texas","Williamson","0.3987","181.9645215","96653",NA
559308,53,54,47,46,5.75,1,2.83333333333333,7,1.5,6,7,2,3,3,0,2,3,7,6,7,1,1,1,1,1,6,6,2,1,7,7,7,7,7,7,7,7,2,1,6,6,7,7,3,1,3,3,1,7,1,1,1,1,"Republican",1,0,0,"Donald Trump","Donald Trump",1,0,0,0,"Over $200,000",11,"4yearColl",4,"White",1,0,45,"woman",0,"Ohio","Butler","0.4335","313.0169285","72859",NA
491510,6.92999999999999,99,93.07,1,5.5,1,1,4.25,5,4.5,4,3.5,4.5,7,0,1,7,7,7,1,1,1,1,1,1,1,1,1,1,6,4,4,4,4,4,4,4,5,5,4,5,4,4,4,3,5,4,1,4,4,4,4,4,"Independent",0,0,1,"I did not vote","Donald Trump",1,0,0,0,"$20,001-$40,000",2,"4yearColl",4,"multiracial",0,1,42,"man",1,"California","Los Angeles","0.4969","960.7427779","77356",NA
259570,54.82,56.31,45.18,43.69,4.75,4.66666666666667,4.66666666666667,4,3.5,4,5,4.5,6,5,0,2,6,5,5,3,5,5,4,6,4,2,6,5,5,7,6,2,3,5,4,3,2,6,1,3,5,6,4,7,2,7,5,1,5,5,4,3,3,"Democrat",0,1,0,"Joe Biden","Joe Biden",0,1,0,0,"$100,001-$120,000",6,"4yearColl",4,"White",1,0,32,"man",1,"Texas","Baylor","0.4672","1.598298298","45408",NA
756058,21.05,18.1,78.95,81.9,4,5,5.66666666666667,2.375,7,7,7,1.5,7,6,1,5,5,4,4,3,5,5,5,5,6,6,6,5,6,6,6,1,1,1,1,2,1,7,7,7,7,7,7,2,1,7,7,1,7,1,1,1,1,"Republican",1,0,0,"Donald Trump","Donald Trump",1,0,0,0,"$40,001-$60,000",3,"GED",2,"White",1,0,39,"woman",0,"Florida","Hillsborough","0.4809","521.0066098","65818",NA
299874,79.75,80.5,20.25,19.5,5.75,1.66666666666667,3.16666666666667,3.375,3,5.5,5.5,2.5,5,5,1,5,5,6,6,6,1,1,3,1,1,6,6,2,3,4,3,3,1,4,6,4,2,3,3,6,5,5,6,2,3,5,5,1,4,2,1,4,2,"Independent",0,0,1,"Donald Trump","Donald Trump",1,0,0,0,"$40,001-$60,000",3,"4yearColl",4,"White",1,0,57,"woman",0,"Texas","Harris","0.4968","1042.130651","63539",NA
143498,80.29,80.42,19.71,19.58,5.75,4.33333333333333,4.83333333333333,2.625,2.5,5,5.5,2.5,5.5,3,1,5,6,6,6,5,4,5,4,3,5,5,5,5,6,3,2,3,2,3,3,3,2,3,2,5,5,6,5,3,2,6,5,1,3,4,4,4,6,"Independent",0,0,1,"Joe Biden","Joe Biden",0,1,0,0,"$100,001-$120,000",6,"4yearColl",4,"White",1,0,40,"man",1,"Florida","Palm Beach","0.5199","284.088504","70024",NA
978439,71.85,73.61,28.15,26.39,3.75,5,5,1.75,1.5,4,7,1.5,7,1,1,5,3,4,4,4,5,5,5,5,5,5,5,5,5,1,1,1,7,1,1,1,1,1,2,7,1,7,7,1,2,7,7,1,1,1,2,1,6,"Independent",0,0,1,"Joe Biden","Joe Biden",0,1,0,0,"$60,001-$80,000",4,"4yearColl",4,"White",1,0,35,"woman",0,"Florida","Pasco","0.4538","264.0275519","59555",NA
704476,59.32,66.7,40.68,33.3,5.5,2,1.83333333333333,1.375,2,6,6.5,1.5,6,5,1,5,5,5,5,7,2,2,2,3,3,2,1,1,1,2,1,1,2,2,1,1,1,2,2,6,6,7,6,2,1,6,6,1,2,2,7,2,5,"Independent",0,0,1,"I did not vote","Joe Biden",0,1,0,0,"$160,001-$180,000",9,"GED",2,"Black or African American",0,0,43,"man",1,"Florida","Broward","0.4889","612.6877168","65536",NA
159617,26.65,32.75,73.35,67.25,3.75,4,3.83333333333333,2,1.5,6,3.5,4,4.5,2,1,5,5,3,3,4,3,4,5,2,5,2,5,3,6,2,1,2,3,3,2,1,2,2,1,5,7,4,3,5,3,6,3,1,2,7,5,3,5,"Democrat",0,1,0,"Joe Biden","Joe Biden",0,1,0,0,"$40,001-$60,000",3,"MA",5,"White",1,0,31,"man",1,"Florida","St. Lucie","0.4432","206.3889596","62378",NA
197462,72.47,72.5,27.53,27.5,5.75,2,2.16666666666667,1.25,2,5.5,5.5,4,5.5,7,0,2,6,5,6,6,2,2,2,2,5,1,1,1,3,1,1,2,1,2,1,1,1,2,2,5,6,6,5,5,3,5,6,1,1,2,6,1,NA,"Independent",0,0,1,"I did not vote","Other",0,0,0,1,"$0-$20,000",1,"GED",2,"Other (please specify)",0,0,25,"woman",0,"Connecticut","Hartford","0.4717","470.033815","79958",NA
634999,19.57,18.76,80.43,81.24,4.25,4,4.33333333333333,3.125,3.5,6,6,3,6,5,1,3,5,4,5,3,4,4,4,5,5,3,4,4,5,4,4,3,2,4,3,3,2,6,1,6,6,6,6,4,2,6,6,1,6,1,2,2,5,"Republican",1,0,0,"I did not vote","Joe Biden",0,1,0,0,"$140,001-$160,000",8,"4yearColl",4,"White",1,0,23,"man",1,"Minnesota","Dakota","0.4114","287.0862611","93850","No comments"
467501,41.9,44.75,58.1,55.25,6,4.66666666666667,5.16666666666667,3.125,4,6,5.5,3,6,7,1,5,6,5,7,6,5,5,4,6,3,6,7,5,4,4,4,2,2,3,4,3,3,6,2,6,6,6,5,4,2,7,5,1,5,5,1,NA,3,"Republican",1,0,0,"Donald Trump","Donald Trump",1,0,0,0,"$120,001-$140,000",7,"4yearColl",4,"White",1,0,30,"woman",0,"New Jersey","Middlesex","0.4304","1032.248366","98992",NA
631942,30.3,31.61,69.7,68.39,6,3.33333333333333,3.5,2.5,3.5,6,6.5,4.5,5,5,0,1,6,6,6,6,2,3,5,2,4,4,4,4,3,4,1,2,3,4,3,2,1,4,3,6,6,7,6,6,3,6,4,1,3,3,NA,7,5,"Independent",0,0,1,"I did not vote","Other",0,0,0,1,"$40,001-$60,000",3,"4yearColl",4,"White",1,0,35,"woman",0,"Florida","Broward","0.4889","612.6877168","65536",NA
616598,10.93,13.45,89.07,86.55,4,6,4.33333333333333,1,5.5,7,7,4.5,6.5,6,1,3,5,5,3,3,6,6,6,3,6,2,6,3,6,1,1,1,1,1,1,1,1,6,5,7,7,7,7,7,2,6,7,1,4,6,4,NA,6,"Republican",1,0,0,"Donald Trump","Donald Trump",1,0,0,0,"$60,001-$80,000",4,"4yearColl",4,"Black or African American",0,0,26,"woman",0,"Illinois","Brown","0.3952","8.431176356","51294",NA
669436,37.25,38.5,62.75,61.5,4.25,3,3.66666666666667,4.125,4.5,6,5.5,4.5,4.5,5,1,5,4,4,5,4,3,3,3,2,5,5,5,2,3,5,4,3,3,5,4,5,4,4,5,6,6,5,6,3,6,5,4,1,6,2,2,NA,4,"Republican",1,0,0,"Donald Trump","Robert F. Kennedy Jr.",0,0,1,0,"$140,001-$160,000",8,"4yearColl",4,"White",1,0,31,"woman",0,"Ohio","Summit","0.4792","506.7518997","63191",NA
641390,53.68,56.72,46.32,43.28,6,2.33333333333333,3.66666666666667,1,1,7,7,1,7,4,1,5,4,7,7,6,2,3,2,2,4,3,6,2,5,1,1,1,1,1,1,1,1,1,1,7,7,7,7,1,1,7,7,1,1,2,1,3,2,"Independent",0,0,1,"Joe Biden","Joe Biden",0,1,0,0,NA,NA,"GED",2,"multiracial",0,0,46,"woman",0,"Florida","Leon","0.4968","166.8139264","57246",NA
509325,89.14,89.38,10.86,10.62,4.75,3,1.83333333333333,1.875,4,5.5,5,3,5,5,1,4,6,5,5,3,2,3,4,1,2,1,1,2,4,2,1,2,1,2,2,3,2,6,2,5,6,5,5,3,3,5,5,1,3,5,5,4,4,"Independent",0,0,1,"Joe Biden","Jill Stein",0,0,0,0,"$20,001-$40,000",2,"4yearColl",4,"White",1,0,26,"man",1,"Maine","Penobscot","0.4531","17.24666118","56261",NA
519296,55.5,59.22,44.5,40.78,4.25,5,4.5,1,5.5,5,5.5,4.5,7,5,1,5,7,3,2,5,6,5,4,4,6,4,4,3,6,1,1,1,1,1,1,1,1,5,6,5,5,6,5,6,3,7,7,1,1,6,6,2,7,"Democrat",0,1,0,"Joe Biden","Joe Biden",0,1,0,0,"$40,001-$60,000",3,"4yearColl",4,"White",1,0,42,"woman",0,"Maryland","Talbot","0.4983","53.49765439","78931",NA
308139,67.09,61.48,32.91,38.52,4.75,2.33333333333333,2.83333333333333,5,2,5,7,1,6,1,1,5,6,5,5,3,1,1,5,1,1,6,7,1,1,5,7,4,7,7,3,4,3,2,2,7,3,7,7,1,1,5,7,1,2,6,1,3,1,"Independent",0,0,1,"Donald Trump","Donald Trump",1,0,0,0,"$60,001-$80,000",4,"GED",2,"White",1,0,38,"man",1,"Missouri","St. Louis","0.4968","759.9012477","72507",NA
284811,53.11,54.44,46.89,45.56,5,2,3.5,4.75,2.5,6,6.5,1.5,5,5,1,5,4,6,5,5,2,2,2,1,4,6,5,3,2,6,6,3,4,6,6,3,4,2,3,7,5,6,7,1,2,5,5,1,5,2,2,3,3,"Republican",1,0,0,"Donald Trump","Donald Trump",1,0,0,0,"$140,001-$160,000",8,"4yearColl",4,"White",1,0,59,"woman",0,"Massachusetts","Middlesex","0.4697","753.0895333","112345",NA
390869,72.9,78.47,27.1,21.53,5,2,2.5,3.375,1,4.5,4.5,3,4,4,1,2,6,6,4,4,2,2,2,1,1,5,5,1,2,6,4,6,1,1,4,4,1,1,1,3,6,6,3,4,2,6,2,1,6,5,NA,3,3,"Republican",1,0,0,"Donald Trump","Donald Trump",1,0,0,0,"$80,001-$100,000",5,"4yearColl",4,"Asian",0,0,27,"man",1,"California","San Joaquin","0.4463","203.0389818","79598",NA
497882,57.23,60.24,42.77,39.76,1.25,6,5.16666666666667,7,7,7,7,1,5.5,3,1,5,1,1,1,2,6,6,6,7,2,6,4,7,5,7,7,7,7,7,7,7,7,7,7,7,7,7,7,1,1,7,4,1,7,1,1,NA,1,"Republican",1,0,0,"Donald Trump","Donald Trump",1,0,0,0,"$80,001-$100,000",5,"4yearColl",4,NA,NA,1,28,"woman",0,"Florida","Hillsborough","0.4809","521.0066098","65818",NA
149553,33.4,33.4,66.6,66.6,5.25,3.33333333333333,3.83333333333333,4.375,4,5.5,6,2,5.5,3,1,3,4,5,6,6,3,2,5,1,3,6,6,4,3,4,3,5,5,6,5,4,3,3,5,6,5,5,7,2,2,5,6,1,7,1,1,3,1,"Independent",0,0,1,"Donald Trump","Donald Trump",1,0,0,0,"$40,001-$60,000",3,"2yearColl",3,"White",1,0,58,"man",1,"Arkansas","Saline","0.4063","62.97248504","68107",NA
423478,89.5,90.66,10.5,9.34,6.75,1,1.33333333333333,5.75,1.5,5.5,4,3.5,5,5,1,4,7,6,7,7,1,1,1,1,1,2,2,1,1,6,5,3,6,7,7,6,6,2,1,6,5,5,3,2,5,5,5,1,6,1,1,2,2,"Republican",1,0,0,"Donald Trump","Donald Trump",1,0,0,0,NA,NA,"MA",5,"Native Hawaiian or Other Pacific Islander",0,0,57,"man",1,"California","San Diego","0.4615","302.9941503","90756",NA
214419,74.57,79.6,25.43,20.4,6.25,2,3.16666666666667,2.875,5,6.5,6.5,3,6,7,1,5,6,7,6,6,2,2,2,1,4,4,4,3,3,3,4,2,2,3,4,3,2,6,4,7,6,6,7,3,3,5,7,1,NA,NA,NA,NA,NA,"Republican",1,0,0,"Donald Trump","Donald Trump",1,0,0,0,"$20,001-$40,000",2,"2yearColl",3,"White",1,0,58,"woman",0,"Virginia","Henry","0.4387","52.09423569","45784",NA
274428,38.77,23.44,61.23,76.56,4.5,5,4.16666666666667,3.25,3.5,3.5,6,2,5,6,1,3,3,5,5,5,5,5,5,2,2,6,6,3,6,4,3,4,2,6,2,4,1,5,2,2,5,6,6,2,2,5,5,1,6,1,1,1,2,"Republican",1,0,0,"I did not vote","Donald Trump",1,0,0,0,"$40,001-$60,000",3,"PHD",6,"White",1,0,26,"man",1,"Massachusetts","Hampden","0.4748","293.5650603","61818",NA
936682,32,29.5,68,70.5,5.25,4.33333333333333,4.5,3,2,5,4.5,3,4.5,4,1,2,6,5,5,5,3,5,5,2,5,6,6,2,6,3,3,3,2,4,3,3,3,2,2,5,5,5,4,3,3,4,5,1,5,3,5,5,4,"Independent",0,0,1,"I did not vote","Other",0,0,0,1,"$20,001-$40,000",2,"GED",2,"White",1,0,39,"man",1,"Michigan","Oakland","0.4668","556.7798567","86597",NA
279814,60.36,73.12,39.64,26.88,5,5,5.33333333333333,3.5,4,4,5,2.5,4,6,1,4,7,6,5,2,5,5,5,6,6,3,6,6,5,5,5,3,2,5,2,3,3,5,3,3,5,5,5,2,3,5,3,1,3,5,4,4,3,"Democrat",0,1,0,"Joe Biden","Cornel West",0,0,0,0,"$20,001-$40,000",2,"4yearColl",4,"Black or African American",0,0,29,"man",1,"North Carolina","Mecklenburg","0.4901","777.490679","75138",NA
807011,30.82,26.21,69.18,73.79,5,2,4.83333333333333,6.625,4,2.5,6,5,4,2,0,1,2,6,6,6,2,2,2,2,6,4,6,6,5,7,6,7,6,7,7,7,6,2,6,3,2,7,5,6,4,1,7,1,1,1,NA,1,NA,"Independent",0,0,1,"Donald Trump","Donald Trump",1,0,0,0,"$180,001-$200,000",10,"4yearColl",4,"White",1,0,51,"woman",0,"Pennsylvania","Chester","0.4531","266.0474171","109616",NA
761990,49.13,50.09,50.87,49.91,5.25,4.33333333333333,3.83333333333333,2.25,4.5,6.5,6,3.5,6.5,3,1,5,4,6,7,4,4,4,5,1,4,5,5,2,6,4,3,2,2,2,2,2,1,5,4,6,7,6,6,3,4,7,6,1,6,3,1,6,2,"Independent",0,0,1,"Third-party candidate","Joe Biden",0,1,0,0,"$100,001-$120,000",6,"4yearColl",4,"White",1,0,36,"man",1,"New Jersey","Morris","0.4538","414.4534852","122525",NA
946115,65.8,67.6,34.2,32.4,5.5,2,3.16666666666667,5.25,5,6.5,6,5,5,7,1,5,7,5,3,7,2,2,2,1,5,5,5,1,2,6,5,4,5,5,6,5,6,5,5,6,7,5,7,5,5,5,5,1,6,2,3,2,3,"Republican",1,0,0,"Donald Trump","Donald Trump",1,0,0,0,"$0-$20,000",1,"2yearColl",3,"White",1,0,47,"woman",0,"Louisana","Jefferson",NA,NA,NA,NA
573651,42.89,39.88,57.11,60.12,4,4,4,4,2.5,6.5,6,1,5.5,4,1,4,4,4,4,4,4,4,4,4,4,4,4,4,4,4,4,4,4,4,4,4,4,4,1,6,7,6,6,1,1,7,4,1,NA,NA,NA,NA,NA,"Democrat",0,1,0,"Donald Trump","Donald Trump",1,0,0,0,"$60,001-$80,000",4,"4yearColl",4,"White",1,0,23,"man",1,"Texas","Houston","0.4952","7.199788203","45603",NA
848240,60.29,87.13,39.71,12.87,5.25,2.33333333333333,3,3.125,1.5,5,5.5,5.5,5,6,1,4,6,5,5,5,3,2,2,3,3,3,3,3,3,4,3,3,3,3,3,3,3,2,1,5,5,5,6,6,5,4,6,1,2,2,3,3,3,"Independent",0,0,1,"Joe Biden","Joe Biden",0,1,0,0,"$100,001-$120,000",6,"2yearColl",3,"White",1,0,36,"woman",0,"Ohio","Hancock","0.4466","55.00347628","65866","Thank you!"
210350,34.66,37.26,65.34,62.74,4.5,3,3.5,1.375,2,4.5,3,4.5,6.5,7,1,5,6,3,5,4,3,3,3,3,4,2,4,4,4,1,1,1,1,2,1,2,2,2,2,5,4,3,3,5,4,6,7,1,1,5,7,3,6,"Independent",0,0,1,"Joe Biden","Joe Biden",0,1,0,0,"$40,001-$60,000",3,"4yearColl",4,"White",1,0,25,"man",1,"North Carolina","Mecklenburg","0.4901","777.490679","75138",NA
207008,37.4,38.1,62.6,61.9,4.25,4.66666666666667,4.33333333333333,3.375,4.5,5.5,5.5,2.5,5,5,1,5,5,4,5,3,3,5,6,3,3,4,6,5,5,5,4,2,4,2,2,5,3,5,4,5,6,6,5,3,2,5,5,1,5,2,3,5,1,"Independent",0,0,1,"Donald Trump","Donald Trump",1,0,0,0,"$80,001-$100,000",5,"4yearColl",4,"White",1,0,45,"man",1,"Michigan","Oakland","0.4668","556.7798567","86597",NA
223560,37.54,38.9,62.46,61.1,2.5,6,6,2.75,4,6.5,6.5,1.5,6.5,5,1,5,3,3,2,2,6,6,6,6,7,6,6,5,6,3,5,2,1,4,4,2,1,6,2,7,6,6,7,1,2,6,7,1,5,4,4,4,5,"Republican",1,0,0,"Donald Trump","Donald Trump",1,0,0,0,"$100,001-$120,000",6,"4yearColl",4,"White",1,0,34,"man",1,"New York","Kings","0.5286","14475.02544","66943",NA
947445,43.48,71.76,56.52,28.24,6.25,1.33333333333333,1.33333333333333,3.125,4,4.5,5.5,3,6,5,0,3,7,6,6,6,1,1,2,1,1,2,1,2,1,4,3,3,3,3,3,3,3,3,5,6,3,6,5,3,3,6,6,1,2,2,1,3,2,"Independent",0,0,1,"I did not vote","Joe Biden",0,1,0,0,"$120,001-$140,000",7,"4yearColl",4,"White",1,0,35,"man",1,"Illinois","Lake","0.4798","611.9473932","95895",NA
520782,35.52,35.81,64.48,64.19,2.75,5.33333333333333,5.66666666666667,1.25,4,6.5,6.5,1,6,2,1,4,3,3,2,3,5,5,6,5,6,5,6,6,6,3,1,1,1,1,1,1,1,6,2,6,7,6,7,1,1,6,6,1,6,2,6,2,6,"Democrat",0,1,0,"Joe Biden","Joe Biden",0,1,0,0,"$40,001-$60,000",3,"4yearColl",4,"Black or African American",0,0,26,"woman",0,"South Carolina","Lancaster","0.4609","62.96831369","68993",NA
947399,30,34.5,70,65.5,4.25,6,6,1.5,4,5.5,6.5,2.5,5.5,5,0,2,5,5,4,3,6,6,6,5,6,5,7,6,7,2,4,1,1,1,1,1,1,6,2,5,6,6,7,3,2,6,5,1,3,6,NA,6,NA,"Republican",1,0,0,"I did not vote","Donald Trump",1,0,0,0,"$60,001-$80,000",4,"4yearColl",4,"White",1,0,24,"man",1,"Pennsylvania","Philadelphia","0.5178","4531.771822","52882","No"
232974,32.65,30,67.35,70,3.25,5.33333333333333,6,4.625,3.5,5.5,6,2,5.5,5,1,4,5,3,2,3,5,5,6,6,6,5,7,6,6,6,5,5,3,6,6,3,3,5,2,6,5,6,6,2,2,5,6,1,6,3,3,3,6,"Republican",1,0,0,"Donald Trump","Donald Trump",1,0,0,0,"$80,001-$100,000",5,"4yearColl",4,"White",1,0,23,"man",1,"Washington","King","0.4723","394.8557332","110351",NA
288250,90.87,93.12,9.13,6.88,6.5,2.33333333333333,2.5,2.625,4,4.5,5.5,2.5,6.5,7,1,5,6,6,7,7,2,4,1,1,2,1,5,3,3,1,2,1,3,4,4,3,3,6,2,6,3,6,5,1,4,6,7,1,6,1,3,1,5,"Republican",1,0,0,"Donald Trump","Donald Trump",1,0,0,0,"$80,001-$100,000",5,"2yearColl",3,"White",1,0,NA,"woman",0,"Pennsylvania","Bradford","0.4313","20.6285945","55199",NA
608646,27.82,24.18,72.18,75.82,5,6,5.83333333333333,2.875,5,5,6,2,6,4,1,4,5,6,6,3,6,6,6,6,6,6,7,5,5,4,5,2,4,4,1,2,1,5,5,5,5,6,6,2,2,6,6,1,NA,NA,NA,NA,NA,"Independent",0,0,1,"Donald Trump","Donald Trump",1,0,0,0,"$100,001-$120,000",6,"MA",5,"White",1,0,34,"man",1,"Maryland","Baltimore","0.4551","534.0413784","80159",NA
291663,27.91,36.82,72.09,63.18,6,4,3.66666666666667,1.875,3,5,5.5,3,4,4,0,2,7,5,6,6,4,4,4,1,4,2,5,6,4,1,3,1,1,2,2,4,1,3,3,5,5,6,5,3,3,4,4,1,1,5,5,2,4,"Independent",0,0,1,"I did not vote","Joe Biden",0,1,0,0,"$20,001-$40,000",2,"GED",2,"White",1,0,39,"man",1,"New Jersey","Cumberland","0.5004","122.5339021","58030",NA
412082,19.31,18.56,80.69,81.44,3.75,5.66666666666667,5,1,6,6,7,4.5,7,5,1,4,6,4,3,2,6,5,6,3,7,2,7,4,7,1,1,1,1,1,1,1,1,6,6,5,7,7,7,5,4,7,7,1,5,6,5,5,6,"Republican",1,0,0,"Joe Biden","Joe Biden",0,1,0,0,"$60,001-$80,000",4,"4yearColl",4,"Black or African American",0,0,26,"woman",0,"New York","New York","0.5968","27819.8048","84371",NA
875369,25.4,23.75,74.6,76.25,3.5,4,6.33333333333333,4,4.5,7,6.5,2,5.5,5,1,5,5,3,4,2,4,4,4,5,7,6,7,6,7,7,4,2,2,6,4,4,3,7,2,7,7,7,6,2,2,6,5,1,6,2,4,2,5,"Republican",1,0,0,"Donald Trump","Donald Trump",1,0,0,0,"$60,001-$80,000",4,"4yearColl",4,"White",1,0,25,"woman",0,"New York","New York","0.5968","27819.8048","84371",NA
497605,14.88,14.99,85.12,85.01,2,6,6,2,4,6,6,2,6,2,1,4,2,2,2,2,6,6,6,6,6,6,6,6,6,2,2,2,2,2,2,2,2,2,6,6,6,6,6,2,2,6,6,1,5,4,4,4,4,"Republican",1,0,0,"Donald Trump","Donald Trump",1,0,0,0,"$20,001-$40,000",2,"4yearColl",4,"White",1,0,40,"man",1,"New York","Chemung","0.4553","81.26735421","59155",NA
117321,32.8,29.21,67.2,70.79,1.25,7,6.5,4.125,6.5,7,7,1,7,3,1,5,1,1,1,2,7,7,7,5,6,7,7,7,7,7,6,5,2,5,5,2,1,7,6,7,7,7,7,1,1,7,7,1,7,NA,NA,4,NA,"Republican",1,0,0,"Donald Trump","Donald Trump",1,0,0,0,"$60,001-$80,000",4,"4yearColl",4,"Black or African American",0,0,26,"man",1,"New York","Kings","0.5286","14475.02544","66943",NA
783106,51.75,69.25,48.25,30.75,6,2,2,2,4.5,6,6.5,1.5,6.5,7,1,5,7,6,4,7,2,2,2,1,4,3,2,1,1,2,1,1,2,3,3,3,1,4,5,6,6,6,7,1,2,6,7,1,1,4,4,2,4,"Independent",0,0,1,"Joe Biden","Joe Biden",0,1,0,0,"$0-$20,000",1,"GED",2,"White",1,0,37,"man",1,"Colorado","Jefferson","0.4268","288.1670164","94401",NA
892341,59.55,63.54,40.45,36.46,5,3.33333333333333,4.83333333333333,3.625,2,4,5,2,5.5,5,1,5,5,6,5,4,2,5,3,4,3,6,6,5,5,4,5,2,3,4,4,4,3,2,2,6,2,5,5,2,2,5,6,1,3,6,5,3,7,"Democrat",0,1,0,"Joe Biden","Joe Biden",0,1,0,0,"$20,001-$40,000",2,"GED",2,"White",1,0,NA,"woman",0,"Georgia","Cobb","0.4485","846.6897774","87532",NA
631069,85.86,85.1,14.14,14.9,4.5,2.33333333333333,4.33333333333333,3.125,5,4.5,5,4,5.5,3,1,5,7,6,3,2,1,3,3,5,6,5,4,1,5,3,3,5,3,3,3,3,2,5,5,3,6,5,5,5,3,5,6,1,4,5,5,5,4,"Republican",1,0,0,"Joe Biden","Joe Biden",0,1,0,0,"$120,001-$140,000",7,"MA",5,"White",1,0,41,"woman",0,"Florida","Polk","0.4533","143.6573523","56344",NA
736205,67.51,72.17,32.49,27.83,3.25,3,2.5,4.125,4,4,4.5,5.5,4,5,1,3,3,3,4,3,3,2,4,2,4,4,3,1,1,4,5,3,3,6,4,4,4,4,4,4,4,5,4,6,5,4,4,1,2,6,6,5,6,"Democrat",0,1,0,"I did not vote","Joe Biden",0,1,0,0,"$80,001-$100,000",5,"GED",2,"White",1,0,32,"man",1,"New Jersey","Middlesex","0.4304","1032.248366","98992",NA
814394,30.08,33.48,69.92,66.52,6.25,3.66666666666667,3.66666666666667,1,2,5,7,1.5,5.5,6,1,5,7,6,6,6,4,4,3,2,5,3,7,3,2,1,1,1,1,1,1,1,1,2,2,4,6,7,7,2,1,6,5,1,5,3,2,3,3,"Republican",1,0,0,"Donald Trump","Donald Trump",1,0,0,0,"$40,001-$60,000",3,"GED",2,"White",1,0,40,"man",1,"Georgia","Rockdale","0.4231","264.7460085","65746",NA
631738,65.3,96,34.7,4,7,1,1.33333333333333,2.25,6,6,3,6.5,6.5,7,0,1,7,7,7,7,1,1,1,2,2,1,1,1,1,2,1,2,1,5,3,2,2,6,6,5,7,3,3,7,6,6,7,1,1,2,3,3,3,"Independent",0,0,1,"I did not vote","Other",0,0,0,1,"$20,001-$40,000",2,"GED",2,"White",1,0,29,NA,NA,"Illinois","Cook","0.5052","2134.420727","72063",NA
618294,44.45,52.48,55.55,47.52,6,3.66666666666667,4.83333333333333,1.5,1.5,5,5.5,3.5,5.5,6,1,5,7,7,7,3,3,5,3,5,5,3,5,5,6,1,1,2,1,2,1,2,2,2,1,4,6,6,5,5,2,6,5,1,1,6,5,2,6,"Democrat",0,1,0,"Joe Biden","Joe Biden",0,1,0,0,"$140,001-$160,000",8,"4yearColl",4,"Asian",0,0,28,"woman",0,"Massachusetts","Middlesex","0.4697","753.0895333","112345",NA
288413,56.1,57.3,43.9,42.7,6.75,2.33333333333333,3,4.5,2,4,6,4,5,7,1,5,7,7,6,7,1,1,5,1,3,6,5,1,2,5,5,3,1,1,7,7,7,3,1,3,5,6,6,5,3,7,3,1,7,1,1,5,1,"Republican",1,0,0,"Donald Trump","Donald Trump",1,0,0,0,"Over $200,000",11,"MA",5,"White",1,0,38,"man",1,"New York","Queens","0.4546","8158.437153","72807",NA
153326,64.22,57.25,35.78,42.75,4.75,5.66666666666667,5,4,1.5,5.5,6.5,1.5,6,3,1,5,6,4,6,3,5,6,6,2,4,7,7,5,5,6,4,3,4,3,4,4,4,2,1,6,5,6,7,1,2,6,6,1,NA,NA,NA,NA,NA,"Republican",1,0,0,"Joe Biden","Joe Biden",0,1,0,0,"$140,001-$160,000",8,"GED",2,"White",1,0,68,"man",1,"New Jersey","Bergen","0.4761","1542.514631","104777",NA
745643,54.4,56.95,45.6,43.05,4.25,3.33333333333333,4.83333333333333,1,4,6.5,7,2,6.5,7,1,5,5,4,4,4,4,3,3,3,6,2,6,6,6,1,1,1,1,1,1,1,1,5,3,7,6,7,7,2,2,6,7,1,4,4,4,4,4,"Republican",1,0,0,"Joe Biden","Donald Trump",1,0,0,0,"$80,001-$100,000",5,"MA",5,"White",1,0,51,"woman",0,"Michigan","Washtenaw","0.4842","200.1470343","77359",NA
463932,24.95,27.61,75.05,72.39,4.75,4.33333333333333,3.66666666666667,4.25,3.5,5,4.5,3,4,4,1,5,4,5,5,5,5,3,5,2,4,6,5,2,3,5,5,4,4,5,4,3,4,4,3,5,5,5,4,3,3,4,4,1,5,2,1,2,3,"Republican",1,0,0,"Donald Trump","Donald Trump",1,0,0,0,"$40,001-$60,000",3,"4yearColl",4,"White",1,0,33,"woman",0,"Wisconsin","Rock","0.4026","86.97423732","66383",NA
393085,34.25,42.28,65.75,57.72,5.5,4.33333333333333,3.66666666666667,3,5.5,5,4.5,2.5,6,5,1,5,7,6,6,3,3,5,5,4,3,3,5,2,5,3,2,2,3,3,5,3,3,6,5,5,5,6,3,2,3,7,5,1,6,5,2,4,4,"Republican",1,0,0,"Donald Trump","Other",0,0,0,1,"$80,001-$100,000",5,"4yearColl",4,"White",1,0,40,"woman",0,"Florida","Hillsborough","0.4809","521.0066098","65818","Thabk you for having a sliding scale as when as an option to type in a number. Sometimes it is difficult to get the sliding scale on the intended number."
996783,65,88.5,35,11.5,5.75,1.66666666666667,2.16666666666667,1.625,1,5.5,5,2.5,5,7,0,2,7,6,4,6,2,2,1,2,2,1,3,2,3,1,1,1,1,6,1,1,1,1,1,6,5,5,5,2,3,5,5,1,1,5,5,1,5,"Independent",0,0,1,"Joe Biden","Cornel West",0,0,0,0,"$20,001-$40,000",2,"4yearColl",4,"Black or African American",0,0,49,"woman",0,"Colorado","Arapahoe","0.455","308.0717154","84308",NA
878667,33.55,34.4,66.45,65.6,4.25,4.33333333333333,4.66666666666667,3.125,3,6,5,2.5,4.5,4,1,3,4,5,4,4,4,4,5,3,4,5,6,4,6,4,6,2,2,5,2,2,2,4,2,6,6,5,5,3,2,5,4,1,6,2,5,4,4,"Democrat",0,1,0,"I did not vote","Joe Biden",0,1,0,0,"$60,001-$80,000",4,"GED",2,"White",1,0,23,"man",1,"Florida","Miami-Dade","0.5134","552.1870708","58905",NA
835921,31.75,36.2,68.25,63.8,4.25,5.66666666666667,6,2.875,4,5.5,5.5,3.5,5.5,4,1,3,5,4,4,4,6,6,5,6,6,6,6,6,6,4,4,4,2,2,3,2,2,5,3,5,6,6,5,4,3,6,5,1,4,6,4,4,4,"Republican",1,0,0,"Donald Trump","Donald Trump",1,0,0,0,"$40,001-$60,000",3,"4yearColl",4,"White",1,0,23,"man",1,"New York","New York","0.5968","27819.8048","84371",NA
117839,40,41.75,60,58.25,3.5,4,5.66666666666667,1.125,1.5,6.5,7,1,4.5,1,1,4,4,5,2,3,6,3,3,5,6,5,6,6,6,1,1,1,1,2,1,1,1,2,1,6,7,7,7,1,1,6,3,1,2,4,2,2,3,"Independent",0,0,1,"I did not vote","Joe Biden",0,1,0,0,"$140,001-$160,000",8,"MA",5,"White",1,0,33,"man",1,"Florida","Collier","0.5264","70.38522842","75799",NA
729787,70,77.2,30,22.8,7,1,3.16666666666667,2.375,4,6,6,1.5,5.5,7,1,3,7,7,7,7,1,1,1,4,4,4,4,2,1,2,3,1,2,4,4,2,1,6,2,6,6,6,6,2,1,7,4,1,3,4,4,4,NA,"Independent",0,0,1,"Joe Biden","Joe Biden",0,1,0,0,"$40,001-$60,000",3,"GED",2,NA,NA,1,34,"man",1,"Illinois","Cook","0.5052","2134.420727","72063",NA
585000,67.76,72.82,32.24,27.18,4.75,5.66666666666667,4.33333333333333,3.75,5.5,5,3.5,3,4,6,1,4,6,4,4,5,6,5,6,4,5,3,6,4,4,6,4,3,2,3,6,2,4,6,5,3,7,5,2,4,2,4,4,1,3,2,6,2,2,"Democrat",0,1,0,"Joe Biden","Donald Trump",1,0,0,0,"$40,001-$60,000",3,"4yearColl",4,"White",1,0,28,"man",1,"Connecticut","New Haven","0.4728","548.8569872","75094",NA
194884,24.75,96.03,75.25,3.97,5.75,2,2.66666666666667,1,4,6.5,6.5,7,4.5,7,1,5,6,6,5,6,2,2,2,2,4,1,3,4,2,1,1,1,1,1,1,1,1,4,4,6,7,6,7,7,7,5,4,1,1,4,7,3,7,"Independent",0,0,1,"Joe Biden","Joe Biden",0,1,0,0,"$20,001-$40,000",2,"4yearColl",4,"White",1,0,36,"woman",0,"Ohio",NA,NA,NA,NA,"That's not at all to say I love Biden. But Trump is unacceptable in literally every way."
424054,49.4,48.4,50.6,51.6,3.75,4,3.33333333333333,4.25,4,4,4.5,4,4.5,3,1,2,4,3,3,5,3,4,5,3,3,2,5,4,3,4,5,4,5,4,3,3,6,4,4,5,3,5,4,5,3,4,5,1,5,3,3,4,3,"Republican",1,0,0,"Donald Trump","Donald Trump",1,0,0,0,"$60,001-$80,000",4,"4yearColl",4,"White",1,0,25,"man",1,"Georgia","Cobb","0.4485","846.6897774","87532",NA
529555,87.86,92.04,12.14,7.96,6.5,1.33333333333333,3.16666666666667,1.125,3,4,3.5,2.5,6,7,0,1,6,7,7,6,1,2,1,2,3,1,2,5,6,1,1,1,1,1,1,2,1,3,3,2,6,5,2,2,3,6,6,1,NA,NA,5,NA,NA,"Independent",0,0,1,"I did not vote","Other",0,0,0,1,"$0-$20,000",1,"GED",2,"White",1,0,34,"man",1,"Washington","Thurston","0.4062","146.7926993","81544",NA
526269,3.87,3.99999999999999,96.13,96,5.5,3.66666666666667,3.83333333333333,3.875,2.5,5.5,7,3.5,7,6,0,2,7,5,7,3,3,3,5,3,5,3,4,5,3,5,5,1,3,6,4,4,3,3,2,5,6,7,7,4,3,7,7,1,NA,NA,NA,NA,NA,"Independent",0,0,1,"Donald Trump","Other",0,0,0,1,"$80,001-$100,000",5,"GED",2,"White",1,0,40,"man",1,"Florida","St. Johns","0.4575","151.366953","94662",NA
477281,34.92,44.86,65.08,55.14,5,3.66666666666667,2.66666666666667,2,4,5.5,4,4,6,5,1,5,7,3,6,4,3,3,5,2,3,4,4,2,1,1,1,4,2,4,1,2,1,4,4,5,6,5,3,5,3,6,6,1,1,3,3,2,3,"Independent",0,0,1,"Joe Biden","Joe Biden",0,1,0,0,"$100,001-$120,000",6,"4yearColl",4,"White",1,0,33,"man",1,"Missouri","St. Louis","0.4968","759.9012477","72507",NA
708236,35.2,46.89,64.8,53.11,5.25,3.33333333333333,1.66666666666667,1.25,3,3.5,6.5,3,5.5,3,0,1,5,7,4,5,3,5,2,1,4,1,2,1,1,2,1,1,1,2,1,1,1,3,3,1,6,6,7,3,3,6,5,1,2,3,5,2,5,"Independent",0,0,1,"I did not vote","Joe Biden",0,1,0,0,"$0-$20,000",1,"2yearColl",3,"White",1,0,27,"man",1,"Indiana","Marion","0.4748","919.8842006","58737",NA
795570,62.57,65.42,37.43,34.58,4.75,2.66666666666667,2.33333333333333,2.5,4,5,6,3,5,3,1,5,5,5,5,4,3,4,1,1,3,1,4,2,3,2,2,3,3,2,2,3,3,4,4,5,5,6,6,3,3,5,5,1,2,2,1,1,1,"Independent",0,0,1,"Joe Biden","Joe Biden",0,1,0,0,"$20,001-$40,000",2,"GED",2,"White",1,0,50,"man",1,"New York","Niagara","0.4391","156.4831231","61068",NA
386978,22.71,19.4,77.29,80.6,2,7,6.66666666666667,1.75,4,6.5,7,1,6.5,5,1,4,3,2,1,2,7,7,7,5,7,7,7,7,7,1,1,7,1,1,1,1,1,6,2,7,6,7,7,1,1,6,7,1,5,5,4,4,5,"Independent",0,0,1,"Joe Biden","Joe Biden",0,1,0,0,"$140,001-$160,000",8,"MA",5,"Black or African American",0,0,39,"man",1,"Texas","Dallas","0.491","1145.193915","63549","N/A"
142132,58.15,66.7,41.85,33.3,5,2,3.33333333333333,2.5,3,5.5,6,5,5.5,6,1,5,6,5,3,6,2,2,2,3,6,2,2,1,6,6,5,2,1,2,2,1,1,3,3,5,6,6,6,5,5,5,6,1,4,7,4,4,4,"Independent",0,0,1,"Donald Trump","Donald Trump",1,0,0,0,"$80,001-$100,000",5,"PHD",6,"White",1,0,38,"woman",0,"California","Humboldt","0.4853","14.69107797","53924",NA
169022,52.55,59.15,47.45,40.85,5.25,3.66666666666667,3.66666666666667,2.5,3.5,5,5.5,4.5,5,5,1,3,7,5,3,6,3,3,5,1,4,5,5,2,5,5,1,1,1,4,4,3,1,4,3,5,5,5,6,5,4,5,5,1,2,4,1,NA,NA,"Democrat",0,1,0,"Joe Biden","Donald Trump",1,0,0,0,"$40,001-$60,000",3,"2yearColl",3,"White",1,0,30,"woman",0,"Utah","Salt Lake","0.4315","583.1622532","80676",NA
696387,27.75,28.47,72.25,71.53,6,5.33333333333333,4.5,6.625,1,5,7,1,4,6,1,5,6,7,7,4,5,5,6,2,5,5,5,5,5,7,7,7,4,7,7,7,7,1,1,7,3,7,7,1,1,5,3,1,7,1,1,3,1,"Republican",1,0,0,"Donald Trump","Donald Trump",1,0,0,0,"$100,001-$120,000",6,"PHD",6,"White",1,0,41,"man",1,"Maryland","Frederick","0.3974","145.2537914","104253","none"
589008,25.3,33.7,74.7,66.3,4.75,4,4.5,6.875,6,5,7,1.5,6,3,1,5,5,5,6,3,3,3,6,1,3,7,7,3,6,7,7,6,7,7,7,7,7,6,6,6,4,7,7,2,1,6,6,1,7,1,1,4,1,"Republican",1,0,0,"Donald Trump","Donald Trump",1,0,0,0,"$140,001-$160,000",8,"4yearColl",4,"White",1,0,33,"man",1,"Colorado","Douglas","0.3965","151.0009727","129839",NA
656149,73.96,75.89,26.04,24.11,7,1.33333333333333,1.83333333333333,3.5,2.5,4,5,4.5,5.5,5,1,5,7,7,7,7,1,1,2,1,1,3,3,1,2,4,2,4,2,4,5,4,3,2,3,4,4,5,5,5,4,6,5,1,5,3,1,2,1,"Republican",1,0,0,"Donald Trump","Donald Trump",1,0,0,0,"$40,001-$60,000",3,"GED",2,"White",1,0,34,"man",1,"Indiana","Marion","0.4748","919.8842006","58737",NA
441220,47,49.5,53,50.5,7,1,1.5,5.125,4,6,6,3.5,7,7,1,5,7,7,7,7,1,1,1,1,1,1,4,1,1,4,5,1,6,7,7,7,4,5,3,5,7,6,6,5,2,7,7,1,6,2,1,6,1,"Republican",1,0,0,"Donald Trump","Donald Trump",1,0,0,0,"$40,001-$60,000",3,"4yearColl",4,"White",1,0,52,"woman",0,"Kentucky","Oldham","0.4359","134.8063456","109181",NA
928831,61.36,59.47,38.64,40.53,5,3,3.66666666666667,3.625,3.5,5,6,4,4.5,5,0,1,5,6,4,5,3,3,3,2,4,4,4,3,5,5,4,3,4,4,3,4,2,3,4,5,5,6,6,4,4,4,5,1,4,3,2,5,3,"Independent",0,0,1,"I did not vote","Other",0,0,0,1,"$80,001-$100,000",5,"4yearColl",4,"White",1,0,33,"woman",0,"South Carolina","Horry","0.4426","109.2951844","56342",NA
867851,80.97,87.21,19.03,12.79,5.75,3.66666666666667,4.16666666666667,2.75,3,4.5,5.5,4,5.5,6,1,5,5,6,6,6,3,3,5,2,5,5,6,5,2,4,3,2,2,2,3,3,3,3,3,2,7,7,4,4,4,5,6,1,5,4,4,NA,4,"Independent",0,0,1,"Donald Trump","Donald Trump",1,0,0,0,"$40,001-$60,000",3,"GED",2,"White",1,0,55,"woman",0,"Tennessee","Dickson","0.4325","40.97315977","61219",NA
130139,44.37,51.69,55.63,48.31,5.25,2,2.83333333333333,4.5,6,6,6,4,6,5,1,5,5,7,2,7,2,2,2,2,3,2,5,2,3,5,5,6,6,5,2,4,3,6,6,6,6,6,6,6,2,6,6,1,2,2,1,1,1,"Democrat",0,1,0,"Joe Biden","Joe Biden",0,1,0,0,"$80,001-$100,000",5,"4yearColl",4,"White",1,0,23,"woman",0,"Kentucky","Warren","0.489","90.10818904","59223",NA
877779,26.75,29,73.25,71,4,2.66666666666667,3.16666666666667,5.875,3.5,4,4,1.5,5.5,5,1,5,1,6,2,7,1,1,6,1,4,6,6,1,1,1,7,7,7,7,6,5,7,5,2,4,4,5,3,2,1,6,5,1,7,NA,NA,5,NA,"Republican",1,0,0,"Donald Trump","Donald Trump",1,0,0,0,"$180,001-$200,000",10,"2yearColl",3,"multiracial",0,0,44,"man",1,"Texas","Harris","0.4968","1042.130651","63539",NA
850231,27.4,27.59,72.6,72.41,4.75,3.33333333333333,2.83333333333333,1.5,1,3,5,5,6,7,1,5,5,5,6,3,4,3,3,1,2,2,6,4,2,2,1,1,1,2,1,3,1,1,1,3,3,5,5,5,5,5,7,1,5,2,1,6,2,"Republican",1,0,0,"Donald Trump","Donald Trump",1,0,0,0,"$40,001-$60,000",3,"4yearColl",4,"Asian",0,0,38,"man",1,"Pennsylvania","Allegheny","0.4823","648.1038604","68874",NA
278076,64,48,36,52,5.25,2.66666666666667,2.66666666666667,5.875,1,6,7,1,6,6,1,5,2,6,6,7,1,1,6,1,2,5,1,1,6,7,7,6,2,7,7,7,4,1,1,6,6,7,7,1,1,6,6,1,7,1,1,5,1,"Republican",1,0,0,"Donald Trump","Donald Trump",1,0,0,0,"$60,001-$80,000",4,"4yearColl",4,"White",1,0,32,"man",1,"Illinois","Cook","0.5052","2134.420727","72063",NA
389836,43.75,45.75,56.25,54.25,4,5.33333333333333,4,2.25,4.5,7,7,1.5,6,2,1,5,3,4,5,4,5,6,5,1,4,3,6,3,7,2,2,2,2,2,4,2,2,6,3,7,7,7,7,2,1,6,6,1,6,4,3,4,4,"Republican",1,0,0,"Donald Trump","Donald Trump",1,0,0,0,"$120,001-$140,000",7,"4yearColl",4,"White",1,0,51,"man",1,"Michigan","Kent","0.4492","292.8105753","71933","Nice questions."
872575,26.14,25.71,73.86,74.29,5.75,3.33333333333333,4.83333333333333,1,1.5,2,7,3.5,6,3,1,5,6,6,6,5,3,2,5,2,5,6,6,5,5,1,1,1,1,1,1,1,1,2,1,2,2,7,7,5,2,6,6,1,5,5,2,5,5,"Republican",1,0,0,"Donald Trump","Donald Trump",1,0,0,0,"$60,001-$80,000",4,"GED",2,"White",1,0,31,"woman",0,"Missouri","Platte","0.4283","90.89432517","86720",NA
700864,54.45,68.65,45.55,31.35,6,1,2,3.375,3.5,4,5.5,3.5,3,5,1,5,6,6,6,6,1,1,1,1,2,3,4,1,1,3,3,3,3,3,4,5,3,4,3,3,5,6,5,5,2,3,3,1,5,1,1,6,1,"Republican",1,0,0,"Donald Trump","Donald Trump",1,0,0,0,"$40,001-$60,000",3,"2yearColl",3,"White",1,0,26,"woman",0,"Pennsylvania","Bradford","0.4313","20.6285945","55199",NA
163911,91.18,81.08,8.82,18.92,6.75,1.66666666666667,3.5,1.875,2,1.5,6.5,7,2,5,1,5,7,7,7,6,1,2,2,5,2,5,6,2,1,1,1,2,1,6,1,2,1,1,3,1,2,6,7,7,7,2,2,1,1,2,1,4,2,"Independent",0,0,1,"Joe Biden","Joe Biden",0,1,0,0,"$20,001-$40,000",2,"4yearColl",4,"White",1,0,46,"woman",0,"South Carolina","Spartanburg","0.4508","144.4493659","60470",NA
916968,71.22,75.78,28.78,24.22,5.75,1.66666666666667,3.5,4.5,2,2.5,7,6.5,4.5,6,1,4,6,6,5,6,2,1,2,1,5,3,5,2,5,6,5,5,5,2,5,3,5,1,3,2,3,7,7,7,6,3,6,1,3,5,4,6,4,"Independent",0,0,1,"Donald Trump","Robert F. Kennedy Jr.",0,0,1,0,"$80,001-$100,000",5,"4yearColl",4,"Asian",0,0,44,"woman",0,"Texas","Denton","0.4293","354.6578718","98027",NA
984948,40.9,40.28,59.1,59.72,5.5,3.33333333333333,4.66666666666667,3.25,4,4,5.5,2,5.5,3,1,5,5,6,6,5,2,3,5,1,6,5,6,5,5,6,2,2,1,3,6,5,1,5,3,3,5,6,5,2,2,6,5,1,5,2,2,6,3,"Independent",0,0,1,"Third-party candidate","Robert F. Kennedy Jr.",0,0,1,0,"$60,001-$80,000",4,"4yearColl",4,"White",1,0,33,"man",1,"Missouri","Marion","0.4314","25.33705272","54542",NA
796417,39.2,40.37,60.8,59.63,4.75,3,4.16666666666667,6,1.5,6.5,6.5,1.5,6,3,1,5,3,6,5,5,3,3,3,2,5,5,5,5,3,6,5,5,5,7,7,7,6,1,2,6,7,6,7,2,1,6,6,1,5,5,3,3,NA,"Democrat",0,1,0,"Joe Biden","Joe Biden",0,1,0,0,"$60,001-$80,000",4,"2yearColl",3,"White",1,0,40,"woman",0,"Florida","Palm Beach","0.5199","284.088504","70024",NA
175900,62.88,72.45,37.12,27.55,6.25,1.66666666666667,2.83333333333333,2,4.5,5.5,7,1.5,6.5,6,0,2,6,7,6,6,2,2,1,2,3,2,3,3,4,3,1,2,1,3,2,2,2,6,3,6,5,7,7,2,1,7,6,1,1,3,NA,NA,NA,"Democrat",0,1,0,"Joe Biden","Robert F. Kennedy Jr.",0,0,1,0,"$60,001-$80,000",4,"4yearColl",4,"White",1,0,25,"woman",0,"Rhode Island","Newport","0.4693","313.1220486","85764","none"
722891,89.49,88.33,10.51,11.67,4,5,4.66666666666667,3.75,4,6,5,3.5,6,7,1,4,4,4,4,4,5,5,5,3,3,6,5,5,6,4,3,3,4,5,5,2,4,5,3,6,6,5,5,4,3,6,6,1,7,NA,NA,NA,NA,"Republican",1,0,0,"Donald Trump","Donald Trump",1,0,0,0,"$20,001-$40,000",2,"GED",2,"Black or African American",0,1,38,"woman",0,"Oklahoma","Tulsa","0.4847","435.1573978","59232",NA
954110,40.5,90,59.5,10,6.25,1.33333333333333,2.66666666666667,1.75,4,5,4.5,6,6.5,7,1,2,5,6,7,7,2,1,1,5,2,1,3,2,3,3,1,1,1,2,2,2,2,3,5,3,7,3,6,6,6,6,7,1,2,5,NA,NA,NA,"Independent",0,0,1,"Joe Biden","Donald Trump",1,0,0,0,"$60,001-$80,000",4,"GED",2,"Black or African American",0,0,20,"woman",0,"Texas","Dallas","0.491","1145.193915","63549",NA
243464,16.6,74,83.4,26,6.25,2,2.66666666666667,1,5.5,3.5,4.5,2.5,6,7,1,5,7,6,6,6,2,2,2,3,5,1,1,1,5,1,1,1,1,1,1,1,1,5,6,3,4,6,3,3,2,5,7,1,1,6,6,4,7,"Democrat",0,1,0,"Joe Biden","Joe Biden",0,1,0,0,"$20,001-$40,000",2,"GED",2,"White",1,1,23,"man",1,"Colorado","Denver","0.4857","1746.533667","81262",NA
693325,64.4,64.4,35.6,35.6,6.5,3.33333333333333,2.5,3.625,3,4.5,4,4,4.5,5,0,3,6,7,7,6,3,3,4,3,2,2,3,2,3,5,3,3,3,4,4,4,3,4,2,4,5,4,4,5,3,5,4,1,NA,NA,NA,NA,NA,"Independent",0,0,1,"I did not vote","Robert F. Kennedy Jr.",0,0,1,0,"$40,001-$60,000",3,"GED",2,"White",1,0,38,"woman",0,"Pennsylvania","Northampton","0.4451","315.2131093","78768",NA
506343,44.01,46.44,55.99,53.56,4.75,4,4.33333333333333,2.125,1,2.5,3,6.5,5.5,5,0,1,6,4,4,5,4,4,4,5,4,4,4,5,4,1,2,2,2,3,2,3,2,1,1,1,4,3,3,6,7,5,6,1,NA,NA,NA,NA,NA,"Independent",0,0,1,"I did not vote","Joe Biden",0,1,0,0,"$0-$20,000",1,"GED",2,NA,NA,1,24,"woman",0,"New Jersey","Monmouth","0.4737","514.1065673","107500",NA
616921,71.5,74,28.5,26,5.25,3.66666666666667,2.83333333333333,1.625,2.5,5.5,6,2.5,5,5,0,1,6,5,5,5,3,3,5,2,3,3,4,3,2,1,1,1,1,3,1,2,3,3,2,5,6,6,6,3,2,5,5,1,4,4,4,4,4,"Independent",0,0,1,"I did not vote","Other",0,0,0,1,"$20,001-$40,000",2,"GED",2,"multiracial",0,0,32,"man",1,"New York","Washington","0.4007","28.72095934","61633",NA
467094,44.5,67.05,55.5,32.95,5.75,2,3.16666666666667,1.5,5,4.5,5.5,5,6,7,0,2,7,5,6,5,1,3,2,2,3,4,5,3,2,2,1,1,2,1,2,2,1,5,5,2,7,5,6,5,5,6,6,1,5,5,NA,NA,5,"Independent",0,0,1,"Joe Biden","Other",0,0,0,1,"$0-$20,000",1,"MA",5,"White",1,0,24,"woman",0,"North Carolina","Pitt","0.4862","104.9774445","48116",NA
629059,65.1,65.1,34.9,34.9,4.5,2,2.83333333333333,3.5,3,5,5,3.5,4,5,1,5,3,5,5,5,2,2,2,1,2,4,4,4,2,2,2,4,3,5,4,4,4,3,3,5,5,5,5,4,3,5,3,1,7,1,1,4,1,"Republican",1,0,0,"Donald Trump","Donald Trump",1,0,0,0,"$80,001-$100,000",5,"4yearColl",4,"White",1,0,58,"man",1,"Ohio","Wood","0.4506","81.28457967","64702","None"
868217,27.76,29.01,72.24,70.99,5,3,3.16666666666667,3.625,2.5,5,5,1.5,5,5,1,2,5,6,4,5,2,4,3,3,5,1,5,2,3,3,4,3,2,6,4,4,3,2,3,6,4,5,5,1,2,5,5,1,4,4,4,5,NA,"Independent",0,0,1,"I did not vote","Other",0,0,0,1,"$40,001-$60,000",3,"4yearColl",4,"Black or African American",0,0,33,"man",1,"California","Solano","0.4173","206.0444057","87348",NA
294232,33.18,28.06,66.82,71.94,2,6.33333333333333,5.33333333333333,3,2.5,6,6,2,4.5,2,1,5,2,2,2,2,6,6,7,4,5,7,7,4,5,3,3,3,3,4,3,2,3,3,2,6,6,6,6,2,2,6,3,1,7,3,1,2,1,"Republican",1,0,0,"Donald Trump","Donald Trump",1,0,0,0,"$80,001-$100,000",5,"4yearColl",4,"White",1,0,40,"man",1,"Texas","Hays","0.4496","116.2599464","79336",NA
231765,85.5,87.5,14.5,12.5,6.25,2,3.5,1.25,4,6,6,2.5,4.5,5,0,2,7,7,6,5,2,2,2,1,3,6,4,1,6,1,1,1,1,1,2,2,1,3,5,6,6,6,6,3,2,6,3,1,2,NA,2,NA,2,"Independent",0,0,1,"I did not vote","Other",0,0,0,1,"Over $200,000",11,"4yearColl",4,"White",1,0,41,"man",1,"Connecticut","Hartford","0.4717","470.033815","79958","No comments"
443080,20.8,20,79.2,80,3.75,5.33333333333333,5.5,1.875,2,6.5,6.5,1.5,4,6,0,2,2,4,4,5,5,5,6,5,6,6,6,5,5,1,2,2,2,2,2,2,2,2,2,7,6,6,7,1,2,6,2,1,7,NA,2,NA,2,"Republican",1,0,0,"I did not vote","Donald Trump",1,0,0,0,"$140,001-$160,000",8,"GED",2,"White",1,0,69,"man",1,"Georgia","Columbia","0.4014","196.0552786","87281",NA
823158,41.75,45.22,58.25,54.78,4.5,3.66666666666667,3.5,1.75,2.5,5.5,4.5,4,4,5,1,5,4,5,5,4,4,3,4,4,4,4,3,2,4,4,1,1,1,4,1,1,1,3,2,6,5,4,5,5,3,4,4,1,2,5,4,4,5,"Independent",0,0,1,"Joe Biden","Joe Biden",0,1,0,0,"$80,001-$100,000",5,"GED",2,NA,NA,1,39,"woman",0,"California","Los Angeles","0.4969","960.7427779","77356",NA
378508,75.8,87.52,24.2,12.48,5.25,3,2.83333333333333,4.125,7,4.5,3,4.5,6,5,1,5,7,5,3,6,3,3,3,4,1,1,4,2,5,5,5,5,3,4,5,3,3,7,7,3,6,3,3,5,4,5,7,1,2,3,4,3,2,"Independent",0,0,1,"Joe Biden","Joe Biden",0,1,0,0,"$20,001-$40,000",2,"4yearColl",4,"White",1,0,30,"woman",0,"Georgia","DeKalb","0.4866","1071.792083","70756",NA
607948,42.5,42.92,57.5,57.08,5.75,2.33333333333333,5,4.5,7,7,7,1,7,7,1,5,6,5,5,7,2,2,3,1,5,6,7,5,6,5,5,3,3,5,5,5,5,7,7,7,7,7,7,1,1,7,7,1,7,1,1,1,4,"Republican",1,0,0,"Donald Trump","Donald Trump",1,0,0,0,"$60,001-$80,000",4,"MA",5,"White",1,0,46,"woman",0,"Texas","Angelina","0.4306","42.39912091","50620",NA
592203,15.5,100,84.5,0,6.5,1,2.33333333333333,1.75,3.5,6,4.5,5,5,7,1,4,7,7,5,7,1,1,1,1,2,3,2,3,3,2,1,1,2,1,2,3,2,4,3,5,7,5,4,5,5,5,5,1,NA,NA,NA,NA,NA,"Independent",0,0,1,"I did not vote","Joe Biden",0,1,0,0,"$40,001-$60,000",3,"GED",2,"White",1,0,26,"woman",0,"Florida","Duval","0.4741","467.7286986","60121",NA
790806,42.5,45,57.5,55,5.5,4,4,1.125,1,4,6,1.5,1,4,0,1,5,7,7,3,4,4,4,4,4,4,4,4,4,1,1,1,1,1,1,2,1,1,1,7,1,6,6,1,2,1,1,1,NA,NA,NA,NA,NA,"Independent",0,0,1,"I did not vote","Joe Biden",0,1,0,0,"$20,001-$40,000",2,"2yearColl",3,"Asian",0,0,41,"man",1,"Florida","Duval","0.4741","467.7286986","60121",NA
451659,36.3,36.09,63.7,63.91,5.25,4.33333333333333,2.5,1.875,3,6,5.5,2.5,4.5,2,1,4,4,6,5,6,3,4,6,1,2,4,5,2,1,2,2,2,2,2,2,2,1,4,2,6,6,6,5,3,2,6,3,1,6,2,2,5,1,"Republican",1,0,0,"Donald Trump","Donald Trump",1,0,0,0,"Over $200,000",11,"4yearColl",4,"White",1,0,25,"man",1,"Pennsylvania","Chester","0.4531","266.0474171","109616",NA
255449,87.68,93.07,12.32,6.93,6.75,2.33333333333333,2.16666666666667,1,4,4.5,6,4,7,7,1,5,7,7,6,7,3,2,2,3,3,1,1,2,3,1,1,1,1,1,1,1,1,5,3,3,6,6,6,6,2,7,7,1,1,1,2,1,3,"Democrat",0,1,0,"I did not vote","Joe Biden",0,1,0,0,"$20,001-$40,000",2,"GED",2,"White",1,0,20,"woman",0,"North Carolina","Brunswick","0.4461","57.67976134","67286",NA
676643,49,59,51,41,5,3,2,2.375,4,4.5,4,5.5,6,6,1,4,6,5,6,3,3,3,3,1,2,2,3,2,2,5,1,1,1,6,3,1,1,3,5,3,6,5,3,6,5,6,6,1,4,1,1,6,4,"Independent",0,0,1,"Third-party candidate","Donald Trump",1,0,0,0,"$0-$20,000",1,"GED",2,"multiracial",0,0,44,"woman",0,"Texas","Harris","0.4968","1042.130651","63539",NA
495649,26.4,25.5,73.6,74.5,4.75,5.33333333333333,5.16666666666667,2.25,4,6.5,6.5,1.5,6,5,1,5,6,5,5,3,5,5,6,4,5,5,6,5,6,4,4,1,2,2,2,2,1,6,2,7,6,7,6,1,2,5,7,1,2,5,5,5,5,"Independent",0,0,1,"Joe Biden","Joe Biden",0,1,0,0,"$60,001-$80,000",4,"GED",2,"White",1,0,45,"woman",0,"Pennsylvania","Lancaster","0.4223","220.2186681","75619","None, thank you"
931173,1.90000000000001,1.90000000000001,98.1,98.1,3.75,4.33333333333333,3.83333333333333,3.375,2.5,4,6.5,2.5,4.5,2,1,5,1,5,5,4,3,4,6,2,3,5,6,4,3,4,2,3,2,5,4,5,2,3,2,4,4,6,7,3,2,5,4,1,6,1,1,2,2,"Republican",1,0,0,"Donald Trump","Donald Trump",1,0,0,0,"$80,001-$100,000",5,"4yearColl",4,"Asian",0,0,36,"man",1,"Ohio","Marion","0.4609","62.4866796","53172",NA
675211,33.48,57.58,66.52,42.42,5.75,4,4.33333333333333,1.375,3,4.5,6,2,5.5,5,1,4,6,6,5,6,3,3,6,5,4,3,7,2,5,2,1,1,2,1,1,2,1,3,3,4,5,6,6,2,2,6,5,1,2,5,3,4,4,"Democrat",0,1,0,"Joe Biden","Donald Trump",1,0,0,0,"$80,001-$100,000",5,"GED",2,"Black or African American",0,0,21,"man",1,"California","Los Angeles","0.4969","960.7427779","77356",NA
594837,35.9,39,64.1,61,4.25,4.33333333333333,5,2.875,5.5,5,7,5,4,4,1,5,4,5,4,4,4,4,5,5,6,4,4,5,6,3,2,5,2,3,3,3,2,6,5,5,5,7,7,5,5,3,5,1,5,4,3,4,4,"Independent",0,0,1,"Joe Biden","Jill Stein",0,0,0,0,"$180,001-$200,000",10,"4yearColl",4,"multiracial",0,0,32,"woman",0,"Indiana","Boone","0.4757","58.72257117","98047",NA
565709,72.35,69.75,27.65,30.25,6.5,2.33333333333333,2,1.125,2.5,4,6,6,4.5,7,1,5,7,7,5,7,1,1,5,2,4,1,1,1,3,1,1,2,1,1,1,1,1,2,3,3,5,6,6,6,6,4,5,1,2,3,7,2,5,"Independent",0,0,1,"Third-party candidate","Jill Stein",0,0,0,0,"$40,001-$60,000",3,"4yearColl",4,"White",1,0,44,"man",1,"Michigan","Wayne","0.4906","1111.243974","52644",NA
906530,48,51.85,52,48.15,4,3,4.5,5.75,2,3,6,1,3,3,1,5,1,5,5,5,2,2,5,2,4,4,5,6,6,6,6,2,5,7,7,7,6,3,1,3,3,6,6,1,1,2,4,1,7,1,1,6,1,"Republican",1,0,0,"Donald Trump","Donald Trump",1,0,0,0,"Over $200,000",11,"MA",5,"White",1,0,41,"woman",0,"South Carolina","Horry","0.4426","109.2951844","56342",NA
975952,85.68,85.95,14.32,14.05,5.5,2.66666666666667,2.66666666666667,1,2,3,6.5,1.5,5,5,1,3,7,7,6,2,2,3,3,1,5,4,4,1,1,1,1,1,1,1,1,1,1,3,1,3,3,7,6,2,1,5,5,1,1,4,4,4,5,"Democrat",0,1,0,"Joe Biden","Joe Biden",0,1,0,0,"$120,001-$140,000",7,"4yearColl",4,"White",1,0,32,"man",1,"South Carolina","Berkeley","0.4324","73.14238371","74289",NA
414295,71.9,74.75,28.1,25.25,6,2.66666666666667,3.66666666666667,2.25,6,6,6.5,3.5,3.5,7,1,3,6,6,6,6,3,2,3,3,4,4,5,4,2,4,2,2,2,2,2,2,2,6,6,6,6,7,6,5,2,3,4,1,4,NA,3,NA,NA,"Democrat",0,1,0,"I did not vote","Robert F. Kennedy Jr.",0,0,1,0,"$40,001-$60,000",3,"GED",2,"Black or African American",0,0,34,"woman",0,"Florida","Volusia","0.4512","184.9915148","58246",NA
673007,79.04,74.42,20.96,25.58,5.25,2.66666666666667,4.83333333333333,5.125,5.5,1.5,5.5,3.5,5,4,1,5,6,7,6,2,1,1,6,2,5,4,6,6,6,6,6,3,4,7,7,6,2,5,6,1,2,7,4,5,2,4,6,1,7,1,1,7,1,"Republican",1,0,0,"Third-party candidate","Donald Trump",1,0,0,0,"$100,001-$120,000",6,"MA",5,"White",1,0,57,"man",1,"Florida","Alachua","0.5137","116.1122104","56006",NA
541601,24,30.67,76,69.33,5.25,3,4.5,2.375,5,6.5,7,2,5.5,3,1,5,6,5,5,5,3,3,3,2,5,7,7,3,3,2,1,7,1,4,1,2,1,5,5,6,7,7,7,3,1,6,5,1,4,4,5,5,5,"Republican",1,0,0,"Donald Trump","Donald Trump",1,0,0,0,"Over $200,000",11,"4yearColl",4,"White",1,0,43,"woman",0,"New Jersey","Ocean","0.4539","363.7218004","75732",NA
903397,55.84,58.29,44.16,41.71,3,4.66666666666667,6,1.875,2.5,6,6,2,3,5,1,5,3,3,3,3,3,5,6,6,6,6,6,6,6,1,1,7,1,2,1,1,1,2,3,6,6,6,6,2,2,3,3,1,4,3,3,3,5,"Republican",1,0,0,"Joe Biden","Joe Biden",0,1,0,0,"$40,001-$60,000",3,"4yearColl",4,"White",1,0,75,"woman",0,"South Carolina","Anderson","0.4629","106.0081343","58951",NA
481097,52.32,56.24,47.68,43.76,4.75,3.33333333333333,5,3.875,2.5,5.5,4.5,4.5,4.5,3,1,5,4,5,5,5,2,3,5,2,6,6,6,6,4,5,3,3,3,6,5,4,2,3,2,5,6,5,4,5,4,5,4,1,3,3,1,5,2,"Independent",0,0,1,"Joe Biden","Jill Stein",0,0,0,0,"$60,001-$80,000",4,"MA",5,"White",1,0,45,"woman",0,"New York","Washington","0.4007","28.72095934","61633",NA
927726,7.45,7.3,92.55,92.7,5,4,3.16666666666667,4.5,2,5.5,7,1.5,4.5,6,0,3,5,6,5,4,3,4,5,3,5,5,3,2,1,5,2,6,5,4,6,4,4,2,2,6,5,7,7,2,1,5,4,1,4,3,3,NA,3,"Independent",0,0,1,"I did not vote","Robert F. Kennedy Jr.",0,0,1,0,"$80,001-$100,000",5,"GED",2,"White",1,0,22,"man",1,"Georgia","Houston","0.4178","155.7337104","71609",NA
141667,70.18,67.23,29.82,32.77,4,3.33333333333333,3.33333333333333,2.875,3.5,4.5,3,4,5.5,3,1,4,6,3,4,3,4,4,2,3,4,2,3,4,4,3,1,2,3,4,4,3,3,5,2,4,5,3,3,5,3,6,5,1,2,4,5,NA,5,"Independent",0,0,1,"Joe Biden","Joe Biden",0,1,0,0,"$80,001-$100,000",5,"2yearColl",3,"Black or African American",0,0,66,"woman",0,"California","Alameda","0.4633","860.7570749","108971",NA
959790,92.05,93.45,7.95,6.55,6.5,1,2.16666666666667,1.375,1.5,6,6.5,4,4.5,7,1,2,6,7,6,7,1,1,1,1,2,2,5,1,2,1,1,1,1,4,1,1,1,2,1,6,6,6,7,5,3,5,4,1,3,4,3,3,4,"Independent",0,0,1,"I did not vote","Donald Trump",1,0,0,0,"$20,001-$40,000",2,"4yearColl",4,"White",1,0,32,"woman",0,"South Carolina","Greenville","0.4754","245.1195013","68487","Great job on this study! All went smoothly on the technical end. The instructions were clear and the questions were easy to understand. Thank you for the opportunity to participate!"
599129,56.2,47.4,43.8,52.6,6.5,3.33333333333333,3,3.125,2.5,5.5,5.5,3,4.5,6,1,5,6,7,6,7,3,3,4,1,3,4,4,3,3,3,1,2,2,5,5,4,3,2,3,6,5,5,6,4,2,6,3,1,3,2,1,5,1,"Independent",0,0,1,"Donald Trump","Donald Trump",1,0,0,0,"$60,001-$80,000",4,"GED",2,"White",1,0,29,"woman",0,"Virginia","Virginia Beach","#N/A","#N/A","#N/A",NA
343708,8.5,15.4,91.5,84.6,3.5,3,4.33333333333333,3.125,4,4,7,3,5,5,1,5,3,3,3,5,3,3,3,3,3,5,5,5,5,5,5,3,1,3,3,3,2,5,3,3,5,7,7,3,3,7,3,1,5,4,5,4,3,"Independent",0,0,1,"Joe Biden","Joe Biden",0,1,0,0,"$20,001-$40,000",2,"4yearColl",4,"White",1,0,50,"woman",0,"North Carolina","Buncombe","0.4801","149.6625061","63838",NA
981479,41.67,50.6,58.33,49.4,5.75,1.66666666666667,2.83333333333333,1.25,6,7,7,2,7,6,1,5,6,6,5,6,2,2,1,3,6,2,3,1,2,1,1,1,2,2,1,1,1,6,6,7,7,7,7,1,3,7,7,1,2,6,7,NA,7,"Democrat",0,1,0,"Joe Biden","Joe Biden",0,1,0,0,"$0-$20,000",1,"4yearColl",4,"White",1,0,24,"man",1,"Colorado","Montrose","0.447","7.110239919","56686",NA
545372,12.87,7.92,87.13,92.08,2.5,1,1,4,4,4,4,4,4,1,0,1,1,1,1,7,1,1,1,1,1,1,1,1,1,1,1,7,7,1,1,7,7,1,7,7,1,1,7,1,7,1,7,1,1,1,1,1,1,"Independent",0,0,1,"I did not vote","Other",0,0,0,1,"$60,001-$80,000",4,"MA",5,"White",1,0,30,"man",1,"Ohio","Summit","0.4792","506.7518997","63191","great surbey!"
812300,90.27,90.74,9.73,9.26,6.5,2.66666666666667,2.66666666666667,1.875,1.5,3.5,4.5,6.5,5,7,0,1,7,7,7,5,3,2,3,4,3,1,3,3,2,2,1,1,7,1,1,1,1,2,1,3,4,5,4,7,6,5,5,1,1,5,6,5,5,"Independent",0,0,1,"I did not vote","Robert F. Kennedy Jr.",0,0,1,0,"$40,001-$60,000",3,"4yearColl",4,"Asian",0,0,27,"woman",0,"New York","New York","0.5968","27819.8048","84371",NA
687317,52.95,61.24,47.05,38.76,6.5,1.33333333333333,2.33333333333333,1.375,2,7,5,4,3,7,1,5,7,7,7,5,1,1,2,1,3,2,4,2,2,1,1,1,1,2,1,3,1,3,1,7,7,5,5,5,3,3,3,1,4,2,4,5,2,"Independent",0,0,1,"Donald Trump","Donald Trump",1,0,0,0,"$60,001-$80,000",4,"2yearColl",3,"White",1,0,49,"woman",0,"Missouri","St. Charles","0.4","268.6522511","92029",NA
434746,44.45,52.64,55.55,47.36,5,4,3.83333333333333,3.75,4.5,4,5.5,4.5,5,5,1,5,5,6,5,4,4,4,4,3,4,4,4,4,4,6,6,2,4,4,4,2,2,4,5,3,5,6,5,5,4,5,5,1,3,4,4,4,5,"Independent",0,0,1,"Joe Biden","Joe Biden",0,1,0,0,NA,NA,"2yearColl",3,"White",1,0,64,"woman",0,"California","Riverside","0.4524","127.6881106","78690",NA
812394,49.69,63.52,50.31,36.48,6.25,1.33333333333333,3,1.25,1,6,6,2.5,6,4,0,1,7,6,6,6,1,2,1,4,2,3,6,1,2,1,1,1,2,1,1,1,2,1,1,6,6,6,6,2,3,7,5,1,2,5,6,5,4,"Independent",0,0,1,"I did not vote","Joe Biden",0,1,0,0,"$0-$20,000",1,"2yearColl",3,"White",1,0,46,"man",1,"Ohio","Franklin","0.4629","924.8617766","66056",NA
185502,19.4,19.85,80.6,80.15,3,7,6.16666666666667,2.875,4,6,5,2,6,6,1,4,6,2,2,2,7,7,7,7,5,6,7,6,6,4,5,1,3,4,2,2,2,6,2,6,6,4,6,2,2,6,6,1,7,2,6,2,3,"Democrat",0,1,0,"Joe Biden","Joe Biden",0,1,0,0,"$120,001-$140,000",7,"4yearColl",4,"White",1,0,40,"man",1,"California","San Diego","0.4615","302.9941503","90756",NA
218910,57.79,80.45,42.21,19.55,6,4,1.66666666666667,1.625,2,4,5,3.5,2.5,7,0,1,7,7,4,6,4,4,4,3,1,1,1,1,3,1,1,1,1,6,1,1,1,1,3,5,3,5,5,3,4,3,2,1,1,7,1,1,6,"Independent",0,0,1,"Third-party candidate","Other",0,0,0,1,"$60,001-$80,000",4,"4yearColl",4,"Black or African American",0,1,24,"woman",0,"New Jersey","Union","0.4839","2077.943059","85926",NA
104220,84.34,91.84,15.66,8.16,6,2,3.5,3.875,3,5,6,4.5,4,7,1,5,7,5,7,5,1,2,3,1,3,6,6,1,4,4,4,3,4,4,4,4,4,3,3,5,5,5,7,5,4,5,3,1,7,1,1,1,NA,"Republican",1,0,0,"Donald Trump","Donald Trump",1,0,0,0,"Over $200,000",11,"GED",2,"White",1,0,43,"woman",0,"Washington","Thurston","0.4062","146.7926993","81544",NA
331229,86.08,90.28,13.92,9.72,5.25,2,2.66666666666667,2.125,5,4.5,4.5,4.5,5,6,1,4,6,6,4,5,2,2,2,2,3,3,3,3,2,2,2,2,1,5,2,2,1,5,5,3,6,5,4,5,4,6,4,1,4,4,4,4,4,"Independent",0,0,1,"Donald Trump","Donald Trump",1,0,0,0,"$100,001-$120,000",6,"GED",2,"White",1,0,30,"woman",0,"Alabama","Mobile","0.4674","130.2299289","49848",NA
425136,41.4,48.35,58.6,51.65,6.75,1.66666666666667,2.5,1.125,2.5,4,6.5,2.5,6,6,0,1,7,7,6,7,1,2,2,2,4,1,3,2,3,1,1,1,1,2,1,1,1,3,2,3,5,6,7,4,1,7,5,1,3,4,5,NA,NA,"Independent",0,0,1,"Joe Biden","Other",0,0,0,1,"$120,001-$140,000",7,"4yearColl",4,"Black or African American",0,0,33,"woman",0,"Maryland","Anne Arundel","0.4161","528.4397218","107281",NA
727893,47,52.25,53,47.75,5.25,2.33333333333333,3.33333333333333,2.5,2,4,4.5,6,5.5,4,0,1,5,6,4,6,2,2,3,2,4,4,2,4,4,4,1,2,4,5,1,2,1,2,2,3,5,6,3,6,6,5,6,1,1,1,NA,NA,1,"Independent",0,0,1,"I did not vote","Joe Biden",0,1,0,0,"$40,001-$60,000",3,"GED",2,"Black or African American",0,0,25,"man",1,"Georgia","DeKalb","0.4866","1071.792083","70756",NA
950794,26.25,25,73.75,75,5.5,5,4.33333333333333,3.75,3,6,4.5,4,5,5,1,4,7,5,6,4,5,4,6,4,5,3,5,3,6,4,6,5,3,3,4,3,2,3,3,6,6,3,6,4,4,5,5,1,3,5,2,3,3,"Republican",1,0,0,"Donald Trump","Donald Trump",1,0,0,0,"$40,001-$60,000",3,"GED",2,"White",1,0,22,"man",1,"Maryland","Kent","0.4564","27.3066914","66183",NA
801270,93.05,93.2,6.95,6.8,6.75,3,2.5,1,6,4,5,2.5,6,6,1,5,7,7,7,6,3,3,3,1,5,2,3,1,3,1,1,1,1,1,1,1,1,6,6,3,5,5,5,3,2,6,6,1,1,4,3,1,6,"Democrat",0,1,0,"Joe Biden","Joe Biden",0,1,0,0,"$100,001-$120,000",6,"MA",5,"White",1,0,39,"man",1,"Missouri","Jackson","0.4547","441.9796225","63282",NA
887106,20.44,20.12,79.56,79.88,3.25,5,5.83333333333333,2.125,2,6,6,2,3.5,2,1,5,4,3,3,3,5,5,5,4,6,7,7,5,6,2,2,2,2,2,2,3,2,2,2,6,6,6,6,2,2,5,2,1,3,5,1,3,3,"Independent",0,0,1,"Joe Biden","Donald Trump",1,0,0,0,"$80,001-$100,000",5,"4yearColl",4,"White",1,0,39,"woman",0,"Texas","Travis","0.477","468.3628628","84519",NA
357672,69.05,82.79,30.95,17.21,5.5,3,2.5,2.5,2.5,7,5,3,5,6,1,4,6,5,5,6,2,4,3,1,4,4,4,1,1,4,3,3,1,3,2,2,2,1,4,7,7,5,5,3,3,4,6,1,5,4,4,4,3,"Republican",1,0,0,"Donald Trump","Donald Trump",1,0,0,0,"$80,001-$100,000",5,"GED",2,"Black or African American",0,0,33,"woman",0,"Georgia","Clarke","0.5113","403.5373333","49145",NA
367642,60.61,79.74,39.39,20.26,6.75,1,2.16666666666667,1,2.5,3,4,6.5,4,7,1,5,7,7,6,7,1,1,1,2,5,1,1,1,3,1,1,1,1,1,1,1,1,2,3,3,3,5,3,7,6,5,3,1,1,2,7,1,NA,"Democrat",0,1,0,"I did not vote","Other",0,0,0,1,"$20,001-$40,000",2,"GED",2,"White",1,0,19,"man",1,"Indiana","Hamilton","0.442","309.5004043","108203",NA
255273,44.5,47.5,55.5,52.5,6,3,2.16666666666667,4.75,2,2.5,5,4,5,5,1,5,7,5,6,6,2,1,6,1,2,3,5,1,1,6,5,5,4,6,6,5,1,2,2,2,3,5,5,5,3,5,5,1,5,3,2,4,1,"Republican",1,0,0,"Donald Trump","Donald Trump",1,0,0,0,"$40,001-$60,000",3,"GED",2,"White",1,0,35,"man",1,"Indiana","Monroe","0.483","142.2998736","53166","Thanks."
406327,39.03,53.4,60.97,46.6,7,2,4,2,1,5,1.5,4,2,7,0,1,7,7,7,7,2,2,2,2,6,5,4,1,6,5,1,1,2,3,2,1,1,1,1,5,5,1,2,6,2,1,3,1,1,3,6,2,5,"Independent",0,0,1,"I did not vote","Donald Trump",1,0,0,0,"$20,001-$40,000",2,"GED",2,"White",1,0,36,"man",1,"Arkansas","Saline","0.4063","62.97248504","68107",NA
496026,47.5,56.75,52.5,43.25,5,2,4,2,6,2.5,5,4,5.5,7,1,5,7,6,2,5,2,2,2,2,6,1,6,4,5,1,2,1,1,3,4,2,2,6,6,3,2,5,5,5,3,5,6,1,1,5,7,2,7,"Democrat",0,1,0,"Joe Biden","Joe Biden",0,1,0,0,"$20,001-$40,000",2,"2yearColl",3,"White",1,0,49,NA,NA,"Alabama","Madison","0.4629","172.2275","78386",NA
257520,75.57,73.31,24.43,26.69,6.75,2,3.66666666666667,1.125,2.5,6.5,5,3.5,2.5,7,1,5,7,7,7,6,3,1,2,3,5,2,6,1,5,1,1,1,1,2,1,1,1,3,2,6,7,7,3,5,2,4,1,1,6,3,3,3,4,"Republican",1,0,0,"Donald Trump","Donald Trump",1,0,0,0,"$0-$20,000",1,"GED",2,"White",1,0,51,"woman",0,"Kentucky","Carter","0.5263","25.73102982","43538",NA
508500,34.19,33.69,65.81,66.31,4,5.66666666666667,6.16666666666667,3.875,4,4.5,6,2.5,4.5,6,1,4,6,3,4,3,6,5,6,5,7,6,6,6,7,5,6,3,2,6,6,1,2,6,2,3,6,7,5,4,1,6,3,1,5,5,5,6,5,"Independent",0,0,1,"Donald Trump","Joe Biden",0,1,0,0,"$100,001-$120,000",6,"4yearColl",4,"White",1,0,35,"woman",0,"Florida","Duval","0.4741","467.7286986","60121",NA
309392,67.99,72.4,32.01,27.6,4.5,2.33333333333333,3.16666666666667,6.125,1,4,7,5,4.5,3,1,5,3,5,5,5,2,2,3,1,2,6,6,2,2,7,6,6,5,7,6,6,6,1,1,3,5,7,7,5,5,3,6,1,6,1,1,5,2,"Republican",1,0,0,"Donald Trump","Donald Trump",1,0,0,0,"$20,001-$40,000",2,"GED",2,"White",1,0,58,"woman",0,"Montana","Flathead","0.4503","7.444166724","65835",NA
730496,28.75,28.5,71.25,71.5,4.5,3.66666666666667,4,2.25,2,6,6.5,2,3,3,0,2,4,5,5,4,2,3,6,2,4,6,6,2,4,3,1,1,1,3,4,3,2,2,2,6,6,6,7,2,2,4,2,1,6,1,1,5,2,"Republican",1,0,0,"Donald Trump","Donald Trump",1,0,0,0,"$0-$20,000",1,"4yearColl",4,"White",1,0,39,"man",1,"North Carolina","Stanly","0.4491","59.71835464","57465",NA
536815,26.5,32.75,73.5,67.25,4.5,4,4.16666666666667,3.625,3,6,7,3,5.5,6,1,5,3,5,5,5,4,3,5,2,5,6,5,4,3,3,2,4,3,5,4,5,3,3,3,6,6,7,7,3,3,5,6,1,4,4,3,4,4,"Independent",0,0,1,"Donald Trump","Donald Trump",1,0,0,0,"$40,001-$60,000",3,"4yearColl",4,"White",1,0,25,"woman",0,"North Carolina","Moore","0.4687","52.92208077","69373",NA
564182,78.46,77.4,21.54,22.6,5.5,2.33333333333333,4.5,2.125,2,4,5,4.5,3.5,4,1,5,5,6,6,5,2,2,3,2,6,6,5,3,5,2,2,2,2,2,2,3,2,2,2,3,5,4,6,4,5,5,2,1,3,2,2,1,2,"Republican",1,0,0,"Donald Trump","Donald Trump",1,0,0,0,"$100,001-$120,000",6,"GED",2,"White",1,0,38,"man",1,"Washington","Yakima","0.4223","22.41575481","60058",NA
422033,67.75,68,32.25,32,5.75,1.66666666666667,2,3.375,3.5,5,5.5,2.5,4.5,3,1,5,6,6,6,5,1,2,2,1,1,3,3,1,3,5,1,2,3,6,4,5,1,4,3,5,5,5,6,2,3,4,5,1,5,3,2,6,2,"Independent",0,0,1,"Donald Trump","Donald Trump",1,0,0,0,"$140,001-$160,000",8,"MA",5,"White",1,0,54,"man",1,"North Carolina","Forsyth","0.4864","351.818409","60228","Interesting survey.  I liked the allocation of points to the ideals of the founding of the country and of a new country."
866123,29.58,42.7,70.42,57.3,5.5,2.66666666666667,3.33333333333333,2.375,1,6,5,2,3,6,0,2,6,6,6,4,3,2,3,2,4,2,5,4,3,2,2,1,2,6,1,2,3,1,1,7,5,7,3,2,2,5,1,1,5,4,5,6,4,"Democrat",0,1,0,"I did not vote","Joe Biden",0,1,0,0,"$20,001-$40,000",2,"GED",2,"Black or African American",0,0,42,"woman",0,"Texas","Jefferson","0.4798","112.4375645","55575",NA
811552,64.22,64.68,35.78,35.32,3.75,5.66666666666667,5.66666666666667,4.125,6,5.5,5.5,2.5,5.5,5,1,3,6,4,3,2,5,6,6,5,6,5,6,6,6,6,7,2,2,6,6,3,1,6,6,5,6,6,5,3,2,5,6,1,NA,2,5,3,3,"Republican",1,0,0,"Donald Trump","Donald Trump",1,0,0,0,"$40,001-$60,000",3,"4yearColl",4,"White",1,0,30,"man",1,"Rhode Island","Washington","0.4287","148.0276107","90152",NA
201809,65.65,66.65,34.35,33.35,5,5,3.83333333333333,3.5,4,4.5,5.5,3.5,5,5,1,3,6,5,5,4,5,5,5,2,4,5,5,2,5,5,3,4,3,4,3,3,3,5,3,4,5,5,6,4,3,5,5,1,3,3,1,5,4,"Independent",0,0,1,"Donald Trump","Robert F. Kennedy Jr.",0,0,1,0,"$20,001-$40,000",2,"2yearColl",3,"White",1,0,35,"man",1,"Indiana","Allen","0.4414","217.3430355","62680",NA
554210,41.54,46.19,58.46,53.81,5.25,4,3.83333333333333,1.375,3.5,5,5.5,2,5.5,6,1,5,7,6,4,4,2,6,4,3,5,5,5,1,4,2,3,1,1,1,1,1,1,4,3,5,5,5,6,2,2,5,6,1,2,5,6,5,4,"Democrat",0,1,0,"Joe Biden","Joe Biden",0,1,0,0,"$60,001-$80,000",4,"4yearColl",4,"White",1,0,33,"man",1,"North Carolina","Mecklenburg","0.4901","777.490679","75138",NA
315333,12.94,12.6,87.06,87.4,4.5,5.33333333333333,5.5,4,3.5,6.5,5,2.5,5.5,2,1,5,3,5,5,5,5,5,6,3,6,7,7,5,5,6,5,2,3,6,5,3,2,5,2,6,7,5,5,2,3,5,6,1,6,5,5,5,5,"Republican",1,0,0,"Donald Trump","Donald Trump",1,0,0,0,"$40,001-$60,000",3,"2yearColl",3,"White",1,0,53,"woman",0,"Kentucky","Barren","0.4589","34.5887888","49245",NA
520196,52,50,48,50,4.25,4.66666666666667,4.16666666666667,1,3.5,5.5,5.5,3.5,5.5,5,1,5,5,3,4,5,5,4,5,4,4,5,4,2,6,1,1,1,1,1,1,1,1,3,4,6,5,5,6,3,4,5,6,1,2,5,4,2,NA,"Independent",0,0,1,"Joe Biden","Joe Biden",0,1,0,0,"$40,001-$60,000",3,"4yearColl",4,"White",1,0,49,"man",1,"Ohio","Franklin","0.4629","924.8617766","66056",NA
955515,23.46,23.88,76.54,76.12,6.5,1.33333333333333,2.66666666666667,5.125,4.5,5.5,5.5,1.5,4.5,4,1,5,7,6,6,7,1,1,2,1,1,6,6,1,1,4,4,3,5,7,7,7,4,4,5,5,6,5,6,1,2,5,4,1,5,1,1,3,1,"Republican",1,0,0,"Donald Trump","Donald Trump",1,0,0,0,"$120,001-$140,000",7,"GED",2,NA,NA,1,52,"woman",0,"Kansas","Finney","0.4087","10.95945138","62157",NA
313390,37.4,36.5,62.6,63.5,2.75,6,6,3.375,4,6.5,6.5,2,5.5,3,1,4,5,2,2,2,6,6,6,6,6,6,6,6,6,6,5,5,1,5,3,1,1,5,3,7,6,6,7,1,3,5,6,1,5,3,5,4,4,"Republican",1,0,0,"Donald Trump","Robert F. Kennedy Jr.",0,0,1,0,"$60,001-$80,000",4,NA,NA,"Asian",0,0,48,"woman",0,"Texas","Harris","0.4968","1042.130651","63539",NA
296143,32.6,34.6,67.4,65.4,4.25,4.66666666666667,5.33333333333333,4.5,2.5,5,5.5,3,5,4,0,2,4,5,5,3,5,4,5,6,5,4,6,5,6,4,6,4,5,5,5,4,3,3,2,5,5,5,6,4,2,6,4,1,3,6,4,4,5,"Republican",1,0,0,"I did not vote","Joe Biden",0,1,0,0,"$20,001-$40,000",2,"4yearColl",4,"White",1,0,22,"man",1,"Washington","San Juan","0.5377","36.57179587","71678",NA
625226,16.7,19.2,83.3,80.8,4.5,4.33333333333333,5.83333333333333,1.625,1,7,4.5,3.5,5.5,5,0,2,6,5,3,4,3,5,5,5,6,6,6,6,6,1,1,1,2,3,2,2,1,1,1,7,7,6,3,5,2,6,5,1,2,3,NA,NA,5,"Democrat",0,1,0,"I did not vote","Joe Biden",0,1,0,0,"$100,001-$120,000",6,"MA",5,"White",1,0,41,"woman",0,"North Carolina","Pitt","0.4862","104.9774445","48116",NA
404200,22.5,20.35,77.5,79.65,6.5,2.66666666666667,3.83333333333333,4.375,3,5,7,2.5,6,4,1,5,6,7,7,6,3,3,2,1,1,6,7,3,5,5,1,3,3,7,7,6,3,4,2,5,5,7,7,2,3,5,7,1,5,3,1,5,1,"Independent",0,0,1,"I did not vote","Donald Trump",1,0,0,0,"$20,001-$40,000",2,"4yearColl",4,NA,NA,1,48,"woman",0,"Oklahoma","Jackson","0.4252","12.21056252","55293",NA
349975,84.02,92.53,15.98,7.47,6.25,1.33333333333333,1.66666666666667,4.125,1,3.5,4,4,7,6,1,3,6,7,5,7,1,1,2,1,2,2,2,1,2,4,4,4,4,1,7,6,3,1,1,6,1,4,4,4,4,7,7,1,2,1,1,1,1,"Independent",0,0,1,"Donald Trump","Donald Trump",1,0,0,0,"$0-$20,000",1,"4yearColl",4,"White",1,0,34,"man",1,"Colorado","El Paso","0.4324","124.925569","79094",NA
819061,51.4,52.95,48.6,47.05,5,3.66666666666667,3.66666666666667,3.375,5,4.5,6,3,6,5,1,5,5,5,6,4,3,3,5,1,5,6,7,1,2,4,1,1,5,5,3,5,3,5,5,5,4,5,7,2,4,6,6,1,3,4,3,4,4,"Democrat",0,1,0,"Joe Biden","Robert F. Kennedy Jr.",0,0,1,0,"$120,001-$140,000",7,"GED",2,"Black or African American",0,0,50,"man",1,"Massachusetts","Franklin","0.4372","39.1694219","68948",NA
861585,59.54,56.05,40.46,43.95,6.75,1,2.83333333333333,1.875,4.5,6,6,2.5,6,7,1,5,7,7,6,7,1,1,1,1,5,2,4,1,4,2,2,1,2,2,3,2,1,5,4,6,6,6,6,2,3,6,6,1,3,4,3,3,3,"Independent",0,0,1,"Joe Biden","Joe Biden",0,1,0,0,"$80,001-$100,000",5,"4yearColl",4,"White",1,0,41,"man",1,"Michigan","Oakland","0.4668","556.7798567","86597",NA
217616,10.98,11.48,89.02,88.52,4,4,4,4.25,4,4,4,4,4.5,4,1,4,4,4,4,4,4,4,4,4,4,4,4,4,4,5,5,4,4,4,5,3,4,4,4,4,4,4,4,4,4,4,5,1,6,2,2,2,2,"Republican",1,0,0,"Donald Trump","Donald Trump",1,0,0,0,"$100,001-$120,000",6,"4yearColl",4,"White",1,0,33,"man",1,"New York","Queens","0.4546","8158.437153","72807",NA
525063,18.1,18,81.9,82,4.25,3.66666666666667,4.66666666666667,4.25,1,4,7,5,2.5,2,1,5,1,5,5,6,4,1,6,2,1,7,6,6,6,5,4,4,2,7,7,4,1,1,1,3,5,7,7,5,5,3,2,1,7,1,1,5,1,"Republican",1,0,0,"Donald Trump","Donald Trump",1,0,0,0,"$140,001-$160,000",8,"MA",5,"White",1,0,39,"woman",0,"Pennsylvania","Allegheny","0.4823","648.1038604","68874",NA
309193,18.22,18.9,81.78,81.1,3.25,4.33333333333333,5.33333333333333,4.25,4.5,5,6,2,5.5,3,1,4,6,2,2,3,4,4,5,3,6,6,6,5,6,6,5,4,2,6,6,3,2,4,5,4,6,6,6,2,2,5,6,1,5,4,1,5,4,"Independent",0,0,1,"Joe Biden","Joe Biden",0,1,0,0,"Over $200,000",11,"4yearColl",4,"White",1,0,28,"woman",0,"Colorado","Denver","0.4857","1746.533667","81262",NA
440125,64.08,63.87,35.92,36.13,4.25,4,3.66666666666667,2.25,2.5,6,5,5,5,4,1,5,5,3,3,6,2,5,5,2,5,3,6,3,3,2,2,2,2,3,3,3,1,2,3,6,6,5,5,5,5,5,5,1,1,5,5,2,6,"Independent",0,0,1,"Joe Biden","Joe Biden",0,1,0,0,"$80,001-$100,000",5,"PHD",6,"White",1,0,41,"man",1,"Texas","Montgomery","0.4702","205.3210869","87831","None"
145922,60.35,61.1,39.65,38.9,3,4.33333333333333,5.16666666666667,1.5,4,6,5.5,2,5,2,0,3,3,3,3,3,4,4,5,5,6,5,6,3,6,1,1,1,1,5,1,1,1,5,3,5,7,5,6,3,1,5,5,1,4,3,NA,2,5,"Democrat",0,1,0,"Joe Biden","Robert F. Kennedy Jr.",0,0,1,0,"$20,001-$40,000",2,"4yearColl",4,"White",1,0,33,"woman",0,"Arkansas","Benton","0.4603","117.9774558","78974",NA
171329,86.16,86.58,13.84,13.42,5.25,2,4.66666666666667,3.5,2,6,4,6,5,6,1,5,6,5,4,6,2,2,2,2,6,5,6,3,6,4,4,3,3,4,4,3,3,2,2,6,6,5,3,6,6,5,5,1,NA,NA,NA,NA,NA,"Republican",1,0,0,"Donald Trump","Donald Trump",1,0,0,0,"$40,001-$60,000",3,"2yearColl",3,"White",1,0,34,"woman",0,"Virginia","Campbell","0.42","42.33097538","53059",NA
526760,39,39.95,61,60.05,5.25,4.66666666666667,4.33333333333333,3.25,2.5,3.5,4.5,2.5,5,5,0,1,5,6,6,4,4,4,6,2,6,5,6,2,5,3,1,3,3,6,4,3,3,2,3,3,4,5,4,2,3,6,4,1,4,4,2,5,4,"Independent",0,0,1,"I did not vote","Jill Stein",0,0,0,0,"$120,001-$140,000",7,"4yearColl",4,"White",1,0,39,"man",1,"Pennsylvania","York","0.4158","189.5970158","72949",NA
752772,58,56.75,42,43.25,5.5,3.33333333333333,4.33333333333333,1.875,2.5,5,6,3,4.5,7,1,5,7,5,5,5,3,2,5,4,5,3,4,5,5,4,2,1,3,1,1,1,2,3,2,5,5,7,5,4,2,6,3,1,4,4,4,5,5,"Independent",0,0,1,"Joe Biden","Joe Biden",0,1,0,0,"$40,001-$60,000",3,"2yearColl",3,"White",1,0,35,"man",1,"Pennsylvania","York","0.4158","189.5970158","72949",NA
542148,85.91,84.51,14.09,15.49,3,5.33333333333333,6,3.125,1.5,6,6,1.5,6,4,1,4,2,5,2,3,4,6,6,5,6,6,7,5,7,4,5,4,3,2,2,3,2,2,1,6,6,6,6,2,1,6,6,1,5,2,3,2,5,"Republican",1,0,0,"Donald Trump","Donald Trump",1,0,0,0,"$60,001-$80,000",4,"4yearColl",4,"Black or African American",0,0,29,"man",1,"Colorado","Denver","0.4857","1746.533667","81262",NA
628929,50.9,57,49.1,43,5.25,4,2.66666666666667,3,6,4.5,5,3,6,6,1,4,5,6,5,5,3,3,6,2,3,4,4,2,1,5,3,2,3,3,2,3,3,6,6,3,6,5,5,3,3,6,6,1,4,4,3,5,4,"Independent",0,0,1,"Third-party candidate","Robert F. Kennedy Jr.",0,0,1,0,"$60,001-$80,000",4,"GED",2,"White",1,0,38,"woman",0,"Texas","Collin","0.4319","433.4078589","102119","None"
669616,23,28.45,77,71.55,4.25,5,4.66666666666667,4.25,6.5,6,6,1.5,4,2,1,5,7,4,2,4,5,5,5,5,5,4,5,3,6,5,5,4,4,5,4,4,3,6,7,6,6,5,7,1,2,5,3,1,4,3,1,3,1,"Republican",1,0,0,"Joe Biden","Joe Biden",0,1,0,0,"$160,001-$180,000",9,"4yearColl",4,"White",1,0,37,"woman",0,"Virginia","Rockingham","0.4276","36.09542556","72392",NA
722563,50.91,51.1,49.09,48.9,6,2,3.33333333333333,3.125,4.5,3.5,5.5,3,4.5,5,1,5,5,6,6,7,2,2,2,1,4,6,5,1,3,5,3,3,3,2,3,3,3,5,4,3,4,5,6,3,3,5,4,1,1,1,1,1,1,"Republican",1,0,0,"Donald Trump","Donald Trump",1,0,0,0,"$100,001-$120,000",6,"GED",2,"White",1,0,30,"woman",0,"Texas","Walker","0.469","35.22136929","43012",NA
398009,53.3,90.74,46.7,9.26,7,1,1.83333333333333,1.75,3,5,5.5,3.5,5.5,7,1,5,7,7,7,7,1,1,1,1,2,3,3,1,1,4,4,1,1,1,1,1,1,4,2,4,6,4,7,5,2,5,6,1,5,1,1,1,NA,"Republican",1,0,0,"Donald Trump","Donald Trump",1,0,0,0,"$20,001-$40,000",2,"GED",2,"White",1,0,31,"woman",0,"Ohio","Montgomery","0.4596","445.1215694","56636",NA
166819,22.53,21.96,77.47,78.04,5.25,3,3.66666666666667,2,3.5,6,5.5,2,4,4,0,2,6,5,5,5,3,3,3,4,3,2,5,2,6,3,1,1,1,3,2,3,2,4,3,6,6,6,5,2,2,5,3,1,4,4,3,5,5,"Independent",0,0,1,"I did not vote","Joe Biden",0,1,0,0,"$160,001-$180,000",9,"4yearColl",4,"White",1,0,35,"man",1,"New Mexico","San Juan","0.4603","8.919493131","49977","None"
765333,86,100,14,0,6.5,1,2.16666666666667,1.625,3.5,3.5,5,3,5,7,1,4,7,7,7,5,1,1,1,2,6,1,1,1,2,1,1,1,1,2,1,1,5,2,5,2,5,5,5,3,3,6,4,1,1,1,6,1,7,"Independent",0,0,1,"Third-party candidate","Other",0,0,0,1,"$40,001-$60,000",3,"2yearColl",3,"White",1,0,26,NA,NA,"Washington","King","0.4723","394.8557332","110351",NA
505185,59.3,62.06,40.7,37.94,5.5,5,6,3.875,5.5,5,4.5,4,4,6,1,2,7,5,6,4,6,4,5,6,5,5,7,7,6,6,4,2,1,5,6,4,3,7,4,3,7,6,3,5,3,6,2,1,3,3,5,5,4,"Democrat",0,1,0,"Donald Trump","Donald Trump",1,0,0,0,"$80,001-$100,000",5,"4yearColl",4,"White",1,0,26,"man",1,"Ohio","Columbiana","0.4469","75.49120655","51019",NA
627907,31.51,34.03,68.49,65.97,4.25,5,6,1.375,3,5,4,5.5,6,2,1,4,3,5,5,4,6,4,5,5,6,6,7,6,6,1,2,2,2,1,1,1,1,3,3,3,7,2,6,6,5,5,7,1,4,1,3,1,1,"Republican",1,0,0,"Donald Trump","Donald Trump",1,0,0,0,"$20,001-$40,000",2,"4yearColl",4,"White",1,0,35,"woman",0,"Indiana","Jackson","0.4153","33.26551785","61943",NA
978323,29.28,29.16,70.72,70.84,4.75,4.66666666666667,5,1.625,2.5,4,6,2.5,6,5,1,4,6,5,5,3,3,5,6,5,3,6,5,6,5,2,2,1,2,2,1,1,2,3,2,3,5,6,6,3,2,6,6,1,2,3,2,5,NA,"Independent",0,0,1,"Joe Biden","Joe Biden",0,1,0,0,"$140,001-$160,000",8,"4yearColl",4,"White",1,0,46,"man",1,"Ohio","Cuyahoga","0.5086","1058.845542","55250",NA
573401,74.3,77.67,25.7,22.33,5.25,3,4.16666666666667,1.75,4,4.5,2.5,6.5,3,4,1,5,6,5,6,4,3,3,3,4,5,5,4,4,3,1,1,2,2,2,2,2,2,4,4,3,6,2,3,7,6,3,3,1,4,4,3,NA,NA,"Independent",0,0,1,"Joe Biden","Joe Biden",0,1,0,0,"$100,001-$120,000",6,"MA",5,"White",1,0,36,"woman",0,"Pennsylvania","Beaver","0.4309","148.2328331","64593",NA
716879,59.4,58.4,40.6,41.6,6,1.33333333333333,3.33333333333333,3.5,5.5,4,6.5,2.5,5,6,1,5,6,6,7,5,1,1,2,1,3,6,6,1,3,3,2,2,1,6,6,5,3,5,6,3,5,6,7,2,3,6,4,1,7,1,1,3,1,"Republican",1,0,0,"Donald Trump","Donald Trump",1,0,0,0,"$180,001-$200,000",10,"4yearColl",4,"White",1,0,53,"man",1,"Michigan","Washtenaw","0.4842","200.1470343","77359",NA
883197,10.7,27.9,89.3,72.1,5.5,3.66666666666667,3.5,3.25,3.5,5.5,6,2.5,5.5,5,1,5,5,6,5,6,2,3,6,1,2,6,5,2,5,4,2,2,2,6,3,4,3,4,3,5,6,6,6,3,2,5,6,1,6,2,1,6,1,"Independent",0,0,1,"Donald Trump","Donald Trump",1,0,0,0,"$140,001-$160,000",8,"4yearColl",4,NA,NA,1,40,"woman",0,"Virginia","Arlington","0.4464","3442.635855","124474",NA
460869,57.45,60.25,42.55,39.75,5,2,3.5,1.875,2.5,5,5,6,5.5,5,1,5,6,5,6,3,2,3,1,2,5,3,4,2,5,2,2,1,2,1,3,3,1,2,3,6,4,5,5,7,5,5,6,1,2,6,5,3,5,"Independent",0,0,1,"Joe Biden","Joe Biden",0,1,0,0,"$60,001-$80,000",4,"4yearColl",4,"White",1,0,30,"man",1,"Massachusetts","Bristol","0.4579","390.1505028","72857",NA
953820,12.25,28.5,87.75,71.5,5,4.66666666666667,4.16666666666667,1.875,3.5,7,7,1.5,6.5,5,1,5,5,5,6,4,4,6,4,4,4,4,4,4,5,1,1,1,2,5,1,2,2,3,4,7,7,7,7,1,2,7,6,1,1,4,4,3,5,"Independent",0,0,1,"Joe Biden","Joe Biden",0,1,0,0,"$80,001-$100,000",5,"MA",5,"White",1,0,45,"woman",0,"New York","New York","0.5968","27819.8048","84371",NA
461385,30.6,30.6,69.4,69.4,6,2,3.83333333333333,1,6,3,7,3,7,7,1,5,7,7,3,7,2,1,3,4,5,1,5,3,5,1,1,1,1,1,1,1,1,7,5,1,5,7,7,5,1,7,7,1,1,6,4,5,4,"Independent",0,0,1,"I did not vote","Donald Trump",1,0,0,0,"$160,001-$180,000",9,"2yearColl",3,"Black or African American",0,0,50,"man",1,"Nevada","Clark","0.4697","104.7773624","63735",NA
265520,42.33,45.87,57.67,54.13,2,5.33333333333333,6,3.25,2,5.5,6,2,6,5,1,4,2,2,2,2,4,6,6,6,6,5,7,5,7,4,5,4,2,4,2,3,2,3,1,6,5,6,6,2,2,6,6,1,6,2,4,2,5,"Republican",1,0,0,"Donald Trump","Donald Trump",1,0,0,0,"$60,001-$80,000",4,"4yearColl",4,"Black or African American",0,0,32,"man",1,"Colorado","Denver","0.4857","1746.533667","81262",NA
564935,77.06,85.65,22.94,14.35,3.75,4.66666666666667,4.33333333333333,4.625,4,6,6,2,6,5,1,5,3,4,3,5,4,5,5,3,4,5,6,4,4,3,3,5,5,6,5,5,5,5,3,7,5,5,7,1,3,5,7,1,5,1,1,1,1,"Republican",1,0,0,"Donald Trump","Donald Trump",1,0,0,0,"$20,001-$40,000",2,"4yearColl",4,"White",1,0,32,"woman",0,"Massachusetts","Middlesex","0.4697","753.0895333","112345",NA
726166,54.15,52.69,45.85,47.31,5.25,4,3.33333333333333,2.625,2.5,7,6.5,2,7,3,1,5,3,5,7,6,5,4,3,1,1,5,7,3,3,2,1,4,1,1,5,6,1,3,2,7,7,6,7,2,2,7,7,1,7,1,1,2,1,"Republican",1,0,0,"Donald Trump","Donald Trump",1,0,0,0,"$100,001-$120,000",6,"GED",2,"White",1,0,40,"woman",0,"Florida","Nassau","0.4361","47.960964","78069",NA
518893,58.25,70.5,41.75,29.5,5.5,2,2.16666666666667,1.125,2.5,6,5.5,4.5,6,7,0,2,7,6,3,6,2,3,1,2,2,1,3,2,3,2,1,1,1,1,1,1,1,2,3,5,7,6,5,6,3,6,6,1,1,6,7,1,7,"Independent",0,0,1,"I did not vote","Other",0,0,0,1,"$20,001-$40,000",2,"4yearColl",4,"White",1,0,30,"woman",0,"New Jersey","Ocean","0.4539","363.7218004","75732",NA
225139,89.35,87.57,10.65,12.43,6.75,3,2,2.25,7,6.5,7,1.5,6,7,1,5,7,7,7,6,6,1,2,1,1,1,7,1,1,3,1,1,1,4,6,1,1,7,7,7,6,7,7,1,2,5,7,1,NA,NA,6,NA,NA,"Democrat",0,1,0,"Joe Biden","Cornel West",0,0,0,0,"$40,001-$60,000",3,"4yearColl",4,"Black or African American",0,0,47,"woman",0,"North Carolina","Mecklenburg","0.4901","777.490679","75138",NA
385015,54.74,64.06,45.26,35.94,5.5,3.33333333333333,2.66666666666667,4.375,1.5,3.5,5.5,5,7,7,1,2,5,6,6,5,3,2,5,3,1,6,4,1,1,5,1,4,1,7,7,7,3,2,1,3,4,5,6,5,5,7,7,1,6,1,1,4,2,"Republican",1,0,0,"Donald Trump","Donald Trump",1,0,0,0,"$0-$20,000",1,"4yearColl",4,"Black or African American",0,0,44,"woman",0,"New York","Erie","0.4649","340.609971","63014",NA
746528,79.73,79.78,20.27,20.22,4.75,5.66666666666667,4.66666666666667,4.25,4.5,4.5,3.5,3,3.5,5,1,4,5,6,5,3,6,5,6,4,4,4,5,5,6,6,5,4,3,4,5,4,3,5,4,5,4,3,4,2,4,3,4,1,5,3,3,2,5,"Republican",1,0,0,"Donald Trump","Donald Trump",1,0,0,0,"$60,001-$80,000",4,"PHD",6,"White",1,0,35,"woman",0,"Florida","Palm Beach","0.5199","284.088504","70024",NA
486148,69.44,69.22,30.56,30.78,6,4.33333333333333,4.5,2.75,1,4,6.5,5,6,2,1,5,7,5,6,6,5,3,5,1,3,6,6,5,6,4,3,2,2,4,4,1,2,1,1,3,5,6,7,5,5,6,6,1,6,2,1,4,1,"Republican",1,0,0,"Donald Trump","Donald Trump",1,0,0,0,"$40,001-$60,000",3,"2yearColl",3,"White",1,0,55,"woman",0,"Michigan","Ingham","0.4781","201.0352465","57733","I think I accidently selected id vote for Joe Biden.  That is incorrect, I would vote for Trump.  Thanks!"
491890,9.74999999999999,9.51,90.25,90.49,4.5,5.66666666666667,4.83333333333333,4.75,5,6,7,1.5,3.5,3,1,5,3,6,4,5,5,5,7,1,6,7,7,2,6,1,4,7,4,7,7,7,1,4,6,5,7,7,7,2,1,5,2,1,7,1,1,5,4,"Republican",1,0,0,"Donald Trump","Other",0,0,0,1,NA,NA,"4yearColl",4,"White",1,0,57,"woman",0,"Indiana","Allen","0.4414","217.3430355","62680",NA
238302,28.69,38.89,71.31,61.11,4.25,4,5.5,1.625,3,6.5,6.5,3,5.5,5,1,4,3,3,5,6,5,5,2,7,6,3,6,6,5,5,1,1,2,1,1,1,1,4,2,6,7,6,7,3,3,5,6,1,5,3,4,NA,6,"Republican",1,0,0,"Joe Biden","Donald Trump",1,0,0,0,"$60,001-$80,000",4,"4yearColl",4,"Black or African American",0,0,30,"woman",0,"Michigan","Wayne","0.4906","1111.243974","52644",NA
954450,72.21,74.3,27.79,25.7,3.25,4.66666666666667,5.16666666666667,5,4.5,5.5,6.5,3,4,3,1,5,3,3,3,4,4,4,6,2,6,6,7,4,6,4,4,4,6,6,5,5,6,4,5,6,5,6,7,3,3,5,3,1,6,1,1,5,3,"Republican",1,0,0,"Donald Trump","Donald Trump",1,0,0,0,"$120,001-$140,000",7,"MA",5,"White",1,0,46,"woman",0,"Texas","Parker","0.4225","55.47078511","85613","Thank you!"
788462,66.73,68.66,33.27,31.34,5.25,3.33333333333333,4.66666666666667,1.625,2,6,3.5,5,4,2,1,5,6,6,6,3,3,2,5,1,4,6,7,4,6,2,1,1,3,2,1,2,1,2,2,6,6,4,3,5,5,5,3,1,5,1,1,2,2,"Republican",1,0,0,"Donald Trump","Donald Trump",1,0,0,0,"$100,001-$120,000",6,"2yearColl",3,"White",1,0,54,"woman",0,"Tennessee","Sumner","0.4385","130.8924075","71268","N/A"
949969,53.6,54.65,46.4,45.35,5.75,2.33333333333333,2.33333333333333,6,1.5,2.5,5,6.5,4.5,4,1,5,5,6,6,6,2,2,3,2,2,4,2,1,3,7,7,6,7,1,7,7,6,1,2,1,4,5,5,7,6,2,7,1,6,1,1,2,1,"Republican",1,0,0,"Donald Trump","Donald Trump",1,0,0,0,"$20,001-$40,000",2,"GED",2,"White",1,0,43,"man",1,"Louisana","St. Bernard",NA,NA,NA,NA
617836,28.25,29,71.75,71,2.75,5.33333333333333,4.83333333333333,3.125,2.5,5,6.5,1,2.5,2,1,5,2,3,3,3,6,4,6,3,4,6,7,3,6,2,1,2,1,6,6,6,1,3,2,7,3,6,7,1,1,3,2,1,6,2,1,4,1,"Republican",1,0,0,"Donald Trump","Donald Trump",1,0,0,0,"$80,001-$100,000",5,"2yearColl",3,"White",1,0,41,"man",1,"New York","Erie","0.4649","340.609971","63014",NA
406068,33.7,35.75,66.3,64.25,4.75,4,4.16666666666667,3.375,2,6,5,2.5,5.5,5,1,5,4,5,5,5,4,4,4,2,3,6,6,3,5,4,4,3,2,4,4,4,2,2,2,6,6,5,5,3,2,5,6,1,6,1,1,6,1,"Republican",1,0,0,"Donald Trump","Donald Trump",1,0,0,0,"$0-$20,000",1,"GED",2,"White",1,0,34,"man",1,"Michigan","Wexford","0.4378","22.629962","53711","n/a"
157937,23.75,24.15,76.25,75.85,5.5,4,3.83333333333333,1.75,2.5,6,5.5,3.5,5,3,1,5,5,6,6,5,3,3,6,1,5,6,7,1,3,3,1,1,3,2,2,1,1,2,3,6,6,6,5,5,2,5,5,1,6,2,1,3,2,"Republican",1,0,0,"Donald Trump","Donald Trump",1,0,0,0,"$120,001-$140,000",7,"4yearColl",4,"White",1,0,29,"man",1,"Maryland","Harford","0.4073","221.7271443","95951",NA
636223,56.15,60.25,43.85,39.75,5.5,4.66666666666667,3.33333333333333,1.125,1.5,6,5,3.5,5.5,4,0,1,7,7,5,3,4,5,5,2,1,5,5,1,6,1,1,2,1,1,1,1,1,1,2,6,6,6,4,5,2,5,6,1,NA,NA,NA,NA,NA,"Independent",0,0,1,"I did not vote","Donald Trump",1,0,0,0,"$0-$20,000",1,"4yearColl",4,NA,NA,1,27,"woman",0,"New York","Bronx","0.5117","13202.5153","43143",NA
790031,42.25,43.75,57.75,56.25,4.5,5,3,4.5,4,4,6,3,4,3,1,3,5,5,5,3,5,5,5,2,2,4,5,3,2,5,6,3,1,7,6,5,3,5,3,3,5,6,6,3,3,5,3,1,5,3,1,4,4,"Republican",1,0,0,"I did not vote","Donald Trump",1,0,0,0,"$100,001-$120,000",6,"4yearColl",4,"White",1,0,32,"man",1,"Pennsylvania","Montgomery","0.4663","656.5915611","102648",NA
388960,91.98,94.74,8.02,5.26,6.75,1,2.83333333333333,2.875,3,6,5.5,3.5,3,7,1,5,6,7,7,7,1,1,1,1,4,3,4,4,1,4,2,1,1,5,4,4,2,4,2,6,6,6,5,4,3,3,3,1,NA,NA,NA,NA,NA,"Republican",1,0,0,"Donald Trump","Donald Trump",1,0,0,0,"$20,001-$40,000",2,"GED",2,"White",1,0,58,"woman",0,"Texas","Cherokee","0.4335","19.03201416","48664",NA
144042,21.95,20.53,78.05,79.47,4.75,5,4,2.625,4,6,6,2,6,7,1,4,5,6,2,6,5,5,5,3,3,4,6,4,4,7,6,2,1,1,2,1,1,6,2,6,6,6,6,2,2,6,6,1,6,2,5,4,7,"Republican",1,0,0,"Donald Trump","Donald Trump",1,0,0,0,"Over $200,000",11,"MA",5,"White",1,0,25,"man",1,"Texas","Dallas","0.491","1145.193915","63549",NA
230657,8.42,9.25,91.58,90.75,4,4,3.33333333333333,2.875,3.5,7,7,1,6,3,1,4,4,4,4,4,4,4,4,1,4,4,4,4,3,4,1,1,4,6,4,2,1,5,2,7,7,7,7,1,1,5,7,1,4,3,3,4,4,"Republican",1,0,0,"Donald Trump","Donald Trump",1,0,0,0,"$40,001-$60,000",3,"GED",2,"White",1,0,51,"woman",0,"California","San Bernardino","0.439","41.10128555","74218",NA
334312,16.27,16.81,83.73,83.19,2.75,6,6.16666666666667,4.125,3,6,6,2,5,5,1,5,3,3,3,2,6,6,6,6,6,6,7,6,6,6,5,3,4,4,5,3,3,4,2,6,6,6,6,2,2,5,5,1,2,6,3,4,3,"Republican",1,0,0,"Donald Trump","Donald Trump",1,0,0,0,"$40,001-$60,000",3,"PHD",6,"White",1,0,30,"man",1,"Maryland","Baltimore","0.4551","534.0413784","80159",NA
795314,29,28,71,72,3.75,6,6.16666666666667,1.5,4.5,7,7,1,6,6,1,5,5,4,4,2,6,6,6,6,7,6,6,6,6,2,1,2,2,1,1,2,1,7,2,7,7,7,7,1,1,6,6,1,7,1,5,2,2,"Republican",1,0,0,"Donald Trump","Donald Trump",1,0,0,0,"$60,001-$80,000",4,"4yearColl",4,"White",1,0,27,"woman",0,"Georgia","Fulton","0.5342","749.0585218","82820","THANK YOU"
129004,67.54,89.85,32.46,10.15,6.75,1,1.33333333333333,1.75,3,5.5,6,2,6.5,7,0,2,7,7,6,7,1,1,1,1,2,1,1,2,1,4,2,1,3,1,1,1,1,3,3,6,5,6,6,2,2,6,7,1,2,4,5,5,5,"Independent",0,0,1,"Joe Biden","Jill Stein",0,0,0,0,"$40,001-$60,000",3,"4yearColl",4,"Black or African American",0,0,59,"woman",0,"Georgia","Hall","0.459","192.5293528","68057",NA
908981,82.32,82.3,17.68,17.7,4.5,6,5.5,4.625,4,5,3.5,4.5,4.5,6,1,2,4,7,5,2,7,6,5,5,5,7,6,4,6,7,6,1,3,6,7,3,4,7,1,4,6,6,1,5,4,6,3,1,5,5,5,3,4,"Republican",1,0,0,"Joe Biden","Joe Biden",0,1,0,0,"$80,001-$100,000",5,"4yearColl",4,"White",1,0,42,"man",1,"Ohio","Columbiana","0.4469","75.49120655","51019",NA
473652,21.9,21.9,78.1,78.1,4.5,5,5.66666666666667,3.5,4.5,5,6,3.5,6,5,1,4,6,5,5,2,5,6,4,3,7,6,7,6,5,5,5,7,2,3,3,2,1,7,2,4,6,5,7,4,3,6,6,1,6,3,4,3,5,"Republican",1,0,0,"I did not vote","Joe Biden",0,1,0,0,"$20,001-$40,000",2,"2yearColl",3,"White",1,0,21,"man",1,"Florida","Marion","0.4575","84.68030731","54555",NA
692618,87.08,89.74,12.92,10.26,6,3.66666666666667,4,1.5,5,5.5,3.5,2,6.5,5,1,5,7,6,6,5,3,3,5,1,5,6,5,5,2,2,2,1,1,2,2,1,1,6,4,6,5,1,6,2,2,7,6,1,NA,NA,NA,NA,NA,"Independent",0,0,1,"Donald Trump","Donald Trump",1,0,0,0,"$20,001-$40,000",2,"2yearColl",3,"White",1,0,40,"woman",0,"Ohio","Gallia","0.4462","24.98947146","49575",NA
690006,36.2,45.3,63.8,54.7,5.5,3,4,1.75,2.5,7,6.5,2.5,6.5,3,1,5,6,6,5,5,2,2,5,3,6,5,3,2,5,1,1,2,2,3,2,2,1,2,3,7,7,7,6,2,3,6,7,1,4,4,2,2,3,"Independent",0,0,1,"Third-party candidate","Other",0,0,0,1,"$80,001-$100,000",5,"4yearColl",4,"White",1,0,36,"woman",0,"Missouri","Jackson","0.4547","441.9796225","63282","The 100 point scale is a little frustrating - it might be better that each bar maxes to 50 so that one doesn't automaticaly scale too high."
829035,68.1,67.2,31.9,32.8,5,3.33333333333333,4.66666666666667,3.375,3.5,5,5,3,4,4,1,3,5,5,5,5,3,3,4,2,5,4,6,5,6,4,4,3,3,3,5,2,3,4,3,5,5,5,5,3,3,4,4,1,5,3,2,3,5,"Republican",1,0,0,"Donald Trump","Donald Trump",1,0,0,0,NA,NA,"2yearColl",3,"White",1,0,44,"woman",0,"New York","Niagara","0.4391","156.4831231","61068",NA
270777,27,27.2,73,72.8,5.75,1.66666666666667,3.33333333333333,3.375,2.5,5,3.5,6,3.5,2,1,5,4,6,6,7,2,1,2,1,2,6,6,1,4,2,1,1,1,6,6,6,4,2,3,5,5,6,1,6,6,5,2,1,7,1,1,5,1,"Republican",1,0,0,"Donald Trump","Donald Trump",1,0,0,0,"$60,001-$80,000",4,"2yearColl",3,"White",1,0,57,"woman",0,"North Carolina","Johnston","0.4298","93.28731529","69889",NA
223597,51,51,49,49,7,1.66666666666667,3.33333333333333,2.125,3,6.5,4,2.5,4.5,7,1,3,7,7,7,7,2,2,1,3,3,1,6,2,5,1,1,2,1,2,6,2,2,1,5,6,7,2,6,1,4,5,4,1,3,3,3,3,3,"Democrat",0,1,0,"Donald Trump","Donald Trump",1,0,0,0,"$20,001-$40,000",2,"2yearColl",3,"White",1,0,42,"woman",0,"Wisconsin","Dunn","0.4225","20.20886208","64065",NA
535032,6.14,6.68000000000001,93.86,93.32,3.5,5,3.33333333333333,4.75,4,7,7,1,4,1,1,5,2,1,7,4,5,5,5,1,2,6,6,2,3,7,1,1,1,7,7,7,7,5,3,7,7,7,7,1,1,5,3,1,7,1,1,1,1,"Republican",1,0,0,"Donald Trump","Donald Trump",1,0,0,0,"$80,001-$100,000",5,"2yearColl",3,"White",1,0,46,"woman",0,"Kentucky","Bracken","0.4246","15.81994256","55347",NA
544853,17.35,21.85,82.65,78.15,6.25,2.33333333333333,3.5,4.5,2.5,6.5,7,3.5,3.5,7,1,5,4,7,7,7,5,1,1,1,1,6,5,5,3,6,7,3,2,6,6,5,1,3,2,7,6,7,7,5,2,5,2,1,7,1,1,6,1,"Independent",0,0,1,"Donald Trump","Donald Trump",1,0,0,0,"$60,001-$80,000",4,"GED",2,"White",1,0,60,"woman",0,"Florida","Sumter","0.4232","83.85731716","69707",NA
671908,100,100,0,0,4,4,4,3,3,4,3.5,4.5,4.5,5,1,3,4,4,4,4,4,4,4,4,4,4,4,4,4,4,4,1,1,3,4,4,3,3,3,4,4,4,3,4,5,5,4,1,4,4,4,4,4,"Republican",1,0,0,"I did not vote","Other",0,0,0,1,"$60,001-$80,000",4,"2yearColl",3,"White",1,0,35,"woman",0,"Oregon","Umatilla","0.4168","9.233697886","58764",NA
256355,40.98,35.86,59.02,64.14,5.25,4,4,3.875,5.5,6.5,5.5,2.5,6.5,5,1,5,3,6,6,6,4,3,5,1,3,5,5,5,5,3,5,2,6,5,5,3,2,6,5,7,6,6,5,2,3,7,6,1,6,1,4,5,2,"Republican",1,0,0,"Donald Trump","Robert F. Kennedy Jr.",0,0,1,0,NA,NA,"4yearColl",4,"White",1,0,31,"man",1,"Texas","Dallas","0.491","1145.193915","63549",NA
839594,52.05,52.75,47.95,47.25,5,4,4,2.375,4.5,5,5.5,3.5,4.5,6,1,3,5,5,5,5,4,4,4,4,4,4,4,4,4,4,2,1,1,3,3,3,2,5,4,4,6,6,5,5,2,5,4,1,5,3,NA,NA,NA,"Republican",1,0,0,"Donald Trump","Robert F. Kennedy Jr.",0,0,1,0,"$60,001-$80,000",4,"4yearColl",4,"multiracial",0,0,32,"woman",0,"Florida","Santa Rosa","0.4114","65.00332156","80837",NA
630163,61.26,60.7,38.74,39.3,4.75,4,4,4.125,2.5,4,4,5,4.5,5,0,2,6,4,5,4,4,4,4,3,5,5,4,2,5,5,5,4,2,5,5,4,3,3,2,3,5,5,3,6,4,6,3,1,5,3,3,3,4,"Republican",1,0,0,"I did not vote","Donald Trump",1,0,0,0,"$80,001-$100,000",5,"2yearColl",3,"White",1,0,49,"woman",0,"South Carolina","Aiken","0.4537","60.19984103","56711",NA
244142,25,23.75,75,76.25,2.5,5,6,4.125,5,6.5,6,1,5,2,1,5,3,2,2,3,5,5,5,4,6,7,7,6,6,4,3,4,5,6,5,5,1,5,5,7,6,5,7,1,1,5,5,1,5,4,2,5,4,"Republican",1,0,0,"Joe Biden","Joe Biden",0,1,0,0,"$100,001-$120,000",6,"MA",5,"White",1,0,28,"man",1,"Kansas","Sedgwick","0.4575","198.2078776","60540",NA
591468,15.21,16.22,84.79,83.78,3,5.66666666666667,6.5,2.5,3.5,5,5,2.5,4.5,6,1,3,4,3,3,2,6,6,5,5,7,7,7,6,7,2,3,2,3,3,3,3,1,5,2,5,5,5,5,3,2,6,3,1,3,5,5,5,6,"Republican",1,0,0,"Joe Biden","Joe Biden",0,1,0,0,"$60,001-$80,000",4,"4yearColl",4,"White",1,0,43,"woman",0,"North Carolina","Washington","0.4994","13.54495067","42582",NA
400631,0,98,100,2,7,1,1,1.125,3.5,5.5,5.5,3,6.5,7,1,4,7,7,7,7,1,1,1,1,1,1,1,1,1,1,2,1,1,1,1,1,1,5,2,4,7,6,5,4,2,6,7,1,1,4,2,4,4,"Independent",0,0,1,"Third-party candidate","Joe Biden",0,1,0,0,NA,NA,"GED",2,NA,NA,1,26,"woman",0,"Georgia","Clayton","0.4189","759.4524648","51422",NA
404991,93.8,93.44,6.2,6.56,7,1,4,2.125,2.5,6.5,5.5,1.5,4.5,7,1,5,7,7,7,7,1,1,1,4,4,4,6,2,4,4,1,1,2,2,3,2,2,4,1,7,6,5,6,1,2,4,5,1,NA,NA,NA,NA,NA,"Independent",0,0,1,"Joe Biden","Joe Biden",0,1,0,0,"$0-$20,000",1,"noHS",1,"multiracial",0,0,55,"woman",0,"Colorado","El Paso","0.4324","124.925569","79094",NA
733124,72.84,72.94,27.16,27.06,5.75,4,4.16666666666667,3.375,4,6.5,7,4,7,5,1,5,7,7,4,5,4,2,6,1,5,6,6,4,3,4,1,3,4,5,5,4,1,5,3,6,7,7,7,5,3,7,7,1,5,2,1,6,2,"Republican",1,0,0,"Donald Trump","Donald Trump",1,0,0,0,"Over $200,000",11,"MA",5,"White",1,0,44,"woman",0,"Pennsylvania","Chester","0.4531","266.0474171","109616",NA
462078,24.29,24.63,75.71,75.37,5.25,5,4,1.75,7,7,7,1,7,5,1,5,6,5,4,6,5,5,5,1,6,5,5,2,5,1,1,1,1,7,1,1,1,7,7,7,7,7,7,1,1,7,7,1,5,1,1,1,1,"Republican",1,0,0,"Donald Trump","Donald Trump",1,0,0,0,"$180,001-$200,000",10,"PHD",6,"White",1,0,43,"man",1,"Massachusetts","Worcester","0.4541","210.1639701","84583",NA
705308,86.66,87.31,13.34,12.69,6,1.66666666666667,2.33333333333333,4.5,6,4,5.5,5,6,7,0,1,6,6,6,6,2,1,2,1,4,1,5,1,2,5,4,5,5,5,4,5,3,5,7,2,6,5,6,5,5,6,6,1,1,1,1,1,1,"Independent",0,0,1,"I did not vote","Donald Trump",1,0,0,0,"$40,001-$60,000",3,"GED",2,"White",1,0,29,"man",1,"Texas","Hays","0.4496","116.2599464","79336","N/a"
338055,53.81,47.93,46.19,52.07,5,4.33333333333333,3.83333333333333,3.875,2,2.5,6,5,3.5,6,0,1,6,6,3,5,5,3,5,2,5,5,5,3,3,6,5,4,3,3,4,3,3,2,2,2,3,6,6,5,5,4,3,1,5,3,2,3,4,"Republican",1,0,0,"I did not vote","Donald Trump",1,0,0,0,"$60,001-$80,000",4,"2yearColl",3,"White",1,0,37,"man",1,"California","San Joaquin","0.4463","203.0389818","79598",NA
743564,82.02,89.61,17.98,10.39,5.5,3.33333333333333,5,3.75,2.5,5.5,4.5,2.5,3.5,7,1,5,5,6,5,6,4,2,4,6,1,7,7,4,5,4,5,3,5,4,3,4,2,2,3,5,6,5,4,3,2,4,3,1,5,1,1,2,3,"Republican",1,0,0,"Donald Trump","Donald Trump",1,0,0,0,"$60,001-$80,000",4,"GED",2,"White",1,0,48,"woman",0,"New York","Suffolk","0.4438","630.0681534","112681","thank you"
322442,54.3,56.86,45.7,43.14,6.25,2,2,3.125,3,3.5,5.5,5,5,6,1,4,7,6,6,6,2,2,2,1,3,3,2,1,2,3,4,3,2,4,3,4,2,3,3,4,3,5,6,5,5,6,4,1,4,3,2,3,3,"Republican",1,0,0,"Donald Trump","Donald Trump",1,0,0,0,"$60,001-$80,000",4,"4yearColl",4,"White",1,0,35,"man",1,"South Carolina","Horry","0.4426","109.2951844","56342",NA
384317,74.3,70.6,25.7,29.4,4.75,1,3,3.5,3,3,6,5.5,3.5,6,1,5,2,7,4,6,1,1,1,1,1,5,7,1,3,4,5,1,4,5,3,3,3,3,3,3,3,5,7,6,5,3,4,1,7,1,1,1,1,"Republican",1,0,0,"Donald Trump","Donald Trump",1,0,0,0,"$80,001-$100,000",5,"2yearColl",3,"White",1,0,35,"woman",0,"California","Kern","0.4649","41.92545231","57926",NA
568556,48.5,62,51.5,38,5,2.66666666666667,4.5,3,2.5,6,5,2,5.5,7,1,5,6,6,2,6,2,1,5,3,2,6,6,5,5,5,2,2,3,3,3,3,3,3,2,6,6,5,5,2,2,6,5,1,6,2,2,3,6,"Republican",1,0,0,"Donald Trump","Donald Trump",1,0,0,0,"$60,001-$80,000",4,"4yearColl",4,"White",1,0,28,"man",1,"Wisconsin","Washington","0.3975","120.6200114","85266",NA
297368,55.25,54,44.75,46,5,5.33333333333333,5.16666666666667,2,2,5,4.5,5.5,5.5,5,1,5,5,5,7,3,5,5,6,3,5,6,6,5,6,3,2,1,1,5,1,2,1,1,3,4,6,6,3,7,4,5,6,1,6,1,2,3,5,"Republican",1,0,0,"Joe Biden","Donald Trump",1,0,0,0,"$20,001-$40,000",2,"GED",2,"Black or African American",0,0,26,"woman",0,"Vermont","Lamoille","0.5","21.26097217","64083",NA
625007,26.15,25.35,73.85,74.65,3.25,3.66666666666667,5,3.5,3.5,5.5,5,6.5,5,1,1,5,1,3,5,4,3,2,6,3,1,7,7,6,6,1,1,3,3,5,5,7,3,3,4,4,7,5,5,7,6,5,5,1,6,2,1,3,1,"Republican",1,0,0,"Joe Biden","Joe Biden",0,1,0,0,"$60,001-$80,000",4,"2yearColl",3,"White",1,0,33,"man",1,"Virginia","Fairfax","0.4312","1129.205805","133845",NA
221730,54,50,46,50,6.5,3.33333333333333,2.83333333333333,3.375,1,6,3.5,5,6,6,1,5,7,6,7,6,3,4,3,5,1,3,6,1,1,6,4,4,3,3,3,2,2,1,1,6,6,5,2,5,5,5,7,1,6,2,1,1,NA,"Republican",1,0,0,"Donald Trump","Donald Trump",1,0,0,0,"$0-$20,000",1,"GED",2,"Black or African American",0,0,43,"woman",0,"Texas","Harris","0.4968","1042.130651","63539",NA
206204,67.49,69.02,32.51,30.98,4.75,4,4.66666666666667,3.125,3.5,6.5,7,1,6.5,1,1,2,4,5,6,4,3,3,6,1,6,7,6,3,5,4,1,4,2,4,4,3,3,4,3,7,6,7,7,1,1,6,7,1,6,1,1,3,1,"Republican",1,0,0,"Donald Trump","Robert F. Kennedy Jr.",0,0,1,0,"$40,001-$60,000",3,"GED",2,"White",1,0,57,"woman",0,"New York","Madison","0.447","42.07261082","66419",NA
967051,18.49,19.87,81.51,80.13,4.5,5,4.33333333333333,2.875,2,5,5.5,3,3,3,1,2,6,5,4,3,5,5,5,3,5,5,5,5,3,4,2,3,3,3,2,3,3,2,2,5,5,6,5,3,3,3,3,1,5,2,1,5,3,"Republican",1,0,0,"Donald Trump","Donald Trump",1,0,0,0,"$60,001-$80,000",4,"4yearColl",4,"White",1,0,33,"woman",0,"Missouri","Adair","0.5515","17.23537089","47619",NA
493968,72,70.75,28,29.25,6,2,2.5,5.5,3,5.5,6.5,2,4.5,6,1,5,5,6,6,7,2,2,2,1,1,5,5,1,2,5,6,4,6,5,6,6,6,3,3,5,6,7,6,2,2,5,4,1,6,1,1,2,5,"Republican",1,0,0,"Donald Trump","Donald Trump",1,0,0,0,"$100,001-$120,000",6,"2yearColl",3,"White",1,0,34,"man",1,"Minnesota","Hennepin","0.4788","861.2850078","84220","VOTE RED"
471118,97.46,97.28,2.54,2.72,7,1,2.33333333333333,1.875,1.5,5,6,5.5,4,7,1,5,7,7,7,7,1,1,1,1,2,2,3,3,3,2,3,1,1,3,1,2,2,2,1,5,5,6,6,7,4,5,3,1,7,1,1,1,5,"Republican",1,0,0,"Donald Trump","Donald Trump",1,0,0,0,"$20,001-$40,000",2,"4yearColl",4,"White",1,0,44,"woman",0,"Tennessee","Sevier","0.4522","62.74662472","51771",NA
312074,46.77,43.54,53.23,56.46,5.75,2.33333333333333,4.33333333333333,4.375,3,6.5,6.5,2,6.5,5,1,5,5,6,6,6,3,1,3,1,5,6,7,2,5,4,6,2,1,6,6,7,3,3,3,6,7,6,7,3,1,6,7,1,6,1,1,4,4,"Republican",1,0,0,"Donald Trump","Donald Trump",1,0,0,0,"$120,001-$140,000",7,"4yearColl",4,"White",1,0,40,"woman",0,"New York","Albany","0.4498","227.0299683","74512",NA
152063,54.19,50.73,45.81,49.27,5.5,3.33333333333333,3.66666666666667,4,1,5.5,5,1,3.5,4,0,2,5,6,5,6,3,2,5,1,2,6,6,2,5,4,2,5,4,7,3,5,2,1,1,6,5,7,3,1,1,5,2,1,4,1,3,1,1,"Republican",1,0,0,"Donald Trump","Other",0,0,0,1,"$100,001-$120,000",6,"GED",2,"White",1,0,37,"woman",0,"South Carolina","Edgefield","0.4781","20.63974653","57774",NA
420736,39.25,40.75,60.75,59.25,4.25,5.33333333333333,6.5,3.25,1.5,6.5,7,2.5,5.5,6,0,4,6,3,5,3,5,6,5,6,7,6,7,6,7,7,5,1,3,2,2,5,1,2,1,6,7,7,7,3,2,6,5,1,7,4,6,5,6,"Republican",1,0,0,"Donald Trump",NA,NA,NA,NA,NA,"$40,001-$60,000",3,"4yearColl",4,"White",1,0,26,"man",1,"Colorado","Denver","0.4857","1746.533667","81262",NA
777861,18.06,19.05,81.94,80.95,4.75,6.33333333333333,6.16666666666667,1.125,2.5,7,6.5,5.5,6.5,3,1,5,5,6,5,3,6,6,7,5,6,7,7,6,6,1,1,1,1,2,1,1,1,2,3,7,7,6,7,7,4,6,7,1,5,1,1,6,1,"Republican",1,0,0,"Donald Trump","Donald Trump",1,0,0,0,"$80,001-$100,000",5,"4yearColl",4,"White",1,0,28,"woman",0,"New York","Westchester","0.5318","868.7630666","109131",NA
872476,51.94,48.1,48.06,51.9,5.75,2.66666666666667,4.33333333333333,4.375,5,3,6.5,2.5,4,4,1,5,5,7,6,5,2,1,5,1,1,7,6,5,6,4,4,4,6,1,6,6,4,5,5,3,3,6,7,4,1,4,4,1,7,1,1,1,1,"Republican",1,0,0,"Donald Trump","Donald Trump",1,0,0,0,"$60,001-$80,000",4,"4yearColl",4,"White",1,0,57,"man",1,"Tennessee","Knox","0.4793","346.4944717","64817",NA
982278,9.47,9.98,90.53,90.02,5,2.66666666666667,3.5,3.375,1,6.5,4,3,4.5,5,1,5,5,5,5,5,3,2,3,1,3,5,4,3,5,3,3,3,3,3,5,4,3,1,1,6,7,5,3,3,3,5,4,1,6,2,1,1,5,"Republican",1,0,0,"Donald Trump","Robert F. Kennedy Jr.",0,0,1,0,"$40,001-$60,000",3,"4yearColl",4,"White",1,0,57,"woman",0,"California","San Bernardino","0.439","41.10128555","74218","None"
450965,38,51.5,62,48.5,6,4.66666666666667,2.66666666666667,5.75,2.5,5.5,6,4,2,5,0,2,7,6,6,5,5,3,6,1,5,3,3,2,2,7,7,4,7,6,7,6,2,3,2,6,5,5,7,6,2,2,2,1,6,3,1,5,1,"Republican",1,0,0,"Donald Trump","Donald Trump",1,0,0,0,"$60,001-$80,000",4,"4yearColl",4,"White",1,0,30,"man",1,"Connecticut","New Haven","0.4728","548.8569872","75094",NA
898085,92.6,92.26,7.4,7.74,3.25,2,2.66666666666667,3.5,4.5,5.5,5,2,4.5,5,1,5,3,2,2,6,2,3,1,1,2,2,3,3,5,3,4,4,5,3,4,3,2,6,3,5,6,5,5,3,1,3,6,1,7,6,5,3,5,"Republican",1,0,0,"Third-party candidate","Robert F. Kennedy Jr.",0,0,1,0,"$20,001-$40,000",2,"2yearColl",3,"White",1,0,31,"man",1,"Kansas","Johnson","0.4433","477.3188482","93220",NA
448074,31.5,36,68.5,64,3,4.33333333333333,5.5,5.5,5,6.5,6.5,2.5,6,3,1,5,3,3,3,3,5,3,5,5,5,6,6,5,6,6,6,2,5,7,6,6,6,5,5,7,6,6,7,3,2,6,6,1,6,1,1,1,1,"Republican",1,0,0,"Donald Trump","Donald Trump",1,0,0,0,"$180,001-$200,000",10,"MA",5,"White",1,0,29,"woman",0,"New York","Westchester","0.5318","868.7630666","109131",NA
963058,54.1,52.69,45.9,47.31,6.5,2.33333333333333,3,2.75,4.5,5,5.5,3.5,6,2,1,5,6,7,7,6,1,1,5,1,2,5,5,3,2,3,1,2,5,5,3,2,1,3,6,6,4,5,6,5,2,6,6,1,5,2,2,5,1,"Republican",1,0,0,"Donald Trump","Robert F. Kennedy Jr.",0,0,1,0,"$40,001-$60,000",3,"4yearColl",4,"White",1,0,47,"man",1,"New York","Monroe","0.4653","437.4604077","66003","Stop advocating hate,  terrorism and anti-Semitism on your campus."
816148,85.95,88.57,14.05,11.43,6,3.33333333333333,4.33333333333333,2.125,5.5,6.5,7,1,6.5,7,1,5,7,7,5,5,3,2,5,1,5,7,6,3,4,3,1,1,1,4,2,3,2,6,5,6,7,7,7,1,1,7,6,1,7,1,1,6,2,"Republican",1,0,0,"Donald Trump","Donald Trump",1,0,0,0,"$60,001-$80,000",4,"2yearColl",3,"White",1,0,39,"man",1,"Texas","Harris","0.4968","1042.130651","63539",NA
723990,9.48,9.56999999999998,90.52,90.43,4.5,4.66666666666667,4.66666666666667,3.25,1.5,5.5,7,5,2.5,2,1,5,2,5,5,6,2,5,7,1,5,6,7,2,7,6,2,2,1,5,6,3,1,2,1,5,6,7,7,6,4,3,2,1,5,1,3,2,4,"Republican",1,0,0,"Donald Trump","Joe Biden",0,1,0,0,"$20,001-$40,000",2,"2yearColl",3,"White",1,0,25,"man",1,"Kansas","Brown","0.4107","6.536133047","52446",NA
189969,74.65,79.9,25.35,20.1,4.75,2.66666666666667,3.66666666666667,4.125,2.5,5,6,4,4,6,1,5,2,6,5,6,2,2,4,2,2,6,6,3,3,4,1,4,3,7,6,5,3,2,3,5,5,6,6,4,4,3,5,1,7,1,1,3,1,"Republican",1,0,0,"Donald Trump","Donald Trump",1,0,0,0,"$40,001-$60,000",3,"4yearColl",4,"White",1,0,55,"woman",0,"Pennsylvania","Montgomery","0.4663","656.5915611","102648",NA
681365,79.44,76.35,20.56,23.65,7,2.33333333333333,1.16666666666667,3.125,5.5,4.5,2.5,3.5,6.5,5,1,3,7,7,7,7,1,1,5,1,1,1,1,1,2,6,2,4,3,4,2,3,1,6,5,3,6,3,2,5,2,6,7,1,5,1,1,1,1,"Republican",1,0,0,"I did not vote","Donald Trump",1,0,0,0,"$60,001-$80,000",4,"4yearColl",4,"White",1,0,35,"man",1,"Tennessee","Putnam","0.4489","73.5806145","52138","You have a good survey!"
528717,32.8,31.75,67.2,68.25,2.75,6,6,1.375,3.5,6.5,7,1,6.5,2,1,5,5,3,2,1,6,6,6,6,6,6,7,5,6,2,3,1,1,1,1,1,1,6,1,7,6,7,7,1,1,6,7,1,6,4,5,3,5,"Republican",1,0,0,"Donald Trump","Donald Trump",1,0,0,0,"$60,001-$80,000",4,"4yearColl",4,"White",1,0,25,"man",1,"California","Los Angeles","0.4969","960.7427779","77356",NA
755226,56.95,55.87,43.05,44.13,6.75,2,1.66666666666667,4.625,3,4.5,7,1,1.5,3,1,5,7,7,6,7,1,2,3,1,2,2,2,1,2,4,7,3,6,2,6,5,4,3,3,6,3,7,7,1,1,2,1,1,5,3,1,2,1,"Republican",1,0,0,"Donald Trump","Donald Trump",1,0,0,0,"$40,001-$60,000",3,"4yearColl",4,"White",1,0,39,"man",1,"Arkansas","Pulaski","0.5105","200.1765891","53597",NA
727512,39.82,35.48,60.18,64.52,6,1,4.66666666666667,4.875,2,6,6,2,4,7,1,5,6,7,6,5,1,1,1,3,5,6,7,2,5,6,6,4,4,6,6,5,2,2,2,6,6,6,6,2,2,6,2,1,7,1,1,5,3,"Republican",1,0,0,"Donald Trump","Donald Trump",1,0,0,0,"Over $200,000",11,"MA",5,"White",1,0,40,"woman",0,"Tennessee","Wilson","0.4398","89.69051632","82489",NA
378468,59.31,59.18,40.69,40.82,5.75,2.66666666666667,4.66666666666667,4.875,4.5,4.5,6.5,2.5,5.5,5,1,5,4,7,6,6,2,2,4,2,3,6,6,6,5,6,5,5,5,6,5,4,3,5,4,3,6,6,7,3,2,6,5,1,5,3,2,4,3,"Republican",1,0,0,"Donald Trump","Donald Trump",1,0,0,0,"$120,001-$140,000",7,"GED",2,"multiracial",0,0,68,"man",1,"Oregon","Multnomah","0.4716","715.2753775","77851",NA
645998,39.78,51.18,60.22,48.82,5.5,3,2.66666666666667,2.625,1.5,7,4.5,1,3.5,3,1,5,7,6,3,6,2,2,5,1,1,5,6,2,1,2,5,1,2,6,3,1,1,1,2,7,7,7,2,1,1,2,5,1,6,1,1,2,6,"Republican",1,0,0,"Donald Trump","Donald Trump",1,0,0,0,"$160,001-$180,000",9,"4yearColl",4,"White",1,0,33,"man",1,"California","Los Angeles","0.4969","960.7427779","77356",NA
