"PID","cond","antiest","ampride","trustgov","demsatis","radchange","distrust","discontent","top_value_char","response","exclude","val_1","val_2","val_3","val_4","val_5","antiest_1","antiest_2","antiest_3","antiest_4R","vote_bin","vote_who","vote_whoelse","PartyID7","PartyID5","IDEO","GENDER","AGE","RACETHNICITY","EDUC5","INCOME","order_dvs_first","order_dvs_second","order_dvs_third","order_dvs_fourth","order_dvs_fifth","STATE","RELIG","EMPLOY","REGION4","REGION9","STARTDT"
54,"kept",4.75,2,1,5,7,7,6.25,"Help your neighbor","In order to maintain a stable society, we must have order and cooperation among the citizenry.  There is no reason to fight against each other in the pursuit of progress.",0,"Freedom of speech","Individuality","Freedom of the press","Help your neighbor","Peaceful protests",7,5,3,4,"vote","harris",NA,1,1,1,"male",56,"white/non-hisp","bachelors","$100,000 to $124,999","demsatis","ampride","antiest","radchange","trustgov","VA",9,1,3,5,"11/18/2024 20:22"
55,"brkn",3.75,5,6,3,5,2,3.58333333333333,"Justice for All","By granting presidential immunity, the Supreme Court has put the president in the status of a king. No person in the United States should be above the law, including and especially the president.",0,"Liberty","Justice for All","Religious Freedom","Free Fair Elections","No King",5,5,2,3,"vote","harris",NA,1,1,3,"male",63,"white/non-hisp","HS","$60,000 to $74,999","demsatis","ampride","trustgov","radchange","antiest","MA",2,5,1,1,"11/20/2024 8:52"
62,"ctrl",6.75,3,2,3,6,6,6.25,"Freedom","For our country to be free from dictatorship. We deserve to have choices and feel safe in our every day life",0,"Freedom","Peace","Hard work","Fairness","Honesty",6,7,7,7,"no vote",NA,NA,6,5,3,"female",43,"white/non-hisp","HS","$50,000 to $59,999","radchange","ampride","trustgov","antiest","demsatis","OH",2,7,2,3,"12/1/2024 15:27"
65,"kept",4,NA,1,1,7,7,6,"Family","The US does not put family first or people with families first or provide enough help for families in need",0,"Family","Morality","Financial stability","98","98",1,7,7,1,"no vote",NA,NA,2,1,2,"female",28,"black/non-hisp","some coll","$15,000 to $19,999","antiest","ampride","demsatis","radchange","trustgov","SC",11,7,3,5,"11/19/2024 17:48"
67,"ctrl",4.5,3,4,3,5,4,4.5,"Freedom of speech","People are able to say what they think. It is allowed without censorship by the government or other persons or companies/organizations.",0,"Freedom of speech","Freedom of religion","Liberty for all","Justice for all","Pursuit of happiness",6,5,4,3,"vote",NA,NA,4,3,NA,"female",58,"white/non-hisp","masters","$125,000 to $149,999","trustgov","antiest","radchange","demsatis","ampride","MO",2,1,2,4,"11/18/2024 21:35"
73,"ctrl",5.25,2,2,5,5,6,5.41666666666667,"Life","The existence of a physical being made up of atoms that consumes energy, that is allowed to continue its existence without the interference of another living being without just cause",0,"Life","Liberty","The pursuit of happiness","Freedom of speech","Freedom of religion",5,5,5,6,"vote","trump",NA,5,4,3,"female",33,"white/non-hisp","some coll","$75,000 to $84,999","demsatis","trustgov","antiest","ampride","radchange","DE",2,1,3,5,"11/21/2024 18:46"
77,"ctrl",5.75,5,1,1,7,7,6.58333333333333,"Family","Amazing people and gives love and always there for people and one another. Very much devoted to family",0,"Family","Value","Fortune","Honor","Respect",7,5,7,4,"no vote",NA,NA,4,3,3,"female",35,"black/non-hisp","some coll","$20,000 to $24,999","antiest","radchange","ampride","demsatis","trustgov","FL",12,1,3,5,"11/25/2024 18:54"
85,"brkn",5.25,1,3,1,4,5,4.75,"Greed","This country doesn't care about it's own people. The people in charge only care whether or not them and their buddies are going to get yet another tax break.",0,"Greed","Gluttony","Lying","Ego","Too many damn cars",7,4,6,4,"vote","harris",NA,3,2,2,"male",47,"white/non-hisp","less HS","$30,000 to $34,999","ampride","radchange","antiest","trustgov","demsatis","TX",9,1,3,7,"11/22/2024 18:18"
86,"brkn",4.25,3,4,2,7,4,5.08333333333333,"Freedom of Religion","By making everyone go according to what the government has decided, an example  is rights for women on healthcare decisions.  This should be instead a religious decision individually.",0,"Freedom  of speech","Freedom of Religion","Right to have guns","Freedom  to live anywhere","Freedom to eat whatever",7,6,1,3,"vote","harris",NA,2,1,4,"female",61,"white/non-hisp","some coll","$25,000 to $29,999","antiest","trustgov","ampride","demsatis","radchange","CA",1,4,4,9,"11/18/2024 16:10"
88,"kept",6.75,3,1,1,7,7,6.91666666666667,"Freedom of speech","The U.S is living up to its promise of freedom of speech by pursuing offenders such as Elon Musk with his X platform. He used it to create an alt-right platform to further his agenda.",0,"Freedom of speech","Freedom of religion","Equality","Military protection","Education",7,6,7,7,"no vote",NA,NA,3,2,3,"male",29,"white/non-hisp","HS","$40,000 to $49,999","ampride","antiest","demsatis","trustgov","radchange","FL",12,1,3,5,"11/19/2024 11:47"
93,"ctrl",5,3,3,3,5,5,5,"freedom","The right to choice, growth a min. Control by government. In other words the freeedon to make the choice as long as it does not hurt others.",0,"Growth","freedom","choice","Liberty","health",5,5,6,4,"vote","harris",NA,3,2,3,"male",68,"white/non-hisp","some coll","$40,000 to $49,999","radchange","trustgov","demsatis","ampride","antiest","CO",11,1,4,8,"11/27/2024 10:02"
95,"ctrl",3.25,5,1,1,1,7,3.75,"Greed","Make and take as much by any means necessary! There are no rules to how much you can consume and pillage.",0,"Lieing","Stealing","Dehumanize","Rape","Greed",6,2,1,4,"vote","harris",NA,4,3,3,"male",43,"black/non-hisp","bachelors","$150,000 to $174,999","ampride","trustgov","demsatis","antiest","radchange","GA",1,1,3,5,"11/18/2024 20:34"
105,"kept",5.75,5,2,4,4,6,5.25,"Democracy","Equal rights and freedom for all and fair voting rights and the rights to the Constitution to whoever is American",0,"Freedom","Democracy","Integrity","Equal rights","Fairness",7,4,6,6,"vote","harris",NA,2,1,3,"male",45,"black/non-hisp","HS","under $5,000","ampride","radchange","trustgov","demsatis","antiest","OH",12,1,2,3,"11/19/2024 9:24"
114,"kept",6.25,1,1,2,5,7,6.08333333333333,"Democracy","Free and fair elections to choose the people’s representatives. Separation of powers between the three branches of government. In theory these are what ensures democracy however money and power have corrupted the process creating partisan politics and inequality.",0,"Independence","Equality","Individualism","Democracy","Nationalism",6,7,5,7,"vote","harris",NA,4,3,3,"male",54,"white/non-hisp","masters","$200,000 or more","radchange","ampride","antiest","demsatis","trustgov","CO",2,1,4,8,"11/18/2024 17:03"
115,"brkn",3.5,5,4,5,3,4,3.5,"Liberty","The woke movement and far left made me feel like I had to be silent on my views about what was best for my family and community based on my faith and beliefs.",0,"Freedom","Liberty","Justice","Checks & Balances","Federalism (National & State division of government power)",2,2,5,5,"vote","trump",NA,7,5,3,"female",52,"asian/non-hisp","masters","$20,000 to $24,999","demsatis","antiest","trustgov","radchange","ampride","DE",2,1,3,5,"11/18/2024 19:11"
120,"ctrl",5.25,5,2,6,5,6,5.41666666666667,"Fair elections","Any election where people, states or counties do not cheat during the election. For example, counting dead people, filling out ballots and hiding them until after hours to be counted, telling old people how to vote. Just a few examples of cheating.",0,"Right to free speech","Right to protect your family and yourself","Fair elections","Right to carry gun","Right to protect your property",4,6,6,5,"vote","trump",NA,6,5,4,"female",68,"white/non-hisp","HS","$25,000 to $29,999","trustgov","demsatis","radchange","ampride","antiest","CO",12,1,4,8,"11/21/2024 6:01"
122,"ctrl",4,5,4,4,4,4,4,"Individualism, independence, and privacy","Self reliance and personal achievement. The ability to make one's own decisions. The right to keep personal information and personal boundaries.",0,"Freedom of speech","Individualism, independence, and privacy","Equality","Self help","Practicality and efficiency",4,4,4,4,"no vote",NA,NA,4,3,3,"female",42,"white/non-hisp","some coll","$40,000 to $49,999","ampride","radchange","trustgov","demsatis","antiest","NY",2,1,1,2,"11/20/2024 16:13"
124,"brkn",2.75,4,3,2,5,5,4.25,"Freedom of choice","We vilify those with different values. Instead of respecting other opinions, too many Americans opt for conflict.",0,"Freedom of choice","Freedom of speech","Freedom of religion","Pursuit of Happiness","Liberty for all",3,2,3,3,"vote","harris",NA,1,1,3,"male",55,"asian/non-hisp","bachelors","$150,000 to $174,999","radchange","ampride","trustgov","antiest","demsatis","HI",12,1,4,9,"11/29/2024 15:15"
125,"kept",5.75,3,2,4,6,6,5.91666666666667,"Freedom","Freedom of speech, the right to privacy. The right to vote and take part in choosing a government is a civil and political right.",0,"Freedom","Equality","Independence","Individualism","Progress",5,6,6,6,"no vote",NA,NA,5,4,4,"female",31,"white/non-hisp","HS","$60,000 to $74,999","demsatis","antiest","radchange","trustgov","ampride","PA",12,1,1,2,"11/20/2024 8:00"
130,"kept",4.75,5,2,5,6,6,5.58333333333333,"Freedom","We have the right to vote, freedom of speech, freedom to work, freedom own firearms, freedom to own land.",0,"Live","Liberty","Freedom","Options","98",5,4,5,5,"vote","trump",NA,7,5,5,"male",38,"white/non-hisp","some coll","$10,000 to $14,999","trustgov","antiest","demsatis","ampride","radchange","MO",1,1,2,4,"11/21/2024 14:14"
131,"brkn",5,4,3,3,5,5,5,"RIGHTS","US FALLS SHORT WITH FAIRNESS OF DIFFERENT RACES IN AREAS OF EMPLOYMENT, EDUCATION, HOUSING, SALARIES.",0,"INTEGRITY","FAIRNESS","EQUALITY","RIGHTS","HONESTY",5,5,5,5,"vote","harris",NA,1,1,2,"female",76,"white/non-hisp","some coll","$50,000 to $59,999","radchange","demsatis","antiest","ampride","trustgov","OK",1,5,3,7,"11/19/2024 18:33"
142,"brkn",4.75,5,3,7,2,5,3.91666666666667,"Liberty","The ability to control your own destiny and living s Richer and fullerlife while being protected from underneath searches and seizures",0,"Liberty","Freedom of speech","Freedom of religion","Pursuit of happiness","From government persecution",2,5,5,7,"vote","harris",NA,1,1,2,"male",77,"white/non-hisp","some coll","$40,000 to $49,999","radchange","antiest","trustgov","demsatis","ampride","WI",1,5,2,3,"11/18/2024 17:43"
148,"ctrl",5.33333333333333,4,3,3,6,5,5.44444444444444,"democracy","the governing  of the country at the will of the people, by the people and for the people of this great country.",0,"democracy","diversity","progress","liberty","freedom",5,5,NA,6,"vote","trump",NA,2,1,4,"female",67,"white/non-hisp","some coll","$50,000 to $59,999","demsatis","antiest","trustgov","ampride","radchange","WV",1,6,3,5,"11/18/2024 21:02"
151,"brkn",5.5,3,3,5,6,5,5.5,"Opporitunity","The United States prosecutes people attempting to have a better life. People are taken advantage of by large corporations. An elite few hoard wealth.",0,"Inclusion","Propserity","Opporitunity","Freedom","Fairness",6,5,5,6,"vote","harris",NA,5,4,3,"male",33,"white/non-hisp","some coll","$60,000 to $74,999","antiest","radchange","ampride","demsatis","trustgov","MI",1,1,2,3,"11/20/2024 13:25"
153,"ctrl",4.75,3,3,2,6,5,5.25,"Freedom","It means to be able to do what you want to do as long as it doesn’t restrict on other’s people freedom or impacts anyone else in a negative manner",0,"Freedom","Equity","Creative","Slow","War",7,5,3,4,"vote","harris",NA,1,1,1,"male",33,"white/non-hisp","masters","$60,000 to $74,999","antiest","ampride","radchange","trustgov","demsatis","IA",2,1,2,4,"11/18/2024 19:45"
154,"ctrl",4,5,3,2,2,5,3.66666666666667,"Liberty","Freedom to live as you choose regarding religion, health, opportunity, education. Freedom as a woman to vote, own a home, able to choose professions, health care.",0,"Equality","Liberty","Fraternity","Honesty","Opportunity",7,2,3,4,"vote","harris",NA,1,1,2,"female",70,"white/non-hisp","some coll","$40,000 to $49,999","demsatis","ampride","radchange","antiest","trustgov","AZ",1,5,4,8,"11/18/2024 18:08"
165,"brkn",4.5,4,3,5,5,5,4.83333333333333,"Liberty","Too much regulation of business and personal lives is stifling people's liberty, while lack of other regulations is ensuring some people never get the chance to enjoy America's liberty.",0,"Liberty","Integrity","Justice","Opportunity","Freedom of speech",3,5,5,5,"vote","trump",NA,7,5,5,"female",44,"white/non-hisp","masters","$30,000 to $34,999","antiest","trustgov","radchange","ampride","demsatis","MO",1,7,2,4,"11/20/2024 8:01"
167,"ctrl",7,1,2,1,7,6,6.66666666666667,"freedom","I would say that the best definition of freedom is to do anything as long as the law does NOT prohibit it.",0,"freedom","equity","diversity","human right","justice",7,7,7,7,"vote","trump",NA,5,4,3,"male",45,"asian/non-hisp","bachelors","$200,000 or more","demsatis","ampride","antiest","radchange","trustgov","CA",14,1,4,9,"11/19/2024 20:13"
169,"brkn",3.5,3,4,3,5,4,4.16666666666667,"individual freedom (Bill of Rightsl","Attempts by many Christians to impose their beliefs and values on others. Attempts to stifle the press. Intimidation of some in authority against the powerless.",0,"individual freedom (Bill of Rightsl","strength against enemies","acceptance of individual differences","strong families & communities","democracy",6,3,2,3,"vote","harris",NA,1,1,3,"female",78,"white/non-hisp","masters","$85,000 to $99,999","trustgov","radchange","antiest","demsatis","ampride","IL",13,5,2,3,"11/18/2024 20:37"
174,"kept",6,3,2,4,7,6,6.33333333333333,"separation of powers","In today's world it will be difficult to live up its promise of separation of power.  We are living in a world turned upside down.",0,"rule of law","liberty","separation of powers","political equality","fair elections",7,7,7,3,"vote","harris",NA,1,1,3,"female",78,"white/non-hisp","some coll","$35,000 to $39,999","antiest","ampride","radchange","demsatis","trustgov","NY",11,5,1,2,"11/21/2024 19:13"
175,"ctrl",5.33333333333333,3,4,3,NA,4,4.66666666666667,"Freediom","The right to succeed and live without fear of being mistreated and possibility that you can have a good life for you and your family",0,"Freediom","future","equality","peace and safety","prosperity",6,5,NA,5,"vote","harris",NA,2,1,3,"female",75,"white/non-hisp","some coll","$25,000 to $29,999","radchange","trustgov","antiest","ampride","demsatis","CA",10,5,4,9,"11/18/2024 19:34"
180,"brkn",3.5,3,3,5,5,5,4.5,"freedom from tyranny","The will of the people has been jeopardised by corrupt manipulation of our system allowing a minority to impose its will on the majority. The US is in danger of losing rights of the people enshrined in the Constitution by not acting to strengthen norms and values un",0,"freedom from tyranny","freedom of religion","freedom of speech","equality under the law","right of personal privacy",6,3,2,3,"no vote",NA,NA,1,1,3,"female",67,"white/non-hisp","masters","$15,000 to $19,999","ampride","antiest","radchange","demsatis","trustgov","LA",11,6,3,7,"11/19/2024 10:23"
186,"kept",6.25,4,2,4,7,6,6.41666666666667,"Family","The U S. Seems to be in the business of breaking up family. All of the children that they took from there parents and deported the parents. What did they do with the children?",0,"Family","Religion","Security","Loyalty","Family",7,7,7,4,"vote","harris",NA,3,2,3,"female",43,"black/non-hisp","bachelors","$85,000 to $99,999","radchange","demsatis","trustgov","antiest","ampride","FL",12,7,3,5,"11/21/2024 17:55"
191,"kept",3.75,3,4,4,4,4,3.91666666666667,"Justice","Military forces. Law enforcement. Court system. Consequences for those that neglect the laws put in place; state and federal.",0,"Independence","Respect","Individual beliefs","Peace","Justice",3,4,4,4,"vote","trump",NA,6,5,4,"female",35,"white/non-hisp","some coll","$60,000 to $74,999","demsatis","ampride","radchange","trustgov","antiest","WI",1,1,2,3,"11/19/2024 7:59"
192,"brkn",5,4,3,3,5,5,5,"Freedom of speech","People are being thrown out of town and school meetings for expressing their complaints.  And the fbi is calling them threats.",0,"Freedom of speech","Freedom of religonr","Right to assemble","Freedom of press","Freedom of petition",5,5,5,5,"vote","trump",NA,6,5,4,"male",74,"white/non-hisp","some coll","$85,000 to $99,999","trustgov","antiest","demsatis","ampride","radchange","IN",2,5,2,3,"11/18/2024 18:08"
194,"brkn",4.5,4,2,4,5,6,5.16666666666667,"individualism","people have the ability and freedom to express how they look where they live and who they associate with",0,"individualism","free speech","free will","self government","importance of nuclear family",6,3,5,4,"vote","harris",NA,1,1,2,"female",20,"white/non-hisp","some coll","$85,000 to $99,999","ampride","antiest","radchange","trustgov","demsatis","TN",12,1,3,6,"11/20/2024 18:16"
200,"brkn",2,5,5,6,1,3,2,"Freedom","Systematic inequalities and restrictions on individual rights. Politicians trying to censor certain things.",0,"Freedom","Equality","Opportunity","Justice","Diversity",1,2,2,3,"vote","trump",NA,7,5,4,"male",44,"white/non-hisp","some coll","$175,000 to $199,999","demsatis","radchange","antiest","ampride","trustgov","IL",2,1,2,3,"11/19/2024 15:46"
206,"kept",4,4,4,4,2,4,3.33333333333333,"Opportunity to succeed or fail","US is one of the few countries left where it's people still have an opportunity succeed or fail. We are still the most desired country to immigrate to.",0,"Strong National Defence","Freedom of choice","Right to be safe in your own community","Opportunity to succeed or fail","Access to health care",2,5,6,3,"vote","trump",NA,5,4,5,"male",59,"white/non-hisp","bachelors","$75,000 to $84,999","radchange","trustgov","demsatis","ampride","antiest","MN",12,1,2,4,"11/18/2024 20:55"
215,"kept",4.5,4,4,4,4,4,4.16666666666667,"Freedom","To a legal limit American people are free in their choices/actions in their daily lives. There is freedom of speech.",0,"Freedom","Equality","Diversity","Individualism","Privacy",5,5,5,3,"vote","trump",NA,4,3,3,"female",27,"white/non-hisp","some coll","$20,000 to $24,999","radchange","ampride","demsatis","trustgov","antiest","CA",12,1,4,9,"11/18/2024 23:40"
216,"kept",5.25,2,3,3,5,5,5.08333333333333,"democracy","It seems to me the people have less of a say. It seems that it's the career politicians that are making most of the decisions with little regard to what the people say/want.",0,"freedom","democracy","equility","justice","goverance",4,6,6,5,"no vote",NA,NA,4,3,3,"male",56,"white/non-hisp","some coll","$85,000 to $99,999","trustgov","radchange","demsatis","ampride","antiest","MN",1,1,2,4,"11/19/2024 13:01"
224,"ctrl",5,3,2,3,5,6,5.33333333333333,"Freedom of speech","The ability to speak your mind in a peaceful manner. The ability to be heard by state and board members.",0,"Right to own firearms","Freedom of speech","Right to the pursuit of happiness","Innocent until proven guilty","In god we trust",5,5,5,5,"no vote",NA,NA,6,5,2,"female",35,"white/non-hisp","HS","$30,000 to $34,999","antiest","radchange","demsatis","trustgov","ampride","OH",11,4,2,3,"11/26/2024 21:45"
225,"brkn",2.25,5,6,6,2,2,2.08333333333333,"Freedom of rights","The freedom to be whoever you want to be, regardless of what you believe in. For example, the fact that now gay people can get married means that we all have equal rights. The way the US is not living up to its promise is by saying someone is guilty before even being proven innocent. That happens with the law when people go to jail when they were wrongly accused. And now with AI, they are making people say things that they never said.",0,"Freedom of religion","No British taxes","Freedom bear arms","Freedom of speech","Freedom of rights",1,4,2,2,"vote","trump",NA,6,5,3,"female",61,"white/non-hisp","bachelors","$85,000 to $99,999","ampride","trustgov","demsatis","radchange","antiest","CA",2,3,4,9,"11/21/2024 13:23"
230,"brkn",7,1,2,1,7,6,6.66666666666667,"Living cost","Not providing  needs for Americans by providing benefits like a living wage most American we are not keeping up with inflation everything going up while we still suffering to provide food and pay rent folks not taking vacation these days because of the lack of income we are getting as American.",0,"Jobs","Living cost","Medical","Social security","Immigration",7,7,7,7,"vote","other","Jill Stein",4,3,3,"male",64,"black/non-hisp","HS","$20,000 to $24,999","antiest","demsatis","ampride","radchange","trustgov","CA",1,1,4,9,"12/1/2024 17:57"
231,"ctrl",4.5,5,5,4,3,3,3.5,"Right to bear arms","Being necessary to the security of a free state The right of the people to keep and bear arms shall not be infringed",0,"Religious freedom","Right to bear arms","Freedom of speech","Search and seizure without probable cause","Due process",5,5,5,3,"no vote",NA,NA,6,5,3,"female",41,"white/non-hisp","HS","$100,000 to $124,999","radchange","trustgov","demsatis","antiest","ampride","UT",12,1,4,8,"12/1/2024 13:05"
234,"ctrl",5.5,2,3,2,5,5,5.16666666666667,"equal opportunity","No preference given on the basis of family heritage, ethnicity, or wealth. Availability of public education without differentiation based on economic status, and place of residence.",0,"freedom of speech","representation for all","religious freedom with no state religion","free trade","equal opportunity",6,5,5,6,"vote","harris",NA,1,1,1,"male",74,"white/non-hisp","bachelors","$40,000 to $49,999","antiest","demsatis","radchange","trustgov","ampride","NJ",5,1,1,2,"11/18/2024 20:23"
246,"brkn",6,2,1,2,6,7,6.33333333333333,"Capitalism","The U.S. is definitely enforcing capitalism to an obsessive degree. I can think of no proper way to answer this question.",0,"Liberty","Life","Capitalism","Guns","Money",5,5,7,7,"vote","harris",NA,2,1,2,"male",27,"asian/non-hisp","bachelors","$50,000 to $59,999","radchange","trustgov","ampride","antiest","demsatis","MD",11,2,3,5,"11/21/2024 7:27"
250,"kept",5,4,3,3,6,5,5.33333333333333,"pursuit of happiness","The United States upholds the promise of the pursuit of happiness by respecting the citizens' ways and means to obtain personal and communal success and life satisfaction.",0,"religious freedom","freedom of choice","freedom of speech","freedom to bear arms","pursuit of happiness",5,5,5,5,"vote","harris",NA,3,2,2,"male",42,"asian/non-hisp","bachelors","$175,000 to $199,999","ampride","antiest","demsatis","radchange","trustgov","CA",11,1,4,9,"11/18/2024 18:48"
257,"kept",5.5,5,2,7,7,6,6.16666666666667,"Freedom of speech","The media have been able to say whatever they wanted to say about the president elect before the election. People made their election choice from what they knew to be true not what the media wanted them to believe.",0,"Freedom of speech","Freedom of religion","Right to bare arms","Justice system is the best in the world.","Pride in our country",4,6,6,6,"vote","trump",NA,5,4,3,"male",57,"white/non-hisp","HS","$125,000 to $149,999","radchange","demsatis","antiest","ampride","trustgov","NJ",1,1,1,2,"11/18/2024 20:16"
262,"kept",4.25,4,3,5,5,5,4.75,"Freedom of religion","There is no state or national religion. Everyone is free to choose how they worship God as they see fit.",0,"Justice","Freedom of religion","Equality","Freedom of speech","Freedom to pursue prosperity",2,5,5,5,"vote","trump",NA,6,5,5,"female",44,"white/non-hisp","some coll","$40,000 to $49,999","antiest","ampride","trustgov","radchange","demsatis","KY",1,1,3,6,"11/18/2024 20:37"
265,"ctrl",3.5,5,2,7,5,6,4.83333333333333,"Liberty","Liberty is freedom from a tyrannical government. It is the freedom to live how you want and decide how you live",0,"Freedom","Liberty","Pursuit of happiness","Rule of law","Prosperity",4,2,4,4,"vote","trump",NA,5,4,3,"male",39,"white/non-hisp","bachelors","$125,000 to $149,999","demsatis","trustgov","antiest","radchange","ampride","ME",2,1,1,1,"11/18/2024 19:56"
268,"kept",3.75,5,4,5,4,4,3.91666666666667,"Equality","We aren’t at all living up to this quality in which is promised there isn’t much equality going on at all",0,"Freedom","Liberty","Equality","Individual rights","Freedom of speech",4,4,2,5,"no vote",NA,NA,4,3,3,"female",30,"white/non-hisp","some coll","under $5,000","radchange","antiest","trustgov","demsatis","ampride","CA",12,6,4,9,"11/18/2024 19:39"
269,"ctrl",3.75,5,1,6,2,7,4.25,"freedom","You have rules, and you have to follow them but you can speak what is on your mind, you can practice your own religion, and you are just as equal as the person next to you",0,"freedom","religion","equality","speach","have guns",6,2,2,5,"vote","harris",NA,2,1,4,"female",75,"white/non-hisp","HS","$50,000 to $59,999","ampride","trustgov","radchange","antiest","demsatis","WI",2,5,2,3,"11/19/2024 7:31"
279,"kept",4,5,3,3,6,5,5,"Change","We the people chose a president that will ensure a lot of change for us. He’s been president before and within those four years showed a lot of change",0,"Equality","Informality","The future","Change","Progress",5,5,3,3,"vote","trump",NA,7,5,5,"female",32,"multi/non-hisp","less HS","$35,000 to $39,999","demsatis","ampride","trustgov","antiest","radchange","NV",11,1,4,8,"11/18/2024 16:04"
287,"ctrl",6,4,2,2,6,6,6,"Help Others","Try to create a nation where one can have and achieve goals.  Sometimes it requires the help of others by way of education, employment, or assistance.",0,"Help Others","Republic","No Taxation Without Reprentation","Protect our allies","Respect",6,7,6,5,"vote","trump",NA,5,4,3,"male",41,"white/non-hisp","bachelors","$85,000 to $99,999","antiest","ampride","radchange","demsatis","trustgov","CO",11,1,4,8,"11/18/2024 18:51"
290,"ctrl",5.5,5,7,7,7,1,4.5,"Freedom","Freedom to live my life.
Freedom to have the things that I want
Freedom to be able to do what I want.",0,"Unity","Freedom","Free speech","Home","Value",7,7,7,1,"vote","trump",NA,7,5,1,"female",28,"black/non-hisp","HS","$85,000 to $99,999","ampride","demsatis","antiest","trustgov","radchange","GA",12,1,3,5,"11/24/2024 18:45"
310,"ctrl",6.75,4,1,2,6,7,6.58333333333333,"Freedom","All people own themselves and have the right to do anything they want as long as it does not infringe on another person's freedom.",0,"Freedom","Private Property","Liberty","Opportunity","Justice",6,7,7,7,"no vote",NA,NA,4,3,4,"male",30,"white/non-hisp","bachelors","$200,000 or more","antiest","ampride","demsatis","trustgov","radchange","CO",10,1,4,8,"11/20/2024 20:42"
318,"kept",4.25,5,NA,2,7,NA,5.625,"Democracy","It’s really not right now. Our government is a complete mess until 2025…and I’m not stating that because I’m a Republican.",0,"Democracy","Trust","Freedom of speech","Rights","Alliance",4,4,4,5,"vote","trump",NA,7,5,5,"female",53,"white/non-hisp","HS","$50,000 to $59,999","antiest","demsatis","trustgov","ampride","radchange","SC",11,2,3,5,"11/22/2024 15:26"
328,"brkn",7,1,1,1,7,7,7,"Opportunity","Certain groups of people are discriminated against and pushed aside no chance to prove themselves because of prejudice and injustice",0,"Liberty","Justice","Freedom","Opportunity","Uphold the constitution",7,7,7,7,"vote","harris",NA,1,1,2,"female",71,"black/non-hisp","HS","$15,000 to $19,999","radchange","trustgov","ampride","demsatis","antiest","FL",12,5,3,5,"11/18/2024 19:04"
334,"kept",6.66666666666667,2,2,2,6,6,6.22222222222222,"Freedom","Freedom is carried out when those in power remember that hos/her ideas are not the only valid ones. Tolerance is a must",0,"Freedom","Independence","Fairness","Ethical","Loyal",NA,7,6,7,"vote","harris",NA,6,5,3,"female",50,"white/non-hisp","bachelors","$175,000 to $199,999","ampride","antiest","trustgov","demsatis","radchange","TX",12,2,3,7,"11/18/2024 18:38"
338,"brkn",5.25,3,3,5,2,5,4.08333333333333,"Constitutional rights","The right to vote, proven this November. Right to bear arms, slowly being taken away. Right to free speech, also slowly being taken away.",0,"Constitutional rights","Society rights","Personal safety","Police crime prevention","Ability to live freely",4,5,7,5,"vote","trump",NA,3,2,3,"male",49,"asian/non-hisp","some coll","$25,000 to $29,999","ampride","trustgov","demsatis","radchange","antiest","WA",11,6,4,9,"11/20/2024 13:20"
349,"brkn",6,5,2,1,6,6,6,"family","planned mass deportation of foreigners, bipartisan, elected a criminal as the president of united states",0,"honest","integrity","faith","trust","family",5,6,6,7,"vote","harris",NA,3,2,3,"male",52,"asian/non-hisp","masters","$125,000 to $149,999","trustgov","antiest","radchange","ampride","demsatis","AZ",12,1,4,8,"11/19/2024 10:25"
354,"brkn",6.25,2,2,1,7,6,6.41666666666667,"Freedom of speech","When the incoming administration is threatening the freedom of the press, that is not living up to its promise of Freedom of Press.",0,"Freedom of speech","Freedom of religion","Freedom of the press","Voting","Freedom of assembly",7,7,6,5,"vote","harris",NA,2,1,3,"female",74,"white/non-hisp","HS","$75,000 to $84,999","demsatis","antiest","ampride","trustgov","radchange","WA",1,5,4,9,"11/19/2024 19:57"
357,"kept",6.25,2,1,1,4,7,5.75,"white people a in charge","When the Supreme Court changed the law to accommodate the President & eliminated his accountability.",0,"white people a in charge","law order iunequal","minorities are inferior","eliminate support the poor","no religion",7,4,7,7,"vote","harris",NA,1,1,3,"female",69,"black/non-hisp","some coll","$40,000 to $49,999","radchange","antiest","demsatis","trustgov","ampride","OH",1,5,2,3,"11/20/2024 6:57"
359,"brkn",5,5,3,3,3,5,4.33333333333333,"limited government expansion","Too many government departments controlling too much of our lives, thoughts and freedoms.
Too many politicians that believe a new, additional law rather than promoting morals solves problems.  
Too many laws.",0,"Freedom from Royalty","Freedom of religion","self-advancement","limited government expansion","free thought",4,6,5,5,"vote","trump",NA,6,5,4,"male",74,"white/non-hisp","masters","$85,000 to $99,999","demsatis","trustgov","radchange","ampride","antiest","NV",3,5,4,8,"11/19/2024 9:23"
364,"ctrl",4,3,4,2,4,4,4,"Freedom from oppression","No individual or group is targeted by another group or government in a way that hurts their way of life",0,"Freedom from oppression","Self reliance","Equality","Economic mobility","Geographic freedom",4,5,4,3,"vote","harris",NA,3,2,3,"male",60,"white/non-hisp","masters","$200,000 or more","ampride","demsatis","antiest","radchange","trustgov","CO",10,2,4,8,"11/19/2024 16:01"
367,"brkn",6,3,2,1,3,6,5,"equality","Good public schools in most places. more and more there is not equal opportunity for all--just the rich. Health care not available to all. The well to do have been taking away funds that should be helping to take care of basic needs of  less privileged",0,"equality","honesty","hard work","family togetherness","good education",7,6,5,6,"vote","harris",NA,3,2,3,"female",78,"white/non-hisp","masters","$75,000 to $84,999","trustgov","radchange","demsatis","antiest","ampride","NE",10,5,2,4,"11/19/2024 10:29"
375,"kept",5,3,4,5,5,4,4.66666666666667,"Freedom of Speech","People are allowed to say what they want on the news, social media, etc. Even if what they are saying is hateful towards others.",0,"Freedom of Speech","Freedom of Religion","Safety for Citizens","Right to Vote","Helping other countries",6,3,5,6,"vote","harris",NA,3,2,3,"female",37,"white/non-hisp","masters","$85,000 to $99,999","antiest","ampride","trustgov","radchange","demsatis","TN",1,2,3,6,"11/19/2024 9:37"
377,"ctrl",4.25,4,2,5,3,6,4.41666666666667,"Freedom","The right to make choices for ourselves and our family without government interference or restrictions.",0,"Opportunity","Freedom","Equality","Freedom of speach","democracy",2,5,5,5,"vote","trump",NA,7,5,5,"male",60,"white/non-hisp","bachelors","$60,000 to $74,999","antiest","radchange","trustgov","ampride","demsatis","KS",2,1,2,4,"11/19/2024 1:04"
404,"brkn",5,2,4,1,6,4,5,"Equality","As an example, the Black Lives Matter movement indicates that African American lives are at greater risk. Also, marginalized groups receive fewer opportunities and are at greater risk of homelessness, limited pay, etc.",0,"Equality","Opportunity","Justice","Individualism","Unity",6,5,2,7,"vote","harris",NA,1,1,1,"female",22,"white/non-hisp","some coll","$150,000 to $174,999","antiest","radchange","trustgov","demsatis","ampride","KS",1,1,2,4,"11/26/2024 11:15"
414,"kept",5.75,5,2,4,5,6,5.58333333333333,"Freedom of speech","It’s not. You have the right to express your thoughts and opinions, however these days there is always someone claiming discrimination or some other negativity resulting in the speaker having to apologize for hurting feelings",0,"Independence","Freedom of speech","Freedom of religion","Equality","Democracy",5,6,7,5,"no vote",NA,NA,5,4,3,"female",74,"white/non-hisp","HS","$30,000 to $34,999","antiest","trustgov","ampride","demsatis","radchange","MN",2,5,2,4,"11/20/2024 19:46"
430,"kept",4.75,4,4,3,3,4,3.91666666666667,"Equality","The equality of each individual  is the promise that people  look toward  in order to go forward and find good life",0,"Freedom","Success","Comfortable","Equality","Liberty",5,5,6,3,"vote","harris",NA,6,5,3,"male",71,"white/non-hisp","masters","$100,000 to $124,999","radchange","demsatis","ampride","trustgov","antiest","NH",2,5,1,1,"11/19/2024 16:13"
433,"brkn",5.75,3,4,3,5,4,4.91666666666667,"Freedom of choice","Covid lock down is a prime example along with the mask mandate and shots being forced upon those that did not want it.",0,"Equality","Freedom of choice","Freedom of voice","Protect our own","$ can’t buy “ favors”",7,5,6,5,"vote","trump",NA,6,5,4,"female",47,"white/non-hisp","some coll","$30,000 to $34,999","ampride","antiest","radchange","trustgov","demsatis","FL",12,1,3,5,"11/18/2024 21:05"
447,"ctrl",6.75,3,2,2,4,6,5.58333333333333,"pursuit of happiness","The freedom to find your path to in life with minimal interference from the gov't. This applies ONLY to living individuals, NOT to mega corporations!",0,"Life","Liberty","pursuit of happiness","Equality of opportunity","Protection of personal property",7,7,6,7,"no vote",NA,NA,4,3,3,"male",60,"white/non-hisp","bachelors","$75,000 to $84,999","ampride","trustgov","antiest","radchange","demsatis","PA",9,1,1,2,"11/19/2024 11:26"
450,"ctrl",3.5,2,4,3,2,4,3.16666666666667,"Freedom for All","Everyone has equal rights under the law. Nobody is a slave, and no one can own another. People are free to do as they wish, within the constraints of the law.",0,"Opportunity for All","Justice for All","Freedom for All","Freedom of religion","Freedom of speech",5,4,2,3,"vote","harris",NA,2,1,3,"male",30,"white/non-hisp","bachelors","$40,000 to $49,999","radchange","antiest","ampride","demsatis","trustgov","WV",10,1,3,5,"11/18/2024 20:10"
452,"ctrl",5,3,3,3,5,5,5,"Freedom","It is the right to act or speak without restraint or hesitation. Whether it's freedom of speech or bear arms, nothing should hinder us for doing either.",0,"Freedom","Equality","Justice","Checks and balances","Liberty",5,5,5,5,"no vote",NA,NA,5,4,NA,"female",45,"white/non-hisp","some coll","$60,000 to $74,999","radchange","trustgov","antiest","ampride","demsatis","WI",12,1,2,3,"11/24/2024 20:21"
453,"kept",5,5,2,6,6,6,5.66666666666667,"Protection in your home","Law and order, right to bear arms, training our police and military, strong judiciary system, lighting all streets",0,"Freedom of speech","Freedom of religion","Freedom of choice","Protection in your home","Freedom of expression",5,5,5,5,"vote","harris",NA,1,1,1,"female",69,"black/non-hisp","masters","$60,000 to $74,999","ampride","demsatis","radchange","antiest","trustgov","MS",1,5,3,6,"11/18/2024 19:20"
462,"brkn",4.5,4,3,5,6,5,5.16666666666667,"limited government","Government is no longer as limited as it was. Rules and regulations impede liberty and freedom. (So, I can't just open a barber shop and cut hair. I have to be licensed.) Government seems to be everywhere, and is inefficient. It lacks common sense.",0,"Life","Liberty","Pursuit of happiness","limited government","checks and balances",2,5,7,4,"vote","trump",NA,6,5,5,"male",66,"white/non-hisp","bachelors","$125,000 to $149,999","demsatis","trustgov","antiest","radchange","ampride","PA",1,1,1,2,"11/19/2024 9:06"
467,"brkn",5.5,1,3,4,5,5,5.16666666666667,"Protecting and providing safe environment","Allowing racist and hate groups to abuse freedom of speech and protest and form organizations that threaten others.  Stopping Gang formation at the beginning stage.  Allowing crimes committed among the famous, prosperous, and powerful, to be dismissed, ignored, or acceptable on a level not offered to those of a lower class.",0,"Equal opportunity","Protected by government","Freedom of religion","Protecting and providing safe environment","Creating family growth",6,6,6,4,"vote","harris",NA,6,5,3,"female",59,"white/non-hisp","some coll","$15,000 to $19,999","antiest","demsatis","ampride","trustgov","radchange","GA",1,6,3,5,"11/18/2024 21:23"
476,"ctrl",4.75,4,2,1,5,6,5.25,"faith","Faith is hope in what is not seen with a trust in God to lead & guide leadership to operate with justice and fairness to all.",0,"faith","justice","leadershship","liberty","integrity",2,5,5,7,"vote","trump",NA,7,5,4,"female",67,"multi/non-hisp","some coll","$40,000 to $49,999","demsatis","antiest","ampride","trustgov","radchange","PA",1,1,1,2,"11/19/2024 17:20"
479,"ctrl",4.75,3,4,6,2,4,3.58333333333333,"Freedom","To have the free will to pursue whatever it is you want to do in the present moment or the future. No one / nothing controls you",0,"Freedom","Opportunity","Capitalism","Equality","Hustle",3,6,5,5,"vote",NA,NA,5,4,3,"female",23,"white/non-hisp","some coll","$30,000 to $34,999","radchange","antiest","demsatis","ampride","trustgov","MI",9,2,2,3,"11/21/2024 11:36"
484,"brkn",3,5,7,6,1,1,1.66666666666667,"freedom of religion","they are a lot of people who do not like some religions in America and try to get rid of them and America needs to make it that you can not do that because its hate speech",0,"freedom","freedom of religion","democracy","you can be what you want","independent",2,2,5,3,"vote","trump",NA,6,5,4,"male",18,"white/non-hisp","less HS","$125,000 to $149,999","ampride","trustgov","radchange","demsatis","antiest","AZ",3,1,4,8,"11/24/2024 19:41"
486,"brkn",4,3,4,4,4,4,4,"Women rights","Women right is important because helps us to be able to do anything that a man can do. Women’s rights are just as important as men’s rights because we are all humans that should have the same rights",0,"Freedom","Women rights","Human rights","Education","Human trafficking",4,4,4,4,"vote","harris",NA,1,1,3,"female",20,"black/non-hisp","some coll","$30,000 to $34,999","antiest","demsatis","radchange","ampride","trustgov","SC",12,4,3,5,"11/19/2024 14:25"
491,"ctrl",NA,5,5,4,4,3,3.5,"Equality","Having equal rights to healthcare, work, wages, shelter and food. Also having the ability to live healthy and peaceful lives.",0,"Equality","Living","Trust","Working","Health",NA,NA,NA,NA,NA,NA,NA,3,2,5,"female",38,"black/non-hisp","less HS","$20,000 to $24,999","demsatis","ampride","trustgov","antiest","radchange","IL",1,1,2,3,"11/21/2024 18:29"
493,"kept",5.25,3,3,5,5,5,5.08333333333333,"Separation of church and state","The line between church and State is thinning. More and more States are including religious values in their laws.",0,"Free Speech, Religion, Protest","Separation of church and state","Protection from illegal search & seizure","Right to vote","Taxation with Representation",5,6,6,4,"vote","harris",NA,1,1,1,"female",46,"white/non-hisp","masters","$75,000 to $84,999","radchange","antiest","demsatis","trustgov","ampride","CA",9,1,4,9,"11/20/2024 6:49"
496,"ctrl",5.75,4,2,4,3,6,4.91666666666667,"Freedom","Freedom is the ability to do whatever I want as long as I don’t harm others.  This should be the right of everyone everywhere.",0,"Freedom","Democracy","Rights","Equality","Privacy",6,6,5,6,"vote","trump",NA,6,5,4,"male",47,"white/non-hisp","some coll","$75,000 to $84,999","antiest","demsatis","ampride","trustgov","radchange","GA",12,1,3,5,"11/18/2024 19:13"
504,"kept",5.75,3,4,4,7,4,5.58333333333333,"Freedom of Speech","I believe that Freedom of Speech is carried out greatly in American society. We are allowed to voice our opinions on controversial topics unlike certain countries.",0,"The American Dream","Equality","Pride","Voting Rights","Freedom of Speech",5,7,7,4,"vote","harris",NA,2,1,2,"female",28,"black/non-hisp","some coll","$5,000 to $9,999","demsatis","ampride","antiest","trustgov","radchange","NY",1,1,1,2,"11/26/2024 18:33"
506,"kept",5.25,4,2,3,5,6,5.41666666666667,"Freedom","We can voice our opinions without fear of prosecution. We have the freedom to vote for our leaders.",0,"Freedom","Liberty","Protection","Equality","Justice for all",5,5,5,6,"no vote",NA,NA,6,5,3,"male",46,"white/non-hisp","some coll","$100,000 to $124,999","radchange","demsatis","antiest","ampride","trustgov","CT",12,1,1,1,"11/20/2024 18:37"
512,"brkn",4,3,3,3,6,5,5,"opportunity","The US is not living up to it's promise of opportunity when it is constantly removing and redirecting funding from social programs",0,"freedom","diversity","community","family","opportunity",5,4,3,4,"vote","harris",NA,1,1,2,"female",45,"white/non-hisp","masters","$85,000 to $99,999","trustgov","radchange","ampride","antiest","demsatis","TN",11,2,3,6,"11/23/2024 8:05"
515,"brkn",5.5,3,2,4,6,6,5.83333333333333,"Freedom","The lack of ability to live life the way we choose and see fit. Being told what we must do, pay, provide. Taxes",0,"Freedom of choice","Human rights","Freedom of expression","The right to choose","Freedom",7,6,7,2,"no vote",NA,NA,4,3,3,"female",38,"white/non-hisp","HS","$40,000 to $49,999","trustgov","antiest","ampride","demsatis","radchange","TX",11,4,3,7,"11/29/2024 8:34"
518,"kept",5.75,2,3,5,4,5,4.91666666666667,"freedom","freedom of speech, expression. it  use to do   this, not the best at the moment but we will continue   to get  back",0,"freedom","expresion","just","openness","honesty",6,7,6,4,"vote","harris",NA,1,1,1,"male",39,"white/non-hisp","bachelors","$25,000 to $29,999","demsatis","ampride","trustgov","antiest","radchange","MA",2,1,1,1,"11/19/2024 0:04"
519,"brkn",4,4,4,4,4,4,4,"Freedom","Let me do as I please when I go out without breaking any laws. Also making good choices everday in life",0,"Freedom","Respect","Security","Economy","Rights",4,4,4,4,"vote","harris",NA,2,1,3,"male",39,"black/non-hisp","bachelors","$50,000 to $59,999","demsatis","antiest","radchange","ampride","trustgov","TN",1,1,3,6,"11/20/2024 6:20"
521,"kept",4,3,2,4,4,6,4.66666666666667,"Freedom","Each person has their own personal opinion and with that we each have freedom of choice in some ways.",0,"Freedom","Liberty","Justice","Peace","Equality",4,4,4,4,"no vote",NA,NA,4,3,4,"female",32,"white/non-hisp","HS","$20,000 to $24,999","ampride","radchange","antiest","trustgov","demsatis","NY",9,6,1,2,"11/21/2024 9:02"
531,"kept",4.25,5,4,6,5,4,4.41666666666667,"Equality","Equal voting rights for men and women, equals rights amendment and we are working on ending racism but still have a ways to go.",0,"Equality","Independence","Freedom","Pursuit of Happiness","Liberty",3,5,6,3,"vote","trump",NA,6,5,3,"female",70,"white/non-hisp","bachelors","$35,000 to $39,999","ampride","trustgov","antiest","radchange","demsatis","IN",12,5,2,3,"11/18/2024 21:32"
536,"kept",3.5,5,4,3,1,4,2.83333333333333,"freedom of religion","Currently have the right to worship as we choose. Currently have the right to worship on what day we choose. Should not be denied any rights based on our religion.",0,"freedom of religion","freedom of speech","equality for all","moral integrity","right to privacy",5,3,3,3,"vote","harris",NA,4,3,3,"female",63,"white/non-hisp","some coll","$50,000 to $59,999","radchange","antiest","ampride","trustgov","demsatis","MI",12,1,2,3,"11/21/2024 8:30"
542,"kept",4.5,2,4,1,6,4,4.83333333333333,"Hope","Providing educational opportunity. The people who live in, invest, and care about their communities are the most significant examples.",0,"Strength","Resilience","Hope","Power","Freedom",5,5,3,5,"vote","harris",NA,3,2,3,"male",29,"white/non-hisp","masters","$15,000 to $19,999","trustgov","demsatis","ampride","antiest","radchange","LA",11,7,3,7,"11/30/2024 19:34"
545,"brkn",5.5,4,2,2,5,6,5.5,"solidarity","no equality and division
no freedom of right, people are divided in race, cost and religion which is dangerous to the country",0,"equality","individualism","change","competition and free enterprise","solidarity",7,7,7,1,"vote","harris",NA,1,1,1,"male",54,"asian/non-hisp","masters","$75,000 to $84,999","radchange","trustgov","ampride","demsatis","antiest","IL",6,2,2,3,"11/25/2024 12:08"
549,"kept",5.25,5,1,1,7,7,6.41666666666667,"Freedom of speech","I don’t believe it is living up to its promise more and more is taken away from us every day by restricting our words and what we say",0,"Freedom of speech","Free will","Choice of religion","Family values","Health",4,7,4,6,"vote","trump",NA,4,3,3,"female",66,"white/non-hisp","some coll","$50,000 to $59,999","ampride","demsatis","radchange","trustgov","antiest","MS",4,1,3,6,"11/18/2024 18:57"
551,"ctrl",3.5,4,4,4,5,4,4.16666666666667,"Honesty","Honesty is the act of being truthful in all dealings. Whether returning something found that was lost or simply stating ""I don't know"", being an honest person makes this nation better.",0,"Freedom of speech","Independence","Hard work","Honesty","Integrity",4,4,3,3,"vote","harris",NA,3,2,3,"male",27,"black/non-hisp","bachelors","$60,000 to $74,999","demsatis","trustgov","radchange","ampride","antiest","CA",11,1,4,9,"11/18/2024 17:21"
560,"brkn",5,2,4,2,5,4,4.66666666666667,"Unalienable civil rights","Women and immigrant citizens are treated as second-class citizens. Women's reproductive rights are being stripped away. Immigrants are being vilified.",0,"Freedom of speech","Freedom from religious persecution","Unalienable civil rights","Opportunity","Gradual corrective action toward Equal Rights for men & women of all cultures",6,5,5,4,"vote","harris",NA,2,1,3,"male",33,"white/non-hisp","bachelors","$175,000 to $199,999","demsatis","ampride","trustgov","antiest","radchange","IL",12,1,2,3,"11/19/2024 8:30"
563,"ctrl",7,1,1,1,7,7,7,"Not a free country","You can’t marry who you want. LGBQT is a crime in this country. If you are poor no one cares about you. Only if you are rich and white you will make it in this country",0,"Absolutely nothing","Protect criminals","Greedy","Dictatorship","Not a free country",7,7,7,7,"vote","harris",NA,1,1,1,"male",27,"white/non-hisp","HS","$5,000 to $9,999","radchange","antiest","ampride","demsatis","trustgov","WI",11,1,2,3,"11/18/2024 18:01"
598,"brkn",4,3,4,4,5,4,4.33333333333333,"Freedom","Because they are still allowing racism to go on. They are trying to take away our rights against  and go back to the civil war",0,"Freedom","Women right","The school","Crime","Ol people",4,4,4,4,"vote","harris",NA,1,1,3,"female",31,"black/non-hisp","bachelors","$5,000 to $9,999","radchange","demsatis","trustgov","antiest","ampride","OH",11,1,2,3,"11/18/2024 19:08"
599,"kept",4.5,2,4,3,5,4,4.5,"Freedom","The ability to live the American dream, the option to vote for who we feel represents our beliefs and values.",0,"Freedom","Fairness","A voice","Options","Democracy",5,5,5,3,"no vote",NA,NA,6,5,3,"female",31,"white/non-hisp","some coll","$60,000 to $74,999","antiest","demsatis","radchange","trustgov","ampride","PA",11,1,1,2,"11/20/2024 22:04"
601,"ctrl",5.25,4,2,7,7,6,6.08333333333333,"Independence","Independence meaning that we are an independent country. We can rely on our own country. We have our own government that we rely on.",0,"Independence","Integrity","Law abiding","Rights","Free",6,4,4,7,"vote","trump",NA,6,5,4,"female",26,"multi/non-hisp","some coll","$20,000 to $24,999","antiest","trustgov","radchange","ampride","demsatis","TN",12,2,3,6,"11/20/2024 16:13"
609,"kept",4.25,5,1,1,7,7,6.08333333333333,"Freedom","In theory, Americans have freedom of speech, religion, and choice of political beliefs without fear of being punished legally or socially.  Unfortunately, this is not always followed by those in power.",0,"Freedom","Order","Equal Opportunity","Protection from Tyranny","Capitalism",1,4,5,7,"vote","trump",NA,7,5,5,"female",75,"white/non-hisp","masters","$125,000 to $149,999","antiest","demsatis","trustgov","ampride","radchange","TX",1,5,3,7,"11/18/2024 19:10"
611,"ctrl",4.66666666666667,3,4,4,7,4,5.22222222222222,"Freedom","Freedom is a part of what our country represents. The land of the free. We still are able to go and do as we please.",0,"Protection","Freedom","Constitutional righrs","Our amnennents","Christian values",4,3,7,NA,"no vote",NA,NA,6,5,NA,"female",56,"white/non-hisp","bachelors","$10,000 to $14,999","trustgov","antiest","ampride","radchange","demsatis","TX",1,4,3,7,"11/21/2024 8:44"
616,"kept",6.5,5,2,2,6,6,6.16666666666667,"Are right to free speech without government making any rules against that","Well our government is not living up to our right of free speech. Especially became evident during the 2016 presidential election, the Covid lockdowns, and the 2020 election. Big tech with influence of the party in charge kept all other opinions on social media platforms that interfered with their agenda to keep people compliant was denied and labeled as “false” and most times were denied being posted to our accounts!",0,"As a whole we are United under the constitution","We can practice our faith without government interference","Are right to free speech without government making any rules against that","Free commerce without excess taxation","The balance of our government branches, executive//legislative/judicial",5,7,7,7,"vote","trump",NA,7,5,5,"female",69,"white/non-hisp","some coll","$50,000 to $59,999","radchange","trustgov","antiest","ampride","demsatis","KY",1,1,3,6,"11/18/2024 20:13"
618,"kept",4.75,5,5,6,5,3,4.25,"provide opportunites","We have free trade and fair markets. We have competitive markets that incentivise business owners and creators. We have an atmosphere that encourages hard work and rewards it.",0,"protect its citizens","provide opportunites","fare markets","freedom of religion","stand up for allies",6,5,5,3,"vote","trump",NA,7,5,5,"female",32,"white/non-hisp","bachelors","$175,000 to $199,999","radchange","trustgov","demsatis","ampride","antiest","TX",1,1,3,7,"11/21/2024 10:04"
619,"brkn",5.75,5,4,2,6,4,5.25,"freedom of speech","To much fake news. People are afraid to state their own views to others. To much WOKE policies. Hope this will end with new administration.",0,"freedom of speech","separation of powers","justice","liberty","freedom of religion",5,6,6,6,"no vote",NA,NA,7,5,4,"male",87,"white/non-hisp","bachelors","$25,000 to $29,999","radchange","antiest","demsatis","ampride","trustgov","IL",1,5,2,3,"11/19/2024 11:42"
620,"kept",5.75,3,3,3,6,5,5.58333333333333,"Nobody is above the law","The U.S. is not following the Constitution, due to the recent Supreme Court decision.  The president has immunity.",0,"I’m Freedom for all","Government for the people by the people","Freedom of speech","Right to bear arms","Nobody is above the law",6,6,6,5,"vote","harris",NA,2,1,3,"male",64,"white/non-hisp","some coll","$60,000 to $74,999","antiest","ampride","trustgov","demsatis","radchange","MI",1,5,2,3,"11/20/2024 6:05"
629,"kept",4.75,4,4,3,5,4,4.58333333333333,"Freedom","It's not living up to its promise. It depends on your race.its not equal certain race get more freedom then othera",0,"Free speech","Freedom","Liberty","Religion","Law",5,5,5,4,"no vote",NA,NA,2,1,3,"female",53,"black/non-hisp","some coll","$40,000 to $49,999","radchange","demsatis","antiest","ampride","trustgov","CA",1,1,4,9,"11/22/2024 0:11"
630,"brkn",5.5,4,4,4,6,4,5.16666666666667,"Protest","It let's whoever, whenever protest whether it goes against the laws of the land. Even if it's a hate group.",0,"Gun laws","Speech","To video the police","No discrimination","Protest",7,6,6,3,"no vote",NA,NA,1,1,1,"male",64,"black/non-hisp","less HS","$10,000 to $14,999","ampride","antiest","radchange","trustgov","demsatis","IN",12,6,2,3,"11/19/2024 18:25"
641,"brkn",5,2,3,3,3,5,4.33333333333333,"Safety","The military protects the country against other countries and terrorists. The police and firefighters protect our country in our homeland.",0,"Equality","Freedom","Safety","Pursuit of happiness","Democracy",5,5,5,5,"vote","harris",NA,5,4,4,"female",40,"white/non-hisp","bachelors","$85,000 to $99,999","antiest","trustgov","ampride","demsatis","radchange","NV",1,7,4,8,"11/19/2024 14:12"
643,"brkn",6,2,2,1,5,6,5.66666666666667,"checks balances","President elect Trump has pushed the envelope in the past w/ no accountability. This is certain to continue when he becomes POTUS. The supreme court has granted him unlimited immunity.",0,"freedom","liberty","pursuit of happiness","separate charuch state","checks balances",7,5,7,5,"vote","harris",NA,1,1,1,"female",55,"white/non-hisp","some coll","$35,000 to $39,999","antiest","radchange","trustgov","demsatis","ampride","NY",1,6,1,2,"11/18/2024 19:31"
647,"ctrl",4,5,4,4,6,4,4.66666666666667,"OPPURTUNITY","WHERE HARD WORK AND DETERMINATION CAN LEAD TO SUCCESS TO ACHEIVE ONES DREAMS THROUGH PRESERVERANCE AND EFFORT",0,"LIBERTY","EQUALITY","DIVERSITY","JUSTICE","OPPURTUNITY",4,4,4,4,"vote","trump",NA,6,5,4,"male",18,"white/non-hisp","less HS","$35,000 to $39,999","ampride","radchange","antiest","trustgov","demsatis","TX",1,1,3,7,"11/19/2024 1:29"
657,"kept",7,4,1,1,7,7,7,"Right to bear arms","The right to bear arms is slowly being taken away. The government is too corrupt to allow Americans to have guns.",0,"Freedom of speech","Right to bear arms","Separation of church and state","Freedom of religion","Freedom of the press",7,7,7,7,"vote","trump",NA,7,5,5,"female",34,"white/non-hisp","HS","$85,000 to $99,999","antiest","trustgov","radchange","demsatis","ampride","MN",1,7,2,4,"11/18/2024 18:48"
666,"kept",6,2,3,3,7,5,6,"People","I really don't think the United States is living up to its promise to the American people or it's values.",0,"Money","Greed","pride","People","Independence",6,7,7,4,"no vote",NA,NA,4,3,4,"female",35,"black/non-hisp","some coll","$10,000 to $14,999","antiest","ampride","demsatis","trustgov","radchange","IL",11,1,2,3,"11/18/2024 19:00"
669,"kept",5,4,5,6,4,3,4,"Democracy","The political parties adhere to the values that were set forth in our Constitution. The U.S. has in place rules that govern individuals in government as well as each political party.",0,"Inclusion","Equality","Democracy","Financial stability","Individual freedoms",5,5,5,5,"vote","harris",NA,1,1,3,"male",68,"black/non-hisp","some coll","$150,000 to $174,999","radchange","demsatis","ampride","antiest","trustgov","FL",1,5,3,5,"11/20/2024 11:50"
675,"brkn",4.75,4,3,3,4,5,4.58333333333333,"Freedom","Having decisions made for us and not being able to choose free speech bearing arms and having who runs for president with no formal election like the democratic party did this election",0,"Freedom","The right to free speech","Loyalty","Dreams","Religion of choice",4,5,5,5,"vote","trump",NA,7,5,4,"female",49,"white/non-hisp","some coll","$50,000 to $59,999","ampride","demsatis","antiest","radchange","trustgov","MI",12,1,2,3,"11/24/2024 15:05"
680,"kept",5.5,1,2,2,7,6,6.16666666666667,"equal rights","The U.S. is not living up to this promise. There is a clear lack of equality between different groups.",0,"equality","equal rights","freedom","individualism","rights",7,7,7,1,"no vote",NA,NA,1,1,1,"female",23,"white/non-hisp","HS","$40,000 to $49,999","radchange","antiest","trustgov","demsatis","ampride","FL",11,4,3,5,"11/18/2024 20:19"
683,"brkn",4.5,1,NA,1,7,NA,5.75,"False promise","Trump  as president this country is going to hell in basket
Don't have thing else to add i done.........",0,"Hate","Love","False promise","Negative","Fake",5,5,5,3,"vote","harris",NA,2,1,3,"male",59,"black/non-hisp","HS","$100,000 to $124,999","demsatis","radchange","trustgov","ampride","antiest","NY",1,5,1,2,"11/19/2024 14:23"
686,"ctrl",5,3,4,4,4,4,4.33333333333333,"Dependably","Being reliable having people trust. People k owing.the can depend on the government will do that they say they are going to do",0,"Trust","Love","Dependably","Value","Promise",6,6,6,2,"no vote",NA,NA,5,4,3,"female",40,"white/non-hisp","some coll","$10,000 to $14,999","ampride","antiest","trustgov","radchange","demsatis","TX",12,1,3,7,"11/26/2024 12:38"
691,"kept",3.75,5,3,4,5,5,4.58333333333333,"democracy","Freedom to make decisions, freedom to think for yourself.  You can travel anywhere.  You can apply for jobs",0,"democracy","freedom to work","live where you want","shop where you want","can purchase a home",4,4,4,3,"vote","harris",NA,1,1,3,"female",79,"white/non-hisp","some coll","$40,000 to $49,999","radchange","antiest","trustgov","ampride","demsatis","FL",5,5,3,5,"11/19/2024 8:00"
694,"brkn",7,3,1,1,7,7,7,"truth","No one party can be trusted liars and cheats to the american people. People are not forthcoming and they are self centered",0,"trust","loyalty","forgiveness","truth","love",7,7,7,7,"vote","harris",NA,2,1,3,"female",64,"black/non-hisp","some coll","$50,000 to $59,999","trustgov","radchange","demsatis","antiest","ampride","TX",1,1,3,7,"11/20/2024 9:42"
718,"ctrl",4,2,1,1,4,7,5,"Equalization of individuals","There should be no classes of individuals.  All are equal under the law. Segregation is outlawed.  Opportunity is open to all.",0,"Equalization of individuals","Individuals Vote","Bill of Rights","Rule of Law","Freedom of Speech",7,4,1,4,"vote","harris",NA,1,1,3,"female",82,"white/non-hisp","masters","$40,000 to $49,999","trustgov","radchange","antiest","demsatis","ampride","CA",7,2,4,9,"11/18/2024 21:05"
725,"ctrl",3.5,2,6,4,7,2,4.16666666666667,"Family","Love and compassion family love caring food thanksgiving marriage love compassion love we care for each other",0,"Love","Mother","Family","Marriage","Father",4,3,2,5,"no vote",NA,NA,6,5,3,"male",40,"white/non-hisp","some coll","$75,000 to $84,999","demsatis","radchange","antiest","trustgov","ampride","VA",12,1,3,5,"11/28/2024 21:11"
727,"ctrl",4.75,3,4,2,2,4,3.58333333333333,"Democracy","Government of the people, by the people, and for the people. Free and fair elections. No on is above the law.",0,"All people equal","Freedom of speech","Democracy","Free to bear arms","Justice for all",6,5,5,3,"vote","harris",NA,2,1,3,"male",66,"white/non-hisp","some coll","$40,000 to $49,999","radchange","trustgov","ampride","demsatis","antiest","OK",11,5,3,7,"11/19/2024 3:56"
730,"brkn",3.75,4,4,1,3,4,3.58333333333333,"Caring for each other","By correcting the social injustices we have as a society and  as set forth in the constitution and the Bill of Rights.",0,"Serving all equaly","Change","Privacy","Establish justice","Caring for each other",5,2,3,5,"vote","harris",NA,1,1,1,"male",73,"black/non-hisp","some coll","$50,000 to $59,999","demsatis","ampride","trustgov","antiest","radchange","SC",11,6,3,5,"11/19/2024 4:42"
731,"kept",5.5,1,2,2,6,6,5.83333333333333,"Corruption","literally everything is controlled by the top group of richest and most powerful people in the country",0,"Money","Power","Corruption","Sex","Capitalism",7,6,7,2,"vote","harris",NA,2,1,1,"female",37,"white/non-hisp","bachelors","$85,000 to $99,999","antiest","radchange","trustgov","demsatis","ampride","NJ",9,1,1,2,"11/18/2024 19:01"
732,"ctrl",3.5,5,4,4,5,4,4.16666666666667,"God","God the creator of the universe and everyone
God who sent his son (Jesus) to die for us if we only accept him..",0,"freedom","honesty","God","equality","independence",4,3,3,4,"vote","trump",NA,6,5,4,"female",69,"white/non-hisp","HS","$40,000 to $49,999","radchange","antiest","demsatis","trustgov","ampride","OH",1,5,2,3,"11/19/2024 8:50"
739,"brkn",5.25,2,2,3,5,6,5.41666666666667,"Freedom","Because we arent free. We are slaves to rhe government. Poor unfortunate slaves. Pawns in their game",0,"Freedom","Choice","Guns","Money","Acceptance",5,5,6,5,"no vote",NA,NA,4,3,3,"female",30,"white/non-hisp","some coll","$25,000 to $29,999","ampride","antiest","demsatis","radchange","trustgov","OR",11,2,4,9,"11/22/2024 6:18"
741,"brkn",6.25,5,1,1,7,7,6.75,"All world freedom","We are spending to much time and too much money supporting other countries and not standing up for our own people",0,"All world freedom","Freedom of speech","Equal treatment towards outsiders","A dominant army","Freedom to help others",5,7,6,7,"vote","trump",NA,7,5,5,"male",91,"white/non-hisp","less HS","$5,000 to $9,999","trustgov","antiest","radchange","ampride","demsatis","NC",1,5,3,5,"11/19/2024 8:08"
742,"ctrl",5.75,4,2,3,5,6,5.58333333333333,"Freedom","Freedom of religion, choice anything you want. To be and do what you want with what you have. To not have government tell you what you have to do with your life.",0,"Opportunity","Freedom","Equal rights","Voice","Protect ourselves",5,6,6,6,"vote","trump",NA,6,5,3,"male",44,"white/non-hisp","some coll","$100,000 to $124,999","radchange","antiest","trustgov","demsatis","ampride","MD",1,1,3,5,"11/18/2024 18:42"
744,"ctrl",5.25,3,1,2,6,7,6.08333333333333,"Justice for all, no one person is above the law","No convicted felon, should be part of our governing body, any pending court cases must be resolved before any Election takes place, a President should not have total immunity for even he/she is not above the law.",0,"Freedom for all","Justice for all, no one person is above the law","Freedom of choice for our own self,  health, wealth,","We the people should choose who goverens, no electoral votes.","The Constitution should stand as a guide within reason of the times.",5,6,5,5,"vote","harris",NA,3,2,3,"female",80,"white/non-hisp","HS","$35,000 to $39,999","trustgov","demsatis","ampride","antiest","radchange","FL",12,5,3,5,"11/19/2024 10:09"
747,"brkn",2.75,3,5,5,3,3,2.91666666666667,"Equal rights","Women's rights when for example abortion is being banned or limited.

Threats of not supporting people of all sexual/gender orientation.",0,"Equal rights","Ability to succeed","Openess and acceptance","Freedom of religion or no religion","Freedom of choice",5,2,2,2,"vote","harris",NA,2,1,3,"male",52,"white/non-hisp","masters","$200,000 or more","radchange","trustgov","antiest","ampride","demsatis","CA",11,1,4,9,"11/18/2024 21:59"
751,"brkn",6,3,2,4,6,6,6,"Freedom","I don't seem they are working for the people, just taking taxpayers money, and only concern for their on benefits",0,"Promise","Freedom","Happiness","Freedom of speech","Integrity",6,6,6,6,"vote","trump",NA,7,5,3,"male",68,"white/non-hisp","some coll","$25,000 to $29,999","radchange","trustgov","antiest","ampride","demsatis","NE",1,1,2,4,"11/20/2024 12:21"
761,"ctrl",5.5,3,4,1,1,4,3.5,"Natural/Inalienable Rights","A person's God given rights which cannot be given to or taken away by another person, or
by any government.",0,"Natural/Inalienable Rights","Equality","Majority Rule","Rule of Law","Separation of Powers",1,7,7,7,"vote","trump",NA,7,5,5,"female",66,"black/non-hisp","bachelors","$10,000 to $14,999","trustgov","ampride","radchange","antiest","demsatis","CA",12,6,4,9,"11/18/2024 17:05"
762,"kept",6.75,3,4,5,6,4,5.58333333333333,"Peace","We need all people, political parties, etc to learn to get along, respect each others opinions and what they stand for.",0,"Family","Peace","Freedom of speech","Freedom of religion","Freedom to work",7,7,6,7,"vote","trump",NA,7,5,5,"male",70,"white/non-hisp","HS","$85,000 to $99,999","radchange","demsatis","antiest","ampride","trustgov","IL",1,5,2,3,"11/27/2024 11:26"
779,"kept",3.25,5,4,4,4,4,3.75,"Freedom","The ability to do what one wants when they want without restriction or oversight from others. Something many people in the world do not have",0,"Freedom","Equality","Democracy","Ownership","Family",2,3,4,4,"vote","trump",NA,6,5,3,"female",30,"white/non-hisp","masters","$25,000 to $29,999","antiest","trustgov","radchange","demsatis","ampride","CA",5,1,4,9,"11/18/2024 17:55"
786,"brkn",5.25,3,1,1,7,7,6.41666666666667,"Freedom of speech","There is censorship everywhere. It seems if you say something that’s against the script you are  banned, blocked or removed from the platform. Speaking  the truth  is unwanted and punished.",0,"Freedom of speech","The right to bare arms","Liberty and the pursuit of happiness","Equality","Accountability and justice",7,4,4,6,"no vote",NA,NA,4,3,NA,"female",63,"white/non-hisp","HS","$35,000 to $39,999","demsatis","trustgov","antiest","ampride","radchange","CA",12,1,4,9,"11/18/2024 21:31"
789,"brkn",6.75,3,2,3,5,6,5.91666666666667,"capital","if individuals have capital regardless of race or ethnicity it gives the power of influence and lifestyle here in the US.",0,"capital","speech","individuality","bear arms","equality",6,7,7,7,"vote","other","Jill stein",3,2,3,"female",23,"black/non-hisp","bachelors","$25,000 to $29,999","radchange","antiest","trustgov","ampride","demsatis","OH",12,1,2,3,"12/1/2024 18:56"
792,"brkn",4.75,4,3,3,5,5,4.91666666666667,"Liberty","The federal government is becoming too big, and is trying to regulate aspects of American life that it should not have any authority over.",0,"Liberty","Freedom","Justice","Equality","Representative government",6,6,2,5,"vote","harris",NA,5,4,3,"male",41,"white/non-hisp","masters","$100,000 to $124,999","demsatis","ampride","radchange","trustgov","antiest","CA",10,1,4,9,"11/18/2024 23:00"
794,"kept",5.25,4,4,2,5,4,4.75,"Equality of all","Each has inalienable rights, has equal protection under the law. Each has an equal vote and can freely petition government without penalty",0,"Freedom of Assembly","Liberty","Freedom of religion","Free to viye","Equality of all",6,5,7,3,"vote","harris",NA,4,3,3,"female",60,"white/non-hisp","masters","$75,000 to $84,999","trustgov","ampride","radchange","antiest","demsatis","IL",2,5,2,3,"11/20/2024 12:50"
795,"kept",5.25,3,4,3,3,4,4.08333333333333,"Liberty","Through fair elections, even when the outcome is not what we want.
Through fair and evenly applied justice.",0,"Integrity","Honesty","Liberty","Democracy","Inclusion",5,6,5,5,"vote","harris",NA,1,1,3,"male",70,"white/non-hisp","HS","$60,000 to $74,999","demsatis","antiest","ampride","trustgov","radchange","OH",1,5,2,3,"11/18/2024 20:31"
796,"ctrl",3.75,5,3,4,5,5,4.58333333333333,"Independence","Being able to stand on your own and be successfully stand on your own. Not relying on anyone else and being man of your word",0,"Equaity","Independence","Justice","Liberty","Loyalty",3,4,4,4,"no vote",NA,NA,4,3,4,"female",31,"white/non-hisp","HS","$40,000 to $49,999","demsatis","radchange","trustgov","ampride","antiest","TX",11,1,3,7,"11/21/2024 6:03"
809,"kept",3.5,4,6,6,6,2,3.83333333333333,"common good","My favorite common good is the public library.  It is there as a multifaceted resource for everyone!",0,"common good","self evident truth","equality","freedom, rightly understood","we the people",6,3,2,3,"vote","harris",NA,1,1,1,"female",81,"white/non-hisp","masters","$60,000 to $74,999","demsatis","radchange","ampride","trustgov","antiest","CO",2,5,4,8,"11/19/2024 8:11"
812,"kept",4.75,5,6,3,1,2,2.58333333333333,"Equal","As of right now we are all treated equally.  Not just race but also by gender. By making sure this is happening it help me to feel like I am truly apart of the United States of America.",0,"Safe","Reliable","Meaningful","Fair","Equal",5,6,6,2,"vote","harris",NA,1,1,3,"male",56,"black/non-hisp","HS","$75,000 to $84,999","antiest","ampride","radchange","trustgov","demsatis","NC",1,1,3,5,"11/19/2024 14:30"
815,"ctrl",6.25,5,2,1,7,6,6.41666666666667,"Freedom of religion. Never to be taken away!","We are no longer under the tyranny of the British government, forcing us to follow the catholic beliefs, but , can choose to worship the one and only, true God in the way that we choose without any government involvement.",0,"Freedom of speach","The right to bear arms","That the government of of the people and BY the people and FOR the people","That we, the people, are to take down the government when it goes against our rights","Freedom of religion. Never to be taken away!",7,5,6,7,"vote","trump",NA,7,5,5,"female",59,"white/non-hisp","some coll","$50,000 to $59,999","ampride","demsatis","trustgov","antiest","radchange","MO",1,1,2,4,"11/19/2024 6:50"
817,"kept",3.5,5,5,6,3,3,3.16666666666667,"freedom","The American people are free to choose their desired path. Whether that means freedom to choose career, education level, location of where they live, freedom to think and act the way they choose. Freedom covers several aspects of the American peoples' lives.",0,"freedom","liberty","democracy","diversity","success",5,3,3,3,"vote","harris",NA,2,1,3,"female",32,"white/non-hisp","bachelors","$60,000 to $74,999","trustgov","demsatis","radchange","ampride","antiest","WI",2,1,2,3,"11/19/2024 15:57"
820,"brkn",3,3,4,6,2,4,3,"rule of law","freedom of speech. equality for all citizens. swift justice for all. fairness in judgement. fair treatment of all human beings",0,"democracy","rule of law","american dream","equality","love of country",1,2,3,6,"no vote",NA,NA,7,5,1,"male",47,"asian/non-hisp","HS","$40,000 to $49,999","radchange","trustgov","demsatis","antiest","ampride","CA",2,1,4,9,"11/18/2024 20:56"
821,"ctrl",4.5,4,4,3,6,4,4.83333333333333,"protection of rights","the constitution protects individual rights from government interference. our rights include: freedom of speech, right to bear arms, right to a jury trial, freedom of religion, right to privacy and right to own property",0,"protection of rights","freedom of religion","equality of citizens","free enterprise","privacy",5,4,5,4,"vote","harris",NA,2,1,3,"female",73,"white/non-hisp","bachelors","$40,000 to $49,999","trustgov","antiest","ampride","radchange","demsatis","NJ",2,5,1,2,"11/18/2024 20:50"
827,"brkn",5.75,2,2,7,7,6,6.25,"Prosperity","Sourcing massive amounts of goods from other countries. Also jobs. Enabling illegal immigrants to enter this country",0,"Independence","Prosperity","Liberty","Justice","Prosperity",5,5,7,6,"vote","trump",NA,7,5,5,"female",56,"white/non-hisp","some coll","$50,000 to $59,999","demsatis","antiest","trustgov","radchange","ampride","OH",2,1,2,3,"11/19/2024 5:59"
834,"ctrl",4,3,5,2,6,3,4.33333333333333,"Rule of Law","Every citizen is bound by the same laws.  No one is above the law.  Every defendant is entitled to a fair hearing before a jury of their peers.",0,"Equality","Opportunity","General Wellbeing","Liberty","Rule of Law",5,3,5,3,"vote","harris",NA,1,1,1,"female",72,"white/non-hisp","masters","$20,000 to $24,999","trustgov","demsatis","radchange","antiest","ampride","NY",2,5,1,2,"11/19/2024 2:00"
841,"kept",6.5,4,2,4,6,6,6.16666666666667,"Freedom","America has always been the land of the free. They got free labor from the slaves...and free land from the native Americans.",0,"Freedom","Liberty","Profit","Independence","Growth",6,6,7,7,"vote","harris",NA,2,1,3,"male",51,"black/non-hisp","bachelors","$60,000 to $74,999","trustgov","antiest","radchange","ampride","demsatis","TX",1,5,3,7,"11/19/2024 6:00"
843,"kept",5.5,5,2,2,6,6,5.83333333333333,"World Peace","I do not think they are living up to it America needs God and alot of things to be changed. We need a different president someone who will actually do something for all Americans and not try to cut all the things that people really need in this world..",0,"Comstitution","Free will","Womens rights","End wars","World Peace",6,6,6,4,"vote","harris",NA,1,1,4,"male",61,"white/non-hisp","less HS","$25,000 to $29,999","demsatis","trustgov","antiest","ampride","radchange","FL",1,2,3,5,"11/20/2024 22:20"
845,"kept",5.5,3,1,2,5,7,5.83333333333333,"Liberty","People seem to be free and do what they want.they have a choice in were they go or what they want to do.",0,"Being free","Money","Happieness","Health","Liberty",5,5,5,7,"vote","trump",NA,7,5,3,"male",45,"white/non-hisp","HS","$50,000 to $59,999","ampride","radchange","antiest","trustgov","demsatis","WV",9,1,3,5,"11/19/2024 19:36"
846,"ctrl",3.5,1,3,3,2,5,3.5,"liberalism","rights of the individual, to property, and equality before the law consent to be governed, and politcal equality",0,"liberalism","freedom","democracy","patriotism","freedom of speech",5,4,2,3,"vote","harris",NA,1,1,3,"male",25,"white/non-hisp","bachelors","$200,000 or more","demsatis","antiest","ampride","trustgov","radchange","IL",1,1,2,3,"11/22/2024 12:25"
852,"ctrl",5,5,3,2,6,5,5.33333333333333,"Voting rights","Freedom to vote as a citizen of United States without out recourse. Allow for mail in ballots nationwide",0,"Voting rights","Education","Race equality","Safe environment","Gun control",6,5,4,NA,"vote","harris",NA,1,1,1,"male",76,"white/non-hisp","HS","$75,000 to $84,999","ampride","antiest","demsatis","radchange","trustgov","NV",2,5,4,8,"11/18/2024 17:17"
858,"kept",6,2,1,5,4,7,5.66666666666667,"Freedom","Freedom is carried out in society by citizens being able to vote for candidates who align with your personal views on issues facing society.",0,"Freedom","Personal success","Family","Religious freedom","Protection",6,6,6,6,"vote","trump",NA,6,5,4,"female",33,"white/non-hisp","some coll","$50,000 to $59,999","antiest","radchange","demsatis","trustgov","ampride","OH",1,7,2,3,"11/19/2024 11:06"
862,"ctrl",5.75,5,2,2,6,6,5.91666666666667,"Equality","I believe equality is most important because it should not matter what sex you are, color relegion, nationality,etc",0,"Equality","prosperity","no segregration","religious freedom","sexual freedom",6,6,5,6,"vote","harris",NA,4,3,4,"male",79,"white/non-hisp","some coll","$20,000 to $24,999","ampride","radchange","antiest","demsatis","trustgov","OR",12,5,4,9,"11/18/2024 16:30"
865,"ctrl",6.75,5,1,7,2,7,5.25,"Government for the people","The elected officials work on the people's agenda not their own, most politicians are just looking out for themselves",0,"Freedom of speech","Right to bear arms","Pursuit of happiness","Government for the people","Freedom of choice",6,7,7,7,"vote","harris",NA,4,3,3,"male",64,"white/non-hisp","some coll","$100,000 to $124,999","ampride","antiest","demsatis","radchange","trustgov","FL",1,5,3,5,"11/19/2024 5:35"
870,"brkn",3.25,5,4,6,2,4,3.08333333333333,"Opportunity","The Us give all an equal opportunity to fulfill dreams and visions. I think America is what you make it.",0,"Dream","Opportunity","Try","value","Helping",2,3,5,3,"no vote",NA,NA,4,3,3,"female",34,"black/non-hisp","some coll","under $5,000","demsatis","trustgov","ampride","antiest","radchange","MD",12,4,3,5,"11/20/2024 19:55"
872,"ctrl",6.75,1,1,1,7,7,6.91666666666667,"Freedom","Freedom is the ability to live as one chooses, with minimal restrictions for the safety of others. Freedom of speech, religion, etc.",0,"Individualism","Freedom","Resilience","Grit","Balance",7,7,7,6,"vote","harris",NA,3,2,1,"female",29,"white/non-hisp","bachelors","$60,000 to $74,999","ampride","demsatis","antiest","trustgov","radchange","KY",9,1,3,6,"11/19/2024 9:07"
878,"ctrl",4.75,4,5,6,4,3,3.91666666666667,"Independence","The individual can work toward whatever is their intrest if the individual is not interested in university they can pursue all kinds of work where you learn on the job. Also,
Try out different ways.",0,"Truth","Juctice","Independence","Freedom","Individual",5,5,5,4,"vote","trump",NA,6,5,3,"female",73,"white/non-hisp","some coll","$40,000 to $49,999","radchange","antiest","ampride","demsatis","trustgov","FL",11,5,3,5,"11/23/2024 15:15"
880,"brkn",5.25,5,3,3,3,5,4.41666666666667,"Freedom","Many ways that the government during the last 4 years was censoring people and cutting off access from social media platforms.",0,"Freedom","Free Enterprise/Capitalism","Progress/Science/Technology","Equal Opportunity","Individualism/Privacy",4,5,6,6,"vote","trump",NA,7,5,5,"male",59,"white/non-hisp","some coll","$60,000 to $74,999","trustgov","demsatis","radchange","ampride","antiest","LA",2,1,3,7,"11/20/2024 0:01"
882,"ctrl",3.5,4,5,4,5,3,3.83333333333333,"Economy","Signing bills that will help all people to maintain a living and health to benefits every family and buisness people own.",0,"Democracy","Human rights","Freedom of speech","Economy","The constitution",4,3,2,5,"no vote",NA,NA,4,3,4,"male",59,"black/non-hisp","HS","$25,000 to $29,999","ampride","radchange","trustgov","demsatis","antiest","NJ",11,1,1,2,"11/20/2024 14:42"
883,"ctrl",4.5,5,4,3,6,4,4.83333333333333,"freedom of religion","freedom to worship who and where you choose freedom to gather to worship in the way you choose as long as it doesn't harm anyone else",0,"freedom of speach","freedom of religion","right to life","right to vote","right to marry",5,3,5,5,"vote","trump",NA,7,5,5,"female",82,"white/non-hisp","HS","$20,000 to $24,999","ampride","trustgov","antiest","radchange","demsatis","IL",1,5,2,3,"11/18/2024 18:08"
886,"ctrl",4.5,4,3,7,5,5,4.83333333333333,"Freedom for everyone","That everyone on here have freedom of speech and other freedoms listed in the constitution. Also that we are free to live  and love how we choose. We should all have freedom of lots of choices life bring our way including women's rights over their own bodies.",0,"Provide for our defense","Justice for all","Equality for all","Freedom for everyone","Help out neighbors hear and abroad",6,4,3,5,"vote","harris",NA,1,1,2,"female",60,"white/non-hisp","some coll","$15,000 to $19,999","antiest","radchange","ampride","trustgov","demsatis","WI",12,6,2,3,"11/18/2024 20:51"
889,"ctrl",6.5,4,3,5,5,5,5.5,"To live life the way we want","To live my values, ethics, and beliefs the way I want. As long as I am not hurting myself or others.",0,"To live life the way we want","To be able to defend ourselves if needed","Happiness","Kindness","Under God",7,7,7,5,"vote","harris",NA,2,1,3,"female",60,"white/non-hisp","some coll","$85,000 to $99,999","ampride","demsatis","radchange","antiest","trustgov","OR",10,1,4,9,"12/1/2024 12:23"
890,"brkn",4.75,2,2,4,3,6,4.58333333333333,"Right to worship","Allowed to pray. Allowing us to worship..respect the lord and God.  Allowed to worship where I. Want at the place and time I want",0,"Righ to vote","Right to speak","Right to worship","Right to bear ar","Right to love",7,5,6,1,"no vote",NA,NA,6,5,3,"male",57,"black/non-hisp","some coll","$40,000 to $49,999","antiest","trustgov","ampride","demsatis","radchange","CT",2,1,1,1,"11/29/2024 2:05"
891,"kept",4.25,5,4,7,2,4,3.41666666666667,"Equal protection under the law","I don't know if this is true currently.  You have one person prosecuted to the point of harassment while others guilty of the same infraction go without a thought to their crimes.",0,"Equal protection under the law","Religious freedom","The right to protect oneself and property by bearing arms","A union of states with individual rights","Freedom of speech",7,2,2,6,"vote","trump",NA,7,5,5,"male",51,"white/non-hisp","bachelors","$125,000 to $149,999","radchange","antiest","ampride","demsatis","trustgov","TX",1,1,3,7,"11/23/2024 21:42"
893,"brkn",4.5,5,4,2,3,4,3.83333333333333,"Created equal","Diversity is what originally built this country because EVERYONE was from somewhere else. We are all CREATED equal and all have families, bleed red and are related from the beginning of time in some way.",0,"We the peolple","Created equal","Pursuit of happiness","Perfect union","Separation of church and state",6,3,5,4,"vote",NA,NA,2,1,3,"male",63,"multi/non-hisp","bachelors","$50,000 to $59,999","demsatis","radchange","ampride","trustgov","antiest","FL",2,1,3,5,"11/20/2024 1:21"
896,"kept",2.5,4,4,6,5,4,3.83333333333333,"Free speech","Being able to express our opinions without being censored on media plarforms, and being able to speak our minds freely in public",0,"Free speech","Freedom of religion","Prosperity","Honesty","Love thy neighboe",2,2,2,4,"vote","trump",NA,7,5,5,"female",72,"white/non-hisp","some coll","$50,000 to $59,999","ampride","antiest","trustgov","radchange","demsatis","NV",12,5,4,8,"11/18/2024 16:03"
899,"brkn",4,2,2,1,5,6,5,"Economic mobility","Powerful interests like corporations and wealthy individuals can more easily pull the levers of power to get laws and regulations passed that favor them.",0,"Economic mobility","Stability","Religious freedom","Individualism","Limited government",6,4,2,4,"vote","harris",NA,2,1,1,"male",30,"white/non-hisp","bachelors","$175,000 to $199,999","ampride","demsatis","trustgov","antiest","radchange","CA",9,1,4,9,"11/19/2024 16:41"
903,"ctrl",6.5,4,2,1,7,6,6.5,"All men created equal","All people have the right to be heard, be valued,to be treated with dignity and respect. To live in a free and democratic society. Equal opportunities with no tyranny or dictatorship.",0,"All men created equal","Justice for all","Religious freedom","Checks and balances","Separation of powers",7,7,6,6,"vote","harris",NA,3,2,2,"female",67,"multi/non-hisp","some coll","$35,000 to $39,999","ampride","demsatis","trustgov","radchange","antiest","WA",11,2,4,9,"11/18/2024 17:48"
905,"ctrl",5,2,2,4,5,6,5.33333333333333,"compassion","Compassion involves feeling for another and is a precursor to empathy. It involves allowing ourselves to be moved by suffering to help alleviate and prevent it.",0,"integrity","respect","compassion","balance","growth",6,6,6,2,"vote","harris",NA,2,1,3,"male",35,"white/non-hisp","HS","$20,000 to $24,999","radchange","demsatis","ampride","trustgov","antiest","GA",11,6,3,5,"11/23/2024 15:55"
918,"brkn",3.5,4,5,3,5,3,3.83333333333333,"freedom/right to vote","US IS living up to its promise of freedom/right to vote. Because some idiots have sought to cast doubt in our minds that our elections are not honorable is a lie. Remembering when blacks were denied their right to vote I'm overjoyed that black people can vote today.",0,"freedom of press","freedom of speech","freedom to assemble","freedom/right to vote","choice of religion",5,3,3,3,"vote","harris",NA,1,1,3,"female",79,"white/non-hisp","masters","$30,000 to $34,999","demsatis","radchange","ampride","antiest","trustgov","OH",2,1,2,3,"11/23/2024 12:48"
920,"kept",4,5,4,4,5,4,4.33333333333333,"Freedom","Allowing people to do what they want and how they want without fear of being treated differently for what they belive.",0,"Freedom","Equality","Right to ownership","Freedom of speech","98",5,4,4,3,"vote",NA,NA,1,1,2,"female",43,"black/non-hisp","masters","$40,000 to $49,999","ampride","trustgov","radchange","antiest","demsatis","FL",1,1,3,5,"11/18/2024 22:24"
921,"ctrl",7,5,4,4,2,4,4.33333333333333,"Freedom","Choices .  Can do what you want.  Be who you want  come and go as please.you can work wear what you u want",0,"Freedom","Equally","Diveristy","Speech","Race",7,7,7,7,"vote","trump",NA,6,5,3,"female",55,"white/non-hisp","HS","$85,000 to $99,999","demsatis","antiest","ampride","radchange","trustgov","MI",11,1,2,3,"11/18/2024 19:06"
922,"brkn",5.75,5,4,4,5,4,4.91666666666667,"Lower gas prices","One day it’s up then it comes down it’s never the same they say gas prices are going down but they don’t",0,"Lower gas prices","Cheaper store prices","Every body get along","98","98",4,6,6,7,"no vote",NA,NA,3,2,2,"female",60,"white/non-hisp","HS","$10,000 to $14,999","demsatis","radchange","trustgov","ampride","antiest","MD",1,6,3,5,"11/20/2024 8:34"
926,"kept",4,3,2,2,6,6,5.33333333333333,"Honesty","Honesty does not appear to be a high priority in our current civic discourse. But it is the foundation on which all other values depend.",0,"Justice","Liberty","Honesty","Compassion","Rationslity",5,4,4,3,"vote","harris",NA,3,2,2,"male",71,"white/non-hisp","masters","$100,000 to $124,999","radchange","demsatis","trustgov","antiest","ampride","OR",14,5,4,9,"11/18/2024 19:27"
930,"brkn",4.5,5,2,3,4,6,4.83333333333333,"Freedom","I feel it is living up to its promise. I have the freedom to choose my career, where I live, who I love, and how I worship. This is the same right that every American has.",0,"Freedom","Right of Choice","Independence","Equality","A Voice",4,5,4,5,"vote","trump",NA,4,3,3,"male",61,"white/non-hisp","bachelors","$100,000 to $124,999","ampride","trustgov","radchange","demsatis","antiest","NC",1,1,3,5,"11/18/2024 21:23"
939,"kept",3.75,3,4,4,4,4,3.91666666666667,"family","The us tends to stress the need for each of us to care for ourselves and our loved ones. From child care to senior living it is a very important issue that is confronted every day.",0,"honest living","hard wok","family","helping others","diversity",3,4,4,4,"no vote",NA,NA,7,5,3,"female",54,"black/non-hisp","some coll","$175,000 to $199,999","trustgov","antiest","ampride","demsatis","radchange","VA",3,1,3,5,"12/1/2024 16:33"
940,"brkn",7,1,1,1,7,7,7,"The pursuit of happiness","The united states isn't providing a fair playground for everyone to make it, it unfair tiled towards the people with the most",0,"The promise of freedom of speech","The promise of an opportunity for everyone to make it","Fair justice","Peace and security","The pursuit of happiness",7,7,7,7,"no vote",NA,NA,2,1,3,"male",38,"black/non-hisp","HS","$150,000 to $174,999","ampride","demsatis","antiest","trustgov","radchange","GA",6,1,3,5,"11/19/2024 16:56"
944,"kept",3.5,4,3,3,5,5,4.5,"Freedom of speech","The ability to say what you want to whether it's in writing, on social media or the abilty to advertise in any way.  Most people just enjoy carrying on a conversation with others anywhere anytime and this country allows all of this without threat of punishment.",0,"Freedom of religion","Freedom of speech","Right to bear arms","Family","Provide for self",3,3,5,3,"vote","trump",NA,7,5,3,"female",62,"white/non-hisp","masters","$85,000 to $99,999","trustgov","ampride","radchange","antiest","demsatis","NC",1,5,3,5,"11/21/2024 21:18"
947,"kept",7,2,4,6,1,4,4,"Right to social security","New administration vows to discontinue social security so nobody will have the ability draw social security which will not allow most people to retire during their lifetime",0,"All men created equal","Right to vote","Right to medical care","Marriage to anyone you chose","Right to social security",7,7,7,7,"vote","harris",NA,2,1,3,"female",62,"white/non-hisp","bachelors","$85,000 to $99,999","ampride","trustgov","radchange","demsatis","antiest","MN",1,1,2,4,"11/18/2024 18:19"
957,"ctrl",4.25,5,4,3,5,4,4.41666666666667,"freedom to choose","We are free to choose how we live, to voice our opinions, to select our representatives, to defend ourselves from those who would harm or destroy us, free to express our opinions, free to accomplish our goals, free from government tyranny and absolute control",0,"freedom to choose","freedom to speak","freedom to succeed","freedom to bear arms","freedom to vote",2,5,5,5,"vote","trump",NA,7,5,5,"female",75,"white/non-hisp","some coll","$40,000 to $49,999","ampride","antiest","radchange","trustgov","demsatis","CA",1,5,4,9,"11/19/2024 6:31"
963,"kept",4,5,2,3,5,6,5,"Transparent","It's not it has a merky look not clear. With the networks controlling must of the power and controlling the info that we see can be miss leading at best.",0,"Honest","Loyal","Trustworthy","Dependable","Transparent",4,5,3,4,"vote","trump",NA,5,4,4,"male",58,"white/non-hisp","some coll","$25,000 to $29,999","demsatis","antiest","trustgov","ampride","radchange","NV",12,6,4,8,"11/25/2024 10:40"
964,"brkn",7,1,1,4,7,7,7,"It’s okay to poison Americans with bad food","The u.s is fully living up to this promise. With poisonous food dyes and additives, greasy foods with tons of preservatives, and foods that are banned in other countries but not banned here? Yes the U.S is living up to its promise to kill Americans with poisonous food.",0,"It’s okay to be racist if you’re a cop","You only matter if you’re a billionaire","It’s okay to kill babies if they are inside the womb","Black people should just “get over” slavery","It’s okay to poison Americans with bad food",7,7,7,7,"no vote",NA,NA,4,3,2,"female",29,"multi/non-hisp","some coll","$30,000 to $34,999","trustgov","ampride","demsatis","radchange","antiest","MI",12,1,2,3,"11/18/2024 21:48"
968,"ctrl",4.25,3,4,4,5,4,4.41666666666667,"opportunity","Opportunity is the chance for someone to take advantage of the situation they are presented with. Bad of good.",0,"freedom","opportunity","dream","build","network",3,5,5,4,"no vote",NA,NA,3,2,3,"male",28,"asian/non-hisp","some coll","$20,000 to $24,999","radchange","demsatis","ampride","trustgov","antiest","CA",10,1,4,9,"11/18/2024 16:19"
969,"ctrl",3,5,5,7,4,3,3.33333333333333,"Liberty","Free from outside attacks on life and prosperity solve without fear. Ability to come and go as you please under specific laws of the land.",0,"Liberty","Freedom","Religious freedom","Freedom of speach","Justice system",3,3,3,3,"vote","trump",NA,7,5,3,"male",69,"white/non-hisp","some coll","$100,000 to $124,999","demsatis","antiest","trustgov","radchange","ampride","VA",1,1,3,5,"11/26/2024 19:31"
976,"brkn",3.5,5,4,3,6,4,4.5,"Lower housing price","The rent has sky rocket since the start of covid 19 and it is continuing to go up. And the income of most middle class Americans has drop.",0,"The people safey","Better medical coverage","Lower housing price","Lowing grocery prices","Affordable tax breakes",4,2,4,4,"vote","harris",NA,4,3,3,"female",69,"black/non-hisp","HS","$25,000 to $29,999","antiest","trustgov","ampride","radchange","demsatis","GA",1,1,3,5,"11/21/2024 19:25"
980,"brkn",5,4,2,2,6,6,5.66666666666667,"justice","It seems like there are two sets of rules. One set is for these people and another set for those. That's not justice.",0,"equality","unity","liberty","justice","peace",6,5,4,5,"vote","harris",NA,1,1,3,"female",67,"black/non-hisp","some coll","$85,000 to $99,999","antiest","trustgov","radchange","demsatis","ampride","VA",12,1,3,5,"11/18/2024 21:20"
984,"kept",4.25,4,3,5,2,5,3.75,"Limited government","Honestly , I think the government has become more involved in our lives via taxes and regulation. Too over reaching",0,"Freedom from government overreach","Limited government","Free speech","Self reliance","Freedom of religion",2,5,4,6,"vote","trump",NA,4,3,3,"female",58,"white/non-hisp","bachelors","$200,000 or more","antiest","radchange","demsatis","ampride","trustgov","MD",2,1,3,5,"11/18/2024 19:42"
990,"brkn",4.5,3,2,6,5,6,5.16666666666667,"Freedom","With freedom comes responsibility. “Freedom isn’t free”. The examples that immediately come to mind are abortion restrictions and vaccine mandates.  I am pro-choice. Paradoxically, I feel that vaccines are necessary and should be required for all children attending public schools.  Not everything is black and white, including the concept of freedom.",0,"Freedom","Welcoming immigrants","Innovation","World leaders","Equality",5,5,5,3,"vote","harris",NA,4,3,3,"female",64,"white/non-hisp","bachelors","$100,000 to $124,999","radchange","trustgov","antiest","ampride","demsatis","NY",11,1,1,2,"11/19/2024 19:54"
997,"brkn",5,2,1,1,7,7,6.33333333333333,"Freedom","The change in economy and government has allowed for the vast majority of people to feel the American dream is gone, therefore so is the freedom we seek here",0,"Freedom","Safety","Growth","Acceptance","Happiness",6,7,6,1,"no vote",NA,NA,2,1,1,"female",34,"white/non-hisp","bachelors","$100,000 to $124,999","trustgov","radchange","demsatis","ampride","antiest","OH",12,1,2,3,"11/24/2024 17:27"
998,"brkn",5.5,2,1,1,7,7,6.5,"freedom","no one is truely free. Trapped and controlled by the government and its tyrannt polices and endless taxations",0,"freedom","98","98","98","98",7,1,7,7,"vote","trump",NA,2,1,3,"male",41,"black/non-hisp","masters","$200,000 or more","ampride","demsatis","antiest","radchange","trustgov","MI",12,1,2,3,"11/21/2024 8:02"
1001,"kept",7,2,2,2,7,6,6.66666666666667,"Freedom","I really don’t think we have much freedom here. People are brainwashed thinking they do, but what really is their freedom? Not being able to afford healthcare? Not being able to afford going to college? Starting their careers with thousands of dollar in debt?",0,"Freedom","Equality","98","98","98",7,7,7,7,"vote","harris",NA,1,1,1,"female",30,"white/non-hisp","bachelors","$60,000 to $74,999","antiest","demsatis","trustgov","ampride","radchange","WA",9,1,4,9,"11/18/2024 16:14"
1007,"ctrl",4.5,4,4,3,5,4,4.5,"hard work enables you to improve your circumstances","through hard work and passion you can earn and grow a life that you want and better for the future.",0,"freedom of speach","right to work","hard work enables you to improve your circumstances","education and advancement","united with my neighbors",5,3,5,5,"vote","trump",NA,6,5,2,"female",34,"white/non-hisp","bachelors","$125,000 to $149,999","trustgov","antiest","demsatis","radchange","ampride","OH",2,1,2,3,"11/18/2024 20:44"
1011,"ctrl",5,4,4,6,4,4,4.33333333333333,"freedom","Freedom is the ability to have the opportunity to pursue what one wants in the way that they want it.",0,"freedom","opportunity","diversity","freedom of opinion","freedom of religion",6,5,4,5,"vote","trump",NA,6,5,4,"female",21,"multi/non-hisp","less HS","$60,000 to $74,999","demsatis","antiest","radchange","trustgov","ampride","CA",1,2,4,9,"11/18/2024 22:40"
1012,"kept",7,1,1,1,7,7,7,"Innovation","New inventions are being made for helping people. Innovation is needed for the future and the next gen",0,"Honesty","Privacy","Punctuality","Innovation","Indiviutluism",7,7,7,7,"no vote",NA,NA,4,3,3,"male",20,"black/non-hisp","less HS","$35,000 to $39,999","ampride","demsatis","trustgov","antiest","radchange","VA",12,1,3,5,"11/21/2024 19:38"
1018,"ctrl",3,4,3,2,3,5,3.66666666666667,"Accountability","Accountability is the responsibility to take ownership of one's actions, decisions, and their mistakes.",0,"Reliability","Accountability","Integrity","Consistency","Commitment",1,2,2,7,"vote","trump",NA,5,4,3,"male",22,"white/non-hisp","some coll","$60,000 to $74,999","radchange","trustgov","demsatis","ampride","antiest","CO",11,2,4,8,"11/21/2024 19:52"
1019,"brkn",3.5,5,4,7,3,4,3.5,"Freedom","Too much government involvement. Speech is becoming censored. Religious freedoms are becoming limited.",0,"Freedom","Protection","Justice","Democracy","Limited Government",2,2,5,5,"vote","trump",NA,7,5,5,"female",45,"white/non-hisp","bachelors","$125,000 to $149,999","radchange","ampride","trustgov","antiest","demsatis","WI",2,7,2,3,"11/19/2024 8:14"
1026,"ctrl",6.25,4,3,5,7,5,6.08333333333333,"freedom","Freedom is the right to live safely as you please without being controlled by others or the government.",0,"freedom","speach","religion","safety","acceptance",7,7,6,5,"vote","harris",NA,2,1,4,"female",41,"white/non-hisp","bachelors","$85,000 to $99,999","antiest","radchange","ampride","trustgov","demsatis","LA",11,1,3,7,"11/21/2024 12:18"
1028,"ctrl",5.75,5,2,2,6,6,5.91666666666667,"Equality for everyone","I think that everyone should have equality across the board. Meaning equal pay and job opportunities as well as gay marriage being allowed",0,"Freedom of speech","Equality for everyone","Affordable education","Family values","Freedom of religion",6,6,6,5,"vote","harris",NA,1,1,1,"female",43,"white/non-hisp","some coll","$5,000 to $9,999","radchange","antiest","trustgov","ampride","demsatis","UT",3,2,4,8,"11/18/2024 17:17"
1031,"ctrl",5,4,4,6,5,4,4.66666666666667,"Liberty","Ensuring freedom from oppressive restrictions imposed by authorities on one’s way of life, behavior's,or viewpoints",0,"Liberty","Equality","Popular sovereignty","Federalism","Justice",5,6,6,3,"vote","trump",NA,6,5,3,"male",61,"white/non-hisp","some coll","$150,000 to $174,999","radchange","demsatis","ampride","antiest","trustgov","FL",9,1,3,5,"11/19/2024 8:10"
1036,"brkn",3.75,4,3,6,2,5,3.58333333333333,"Liberty","Inequity between the rich and poor. Very difficult to get ahead anymore. Too much emphasis on wealth making rather than people.",0,"Freedom","Liberty","Equality","Justice","Opportunity",5,3,3,4,"no vote",NA,NA,2,1,4,"female",24,"white/non-hisp","some coll","$125,000 to $149,999","ampride","trustgov","antiest","demsatis","radchange","TX",12,1,3,7,"11/21/2024 11:50"
1038,"ctrl",4.75,4,2,2,6,6,5.58333333333333,"Liberty","being free in a society from oppressive restrictions. No restrictions on behavior, way of life, or political views.",0,"freedom of speach","personal beliefs","Liberty","equality","self governance",3,6,5,5,"vote","trump",NA,7,5,5,"male",70,"multi/non-hisp","HS","$85,000 to $99,999","demsatis","antiest","radchange","trustgov","ampride","OR",1,5,4,9,"11/18/2024 18:52"
1040,"ctrl",7,5,1,1,7,7,7,"Freedom of speech","A person is able to voice their opinion without fear and state their wishes, their thoughts and their opinions on our government.",0,"Freedom of speech","Bear arms","Right to vote","Freedom of press","Free nation",7,7,7,7,"vote","trump",NA,6,5,4,"male",86,"white/non-hisp","some coll","$50,000 to $59,999","trustgov","ampride","antiest","demsatis","radchange","CA",1,5,4,9,"11/19/2024 4:40"
1044,"ctrl",5.5,3,3,3,4,5,4.83333333333333,"Freedom","Freedom from unreasonable searches and seizures. Freedom to move about the country. Freedom to express oneself.",0,"Freedom","Diversity","Liberty","Justice","Equal opportunity",7,7,5,3,"no vote",NA,NA,2,1,3,"male",62,"white/non-hisp","some coll","$40,000 to $49,999","demsatis","radchange","ampride","antiest","trustgov","WI",2,1,2,3,"11/18/2024 18:29"
1049,"ctrl",5,4,4,3,5,4,4.66666666666667,"Freedom of religion","The freedom to believe in any spiritual entity of your choosing.
To practice your spiritual beliefs without fear of retribution.",0,"Freedom of speech","Right to bear arms","Freedom of religion","98","98",5,6,6,3,"vote","harris",NA,2,1,2,"female",63,"white/non-hisp","some coll","$100,000 to $124,999","ampride","antiest","demsatis","trustgov","radchange","NM",2,1,4,8,"11/19/2024 16:16"
1055,"ctrl",6.25,5,1,1,7,7,6.75,"freedom","freedom is the lack of restrictions on personal political matters as well as civil and economic................. is that good enough",0,"family","anonymity","freedom","life","others",7,7,7,4,"vote","trump",NA,4,3,3,"male",47,"white/non-hisp","HS","$30,000 to $34,999","antiest","radchange","trustgov","demsatis","ampride","KS",14,6,2,4,"11/19/2024 19:54"
1057,"brkn",5.5,5,3,5,3,5,4.5,"Individual rights","To much government overreach. Individual freedoms are slowly being taken away. Being forced to pay taxes for things that do not benefit society as a whole.",0,"Free Speech","Equality","Freedom of Religion","Individual rights","Protection of rights",3,6,7,6,"vote","trump",NA,7,5,3,"male",47,"hisp","some coll","$100,000 to $124,999","trustgov","demsatis","radchange","antiest","ampride","CA",12,1,4,9,"11/20/2024 7:43"
1058,"ctrl",5,4,1,1,3,7,5,"Freedom from MAGA","No project 2025. Put smart selfless in charge but that aint gonna happen. No dictator. No use of tanning bed by a president. Freedom from having to watch a white man dance. LOL!",0,"Freedom from MAGA","Civil rights of al Americans","Religious rights including right to not believe in any religion","Mind your own business","Coolness",7,4,5,4,"vote","harris",NA,1,1,1,"male",58,"hisp","some coll","$50,000 to $59,999","demsatis","ampride","radchange","trustgov","antiest","TX",11,1,3,7,"11/25/2024 14:20"
1064,"kept",4,3,4,4,4,4,4,"Freedom","You are able to go as you please when you please. You are not told how many children you may have. You can have a job as a woman",0,"Freedom","America","Strong","Brave","Unison",4,4,4,4,"no vote",NA,NA,1,1,3,"male",20,"other/non-hisp","HS","$20,000 to $24,999","radchange","ampride","demsatis","trustgov","antiest","MT",11,7,4,8,"11/21/2024 22:36"
1084,"kept",5.25,5,2,7,7,6,6.08333333333333,"Liberty","In the state of being free from oppressive restrictions imposed by authority of one's life, behavior and political views",0,"Rights","Democracy","Liberty","Equality","Justice",4,5,6,6,"no vote",NA,NA,6,5,5,"female",62,"hisp","bachelors","$60,000 to $74,999","ampride","radchange","antiest","demsatis","trustgov","AZ",12,5,4,8,"11/19/2024 16:18"
1093,"brkn",5.75,5,2,6,5,6,5.58333333333333,"safety","There is a trend in the US to ease up on consequences for negative, hurtful action.  Lighter sentences are being issued to those committing property crimes and stealing because they do no lead to physical harm. There is no consideration of the mental harm these crimes result in. You see this trend surface in our school system too. People, young and old, have the right to live in a safe country where there are consequences.",0,"religious freedom","safety","liberty","life","grace",4,5,7,7,"vote","trump",NA,7,5,3,"female",44,"multi/non-hisp","bachelors","$200,000 or more","antiest","trustgov","radchange","demsatis","ampride","VA",1,1,3,5,"11/27/2024 12:28"
1094,"kept",5.75,5,3,7,3,5,4.58333333333333,"Independence","Americans are free to work and live where they want without government intervention. Americans are generally self-reliant and enjoy freedoms not found in other countries.",0,"Independence","Equality","Individualism","Privacy","Democracy",5,6,6,6,"no vote",NA,NA,7,5,5,"male",63,"white/non-hisp","some coll","$50,000 to $59,999","ampride","antiest","trustgov","radchange","demsatis","GA",1,1,3,5,"11/20/2024 7:48"
1097,"kept",6.75,3,1,1,7,7,6.91666666666667,"Equality","The US is not living up to the value of equality. It has been abused and exploited by the wealthy and powerful.",0,"Personal freedom","Religious freedom","Financial opportunity","Equality","Civility",7,7,6,7,"vote","harris",NA,1,1,1,"male",46,"white/non-hisp","some coll","$50,000 to $59,999","ampride","antiest","radchange","demsatis","trustgov","WV",11,2,3,5,"11/19/2024 21:13"
1113,"kept",4,5,2,6,6,6,5.33333333333333,"Trust","The government needs to give us reason to trust them especially after the past 4 years. If they don’t then why do we vote for them.",0,"Trust","Fair","Patience","Honest","Virtues",4,4,4,4,"vote","trump",NA,6,5,5,"male",49,"hisp","some coll","$60,000 to $74,999","demsatis","trustgov","radchange","antiest","ampride","AZ",12,1,4,8,"11/20/2024 15:46"
1118,"ctrl",4,5,5,7,5,3,4,"Equality","No one is entitled to special treatment or above the law.  All have access to the same means and opportunities to succeed and are not left to perdition because they were not lucky by birth or chance.",0,"Equality","Democracy","Justice","Opportunity","Liberty",7,4,1,4,"vote","harris",NA,1,1,1,"male",48,"white/non-hisp","masters","$150,000 to $174,999","demsatis","antiest","ampride","trustgov","radchange","VA",9,1,3,5,"11/19/2024 18:19"
1120,"brkn",5.25,3,3,5,4,5,4.75,"Equality","The voices of the poor are not amplified in the same ways as the wealthy.   Schools in poorer districts receive fewer resources.",0,"Life","Liberty","Pursuit of happiness","Justice","Equality",6,5,5,5,"vote","other","Nikki haley",5,4,3,"female",45,"white/non-hisp","masters","$85,000 to $99,999","trustgov","antiest","demsatis","radchange","ampride","TN",1,1,3,6,"11/20/2024 13:52"
1124,"ctrl",4.5,5,3,6,2,5,3.83333333333333,"Freedom","Freedom to pursue opportunities, freedom to make your own choices, freedom to speak your mind, freedom to vote and choose our leaders.",0,"Freedom","Equality","Family/community","Independent","Opportunity",6,4,3,5,"vote","harris",NA,2,1,1,"male",55,"white/non-hisp","some coll","$60,000 to $74,999","ampride","antiest","demsatis","radchange","trustgov","FL",12,1,3,5,"11/21/2024 16:48"
1128,"ctrl",5.5,5,2,6,2,6,4.5,"God given rights","Rights that are endowed by our creator and are not derived from government. The most basic form is the right to life, liberty and the pursuit of happiness.",0,"Limited government","God given rights","Individual liberty","Equal opportunity","Equal representation",4,5,7,6,"vote","trump",NA,7,5,5,"male",42,"hisp","bachelors","$85,000 to $99,999","ampride","demsatis","radchange","antiest","trustgov","OK",12,1,3,7,"12/1/2024 17:20"
1133,"brkn",6.25,5,3,1,6,5,5.75,"Freedom of Speech","The freedom of speech is currently impeded by corporate over reach through buying up the news media and swaying reporting based on biased ideas. As viewers of TV news shows, I see this clearly and with disgust.",0,"Freedom of Speech","freedom from Religion","Separate ruling branches","citizens right to vote","right to choose",7,6,6,6,"vote","harris",NA,3,2,1,"female",77,"white/non-hisp","some coll","$25,000 to $29,999","antiest","trustgov","demsatis","radchange","ampride","MI",10,2,2,3,"11/21/2024 9:25"
1134,"brkn",5,3,2,3,5,6,5.33333333333333,"Justice","Racism and economic inequality is destroying our country.  We have turned our backs on civil rights and giving people a fair shot.",0,"Freedom","Fairness","Justice","Equality","Respect",6,5,4,5,"vote","harris",NA,1,1,3,"male",59,"black/non-hisp","masters","$125,000 to $149,999","radchange","demsatis","antiest","trustgov","ampride","MD",12,1,3,5,"11/20/2024 11:34"
1140,"ctrl",4.25,4,2,6,3,6,4.41666666666667,"Freedom of speech","Freedom to express ideas no matter how unpopular, as long as it does not cause harm to other people.",0,"Freedom of speech","Separation of church and state","Equality","Opportunity","Safety",5,5,3,4,"vote","harris",NA,3,2,3,"male",72,"white/non-hisp","some coll","$40,000 to $49,999","trustgov","antiest","ampride","radchange","demsatis","NV",11,5,4,8,"11/20/2024 17:45"
1142,"ctrl",6,3,2,2,5,6,5.66666666666667,"Freedom","Being able to worship the God of my choice and beliefs. Able to attend church without having to be in fear. Freedom to move around the country freely. Freedom to choose and vote freely as to who I want in government",0,"Freedom","Religion","Right to own guns","Freedom speech","The right to gather and protest",6,6,6,6,"vote","trump",NA,7,5,3,"female",70,"white/non-hisp","some coll","$15,000 to $19,999","demsatis","ampride","trustgov","radchange","antiest","CA",12,5,4,9,"11/19/2024 21:15"
1146,"brkn",4.25,3,4,4,3,4,3.75,"Directness","US Americans are not taught, as people in many Asian countries are, that they should guard their emotional responses. Their words, the tone of their voices, or their facial expressions will usually reveal what they are feeling--angry, unhappy, confused, happy or content.",0,"Independence","Equality","Directness","Innovation","Infirmality",4,4,4,5,"no vote",NA,NA,6,5,4,"female",32,"hisp","HS","$50,000 to $59,999","demsatis","trustgov","radchange","ampride","antiest","FL",12,2,3,5,"11/20/2024 0:46"
1148,"ctrl",5,5,3,6,5,5,5,"Freedom of speech","To be able to say what you like and how you feel. To be able to express your opinion without consequences.",0,"Freedom of speech","Freedom to vote","Free press","Freedom to carry","Freedom to protect",5,5,6,4,"vote","trump",NA,7,5,5,"male",50,"hisp","some coll","$85,000 to $99,999","ampride","radchange","demsatis","trustgov","antiest","FL",12,1,3,5,"11/20/2024 10:01"
1150,"ctrl",4.5,3,4,3,3,4,3.83333333333333,"Speach","You can say what you want.  There is no reprimanding for saying what you want.  You are yourself and who you want to be or believe.",0,"Speach","Walking Where You Want to","Writing","Eating what you Want ti","Doint what you want",4,5,5,4,"vote","harris",NA,4,3,3,"female",69,"white/non-hisp","bachelors","$60,000 to $74,999","trustgov","radchange","ampride","antiest","demsatis","IA",10,5,2,4,"11/25/2024 8:58"
1153,"brkn",4.75,3,3,5,3,5,4.25,"Democracy","Threats of silencing those who disagree.  Taking away women’s rights. Supreme Court no longer unbiased.",0,"Land of opportunity","Welcoming of immigrants","Freedom","Democracy","Human rights",5,5,5,4,"vote","harris",NA,1,1,2,"female",72,"black/non-hisp","bachelors","$40,000 to $49,999","trustgov","antiest","ampride","demsatis","radchange","GA",13,5,3,5,"11/19/2024 18:02"
1154,"kept",4.5,4,4,5,4,4,4.16666666666667,"justice","ever evolving laws that shape the future and allow corrections for past mistakes to be learned from.",0,"freedom","justice","liberty","respect","growth",5,5,4,4,"no vote",NA,NA,3,2,3,"male",20,"white/non-hisp","HS","$75,000 to $84,999","antiest","radchange","demsatis","trustgov","ampride","MA",2,1,1,1,"11/30/2024 13:42"
1160,"kept",6,2,3,2,5,5,5.33333333333333,"Fair and equal education","No matter your religion,sex,or how much money you have everyone is given the opportunity to attend school. Weather it be public or private school everyone can attend. Also extended school/college is more available to student now than in the past and encouraged for further education to insure better futures for our youth.",0,"Freedom of speech","Democracy","Right to own weapons","Freedom of religion","Fair and equal education",5,6,6,7,"no vote",NA,NA,2,1,3,"female",39,"white/non-hisp","some coll","$30,000 to $34,999","trustgov","demsatis","antiest","ampride","radchange","IL",11,2,2,3,"11/22/2024 9:58"
1167,"ctrl",5.5,3,2,4,6,6,5.83333333333333,"Fair elections","A fair election is one that only legal residents of the US can vote in.  Each voter should have to show ID and only be allowed to vote one time in each election.  Voting should take place on one day only and mail in ballots should be limited to military stationed away from home and people who have a legitimate reason (medical etc)for not making it to the polls on Election Day.  Also all voting needs to be monitored more closely so cheating is not an issue.",0,"Freedom of speech","Fair elections","Right to vote","Right to own guns","Don’t know",6,5,5,6,"vote","trump",NA,7,5,4,"female",48,"white/non-hisp","some coll","$100,000 to $124,999","demsatis","ampride","antiest","trustgov","radchange","PA",1,7,1,2,"11/19/2024 21:40"
1175,"ctrl",5.75,4,2,2,6,6,5.91666666666667,"Prosperity","Prosperity is an economical and personal way of growing. Prosperity is wealth for the common man, advancement and growth in mind and spirit.",0,"Peace","Prosperity","Unity","Justice","Freedom",5,6,7,5,"vote","harris",NA,1,1,2,"female",31,"hisp","bachelors","$50,000 to $59,999","demsatis","trustgov","radchange","ampride","antiest","CA",12,7,4,9,"11/19/2024 15:27"
1179,"ctrl",3.75,2,3,5,2,5,3.58333333333333,"Freedom","Being able to do whatever the government feels comfortable enough letting you do without making you feel to free",0,"Freedom","Democracy","Having more than anyone","Idk","Idk",2,4,3,6,"no vote",NA,NA,6,5,3,"male",26,"white/non-hisp","HS","under $5,000","antiest","demsatis","ampride","trustgov","radchange","IL",1,1,2,3,"11/21/2024 11:58"
1180,"ctrl",5.25,4,4,6,5,4,4.75,"Money","Money is the amount people make from full time jobs or part time jobs. It is also what is given to local or federal organizations to improve things for the people.",0,"Money","Wealth","Products","Fake promises","Politics",6,6,6,3,"no vote",NA,NA,6,5,4,"female",23,"white/non-hisp","bachelors","$85,000 to $99,999","demsatis","ampride","antiest","radchange","trustgov","IL",12,1,2,3,"11/21/2024 21:42"
1189,"brkn",7,1,1,1,7,7,7,"Freedom","The way they are racist toward blacks ,the lgbtq+ community it doesn't feel like freedom everyone deserve to be treated equally.",0,"Freedom","Integrity","Strength","Power","Intelligent",7,7,7,7,"vote","harris",NA,2,1,3,"female",55,"multi/non-hisp","some coll","$10,000 to $14,999","ampride","demsatis","trustgov","antiest","radchange","LA",2,2,3,7,"11/20/2024 1:44"
1207,"ctrl",4.75,5,3,6,6,5,5.25,"Freedom","Freedom means the right to say and do things of your own will. There is no limit to what you can say or do, but also no promise that, if your words or actions hurt others, that there won’t be repercussions. Freedom is the right to succeed and the right to fail, the right to make something of yourself or to waste away.",0,"Freedom","Safety","Justice","Opportunity","Independence",6,3,3,7,"vote","trump",NA,4,3,3,"female",41,"white/non-hisp","bachelors","$200,000 or more","demsatis","ampride","antiest","trustgov","radchange","IL",10,2,2,3,"11/19/2024 17:24"
1219,"brkn",6.5,3,4,4,4,4,4.83333333333333,"Freedom","No one person is actually free like they think that they are and the working man works to be broke so it sucks",0,"Freedom","Working man","Crime rate","Politics","States",7,7,7,5,"no vote",NA,NA,4,3,3,"male",18,"white/non-hisp","less HS","$30,000 to $34,999","trustgov","radchange","demsatis","ampride","antiest","NY",11,1,1,2,"11/20/2024 5:39"
1221,"brkn",6.5,3,1,1,6,7,6.5,"God","Corruption in Congress and killings of African Americans happening all over the country. So much racism going on",0,"God","Family","Money","Stability","Happiness",7,6,7,6,"vote","harris",NA,3,2,1,"male",43,"multi/non-hisp","HS","$85,000 to $99,999","antiest","demsatis","radchange","ampride","trustgov","MD",1,1,3,5,"11/25/2024 22:10"
1222,"kept",4.25,5,4,6,5,4,4.41666666666667,"Opportunities","Everyone can enter in college and have chances to make a chance to do something good. Everyone has the ability to make businesses and enter in places despite there race and gender. Equality is included with opportunity.",0,"Hardships","Democracy","Opportunities","Life","Freedom",4,5,5,3,"vote","harris",NA,1,1,1,"male",18,"hisp","less HS","$125,000 to $149,999","demsatis","trustgov","antiest","radchange","ampride","CA",2,1,4,9,"11/20/2024 11:07"
1224,"kept",6.25,1,2,4,4,6,5.41666666666667,"Integrity","It’s not. We have absolutely no integrity in this country. The government being the worst offenders.",0,"Integrity","Respect","Kindness","Accepting","Free",6,7,6,6,"no vote",NA,NA,4,3,3,"female",33,"white/non-hisp","some coll","$25,000 to $29,999","ampride","antiest","radchange","demsatis","trustgov","IN",11,1,2,3,"11/20/2024 18:43"
1227,"ctrl",4.5,4,5,2,6,3,4.5,"Patriotism","Loyalty to one’s country, its values, its leaders, its people. The people’s needs in the country are given priority.",0,"Honesty","Community","Patriotism","Legal immigration","Inclusivity",3,5,5,5,"vote","trump",NA,6,5,3,"female",74,"white/non-hisp","bachelors","$150,000 to $174,999","radchange","antiest","ampride","demsatis","trustgov","CO",1,5,4,8,"11/20/2024 17:09"
1229,"brkn",5.25,4,3,4,4,5,4.75,"justice for all","Lately I think money has a great impact on the carriage of justice. In the past I believed that justice and truth are always right, but now I think that might be naïve.",0,"justice for all","freedom to succeed","freedom to feel safe","respect for all","freedom to travel freely",5,5,5,6,"vote","harris",NA,4,3,3,"female",68,"white/non-hisp","HS","$50,000 to $59,999","antiest","trustgov","demsatis","ampride","radchange","IL",2,5,2,3,"11/20/2024 10:58"
1232,"ctrl",5.5,5,2,6,6,6,5.83333333333333,"Pride","The overwhelming sense that no matter what the United States is like greatest country in world.  There is also a level of arrogance associated with it.",0,"Truth","Justice","Pride","Grit","Determination",6,6,7,3,"vote","trump",NA,6,5,4,"male",37,"multi/non-hisp","masters","$200,000 or more","radchange","trustgov","demsatis","ampride","antiest","VA",1,1,3,5,"11/19/2024 22:40"
1237,"ctrl",4.5,4,2,3,5,6,5.16666666666667,"Limited government","Make sure there’s not full control in the government and have normal civilians have to say which is its constitutional, right.",0,"Freedom of press","bare arms","Freedom of speech","Freedom vote","Limited government",5,5,5,3,"no vote",NA,NA,5,4,4,"male",34,"hisp","HS","$20,000 to $24,999","ampride","antiest","demsatis","radchange","trustgov","CA",2,1,4,9,"11/27/2024 18:59"
1241,"brkn",6.5,4,2,3,7,6,6.5,"freedom of speech","Big mass-media is not allowing free exchange of ideas. The same with Hollywood. Small part of population prohibites majority to express its opinion.",0,"independence","individualism","competition","freedom of speech","unity",7,5,7,7,"vote","trump",NA,5,4,3,"male",75,"white/non-hisp","bachelors","$50,000 to $59,999","radchange","ampride","demsatis","antiest","trustgov","FL",10,5,3,5,"11/25/2024 20:49"
1242,"brkn",6.75,1,4,1,7,4,5.91666666666667,"Equality","Taking away basic human rights for women by keeping your boot on the necks of all women. Denying equal pay and fair wages.",0,"Equality","Freedom of speech","The American dream","Hard work","Competition",7,7,7,6,"vote","harris",NA,1,1,1,"female",66,"white/non-hisp","some coll","$15,000 to $19,999","trustgov","demsatis","ampride","radchange","antiest","WY",11,1,4,8,"11/20/2024 14:18"
1250,"brkn",2,4,6,7,5,2,3,"rights","When a person commits a crime while suffering from povery.
When people's actions are restricted in the national disater or emergency.",0,"liberty","happiness","peace","rights","equal",5,1,1,1,"vote","trump",NA,6,5,4,"male",63,"asian/non-hisp","some coll","$10,000 to $14,999","antiest","demsatis","radchange","trustgov","ampride","WA",11,6,4,9,"11/20/2024 10:28"
1259,"kept",5.25,5,3,NA,5,5,5.08333333333333,"Freedom","People have the freedom to be able to live as they choose. We can within reason live as we see fit. Making choices that either can benefit us or not",0,"Freedom","Independence","Right to be heard","Family","Free choices",5,5,6,5,"vote","trump",NA,5,4,4,"female",48,"white/non-hisp","some coll","$50,000 to $59,999","trustgov","demsatis","radchange","ampride","antiest","TX",12,1,3,7,"11/22/2024 7:13"
1260,"kept",2.5,4,3,3,7,5,4.83333333333333,"Freedom","Freedom was fought by founding fathers to obtain certain liberties that are not found in other countries. we are able to have the freedom of speech, freedom of choosing what political parties we want in office .",0,"Freedom","Growth","Difference","Greatness","Leadership",1,1,1,7,"vote","trump",NA,6,5,3,"female",64,"hisp","less HS","$40,000 to $49,999","antiest","demsatis","trustgov","radchange","ampride","NJ",1,5,1,2,"11/19/2024 18:37"
1267,"ctrl",6.5,3,2,NA,6,6,6.16666666666667,"Love your fellow person","Love and honor each and every person. Do not judge them. The differences of each person is what makes us who we are.",0,"Faith","Hope","Loyalty","Love your fellow person","Honesty",7,6,7,6,"no vote",NA,NA,4,3,NA,"female",46,"white/non-hisp","some coll","$40,000 to $49,999","antiest","radchange","trustgov","demsatis","ampride","KS",12,1,2,4,"11/23/2024 18:54"
1274,"ctrl",4.75,3,2,4,4,6,4.91666666666667,"Security","Security is when a country or other entity protects itself from dangers within and outside of its borders, to insure the safety of it citizens.",0,"Freedom","Liberty","Prosperity","Security","Democracy",4,6,4,5,"no vote",NA,NA,4,3,3,"male",30,"other/non-hisp","some coll","$10,000 to $14,999","ampride","radchange","demsatis","trustgov","antiest","NC",12,7,3,5,"11/20/2024 7:28"
1282,"kept",NA,2,NA,5,7,NA,7,"Freedom","Freedom in living here with better laws. Having freedom that protects us from harm.",0,"Freedom","American","Idk","Idk","Idk",NA,NA,NA,NA,"vote","harris",NA,1,1,5,"male",32,"black/non-hisp","some coll","$60,000 to $74,999","demsatis","trustgov","ampride","radchange","antiest","NC",12,1,3,5,"11/25/2024 21:28"
1288,"ctrl",4.75,5,2,6,5,6,5.25,"Safety","Not having to worry about people with low or no morals taking advantage of or injuring others with little or no consequences.",0,"Safety","Economic","Independence","Morality","Charity",2,6,5,6,"vote","trump",NA,6,5,5,"male",66,"white/non-hisp","HS","$125,000 to $149,999","antiest","ampride","demsatis","trustgov","radchange","PA",12,5,1,2,"11/19/2024 20:27"
1293,"kept",4,3,4,4,4,4,4,"freedom of speech","the people of the united states are able to voice their opinions. There has been protests and riots.",0,"freedom of speech","right to bare arms","economy","diversity","education",4,4,4,4,"vote","trump",NA,7,5,3,"male",32,"white/non-hisp","less HS","$40,000 to $49,999","demsatis","ampride","antiest","radchange","trustgov","MI",2,1,2,3,"11/26/2024 23:48"
1305,"brkn",5,4,2,3,5,6,5.33333333333333,"Freedom","The government especially the Republican Party tells it followers to focus on our liberties and freedom, but it does the opposite when it comes to women’s reproductive health.",0,"Freedom","Equality","Right to defend themselves","Freedom of speech","Religious freedom",6,5,5,4,"vote","harris",NA,2,1,3,"male",50,"hisp","some coll","$100,000 to $124,999","demsatis","ampride","radchange","trustgov","antiest","CA",2,1,4,9,"11/30/2024 1:54"
1307,"kept",4.75,1,4,4,6,4,4.91666666666667,"equality","Unfortunately I don't feel the country is or even can live up to it's ideal of equality. Sadly, racism and economic differences divide people in this country.",0,"of the people","equality","justice","liberty","religious freedom",6,4,4,5,"no vote",NA,NA,4,3,3,"male",43,"white/non-hisp","some coll","$40,000 to $49,999","radchange","demsatis","ampride","trustgov","antiest","OH",12,1,2,3,"11/24/2024 3:27"
1309,"brkn",5.5,5,2,6,4,6,5.16666666666667,"Liberty","Government overreach hinders the ability of people pursue their dreams. Bureaucracy at all levels makes it more difficult for start up to succeed.",0,"Freedom","Liberty","Equality","Opportunity","Pursuit of happiness",4,6,6,6,"vote","trump",NA,4,3,3,"male",43,"white/non-hisp","bachelors","$85,000 to $99,999","radchange","trustgov","ampride","demsatis","antiest","KS",12,1,2,4,"11/26/2024 19:14"
1316,"ctrl",4,2,4,4,4,4,4,"Democracy, balance of power","The right to vote in free & fair elections and power distributed throughout governmental branches to provide checks and balances.",0,"Democracy, balance of power","Equality of opportunity","Justice","Freedom of press","Religious freedom",4,4,4,4,"no vote",NA,NA,1,1,3,"female",60,"white/non-hisp","masters","$60,000 to $74,999","trustgov","radchange","ampride","demsatis","antiest","LA",11,4,3,7,"11/19/2024 18:17"
1318,"brkn",6,4,2,4,4,6,5.33333333333333,"Gun laws","Everyone and anyone can get a gun And there is no restrictions, so everyone is killing everyone. We'll put over",0,"Air pollution","Gun laws","Reducing food prices","Lowering gas prices","Immigration laws",6,6,6,6,"vote","harris",NA,1,1,3,"female",65,"black/non-hisp","HS","$15,000 to $19,999","radchange","trustgov","antiest","demsatis","ampride","IL",1,6,2,3,"11/20/2024 22:14"
1319,"brkn",5.25,4,4,6,2,4,3.75,"Freedom of speech","I guess by playing devils advocate, I would be able to say the freedom to express hate is a touchy subject. The question of allowing those who want to spread a message of hate or an idea to radically change the foundation of our country is suppressed. Now, some argue that’s good but some argue it’s wrong regardless of the freedom of speech. Me, I think it shouldn’t be allowed.",0,"Freedom of speech","Liberty for all","Justice for all","Equality for all","Right to bare arms",5,6,5,5,"vote","trump",NA,6,5,3,"male",21,"hisp","some coll","$35,000 to $39,999","demsatis","trustgov","antiest","ampride","radchange","CA",12,2,4,9,"11/20/2024 14:08"
1320,"kept",4.75,5,2,1,1,6,3.91666666666667,"Honest","When you take the Oath of Office regarding the Constitution you should be able to live up to the Oath.",0,"Democracy","Character","Patriot","Honest","Integrity",1,7,7,4,"vote","harris",NA,1,1,3,"female",86,"black/non-hisp","some coll","$50,000 to $59,999","demsatis","ampride","antiest","trustgov","radchange","NC",1,5,3,5,"11/22/2024 11:54"
1322,"kept",5.25,5,3,1,7,5,5.75,"Freedom","I believe that the us is living up to its promise of freedom by continue to allow American to own Guns",0,"Respect","Freedom","Honor","Logic","Law",4,4,6,7,"vote","trump",NA,5,4,5,"male",27,"multi/non-hisp","some coll","$5,000 to $9,999","ampride","trustgov","demsatis","antiest","radchange","NY",12,7,1,2,"11/20/2024 18:54"
1324,"ctrl",6.25,5,3,3,7,5,6.08333333333333,"Success","Success is building a career of wealth that benefits you, your family and the economy. Success is having the financial freedom of being your own individual power of decision making without depending of anyone.",0,"Freedom of speech","Work hard","Human rights","Family Unity","Success",5,7,7,6,"vote","trump",NA,4,3,4,"female",58,"hisp","some coll","$125,000 to $149,999","demsatis","trustgov","ampride","radchange","antiest","NJ",2,1,1,2,"11/19/2024 19:14"
1328,"ctrl",4.5,2,3,3,5,5,4.83333333333333,"LIBERTY","FREEDOM TO DO EXACTLY WHAT IS BEST FOR YOU, AS AN INDIVIDUAL, AS LONG AS SUCH ACTION DOES NOT HARM OTHERS.",0,"EQUALITY","FREEDOM","LIBERTY","WELCOMING","ADVENTUROUS",6,5,3,4,"vote","harris",NA,1,1,1,"male",53,"hisp","bachelors","$60,000 to $74,999","trustgov","radchange","ampride","antiest","demsatis","CA",9,2,4,9,"11/20/2024 14:28"
1329,"ctrl",6,2,3,2,7,5,6,"Freedom","The right of humans to live their lives free, and without oppression. The right to choose for themselves how to live their own lives.",0,"Liberty","Freedom","Life","Happiness","Justice",7,6,5,6,"vote","harris",NA,3,2,3,"male",78,"black/non-hisp","HS","$35,000 to $39,999","radchange","trustgov","demsatis","ampride","antiest","NV",1,5,4,8,"11/19/2024 15:07"
1330,"kept",7,3,2,2,6,6,6.33333333333333,"Freedom of Religion","Not all religious beliefs are acceptable to small pockets of individuals who want their religion to be the only one in this country. Thank God there are still large enough groups who will not allow that to happen.",0,"Freedom of Speech","Freedom of Religion","Freedom of Press","FreedomPetition","Freedom of Assembly",7,7,7,7,"no vote",NA,NA,5,4,3,"female",68,"white/non-hisp","some coll","$25,000 to $29,999","demsatis","ampride","radchange","trustgov","antiest","MT",11,1,4,8,"11/20/2024 12:41"
1331,"ctrl",4.25,3,2,3,3,6,4.41666666666667,"fairness","Judicial system that treats all defendants the same.  If you are brought to trial, you have rights such as not to incriminate yourself and proper police work.",0,"freedom of religion","fairness","freedom of press","right to vote","happiness",5,3,3,6,"vote","harris",NA,3,2,3,"male",41,"white/non-hisp","bachelors","$85,000 to $99,999","antiest","trustgov","demsatis","ampride","radchange","TX",9,1,3,7,"11/20/2024 9:44"
1332,"brkn",3.5,3,5,5,4,3,3.5,"Freedom","By not keeping the US border secure, the people of the country are not allowed the full freedoms of the Constitution.",0,"Peace","Freedom","Religious","Successful","Safety",3,3,5,3,"vote","trump",NA,5,4,4,"male",63,"white/non-hisp","bachelors","$100,000 to $124,999","antiest","ampride","trustgov","radchange","demsatis","CT",2,5,1,1,"11/20/2024 11:17"
1345,"brkn",5.25,5,2,3,2,6,4.41666666666667,"Freedom","I think we are not providing freedom to those who seek a better life or asylum in this country. The fact that mass deportation is being considered denies the freedom people are entitled to and seek.",0,"Freedom","Liberty","Pursuit of happiness","Equality","Justice",6,5,5,5,"vote","harris",NA,1,1,3,"female",47,"white/non-hisp","masters","$175,000 to $199,999","radchange","trustgov","demsatis","antiest","ampride","RI",2,1,1,1,"11/19/2024 21:10"
1359,"kept",4.25,3,4,5,5,4,4.41666666666667,"Equality","I'm not sure this country is living up to its promise.  There are far too many instances where discrimination still occurs in this country.",0,"Equality","Responsibility","Defense","Truth","Accountability",5,4,4,4,"vote","trump",NA,6,5,3,"female",76,"white/non-hisp","masters","$75,000 to $84,999","trustgov","antiest","demsatis","radchange","ampride","NY",1,5,1,2,"11/21/2024 4:35"
1366,"ctrl",5.75,4,4,6,2,4,3.91666666666667,"Personal freedom","The freedom to do, say, and think whatever one chooses, provided exercising those freedoms don't infringe on others' same freedoms.",0,"Self government","Personal freedom","Equality","Religious freedom","Self defense",6,7,6,4,"vote","harris",NA,5,4,4,"male",54,"white/non-hisp","some coll","$15,000 to $19,999","ampride","demsatis","radchange","antiest","trustgov","FL",11,6,3,5,"11/20/2024 8:58"
1374,"ctrl",4,5,2,3,1,6,3.66666666666667,"Freedom","Free to praise god and freedom to travel anywhere you wish without questions freedom to live where and how you want to",0,"Freedom","Free speech","Free travel","Free religious","Free love",4,5,2,5,"vote","trump",NA,5,4,4,"male",65,"hisp","HS","$85,000 to $99,999","ampride","radchange","trustgov","demsatis","antiest","OH",2,1,2,3,"11/21/2024 9:32"
1384,"kept",NA,3,4,5,4,4,4,"Work hard","The best person gets the job and the fastest gets less as you go forward. Always network as well. You never know who will help you and if they have the resources you need they will make things easier for you",0,"Work hard","Never cheat","Respect your elders","The American dream is possible","Honor your parents",NA,NA,NA,NA,"vote","harris",NA,2,1,2,"female",63,"white/non-hisp","HS","$125,000 to $149,999","antiest","ampride","trustgov","demsatis","radchange","AZ",12,1,4,8,"11/27/2024 19:44"
1395,"brkn",6.5,2,2,3,5,6,5.83333333333333,"Freedom","Taking away rights of women. Taking the freedom to make our own choices about our bodies. Our freedom to live free and prosper.",0,"Freedom","Religion","Law","Change","Independence",7,7,7,5,"vote","harris",NA,4,3,3,"female",32,"hisp","some coll","$50,000 to $59,999","demsatis","trustgov","ampride","radchange","antiest","CA",12,1,4,9,"11/19/2024 16:51"
1401,"brkn",2.25,5,7,7,2,1,1.75,"Freedom","This is not really a valuable question because America is living up to every dream possible and is the best country in the world by far",0,"Freedom","Justice","Liberty","American dream","Transparency",2,2,2,3,"no vote",NA,NA,7,5,5,"male",36,"black/non-hisp","HS","$60,000 to $74,999","antiest","ampride","trustgov","demsatis","radchange","NY",6,1,1,2,"11/19/2024 23:31"
1403,"kept",6.75,3,1,1,6,7,6.58333333333333,"Independence","It’s significant for people to be independent and have the choice to choose right from wrong. Choice to free will and having freedom as well.",0,"Independence","98","98","Diverse","98",7,6,7,7,"no vote",NA,NA,3,2,3,"female",18,"black/non-hisp","less HS","$30,000 to $34,999","antiest","radchange","trustgov","ampride","demsatis","TN",12,1,3,6,"11/19/2024 20:08"
1405,"kept",3.25,3,4,5,4,4,3.75,"men are equal","there is diversity in government with more presentation of in all states. there is affirmative action to help minorities.",0,"men are equal","freedom","freedom of religion","safety","inalienable rights",4,3,3,3,"no vote",NA,NA,6,5,3,"female",49,"hisp","some coll","$10,000 to $14,999","antiest","trustgov","demsatis","radchange","ampride","NY",1,6,1,2,"11/19/2024 18:59"
1417,"kept",6,2,1,2,7,7,6.66666666666667,"Lies","They lie about everything and anything to make people eat up their narrative. And they will continue to donsonin order to line their pockets and act like they are Gods.",0,"Lies","Greed","God complex","Gluttony","False promises",4,7,6,7,"vote","trump",NA,4,3,NA,"female",37,"hisp","HS","$40,000 to $49,999","antiest","trustgov","radchange","demsatis","ampride","OH",1,1,2,3,"11/27/2024 12:01"
1422,"ctrl",5,3,4,2,5,4,4.66666666666667,"Equal protection under law","No matter your looks, where you're from, you are equal. Race, gender, political party do not matter.",0,"Freedom of Religion","Freedom of speech","Separation of State and Government","Equal protection under law","Freedom to pursue life, liberty, and happiness",6,6,5,3,"vote","harris",NA,5,4,3,"male",40,"white/non-hisp","bachelors","$200,000 or more","antiest","radchange","trustgov","ampride","demsatis","VA",1,1,3,5,"11/20/2024 19:50"
1426,"brkn",4.75,NA,4,4,5,4,4.58333333333333,"created equal","Thers is too much racism in the US. Certain groups of people don't have due process of law and freedom.",0,"created equal","freedom of speech","freedom of religion","due process of law and freedom","pursuit of happiness",6,5,5,3,"no vote",NA,NA,2,1,4,"female",89,"black/non-hisp","some coll","$20,000 to $24,999","antiest","ampride","radchange","demsatis","trustgov","MI",1,5,2,3,"11/21/2024 22:03"
1430,"ctrl",6.75,5,1,2,6,7,6.58333333333333,"Freedom of choice","We are given the choice to make decisions, to agree or disagree, to voice our beliefs. We can choose to strive for a rewarding career, or sit under a bridge. We are free to choose, but there are always positive or negative outcomes that affect you and others.",0,"Freedom of choice","Strength in unity","Patriotism","Cultural and ethnic growth","Equal opportunity",6,7,7,7,"vote",NA,NA,4,3,3,"male",45,"hisp","some coll","$150,000 to $174,999","antiest","radchange","demsatis","trustgov","ampride","AZ",11,1,4,8,"11/20/2024 21:23"
1439,"ctrl",4.75,4,4,5,1,4,3.25,"Right to healthcare","Every individual should have access to affordable Healthcare and the right to make decisions about their own bodies.",0,"Freedom of speech","Right to the pursuit of happiness","Right to bear arms","Freedom to be who you are","Right to healthcare",5,3,6,5,"vote","harris",NA,1,1,2,"female",49,"white/non-hisp","some coll","$25,000 to $29,999","trustgov","ampride","demsatis","radchange","antiest","OH",12,6,2,3,"11/22/2024 8:28"
1444,"ctrl",6.75,4,2,1,6,6,6.25,"Equality","All people should be treated equally regardless of sex, age, gender, race, or religious beliefs. Everyone should be given the same opportunities regardless of circumstances",0,"Individualism","Equality","Democracy","Diversity","Freedom",7,7,7,6,"vote","harris",NA,2,1,3,"female",40,"hisp","some coll","$200,000 or more","trustgov","antiest","demsatis","ampride","radchange","WA",10,1,4,9,"11/21/2024 6:57"
1448,"ctrl",4.75,4,2,3,3,6,4.58333333333333,"Freedom","The ability to speak what I think. The ability to pray to whom I want. The ability to protect myself and my family.",0,"Truth","Justice","Freedom","Responsibility","Independence",4,5,5,5,"vote","trump",NA,6,5,3,"female",60,"white/non-hisp","masters","$100,000 to $124,999","ampride","trustgov","demsatis","antiest","radchange","NC",2,5,3,5,"11/20/2024 23:49"
1455,"kept",5.75,2,4,2,3,4,4.25,"Honor","In American society, we still honor the sacrifices that members of our armed services make for the rest of our country.",0,"Trust","Honor","Respect","Selfless","Pride",6,6,6,5,"vote","harris",NA,2,1,3,"male",38,"white/non-hisp","masters","$200,000 or more","demsatis","ampride","trustgov","antiest","radchange","VA",1,1,3,5,"11/22/2024 20:58"
1457,"brkn",5.75,5,3,4,4,5,4.91666666666667,"Freedom","High poverty, low economy, class divisions and inequality makes us less free. There is no financial freedom therefore without money don’t have a lot of choices",0,"Freedom","Equality","Democracy","Progress","Justice",6,7,7,3,"vote","harris",NA,4,3,3,"female",46,"white/non-hisp","some coll","$40,000 to $49,999","antiest","demsatis","trustgov","ampride","radchange","NC",4,1,3,5,"11/20/2024 19:41"
1460,"brkn",5,4,3,5,5,5,5,"The pursuit of happiness","The degradation of peoples morals has created a society that doesn't allow true freedom of choice in your life.",0,"The pursuit of happiness","The right to bear arms","right to free speech","Equal opportunities","Better life",5,5,5,5,"vote","trump",NA,2,1,4,"male",25,"hisp","HS","$75,000 to $84,999","demsatis","radchange","ampride","trustgov","antiest","IL",10,1,2,3,"11/28/2024 3:04"
1465,"brkn",4.5,3,4,6,5,4,4.5,"Independence","Not everyone is able to live as independent as they should. Many times the values and opinions of some people are too dominant.",0,"Equality","Independence","Diversity","Innovation","Competition",5,5,5,3,"vote","harris",NA,2,1,3,"male",54,"white/non-hisp","masters","$60,000 to $74,999","ampride","demsatis","trustgov","radchange","antiest","IL",1,1,2,3,"11/19/2024 20:43"
1477,"ctrl",5.75,3,4,2,5,4,4.91666666666667,"Freedom of Speech","The right to say what you want no matter what. the idea of being able to say anything without anyone trying to censor you.",0,"Freedom of Speech","Equality","Diversity, different cultures","Intergrity","Wealth",6,7,6,4,"vote","harris",NA,2,1,2,"male",24,"hisp","HS","$75,000 to $84,999","trustgov","ampride","demsatis","antiest","radchange","NJ",2,4,1,2,"11/19/2024 18:29"
1484,"ctrl",5,4,3,3,5,5,5,"freedom","freedom is being allowed to act or speak as you want without being controlled by others; not being restrained to your choices",0,"equality","justice","protection","freedom","independence",3,6,6,5,"vote","harris",NA,4,3,4,"female",54,"hisp","some coll","$60,000 to $74,999","radchange","demsatis","antiest","trustgov","ampride","LA",11,1,3,7,"11/21/2024 10:10"
1494,"brkn",6.25,5,2,2,5,6,5.75,"democracy","very one sided.  prices are to high  Things being forced upon us that are really not good for our economy",0,"Freedom","independence","democracy","equality","hard work",6,6,6,7,"vote","trump",NA,6,5,4,"female",59,"white/non-hisp","some coll","$40,000 to $49,999","demsatis","trustgov","radchange","ampride","antiest","IL",2,1,2,3,"11/19/2024 17:03"
1500,"brkn",5.25,3,3,4,5,5,5.08333333333333,"Freedom","We have failed to ensure freedom to some people.  We seem to pick and choose who we supply freedom to.",0,"Freedom","Allegiance","Supportive","Aidful","Truth",6,5,5,5,"vote","trump",NA,5,4,4,"male",59,"white/non-hisp","some coll","$100,000 to $124,999","radchange","ampride","demsatis","trustgov","antiest","CA",1,1,4,9,"11/20/2024 6:32"
1502,"brkn",6.75,3,1,4,5,7,6.25,"Wealth","The upper class stay rich. The middle class is struggling. the lower class lives for free. They don’t care about the hard working middle class",0,"Money","Wealth","Capitalism","Lies","Greed",7,7,7,6,"vote","trump",NA,4,3,3,"female",30,"black/non-hisp","HS","$85,000 to $99,999","trustgov","demsatis","radchange","antiest","ampride","NJ",12,1,1,2,"11/19/2024 18:02"
1503,"ctrl",5,3,3,2,5,5,5,"Freedom","Freedom to lead a daily life without interference, to say what you want without censorship, to be able to buy what you think is necessary",0,"Freedom","Representation","Choice","Protection and security","Respect",7,5,5,3,"vote","harris",NA,4,3,3,"male",45,"hisp","bachelors","$85,000 to $99,999","ampride","demsatis","antiest","radchange","trustgov","TX",6,1,3,7,"11/29/2024 12:37"
1509,"brkn",6,5,1,1,7,7,6.66666666666667,"freedom","cancel culture
censorship of speech on all outlets by the powerful rich mongers
lying media and government",0,"oppertunity","freedom","eqaulity","fair play","patriot",3,7,7,7,"vote",NA,NA,4,3,NA,"male",68,"multi/non-hisp","some coll","$60,000 to $74,999","radchange","antiest","demsatis","trustgov","ampride","HI",2,5,4,9,"11/19/2024 17:28"
1516,"brkn",4.75,2,4,4,4,4,4.25,"Democracy","Inflation, climate change. The world seems dull, the markets are unhealthy, the jobs aren’t enough for living prices.",0,"Protect","Democracy","Value","Peace","Freedom",6,2,5,6,"no vote",NA,NA,1,1,3,"male",35,"black/non-hisp","HS","$85,000 to $99,999","ampride","demsatis","antiest","radchange","trustgov","FL",12,5,3,5,"11/19/2024 18:03"
1524,"kept",5,4,4,5,5,4,4.66666666666667,"liberty","I think free speech is one way. In general though, we aren't under a strict government where we have to be afraid of what we say on a daily basis...except for now when everything you say offends someone. That's a different issue though, entirely.",0,"justice","liberty","equality","defense or protection","Fair government",5,4,6,5,"vote","trump",NA,6,5,4,"female",41,"white/non-hisp","some coll","$75,000 to $84,999","radchange","antiest","ampride","trustgov","demsatis","MD",10,1,3,5,"11/21/2024 13:23"
1526,"kept",6.75,3,1,3,5,7,6.25,"Checks & Balances","It's in decline as any majority party is seeking complete control with no objection. It's meant to  be used as a way to keep one person or group from abusing the power of any government position whether it be locally or nationally.",0,"Separation of Powers","Checks & Balances","Republicanism","Federalism","Popular Sovereignty",7,7,7,6,"no vote",NA,NA,5,4,4,"male",30,"hisp","some coll","$50,000 to $59,999","radchange","demsatis","antiest","trustgov","ampride","TX",11,1,3,7,"11/22/2024 9:22"
1542,"kept",5,4,2,3,6,6,5.66666666666667,"people should have the right to choose their leaders","I wish we'd get ride of the electoral college and go to something like rank choice voting, but as imperfect as it is it's still the most fair system of democracy around right now.",0,"Religious freedom","Taxation without representation","Working hard","All men are created equal","people should have the right to choose their leaders",6,5,3,6,"vote","harris",NA,5,4,3,"male",48,"white/non-hisp","some coll","$40,000 to $49,999","trustgov","radchange","demsatis","ampride","antiest","OK",1,6,3,7,"11/19/2024 23:19"
1554,"brkn",4,3,4,4,4,4,4,"Values","There are lots of conflicting opinions. There is not unity. I am neutral in all political affairs and feel that they will never be able to solve the worlds problems.",0,"Honor","Integrity","Values","Loyalty","Hard working",4,4,4,4,"no vote",NA,NA,4,3,5,"female",39,"white/non-hisp","HS","$100,000 to $124,999","demsatis","ampride","trustgov","radchange","antiest","CA",1,1,4,9,"11/19/2024 17:29"
1561,"ctrl",4.5,5,4,3,7,4,5.16666666666667,"freedom","not being oppressed by a goverment by their rule, the ability to speak out when having my own views and not affraid",0,"rights","opportunity","democracy","liberty","freedom",2,5,5,6,"vote","trump",NA,7,5,4,"male",51,"hisp","some coll","$125,000 to $149,999","ampride","trustgov","antiest","demsatis","radchange","CA",2,1,4,9,"11/20/2024 20:39"
1562,"kept",5.5,1,1,1,7,7,6.5,"Honesty","It's really not all politicians are the same they all say the same thing and never hold up what they promise",0,"Respect","Honesty","Love","Trust","Commitment",1,7,7,7,"no vote",NA,NA,3,2,3,"female",34,"white/non-hisp","HS","$20,000 to $24,999","antiest","radchange","ampride","demsatis","trustgov","NC",11,6,3,5,"11/25/2024 20:05"
1566,"kept",5,1,2,3,5,6,5.33333333333333,"Pursuit of happiness","The United States is not living up to its promises at all. I have very little hope that it will ever with the way things are going.",0,"Equality","Respect","Work ethic","Freedom","Pursuit of happiness",7,4,3,6,"vote","harris",NA,1,1,2,"female",22,"white/non-hisp","some coll","$85,000 to $99,999","radchange","antiest","ampride","demsatis","trustgov","MN",1,1,2,4,"11/23/2024 15:04"
1567,"brkn",6,1,2,2,6,6,6,"Equality","No ERA passed. We have not fixed our past mistakes caused by redlining, segregation, lack of ability to grow generational wealth. We don't except immigrant cultures as valuable to our society.",0,"Freedom of/from religion","Autonomy","Prosperity","Equality","Liberty",7,6,5,6,"vote","harris",NA,3,2,3,"female",58,"white/non-hisp","some coll","$200,000 or more","ampride","trustgov","radchange","antiest","demsatis","MN",9,1,2,4,"11/22/2024 10:47"
1571,"ctrl",4,5,7,6,5,1,3.33333333333333,"Peace","Mutual understanding of being cordial with everyone no harm no violence involved just plain knowing how to stay respectful and loving to one and another",0,"Freedom","Peace","Love","Harmony","Independence",4,4,4,4,"no vote",NA,NA,4,3,3,"female",27,"hisp","some coll","$30,000 to $34,999","ampride","trustgov","radchange","demsatis","antiest","FL",12,4,3,5,"11/24/2024 4:03"
1591,"brkn",5.5,4,2,6,5,6,5.5,"Freedom","Government officials and entities working through alleged third-party groups to limit free expression under the guise of security when the real objective is preservation and expansion of their own power.",0,"Freedom","Opportunity","Equality","Human rights","Self direction",4,6,6,6,"vote","other","Oliver Chase",6,5,3,"male",58,"hisp","bachelors","$200,000 or more","ampride","demsatis","trustgov","antiest","radchange","FL",2,1,3,5,"11/22/2024 7:14"
1592,"kept",5,4,3,3,3,5,4.33333333333333,"rule of law","no person is above the law .,people cannot change the constitution  to their liking. To ensure  American citizens are protected with laws and the laws are enforced.",0,"sovereignty","rule of law","federalism","separation of powers","limited government",5,5,5,5,"vote","trump",NA,2,1,3,"female",67,"white/non-hisp","HS","$20,000 to $24,999","demsatis","ampride","radchange","antiest","trustgov","NY",2,5,1,2,"11/19/2024 18:13"
1600,"brkn",5.5,1,1,1,7,7,6.5,"Respect for one another","I feel as though we are living up to respecting one another by Allowijg each other the popular to grow and express themselves",0,"Respect for one another","Respect for one’s self","Unconditional love","Emotional intelligence","Self regulation",7,7,7,1,"no vote",NA,NA,4,3,3,"male",19,"hisp","HS","$125,000 to $149,999","antiest","radchange","trustgov","ampride","demsatis","CA",12,2,4,9,"11/19/2024 16:41"
1613,"brkn",4.5,1,2,2,7,6,5.83333333333333,"Opportunity","It isn't as much opportunity as they want people to believe. We don't all have the same chances at an amazing life.",0,"Money","Freedom","Dream","Opportunity","Success",3,4,5,6,"no vote",NA,NA,4,3,3,"male",34,"black/non-hisp","some coll","$20,000 to $24,999","radchange","ampride","trustgov","demsatis","antiest","NJ",12,7,1,2,"11/20/2024 11:21"
1620,"ctrl",3.75,1,3,2,3,5,3.91666666666667,"Self government","Representative democracy with checks and balances.  Power divided among three branches, by the people, for the people.",0,"Justice","Self government","Integrity","Equality","Liberty",3,3,3,6,"vote","harris",NA,3,2,3,"female",72,"white/non-hisp","masters","$60,000 to $74,999","demsatis","radchange","antiest","trustgov","ampride","AL",1,5,3,6,"11/19/2024 21:36"
1626,"brkn",4.5,5,4,3,5,4,4.5,"Freedom","I believe freedom is the United States main value and number 1 priority.  I think the main stream media is hindering the people from hearing both sides.",0,"Unity","Freedom","Equality","Individualism","Privacy",5,5,4,4,"vote","trump",NA,7,5,4,"female",47,"hisp","some coll","$125,000 to $149,999","radchange","ampride","demsatis","antiest","trustgov","NM",12,1,4,8,"11/30/2024 12:33"
1651,"brkn",4,5,4,5,6,4,4.66666666666667,"God","It is sad out county was founded on In God we Trust and we have strayed away from this and have suffered bc of it",0,"God","Freedom","Equality","Morality","Entrepreneur",5,3,4,4,"vote","trump",NA,7,5,4,"female",46,"white/non-hisp","bachelors","$85,000 to $99,999","trustgov","radchange","ampride","antiest","demsatis","TN",1,1,3,6,"11/27/2024 11:34"
1652,"kept",5,5,2,6,3,6,4.66666666666667,"Freedom","We live in a country with a great deal of freedom of choice. We have the right to free speech, we can speak out against our government, we can work hard to get where we want to be in life a lot of the time, and it’s generally safe to exist in this country. People can be who they are in a lot of places and chase the American Dream (in one form or another).",0,"Freedom","Equality","Liberty","Justice","Independence",3,6,5,6,"vote","harris",NA,2,1,3,"female",28,"white/non-hisp","bachelors","$60,000 to $74,999","demsatis","antiest","radchange","trustgov","ampride","WV",11,1,3,5,"11/21/2024 20:44"
1655,"kept",4.75,3,3,5,4,5,4.58333333333333,"Freedom","We still got our freedom of speech and ee still are proven inacent until proven guilty always helping us Americans",0,"Truth","Honesty","Freedom","Justice","Speech",7,4,4,4,"no vote",NA,NA,2,1,4,"female",43,"white/non-hisp","less HS","$15,000 to $19,999","trustgov","radchange","demsatis","antiest","ampride","OH",1,6,2,3,"11/22/2024 2:01"
1666,"kept",5.33333333333333,4,4,3,5,4,4.77777777777778,"Free","We get to have numerous choices,  we have several rights,  we can go and say what we want when we want to.",0,"Free","Choices","Multi cultural","Idk","Idk",NA,6,6,4,"vote","trump",NA,4,3,3,"female",42,"multi/non-hisp","some coll","$20,000 to $24,999","ampride","demsatis","radchange","antiest","trustgov","IA",12,6,2,4,"11/20/2024 8:30"
1674,"ctrl",4.5,4,4,5,2,4,3.5,"Economic opportunity","Opportunity to make the means to achieve goals. Lots of options for employment. US attracts a lot of skills and talent worldwide",0,"Democracy","Individualism","Economic opportunity","Self reliance","Freedom of religion and speech",3,6,4,5,"no vote",NA,NA,4,3,3,"male",27,"white/non-hisp","bachelors","$125,000 to $149,999","trustgov","ampride","antiest","demsatis","radchange","WI",10,1,2,3,"11/19/2024 17:03"
1679,"kept",6,1,2,1,7,6,6.33333333333333,"Oppurtunity","It is not living up to that promise, we are all struggling to get by. The country is a mess.

People need free and easy job training and placement help to allow them to escape poverty.",0,"Freedom","Oppurtunity","Family","Justice","Love For Thy Neighbor",7,7,5,5,"vote","other","Cornell West",3,2,3,"male",30,"white/non-hisp","HS","$20,000 to $24,999","radchange","antiest","trustgov","demsatis","ampride","CO",2,1,4,8,"11/22/2024 9:59"
1688,"ctrl",5,2,3,2,6,5,5.33333333333333,"Acceptance","Our country was founded by religious zealots. After several hundred years, unfortunately, that zealotry still manifests itself in far too much of our countries laws and opinions. Almost everywhere. The separation of church and state is both where acceptance happens and is also frowned upon. Until we can come together in some way, as a united country, we will be at risk of falling apart. I hope I live to see acceptance come back into favor and not constantly be used as a tool for fear mongers.",0,"Honesty","Truth","Justice","The American dream","Acceptance",7,6,3,4,"vote","harris",NA,4,3,3,"male",56,"white/non-hisp","some coll","$100,000 to $124,999","trustgov","radchange","ampride","demsatis","antiest","CA",10,5,4,9,"11/19/2024 15:12"
1689,"ctrl",6.75,1,1,1,7,7,6.91666666666667,"Freedom","What it use to be was a person would be able to live the way they want and how they want with out someone dictating where and how to live but are values have slipped away from what we stand for",0,"Freedom","Free speach","Being equal","United","Chouse of religion",7,7,6,7,"no vote",NA,NA,4,3,3,"male",66,"white/non-hisp","some coll","$15,000 to $19,999","antiest","radchange","trustgov","ampride","demsatis","MO",12,6,2,4,"11/19/2024 18:33"
1691,"kept",7,5,1,3,5,7,6.33333333333333,"Freedom to bare arms","It is not and we need to fix that. Any laws added to the 2nd amendment should not Continue. The more they regulate the more crime we see.",0,"Freedom of speech","Freedom to bare arms","Reasonable expectations of privacy","Safety in diversity","Equal opportunity no matter what",7,7,7,7,"no vote",NA,NA,6,5,4,"male",35,"hisp","less HS","$10,000 to $14,999","trustgov","ampride","demsatis","radchange","antiest","IL",2,1,2,3,"11/19/2024 17:24"
1692,"brkn",5.75,3,3,4,7,5,5.91666666666667,"Money","Too many homeless people on the strrets and in pur homes. Jobs don't pay enough.Employers don't respect the employees.",0,"Money","Power","Respect","Fear","Racism",7,5,6,5,"vote","harris",NA,2,1,3,"female",45,"black/non-hisp","bachelors","$100,000 to $124,999","antiest","demsatis","ampride","trustgov","radchange","CA",1,1,4,9,"11/19/2024 19:13"
1709,"kept",6.75,1,1,1,7,7,6.91666666666667,"The people leading","Communities electing their leaders. Communities voting on important issues. These communities are usually small (size of a town/city)",0,"Freedom","Rights of the people","The people leading","The right to choose","Freedom of speech",7,7,6,7,"vote","other","Green Party",3,2,1,"female",28,"hisp","bachelors","$85,000 to $99,999","demsatis","radchange","ampride","trustgov","antiest","NH",11,1,1,1,"11/28/2024 9:08"
1723,"kept",3,5,7,7,1,1,1.66666666666667,"Respect for the constitution","Free elections and fre speed are the most important  things.so we lose those values we are going into a repressive regime",0,"Freedom","Respect for the constitution","No foreign intervention","One nation under God","We are all equal",2,2,6,2,"no vote",NA,NA,1,1,3,"male",73,"hisp","some coll","$30,000 to $34,999","demsatis","antiest","trustgov","ampride","radchange","FL",1,5,3,5,"11/19/2024 23:52"
1726,"kept",6.5,3,2,2,6,6,6.16666666666667,"Equality","There have been some changes over the decades, such as women being able to vote, more options for employment and better education opportunities",0,"Freedom to speak","Freedom to be oneself","Prosperity","Equality","Pride",6,7,7,6,"no vote",NA,NA,4,3,3,"female",35,"hisp","some coll","$50,000 to $59,999","radchange","trustgov","ampride","antiest","demsatis","MO",2,1,2,4,"11/26/2024 21:56"
1727,"ctrl",3.5,2,2,1,1,6,3.5,"Liberty","Liberty is freedom from oppression by the government and individuals.  Liberty allows people to live as they choose within society (within reason, of course).",0,"Liberty","Justice","Freedom","Free speech","Accountability to the people",7,4,1,2,"vote","harris",NA,1,1,1,"female",48,"white/non-hisp","masters","$200,000 or more","demsatis","trustgov","antiest","radchange","ampride","MA",11,7,1,1,"11/19/2024 20:27"
1731,"brkn",6.5,1,1,2,7,7,6.83333333333333,"Equality","Devisive environment. Racist prejudicial thinking. Americans think they are entitled. Everyone in this country has origins in emigrants unless you are indigenous. Sad sad situation.",0,"Equality","Values","Compassion","Courage","Opportunities",5,7,7,7,"no vote",NA,NA,4,3,3,"male",64,"hisp","HS","$75,000 to $84,999","ampride","trustgov","antiest","radchange","demsatis","FL",1,1,3,5,"11/20/2024 19:52"
1732,"ctrl",4.5,3,2,2,1,6,3.83333333333333,"Liberty","Freedom from excessive governmental control and restrictions, the ability to be free to do as one chooses,",0,"Liberty","Freedom","Justice","Free commerce","Limited power",4,6,2,6,"vote","harris",NA,2,1,3,"male",29,"white/non-hisp","some coll","$60,000 to $74,999","radchange","demsatis","ampride","trustgov","antiest","ID",10,1,4,8,"11/19/2024 16:10"
1734,"kept",4.5,5,5,6,2,3,3.16666666666667,"Liberty","By maintaining order and allowing its citizens to exercise their rights to own land.  Instituting laws that protects every citizen.  The right to vote and allowing citizens to be involved in making decision that promotes growth innovation.",0,"Freedom of speech","Freedom of religion","Justice for all","Equality","Liberty",6,5,4,3,"vote","harris",NA,2,1,4,"female",60,"hisp","bachelors","$60,000 to $74,999","ampride","antiest","trustgov","demsatis","radchange","FL",12,1,3,5,"11/27/2024 4:59"
1737,"kept",4.75,3,4,4,4,4,4.25,"right to bare arms","as long as republicans are in charge we have that right democrats likes to keep us from our rights .",0,"freedom of speach","right to bare arms","right to be herd","we all count","right of Religion",5,6,5,3,"vote","trump",NA,7,5,3,"male",55,"white/non-hisp","HS","$50,000 to $59,999","demsatis","radchange","trustgov","antiest","ampride","OH",1,1,2,3,"11/21/2024 18:07"
1754,"brkn",5.75,2,3,1,7,5,5.91666666666667,"Freedom of speech","I think freedom of speech is an original American value that is not living up to it's promise because of the ""cancel culture"" and social media sites such as Facebook that will delete content with no warning. Our speech is monitored in a way that yes, we can speak our minds whether it helps or hurts, but in digital terms, it can be deleted, misconstrued or used in a false manner.",0,"Freedom of Religion","Right to bear arms","Freedom of speech","Pursuit of Happiness","Liberty",6,6,5,6,"vote","other","chase oliver",4,3,3,"female",32,"white/non-hisp","some coll","$50,000 to $59,999","trustgov","antiest","demsatis","ampride","radchange","OH",10,1,2,3,"11/21/2024 16:09"
1762,"brkn",5.75,4,3,5,5,5,5.25,"Majority Rules(self government)","Are elected officials seem to be ignoring what the people want and just doing things that will give them money",0,"Majority Rules(self government)","Gun ownership freedom","Freedom of religion","freedom to speak","Diversity",5,6,6,6,"vote","trump",NA,5,4,3,"female",62,"white/non-hisp","some coll","$10,000 to $14,999","ampride","radchange","demsatis","antiest","trustgov","MI",1,6,2,3,"11/19/2024 18:40"
1770,"brkn",4.25,5,3,4,5,5,4.75,"Safety","Crime is on the rise and citizens don’t feel as safe.  Safety measures are on the decline and  holding criminals accountable is often not occurring.",0,"Freedom of speech","Religious freedom","Safety","Opportunity","Prosperity",4,5,4,4,"vote",NA,NA,7,5,3,"female",51,"white/non-hisp","masters","$35,000 to $39,999","radchange","demsatis","trustgov","ampride","antiest","MD",1,1,3,5,"11/21/2024 23:07"
1776,"kept",2.75,4,3,2,2,5,3.25,"Equality for all","Laws specifically disadvantaging certain groups have largely been eliminated but there is still work to do on behalf of certain marginalized groups. Courts are generally fair to all, but other elements of the justice system still fall short.",0,"Freedom of speech","Freedom from tyranny","Equality for all","Trial by peers","democratic government",6,2,1,2,"vote","harris",NA,2,1,3,"male",72,"white/non-hisp","masters","$125,000 to $149,999","ampride","demsatis","trustgov","radchange","antiest","MN",9,5,2,4,"11/19/2024 19:53"
1779,"brkn",5.75,2,3,2,5,5,5.25,"Democracy","The wealthy buy politicians. The electoral college does not accurately represent the people. The president-elect and his cult followers want to take away the voices and rights of particular groups.",0,"Diversity","Equal protection","Freedom","Democracy","Community",7,5,5,6,"vote","harris",NA,1,1,1,"female",38,"white/non-hisp","masters","$200,000 or more","demsatis","ampride","radchange","antiest","trustgov","IL",11,1,2,3,"11/19/2024 20:25"
1781,"kept",6.75,2,2,1,7,6,6.58333333333333,"Equal for all","I don’t think the country is living up to its values of equality for all. There are still many instances of racism.",0,"Truthful to country","Equal for all","Strong as a nation","Hard on terrorists","Land of prosperity",7,7,7,6,"no vote",NA,NA,4,3,3,"female",31,"white/non-hisp","bachelors","$60,000 to $74,999","trustgov","radchange","antiest","demsatis","ampride","PA",2,1,1,2,"11/19/2024 18:51"
1788,"ctrl",5.75,4,2,5,4,6,5.25,"Liberty","Freedom which is the core of America. We can agree to disagree, but we have the freedom of thought, opinion, and expression.",0,"Life","Liberty","Pursuit of happineessy","Everyone equal","Free speech",5,7,6,5,"vote","trump",NA,4,3,3,"male",47,"white/non-hisp","masters","$100,000 to $124,999","demsatis","antiest","radchange","ampride","trustgov","TN",1,1,3,6,"11/19/2024 20:00"
1793,"kept",4,3,3,3,4,5,4.33333333333333,"Integrity","I feel like the clowns that we call politics are jokes. They have only thier best interests in mind to",0,"Honesty","Loyalty","Integrity","Morals","Care",3,4,3,6,"vote","trump",NA,1,1,3,"female",40,"white/non-hisp","HS","$75,000 to $84,999","demsatis","ampride","trustgov","radchange","antiest","UT",11,1,4,8,"11/19/2024 18:44"
1796,"ctrl",4.25,2,4,2,5,4,4.41666666666667,"Equality","That everyone stands on an equal footing and no one is given advantage over another because of unchangeable attributes.",0,"Liberty","Justice","Equality","Independence","Freedom",7,5,2,3,"vote","harris",NA,3,2,1,"male",34,"white/non-hisp","masters","$100,000 to $124,999","ampride","antiest","trustgov","demsatis","radchange","VA",11,1,3,5,"11/19/2024 19:13"
1798,"kept",4.25,5,4,4,7,4,5.08333333333333,"Freedom","Freedom to say how you feel, vote how you feel, practice your preferred religion, fairness to women, and the ability to protect ourselves",0,"Freedom","Right to protect ourselves","Economic freedom","Right to vote","Freedom of religion",3,5,5,4,"vote","trump",NA,7,5,5,"female",44,"white/non-hisp","bachelors","$200,000 or more","demsatis","antiest","ampride","radchange","trustgov","VA",1,2,3,5,"11/22/2024 17:51"
1800,"ctrl",5.5,3,4,2,3,4,4.16666666666667,"Democracy","Democracy is a system where all people (not just men, or of a particular color or religion) get an equal vote in electing their leaders.  The US is NOT A democracy, but a democratic republic.",0,"Democracy","Equality","Freedom of Religion","Privacy","Freedom",7,6,4,5,"vote","harris",NA,1,1,1,"male",55,"white/non-hisp","masters","$200,000 or more","trustgov","ampride","antiest","demsatis","radchange","MI",9,1,2,3,"11/20/2024 9:51"
1805,"kept",6.5,1,2,1,7,6,6.5,"freedom of choice","The us is not living up to its promise. It has strayed away from its promise for many years now. Hopefully changing soon with Trump in office.",0,"Free Speech","Taxes","Health Care","Time off","freedom of choice",7,7,6,6,"vote","trump",NA,7,5,4,"male",34,"white/non-hisp","some coll","$40,000 to $49,999","antiest","demsatis","ampride","trustgov","radchange","DE",10,1,3,5,"11/28/2024 17:28"
1825,"kept",4,4,2,5,6,6,5.33333333333333,"Keep God first","America was based on this principle despite attempts to destroy this belief, many believe it and God protects and honors those who try to govern according to these principles.",0,"Keep God first","liberty for all","Justice for all","respecter of elderly","freedom is for the just",3,5,5,3,"vote","trump",NA,7,5,4,"female",80,"white/non-hisp","some coll","$10,000 to $14,999","demsatis","antiest","ampride","trustgov","radchange","OK",1,5,3,7,"11/19/2024 19:48"
1829,"ctrl",5.25,2,4,3,4,4,4.41666666666667,"Character","The ability to know right from wrong; to act honorably; to respect others; to help others less fortunate; to step up when needed.",0,"Freedom of speech","Character","Freedom of religion","Freedom from fear","Freedom of choice",5,5,6,5,"vote","harris",NA,3,2,3,"female",69,"white/non-hisp","bachelors","$40,000 to $49,999","trustgov","antiest","radchange","demsatis","ampride","IN",2,2,2,3,"11/20/2024 17:19"
1840,"brkn",5.25,5,2,1,7,6,6.08333333333333,"Freedom","Today, our rights of freedom have been compromised. 
They want to take our guns away and, in some cases, squatters can take someone’s house away. They want to help illegals before helping American Citizens.",0,"Life","Liberty","Pursuit of happiness","Freedom","Equality",4,6,5,6,"vote","trump",NA,5,4,5,"female",66,"white/non-hisp","HS","$60,000 to $74,999","ampride","demsatis","trustgov","antiest","radchange","MO",1,5,2,4,"11/19/2024 23:15"
1845,"kept",3.25,3,3,5,5,5,4.41666666666667,"Democracy","While we seem to be losing some of our guardrails under Trump, we had a free and fair election. We still provide free public education (K-12) so our populace is somewhat educated on our democratic system, how it works, and how we can all participate",0,"Liberty","Democracy","Freedom of Religion","Freedom of Speech","Self determination",3,3,3,4,"vote","harris",NA,3,2,3,"female",61,"hisp","bachelors","$200,000 or more","antiest","radchange","demsatis","ampride","trustgov","CA",2,1,4,9,"11/22/2024 10:11"
1853,"kept",6,4,2,6,5,6,5.66666666666667,"Freedom to leave","Not behaving like North Korea and allowing citizens to come and go as they please without fear of propaganda",0,"Freedom of speech","Fair elections","Equality","Right to prosperity","Freedom to leave",6,6,6,6,"vote","trump",NA,6,5,4,"male",36,"white/non-hisp","some coll","$75,000 to $84,999","antiest","trustgov","radchange","ampride","demsatis","MD",12,1,3,5,"11/19/2024 18:23"
1854,"brkn",5,4,1,5,2,7,4.66666666666667,"Freedom","Governmental regulation is preventing people from making the choices they want. Societal pressure is restricting what is allowed.",0,"Freedom","Opportunity","Individuality","Safety","Justice",3,6,4,7,"vote","trump",NA,7,5,5,"male",23,"white/non-hisp","bachelors","$125,000 to $149,999","radchange","trustgov","demsatis","ampride","antiest","GA",1,1,3,5,"11/20/2024 8:29"
1859,"ctrl",5,5,2,2,6,6,5.66666666666667,"Reliable","Someone who fights the fight. Does the right thing. Shows up when needed. Running the country upward",0,"Honesty","Trustworthy","Reliable","Integrity","Smart",5,7,7,1,"vote","trump",NA,5,4,4,"male",20,"white/non-hisp","HS","$40,000 to $49,999","demsatis","antiest","radchange","trustgov","ampride","WI",1,1,2,3,"11/19/2024 23:34"
1868,"ctrl",5,2,2,2,5,6,5.33333333333333,"Freedom","The ability to live without the fear of reprisal for your beliefs.  Openess in all government decisions.",0,"Honesty","Freedom","Fairness","Openess","Faithfulness",4,5,5,6,"vote","trump",NA,7,5,5,"male",78,"white/non-hisp","some coll","$50,000 to $59,999","antiest","demsatis","ampride","radchange","trustgov","TX",1,5,3,7,"11/20/2024 6:57"
1870,"brkn",5.25,4,2,2,5,6,5.41666666666667,"freedom","fear of reprisal from opposing political party. there is too much us against them. we need to unite together and seek solutions that are practical and cost effective. there is also too much of a divide in income from the top to the middle",0,"freedom","religious rights","personal rights","freedom of speech","gun rights",6,6,3,6,"vote","harris",NA,4,3,3,"male",61,"white/non-hisp","some coll","$60,000 to $74,999","antiest","trustgov","radchange","demsatis","ampride","WI",2,2,2,3,"11/21/2024 9:03"
1883,"ctrl",3.5,2,4,5,3,4,3.5,"Sympathetic","Being able to und how a person's feeling without actually being in that position. Thinking about the other person",0,"Knowledgeable","Sincere","Sympathetic","Punctual","Friend",3,4,3,4,"vote","trump",NA,1,1,1,"male",20,"hisp","less HS","$40,000 to $49,999","radchange","trustgov","demsatis","ampride","antiest","WI",2,1,2,3,"11/20/2024 22:40"
1885,"brkn",5.5,5,7,7,7,1,4.5,"My health","Not checking anyone under 21 for any kind of cancer or anything. I think everyone should be able to get checked at any age",0,"My health","My family","MY job","My vehicle","My friend",7,7,7,1,"vote","harris",NA,1,1,5,"female",37,"white/non-hisp","some coll","under $5,000","radchange","ampride","trustgov","demsatis","antiest","NE",1,1,2,4,"11/19/2024 18:39"
1886,"kept",4.25,5,4,2,4,4,4.08333333333333,"Freedom","The us is trying its best. The political state of the country is a mess and while yes there is freedom being achieved. It’s such a weird cult like mentality for both sides of the political spectrum.",0,"Freedom","Land","Respect","Liberty","Justice",4,4,4,5,"no vote",NA,NA,5,4,3,"male",23,"white/non-hisp","some coll","$85,000 to $99,999","demsatis","antiest","trustgov","radchange","ampride","CO",11,1,4,8,"11/19/2024 17:34"
1888,"brkn",5.5,4,1,3,6,7,6.16666666666667,"American dream","Letting immigrants into the United States, letting them have all of our jobs and catering to them...",0,"American dream","Freedom of speech","Freedom to have a gun","Freedom from immigrants","Freedom to bear Arms",5,5,6,6,"vote","trump",NA,7,5,3,"male",34,"white/non-hisp","HS","$100,000 to $124,999","ampride","radchange","demsatis","antiest","trustgov","ME",9,1,1,1,"11/19/2024 19:59"
1902,"ctrl",5.5,1,2,2,6,6,5.83333333333333,"Democracy","Government by the people and for the people.That is, people have a say in the people and policies that impact them.",0,"Justice","Opportunity","Fairness","Freedom","Democracy",6,6,4,6,"vote","harris",NA,3,2,3,"male",31,"hisp","masters","$50,000 to $59,999","ampride","demsatis","trustgov","radchange","antiest","DC",10,1,3,5,"11/19/2024 20:29"
1903,"ctrl",4.75,3,4,4,5,4,4.58333333333333,"equality","rights for everyone no matter race, gender identity, origins, nor religion. (there's no reason to over explain this)",0,"equality","democracy","self-government","Laissez-faire","Materialism",7,4,4,4,"no vote",NA,NA,4,3,3,"male",18,"white/non-hisp","less HS","$30,000 to $34,999","radchange","antiest","trustgov","ampride","demsatis","CO",10,4,4,8,"11/20/2024 5:30"
1904,"kept",5.25,3,4,5,4,4,4.41666666666667,"life","People can generally do as they please without fear of death. The country it government doesn't act in a militaristic way",0,"life","freedom","community","expression","pursuit of happiness",7,6,4,4,"vote","harris",NA,3,2,2,"male",33,"white/non-hisp","some coll","$100,000 to $124,999","trustgov","radchange","antiest","demsatis","ampride","TX",10,1,3,7,"11/27/2024 14:11"
1917,"ctrl",4,3,2,3,4,6,4.66666666666667,"Money","Money is he root of all evil. This shall not love money. Money is evil. Money runs the world and everyone in politics",0,"Independence","Trust","Money","Loyalty","More money",4,4,4,4,"vote","harris",NA,6,5,4,"female",39,"hisp","some coll","$60,000 to $74,999","trustgov","radchange","antiest","demsatis","ampride","FL",1,1,3,5,"11/24/2024 21:38"
1932,"brkn",5.75,3,4,3,6,4,5.25,"Freedom of religion","I believe forcing people to sell things against their religion is one. Requiring people to not follow theirs is another.",0,"Freedom of religion","Prosperity","Health","Family","Kindness",6,6,6,5,"vote","harris",NA,3,2,3,"male",35,"black/non-hisp","some coll","$40,000 to $49,999","ampride","radchange","antiest","trustgov","demsatis","MO",12,1,2,4,"11/19/2024 17:02"
1939,"brkn",2.5,4,1,2,7,7,5.5,"Democracy","Partisan politics, especially after the 2024 elections, are  is making Democracy look like a joke. The world stage must really think we’ve gone off the deep end.",0,"Freedom of speech","Freedom of Religion","Equal rights","Freedom to compete","Democracy",1,1,1,7,"vote","harris",NA,3,2,3,"male",69,"white/non-hisp","some coll","$100,000 to $124,999","antiest","ampride","demsatis","radchange","trustgov","TX",11,5,3,7,"11/19/2024 20:36"
1941,"brkn",5.75,3,2,3,5,6,5.58333333333333,"Freedom","Many people do not feel free. They are trapped working in jobs that pay barely enough to survive. Or they are harassed and bullied for their appearance or speech. Or they are unable to live in a safe place with clean air, clean water, and basic needs like grocery stores and hospitals.",0,"Freedom","Equality","Bravery","Honesty","Hard work",6,6,6,5,"vote","harris",NA,2,1,3,"male",48,"white/non-hisp","masters","$75,000 to $84,999","antiest","radchange","ampride","demsatis","trustgov","CA",10,1,4,9,"11/19/2024 16:48"
1944,"brkn",4.75,2,2,2,5,6,5.25,"Right to life, liberty and pursuit of happiness","Too much government control/regulation. There are too many taxes also. Federal government need to let states have more control.",0,"Freedom of speech","Right to bear arms","Freedom of religion","Right to safety","Right to life, liberty and pursuit of happiness",5,5,4,5,"vote","trump",NA,6,5,4,"male",42,"hisp","bachelors","$175,000 to $199,999","trustgov","demsatis","ampride","radchange","antiest","TX",12,1,3,7,"11/19/2024 18:51"
1947,"ctrl",5.25,4,2,2,4,6,5.08333333333333,"Freedom of speech","Being able to say what we believe and not have censorship. I believe it is not okay when a government gets to feed a certain story that's not true. I do think people should be able to say what they think , I also believe most things should be fact checked.",0,"Freedom of speech","freedom of travel","to have a secure border","free from discrimination","We are able to protect ourselves",5,5,5,6,"vote","trump",NA,5,4,3,"female",67,"white/non-hisp","HS","$60,000 to $74,999","demsatis","radchange","trustgov","antiest","ampride","CO",12,1,4,8,"11/19/2024 18:30"
1951,"brkn",5,2,1,2,7,7,6.33333333333333,"Speech","Speech is censored through the media and should be fixed . The new administration will help a lot. I think",0,"Speech","Bear arms","Vote","Citizenship","Religion",7,4,3,6,"vote","trump",NA,6,5,3,"female",19,"white/non-hisp","HS","$50,000 to $59,999","antiest","ampride","radchange","trustgov","demsatis","KY",12,1,3,6,"11/19/2024 18:25"
1952,"ctrl",3.5,5,3,2,7,5,5.16666666666667,"Respect","Allows others to make their own decisions such as gender political and form of living no matter the way it looks",0,"Honor","Respect","Kindness","Empathy","Love",4,2,4,4,"vote","trump",NA,7,5,4,"male",29,"hisp","HS","$30,000 to $34,999","demsatis","radchange","trustgov","antiest","ampride","MA",1,2,1,1,"12/2/2024 10:15"
1953,"kept",4.75,5,2,3,2,6,4.25,"Equality","Removing segregation from work and schools. Giving women the same voice as men in all aspects of their lives.",0,"Democracy","Free enterprise","Equality","Religious freedom","Security",3,2,7,7,"vote","trump",NA,5,4,3,"female",52,"white/non-hisp","some coll","$175,000 to $199,999","ampride","trustgov","demsatis","antiest","radchange","NJ",2,7,1,2,"11/20/2024 6:55"
1966,"brkn",6.75,3,2,1,7,6,6.58333333333333,"civil rights","The U.S. does NOT live up to its promise of equal rights among all people. Does not seem that the government cares about the people, especially minorities, especially when it comes to police brutality.",0,"free speech","the right to vote","the right to bear arms","equal rights","civil rights",7,7,6,7,"vote","harris",NA,2,1,3,"female",69,"multi/non-hisp","some coll","$25,000 to $29,999","ampride","demsatis","antiest","trustgov","radchange","NC",12,5,3,5,"11/22/2024 19:52"
1975,"ctrl",4.25,4,6,6,5,2,3.75,"People to have democracy.","The people can have the freedom to make choices with out fear. To have respect for human rights. To have the right to vote.",0,"Freedom of race and one's own orientation","People to have democracy.","Freedom of religion.","Freedom to vote","People are to govern the goverment.",5,4,5,3,"vote","harris",NA,2,1,3,"female",72,"white/non-hisp","HS","$75,000 to $84,999","demsatis","trustgov","radchange","ampride","antiest","MI",11,5,2,3,"11/19/2024 22:54"
1977,"brkn",6.75,3,3,4,7,5,6.25,"Freedom","Some things our politicians add to the ballot are opposed to the freedoms our forefathers stood for and they are things that shouldn't even be considered.",0,"Freedom","Justice","Safety","Unity","Individualism",6,7,7,7,"vote","trump",NA,7,5,5,"female",39,"hisp","some coll","$50,000 to $59,999","trustgov","ampride","demsatis","radchange","antiest","FL",12,1,3,5,"11/19/2024 17:44"
1978,"ctrl",6.5,1,NA,3,6,NA,6.25,"Equality","Equality is for everyone to be given the same advantages. For everyone to be treated in the same manner regardless of ethnicity, personality, or any other factor. Equality is no person getting an upper hand for who they are. Everyone having the same rights.",0,"Freedom of speech","Liberty","Justice","Equality","Opportunity",6,7,6,7,"no vote",NA,NA,3,2,3,"female",24,"white/non-hisp","HS","$25,000 to $29,999","radchange","antiest","ampride","demsatis","trustgov","MI",1,7,2,3,"11/19/2024 20:40"
1983,"ctrl",4.5,2,3,3,5,5,4.83333333333333,"Freedom","The ability to come and go as I please. No one to report to. While still following basic guidelines of right and wrong",0,"Freedom","Peace","Strength","Hard work","New beginning",5,5,5,3,"vote","trump",NA,7,5,5,"female",33,"white/non-hisp","bachelors","$30,000 to $34,999","ampride","antiest","trustgov","radchange","demsatis","OH",1,1,2,3,"11/22/2024 14:19"
1991,"ctrl",6.5,1,2,1,6,6,6.16666666666667,"Greed for power","Republicans wanting to stay in power and control the Government of the people with less value as them.",0,"Greed for money","Greed for power","Greed for revenge","No value for the constitution","No rule of law.",7,7,6,6,"vote","harris",NA,1,1,1,"female",58,"hisp","HS","$75,000 to $84,999","antiest","ampride","demsatis","trustgov","radchange","PA",2,5,1,2,"11/19/2024 20:27"
1992,"ctrl",5,4,2,2,5,6,5.33333333333333,"Representation","To have your rights and beliefs represented in the government, to have people of your same values speak for you.",0,"Freedom from Tyranny","Freedom of Religion","Freedom of Speech","Equality","Representation",5,5,5,5,"vote","harris",NA,2,1,2,"male",56,"white/non-hisp","some coll","$175,000 to $199,999","radchange","trustgov","demsatis","ampride","antiest","NY",1,1,1,2,"11/20/2024 12:49"
1994,"kept",5,5,4,5,5,4,4.66666666666667,"Freedom of speech","We have the right to voice our opinions without fear of retaliation be it orally, in writing, by peacefully gatherings.",0,"Religious freedom","Freedom of speech","Bear arms","Immigration","Education",4,5,5,6,"vote","trump",NA,7,5,5,"female",70,"white/non-hisp","HS","$85,000 to $99,999","demsatis","ampride","radchange","antiest","trustgov","DE",2,5,3,5,"11/20/2024 8:23"
2008,"brkn",5,4,4,5,3,4,4,"Earning good pay","There are a lot of regulations that sometimes limit how much a person can earn. Hard to find jobs due to competition",0,"Freedom of speech","Equality when it comes to employment","Earning good pay","Equal education system","Have adequate health care",3,6,6,5,"vote","trump",NA,6,5,3,"female",50,"hisp","some coll","$40,000 to $49,999","demsatis","antiest","ampride","radchange","trustgov","FL",2,1,3,5,"11/21/2024 20:32"
2013,"brkn",6.5,1,2,2,6,6,6.16666666666667,"Equality","1. Gerrymandering in congressional districts 
2. Censoring of media outlets
3. Discontinuation of DEI programs",0,"Freedom of speech","Freedom of religion","Freedom of the press","Democracy","Equality",7,7,7,5,"vote","harris",NA,1,1,2,"male",52,"hisp","some coll","$60,000 to $74,999","demsatis","trustgov","antiest","ampride","radchange","CA",3,4,4,9,"11/20/2024 8:43"
2017,"kept",4.75,3,3,4,5,5,4.91666666666667,"Principles","Not let the government control everything, keeping checks and balances, judicial review and keeping the rule of law",0,"Equality","Freedom","Separation of powers","Principles","Individual liberties",6,4,4,5,"no vote",NA,NA,3,2,3,"female",58,"white/non-hisp","some coll","$75,000 to $84,999","trustgov","ampride","radchange","antiest","demsatis","NY",1,7,1,2,"11/23/2024 15:59"
2029,"brkn",4.75,3,4,3,5,4,4.58333333333333,"Equality","There's still much racial prejudice in the US. There's a lot of economic inequality as well. And the right to vote still has to be fought for.",0,"Freedom of speech","Freedom of worship","Democracy","Justice","Equality",5,5,4,5,"vote","harris",NA,2,1,3,"male",76,"white/non-hisp","some coll","$50,000 to $59,999","radchange","antiest","trustgov","demsatis","ampride","NY",5,5,1,2,"11/20/2024 6:31"
2030,"kept",5.75,4,2,2,5,6,5.58333333333333,"Freedom","As citizens of the United States there is no other value in our country without freedom coming first. We have the ability to make choices for own life to seek our own happiness.",0,"Right to Life","Freedom","Freedom of Speech","Pursuit of Happiness","Equality",5,6,6,6,"vote","trump",NA,6,5,4,"female",33,"white/non-hisp","bachelors","$35,000 to $39,999","trustgov","radchange","antiest","demsatis","ampride","NE",2,1,2,4,"11/19/2024 20:23"
2037,"kept",5,5,2,4,4,6,5,"speech","the right to free speech and not anybody telling you that you can't talk or what you believe in or how to say what you want to them",0,"speech","guns","98","98","98",4,5,5,6,"vote","trump",NA,4,3,3,"male",60,"hisp","some coll","$20,000 to $24,999","trustgov","demsatis","antiest","radchange","ampride","MN",1,5,2,4,"11/19/2024 22:02"
2040,"kept",3.25,3,3,4,5,5,4.41666666666667,"Equality","All humans in the US are living freely and are treated equally. No racism, the color of the skin doesn't dictate the opportunities.",0,"Democracy","Equality","Freedom","Respect","Happy",2,4,3,4,"no vote",NA,NA,4,3,2,"male",37,"asian/non-hisp","masters","$85,000 to $99,999","radchange","trustgov","ampride","antiest","demsatis","UT",8,1,4,8,"11/19/2024 19:10"
2043,"brkn",4,5,2,1,4,6,4.66666666666667,"Rights","Don’t know is had to say l know much of politics, I don’t know about it this question is not for me no not for me",0,"Freedom","Indepent","Rights","Justices","Power",4,4,4,4,"no vote",NA,NA,7,5,3,"female",56,"hisp","some coll","$85,000 to $99,999","trustgov","radchange","antiest","demsatis","ampride","FL",2,1,3,5,"11/19/2024 21:26"
2048,"brkn",5.5,3,3,1,6,5,5.5,"All men and women are created equal","I think women are still not treated equally in therm of pay and job opportunities. Women are also not believed by doctors.  Are words in general are not valued as much as a man.",0,"Freedom of speech","Freedom of religion","All men and women are created equal","Welcoming people of all nationalities","The putsuite of happiness",7,5,5,5,"vote","harris",NA,1,1,3,"female",41,"multi/non-hisp","bachelors","$60,000 to $74,999","antiest","ampride","demsatis","radchange","trustgov","IL",1,2,2,3,"11/20/2024 12:37"
2050,"ctrl",7,1,1,1,7,7,7,"freedom to succeed","can start a business, can invent items and make money,",0,"freedom to succeed","law and order","safety","education","nutrition",7,7,7,7,"no vote",NA,NA,4,3,4,"male",72,"white/non-hisp","some coll","$35,000 to $39,999","demsatis","trustgov","antiest","radchange","ampride","CA",11,2,4,9,"11/19/2024 16:29"
2061,"brkn",4.75,5,2,5,7,6,5.91666666666667,"Freedom of speech","Facebook has been censoring social media posts since Covid. There cannot be freedom of speech when this is happening.",0,"One nation under God","Freedom of religion","Right to bear arms","Freedom of speech","No taxation without representation",1,7,5,6,"vote","trump",NA,7,5,4,"female",54,"white/non-hisp","bachelors","$175,000 to $199,999","demsatis","radchange","trustgov","antiest","ampride","SC",1,1,3,5,"11/19/2024 20:16"
2063,"kept",6.75,3,1,5,2,7,5.25,"Equality","Male and female must be treated equally including promotion and competition. All races are to be equal in opportunities",0,"Equality","Freedom","Guns","Unfair imprisonment","Capitalism",7,7,6,7,"vote","trump",NA,5,4,3,"male",33,"white/non-hisp","HS","$60,000 to $74,999","trustgov","radchange","ampride","demsatis","antiest","PA",10,1,1,2,"11/25/2024 3:12"
2066,"brkn",2.5,4,4,6,3,4,3.16666666666667,"freedom","Crime rate is still high in the US compared to other modern countries. The violence compromises our ability to keep our country totally free.",0,"freedom","equality between people","right of happiness","free enterprise","rule of law",4,2,2,2,"no vote",NA,NA,6,5,3,"male",69,"hisp","masters","$100,000 to $124,999","trustgov","ampride","demsatis","antiest","radchange","FL",12,5,3,5,"11/20/2024 8:11"
2072,"ctrl",6,4,3,1,5,5,5.33333333333333,"government by the people","Citizens have an active say in policies and decisions. Leaders are chosen in fair and free elections.",0,"liberty","diversity","religious freedom","American dream","government by the people",7,6,5,6,"vote","harris",NA,1,1,2,"male",44,"white/non-hisp","some coll","$125,000 to $149,999","ampride","trustgov","radchange","antiest","demsatis","NJ",10,1,1,2,"11/21/2024 9:03"
2078,"brkn",5,2,4,3,7,4,5.33333333333333,"Democracy","Statewide attempts to minimize access to voting, including voting intimidation. Additionally, passing stricter voting laws, causing barriers for marginalized communities to vote",0,"Community","Patriotic","Democracy","Liberty","Freedom",6,5,6,3,"vote","harris",NA,1,1,1,"male",32,"hisp","masters","$100,000 to $124,999","demsatis","radchange","trustgov","antiest","ampride","NC",10,2,3,5,"11/24/2024 12:36"
2083,"brkn",7,2,NA,1,7,NA,7,"Integrity","Saying one thing and doing something else. Make good on promises. Transparency and putting the American people first!",0,"Integrity","Resilience","Fairness","Trust","Empathy",7,7,7,7,"no vote",NA,NA,4,3,3,"male",44,"white/non-hisp","some coll","$40,000 to $49,999","demsatis","trustgov","antiest","ampride","radchange","CO",11,1,4,8,"11/20/2024 10:32"
2085,"brkn",4.5,3,6,1,6,2,4.16666666666667,"Freedom","America lets anyone with money get away with the crimes they commit compared to people without money",0,"People","Land","Freedom","Weapons","Military",5,5,5,3,"no vote",NA,NA,4,3,4,"female",33,"white/non-hisp","HS","$15,000 to $19,999","radchange","antiest","demsatis","trustgov","ampride","NY",9,6,1,2,"11/28/2024 1:58"
2088,"kept",6.75,3,1,1,7,7,6.91666666666667,"economic","the economic status is not what we expected with so much going on how are we as people that dont understand why the value of so many items rised as much as 30 percent more that it suppose to be and how do we prepair for it when it happens after",0,"fairness","economic","stability","race","prices",7,7,7,6,"no vote",NA,NA,1,1,1,"female",18,"hisp","less HS","$25,000 to $29,999","demsatis","trustgov","radchange","ampride","antiest","NY",2,4,1,2,"11/22/2024 11:53"
2091,"kept",4.75,3,2,2,2,6,4.25,"life","Inherent in the idea of life is that it must be a life worth living and valued by others. I think that the U.S. largely lives up to that value, but I think we treat some lives cheaply.",0,"life","liberty","pursuit of happiness","responsibility","equality",5,6,3,5,"vote","harris",NA,3,2,3,"male",43,"white/non-hisp","masters","$200,000 or more","radchange","antiest","ampride","trustgov","demsatis","AZ",3,1,4,8,"11/19/2024 16:02"
2114,"ctrl",4,4,4,3,5,4,4.33333333333333,"Freedom","power or right to act, speak, or think as one wants without hindrance or restraint. Freedom of choice.",0,"Equality","Self government","Individualism","Informality","Freedom",4,4,5,3,"vote","trump",NA,7,5,4,"male",20,"white/non-hisp","HS","$60,000 to $74,999","radchange","ampride","antiest","demsatis","trustgov","FL",1,7,3,5,"11/19/2024 18:26"
2116,"ctrl",4.25,4,4,5,4,4,4.08333333333333,"Freedom","The ability to have individual power to determine one’s destiny.  Freedom to worship where and who one wants, freedom to live in safety and respect of other individuals.  Freedom from oppressive regimes and government intervention.",0,"Freedom","Opportunity","Stability","Prosperity","Justice",4,5,4,4,"vote","trump",NA,6,5,4,"male",37,"asian/non-hisp","some coll","$100,000 to $124,999","ampride","demsatis","trustgov","radchange","antiest","TX",12,1,3,7,"11/23/2024 4:41"
2121,"kept",4,3,4,4,5,4,4.33333333333333,"Change","The current president of the United States has promised to change women's rights after Roe v Wade was overturned. They have been working towards making this change for a while now.",0,"Change","Equality","Self-help","Individualism","Competition",4,4,4,4,"no vote",NA,NA,7,5,3,"female",23,"white/non-hisp","HS","$35,000 to $39,999","demsatis","antiest","ampride","radchange","trustgov","OH",2,1,2,3,"11/24/2024 15:25"
2126,"ctrl",4.25,4,4,4,5,4,4.41666666666667,"Respect","To admire someone deeply for their abilities, qualities or their achievements. Showing regard for their abilities and worth.",0,"Integrity","Respect","Responsible","Sportsmanship","Servant leadership",4,5,5,3,"vote","harris",NA,4,3,4,"male",52,"black/non-hisp","HS","$85,000 to $99,999","ampride","trustgov","demsatis","antiest","radchange","NJ",1,1,1,2,"11/19/2024 23:00"
2138,"brkn",6.5,1,2,1,7,6,6.5,"Individualism","I misunderstood the first question. The US is doing a great job upholding the value of individualism. It has no public institutions.",0,"Individualism","Liberalism","Entrepreneurialism","Colonialism","World domination",7,7,7,5,"vote","other","Claudia De La Cruz",2,1,2,"male",25,"white/non-hisp","bachelors","$125,000 to $149,999","antiest","radchange","ampride","trustgov","demsatis","IL",9,1,2,3,"11/19/2024 17:42"
2167,"ctrl",5.75,2,2,3,6,6,5.91666666666667,"Equity","Everyone held to the same standard and expectations and paid comparably based on talent, not gender, race, ethnicity, etc.",0,"Inclusion","Finances","Safety","Equality","Equity",7,6,4,6,"vote","harris",NA,1,1,1,"female",30,"white/non-hisp","bachelors","$35,000 to $39,999","demsatis","ampride","antiest","radchange","trustgov","FL",11,1,3,5,"11/20/2024 14:12"
2168,"kept",5.25,2,4,2,3,4,4.08333333333333,"Freedom from oppression","I am free to travel, communicate, work and make personal choices with minimal interference from government officials. I do not face imprisonment or death because of my identity. I am not required to make oaths or supportive statements regarding any political party, race, ethnicity, religion, or organization. I am not oppressed.",0,"Freedom from oppression","Lifestyle choice","Personal responsibility","Opportunity to succeed","Open society",5,7,6,3,"vote","harris",NA,4,3,3,"female",48,"white/non-hisp","bachelors","$150,000 to $174,999","demsatis","ampride","trustgov","antiest","radchange","VA",11,7,3,5,"11/19/2024 19:18"
2178,"ctrl",2.75,5,4,4,4,4,3.58333333333333,"Freedom of religion","I believe freedom of religion is to have the right to choose any religion you want. And to not be punished for choosing to believe in God, and to worship safely.",0,"Freedom of speech","Freedom of religion","Right to bear arms","Belief in God","To work hard for a better life.",2,2,2,5,"vote","trump",NA,7,5,5,"female",31,"white/non-hisp","bachelors","$60,000 to $74,999","ampride","demsatis","radchange","trustgov","antiest","ND",2,7,2,4,"11/19/2024 17:20"
2179,"brkn",5.75,1,1,1,7,7,6.58333333333333,"individualism","well, we are living up to it, but at a cost to many other aspects of life. we prize individualism above all else.",0,"freedom of speech","individualism","diversity","consumerism","wealth accumulation",7,7,2,7,"vote","other","I abstained from the presidential vote.",4,3,1,"male",32,"hisp","bachelors","$200,000 or more","trustgov","antiest","demsatis","ampride","radchange","CA",9,1,4,9,"11/27/2024 10:21"
2190,"kept",6,4,3,6,6,5,5.66666666666667,"Freedom","The freedom that allows the pursuit of happiness for each individual and protection and justice from the government.",0,"Freedom","Equality","Justice","Democratic Government","Effective governance",6,6,6,6,"vote","harris",NA,5,4,3,"male",42,"white/non-hisp","bachelors","$20,000 to $24,999","antiest","radchange","ampride","demsatis","trustgov","PA",2,2,1,2,"11/20/2024 9:10"
2191,"kept",3.5,5,4,2,5,4,4.16666666666667,"The Constitution","I am in fear that influences from our own country as well as foreign countries are trying to undermine the constitution and change what the spirit of the constitution represents.  I pray that our country has enough government officials care more about upholding the law and not influenced just on party lines.",0,"Justice","democracy","separation of church & State","Fairness for all people","The Constitution",5,3,3,3,"vote","harris",NA,1,1,2,"female",81,"white/non-hisp","some coll","$40,000 to $49,999","ampride","demsatis","radchange","trustgov","antiest","MA",2,5,1,1,"11/23/2024 14:58"
2198,"brkn",5,4,4,7,6,4,5,"opportunity for all","We still have a hierarchy that some are more important than others supported by manipulation of our belief systoms",0,"respect for each other","opportunity for all","Safety from harm","Freedom of expression","Standing with our allies",6,5,6,3,"vote","harris",NA,1,1,1,"female",68,"white/non-hisp","some coll","$35,000 to $39,999","ampride","radchange","antiest","trustgov","demsatis","CA",13,1,4,9,"11/23/2024 12:04"
2203,"brkn",6.75,4,2,2,7,6,6.58333333333333,"Integrity","Those in charge make themselves rich off others work.  They lie and seek power for themselves.  Both democrats and republicans.",0,"Integrity","Honesty","Thrift","Morality","Security",7,7,7,6,"vote","trump",NA,5,4,5,"male",47,"white/non-hisp","masters","$60,000 to $74,999","antiest","trustgov","ampride","radchange","demsatis","ID",3,1,4,8,"11/19/2024 17:38"
2216,"ctrl",4.75,2,4,3,3,4,3.91666666666667,"Equality","Everyone is treated with the same level of respect, regardless of what they look like, who they love, where they come from, or who they worship.",0,"Equality","The pursuit happiness","Freedom of religion","Freedom from religion","Upward mobility",7,5,2,5,"vote","harris",NA,1,1,1,"female",34,"white/non-hisp","bachelors","$60,000 to $74,999","trustgov","ampride","demsatis","radchange","antiest","TN",9,1,3,6,"11/22/2024 8:09"
2217,"brkn",6.75,2,2,2,7,6,6.58333333333333,"Equality","People no longer care about what is right and they just want control. We aren’t including God in our lives",0,"Freedom","Equality","Individualism","Democracy","Justice",7,7,7,6,"no vote",NA,NA,4,3,3,"female",25,"multi/non-hisp","HS","$50,000 to $59,999","antiest","demsatis","ampride","trustgov","radchange","MN",11,1,2,4,"11/23/2024 8:25"
2232,"ctrl",3.5,5,4,5,5,4,4.16666666666667,"Small government","Government that doesn't overreach.  It stays out of people's lives & decisions. Provides safe and secure boarders",0,"Liberty","Pursu of happiness","Freedom","Small government","We the People ruling",2,3,4,5,"vote","trump",NA,7,5,5,"female",37,"other/non-hisp","bachelors","$25,000 to $29,999","ampride","antiest","trustgov","radchange","demsatis","CA",12,1,4,9,"11/27/2024 10:47"
2241,"brkn",6.5,4,1,5,1,7,4.83333333333333,"Freedom of speech","The government of the US is controlled by mainly self interested dishonest politicians who look out for their own personal gain, and do not serve all the people well. There should be less self interest and more compromise across the parties. Politicians do not listen to the populace of the US and act accordingly.  There is too much dissension in congress, too much blaming other people and not enough taking responsibility.",0,"Freedom of action","Freedom of speech","Acceptance of all people","Same treatment protection to all","Honesty",7,7,7,5,"vote","harris",NA,7,5,3,"female",67,"white/non-hisp","masters","$150,000 to $174,999","trustgov","ampride","demsatis","radchange","antiest","OR",2,5,4,9,"11/20/2024 14:02"
2244,"ctrl",4.5,3,5,6,5,3,4.16666666666667,"Inflation","Inflation means when rates are increase on everything gas, food, taxes and itcaise people to spend more money",0,"Money","Inflation","Taxes","None","None",5,6,5,2,"no vote",NA,NA,2,1,4,"male",37,"black/non-hisp","HS","$35,000 to $39,999","radchange","demsatis","antiest","ampride","trustgov","GA",12,2,3,5,"11/19/2024 19:50"
2246,"kept",5.5,4,2,6,3,6,4.83333333333333,"individual liberty","The Bill of Rights enumerates the rights of citizens. These Amendments guarantee individual liberties. Our system of government is not perfect, and we often fail to live up to principles on which our country was founded. But we have the right, at least in principle, to live our lives without being molested by the government, as long as we abide by certain rules.",0,"individual liberty","equality","justice for all","equal representation","fair elelctions",5,6,5,6,"vote","trump",NA,5,4,4,"male",78,"white/non-hisp","bachelors","$60,000 to $74,999","radchange","trustgov","ampride","antiest","demsatis","WI",12,1,2,3,"11/19/2024 21:20"
2252,"brkn",3.5,4,4,5,5,4,4.16666666666667,"LIBERTY","¡ THE CURRENT maga POLITICAL party of tRUMP IS LEANING TOWARDS CURTAILING THE RIGHTS OF THE CITIZENRY !",0,"FREEDOM","EQUALITY","LIBERTY","SEPARATION OF POWERS","CHECKS & BALANCES CONTROLLING THE GOVERNMENTS, BOTH FEDERAL & STATE",5,3,3,3,"vote","harris",NA,4,3,3,"male",73,"hisp","HS","$50,000 to $59,999","demsatis","trustgov","antiest","radchange","ampride","NM",5,1,4,8,"11/20/2024 20:46"
2257,"brkn",6.5,5,1,1,6,7,6.5,"Freedom","The lawmakers are not securing our borders, they are pushing for open borders which will be a huge problem and disaster. Lawmakers are trying to eliminate the right to own firearms.",0,"Speach","Own fire arms","Freedom","Strong military","Border security",5,7,7,7,"vote","trump",NA,7,5,5,"male",72,"white/non-hisp","some coll","$40,000 to $49,999","radchange","demsatis","antiest","ampride","trustgov","KS",1,5,2,4,"11/19/2024 17:25"
2260,"brkn",4.75,4,2,5,5,6,5.25,"Right to carry and bear arms","Fundamental to balance of people/mallitia with centralized authorities. One hundred word requirement silly. Only allows for errors and misrepresentation. Simple is best",0,"Freedom of speech","Freedom of religion","Right to carry and bear arms","Freedom of press","Pursuit of life and liberty",3,5,6,5,"vote","trump",NA,7,5,4,"male",75,"white/non-hisp","masters","$125,000 to $149,999","ampride","radchange","antiest","demsatis","trustgov","TX",2,5,3,7,"11/19/2024 20:28"
2265,"ctrl",5.5,4,1,1,7,7,6.5,"Liberty","The core values is what I believe to be liberty.Liberty is the core values.",0,"Individualism","Diversity","Equalllity","Liberty","Democracy",7,7,7,1,"no vote",NA,NA,4,3,3,"female",21,"hisp","HS","$15,000 to $19,999","trustgov","antiest","radchange","ampride","demsatis","FL",11,1,3,5,"11/20/2024 13:17"
2269,"kept",4.5,4,4,5,5,4,4.5,"Freedom of religion","People are free to worship at the institution that they choose. They are also able to choose not to practice religion.",0,"Freedom of religion","The right to marry whomever you want","The freedom to live and work as you please","The right to vote","Treat others as you want to be treated",5,3,5,5,"vote","harris",NA,6,5,3,"female",59,"white/non-hisp","bachelors","$85,000 to $99,999","trustgov","radchange","antiest","demsatis","ampride","TX",1,2,3,7,"11/20/2024 6:09"
2271,"ctrl",5.75,1,3,2,6,5,5.58333333333333,"freedom","Freedom is the right to say what you feel and do what you want. This is within reasonable limits, of course.",0,"freedom","happiness","hard work","patriotism","military",7,6,4,6,"vote","harris",NA,1,1,1,"female",25,"white/non-hisp","HS","$85,000 to $99,999","demsatis","radchange","antiest","ampride","trustgov","VA",11,4,3,5,"11/19/2024 18:07"
2272,"brkn",5.75,4,2,5,2,6,4.58333333333333,"Freedom","Freedom of speech is hurt by censorship and government intimidation. Freedom of actions are hurt by excessive government regulation and bureaucracy.",0,"Freedom","Opportunity","Equality","Independence","Hard work",5,6,7,5,"vote","trump",NA,4,3,3,"male",50,"white/non-hisp","masters","$175,000 to $199,999","antiest","trustgov","demsatis","radchange","ampride","MA",11,1,1,1,"11/20/2024 11:51"
2278,"ctrl",1.25,5,5,7,2,3,2.08333333333333,"freedom","Freedom is to have the right of speech and able to live your life as you please and not have goverment control the way you live",0,"freedom","equality","respect","valor","pride",1,1,1,2,"vote","harris",NA,3,2,4,"male",47,"hisp","HS","$35,000 to $39,999","antiest","trustgov","radchange","ampride","demsatis","CA",2,1,4,9,"11/21/2024 21:45"
2283,"ctrl",6,3,2,2,6,6,6,"Freedom","A benefit received from the consistent sacrifices and effort made by the bravest people in our society.",0,"Democracy","Freedom","Technological advancement","Diversity","Economic success",6,6,6,6,"no vote",NA,NA,4,3,3,"male",19,"hisp","less HS","$60,000 to $74,999","ampride","demsatis","radchange","antiest","trustgov","KY",1,1,3,6,"12/2/2024 0:23"
2288,"ctrl",4.5,3,3,6,2,5,3.83333333333333,"Democracy","Democracy is a type of government that is fair and equal for all. Every citizen's voice should be represented equally by way of their representatives in Congress. A democracy should also have free and fair elections.",0,"Democracy","Freedom","Justice","Liberty","Equal treatment",5,5,5,3,"vote","harris",NA,1,1,2,"female",66,"white/non-hisp","bachelors","$85,000 to $99,999","radchange","antiest","trustgov","ampride","demsatis","CO",1,2,4,8,"11/19/2024 16:21"
2295,"kept",5.5,1,3,2,6,5,5.5,"freedom","We can travel where we want. We can say what we want for the most part. However, as of late our freedoms are being taken away, ie; abortion and books being banned.",0,"freedom","democracy","independence","guns","free speech",7,6,5,4,"vote","harris",NA,3,2,3,"female",56,"white/non-hisp","bachelors","$175,000 to $199,999","antiest","radchange","demsatis","trustgov","ampride","MA",1,1,1,1,"11/21/2024 17:56"
2301,"brkn",5.5,4,1,4,6,7,6.16666666666667,"Freedom of Speech","Mainstream media controls what we see and hear.  This in turn dirves the narrative that has led to the divide in our country because only left leaning views are free speech and ok.",0,"Freedom of Speech","Right to bear arms","Freedom for some","Diversity if you are white","Land of Opportunity",5,7,3,7,NA,NA,NA,2,1,3,"female",49,"black/non-hisp","masters","$85,000 to $99,999","antiest","ampride","trustgov","demsatis","radchange","MI",2,1,2,3,"11/22/2024 7:19"
2305,"brkn",6.25,5,2,1,7,6,6.41666666666667,"being ethical to one another","It is nice to say it.  if you talk to the Native Americans they were not treated this way or the Native Hawaiians.",0,"everyone is equal","due process of law","being ethical to one another","right to privacy","have a strong bond in family",7,6,6,6,"vote","trump",NA,7,5,3,"male",55,"hisp","some coll","$150,000 to $174,999","antiest","trustgov","demsatis","ampride","radchange","CA",1,5,4,9,"11/21/2024 16:44"
2311,"ctrl",6.25,5,2,1,6,6,6.08333333333333,"Our American Bill of Rights","We are unique as American citizens in that we have explicit rights and freedoms..guaranteed by our Constitution, our Bill of Rights and our rights that come from God.",0,"Freedom of Speech","Freedom to bear arms","Freedom of the press","Constitution","Our American Bill of Rights",5,7,7,6,"vote","trump",NA,7,5,5,"male",64,"white/non-hisp","masters","$60,000 to $74,999","ampride","radchange","antiest","trustgov","demsatis","OH",2,1,2,3,"11/21/2024 10:25"
2319,"kept",5.5,1,2,1,6,6,5.83333333333333,"Equality","The United States has not lives up to its promise of Equality. It's government has treated any race but white as sub-human, has denied women the right to be equals to men, and has allowed wealth inequality to run rampant.",0,"Freedom","Equality","Liberty","Justice","Welfare",7,6,4,5,"vote","harris",NA,1,1,1,"male",30,"white/non-hisp","some coll","$85,000 to $99,999","radchange","trustgov","demsatis","antiest","ampride","MO",11,7,2,4,"11/20/2024 8:28"
2320,"kept",4,3,3,3,3,5,4,"Individuality","Freedom to do say and live as you believe. Live how you want without constraints. The ability to have support when you need without interference",0,"Individuality","Personal rights","For the people","Protection","Prosperity",4,5,4,3,"vote","harris",NA,3,2,3,"female",62,"white/non-hisp","some coll","$40,000 to $49,999","antiest","radchange","demsatis","trustgov","ampride","MS",11,5,3,6,"11/19/2024 20:02"
2322,"ctrl",4,3,4,4,4,4,4,"Equality","Everyone is entitled to all and everything as a whole, not just certain somethings. Sharing is caring",0,"Freedom","Equality","Peace","Value","Home",4,4,4,4,"no vote",NA,NA,4,3,3,"male",40,"hisp","some coll","$60,000 to $74,999","demsatis","antiest","trustgov","radchange","ampride","WI",2,1,2,3,"11/20/2024 21:19"
2323,"brkn",3.75,5,5,1,1,3,2.58333333333333,"Rights granted by God be protected by our elected officials as their number one priority","We The People are the rulers and those elected officials are not protecting our sovereignty or our rights to life, liberty and the pursuit of happiness",0,"Freedom","Liberty","Religious freedom","Right to bare arms","Rights granted by God be protected by our elected officials as their number one priority",7,1,4,3,"vote","trump",NA,7,5,5,"male",72,"black/non-hisp","some coll","$150,000 to $174,999","demsatis","antiest","ampride","radchange","trustgov","CA",2,5,4,9,"11/30/2024 3:24"
2327,"kept",5.25,1,1,1,7,7,6.41666666666667,"Freedom","Freedom to express yourself, chase after your dreams, have the choice on how to educate yourself and connection to country.",0,"Freedom","Self-defense","Start fresh","Growth","Independence",5,7,3,6,"vote","harris",NA,1,1,3,"female",30,"white/non-hisp","bachelors","$60,000 to $74,999","ampride","demsatis","radchange","trustgov","antiest","IA",2,1,2,4,"11/22/2024 20:09"
2337,"ctrl",5.25,5,2,3,7,6,6.08333333333333,"Speech","Any type of speech that does not directly and actually causes violence.  Otherwise ALL speech is allowed.",0,"Freedom","Equality","Speech","Bear arms","Protection from government",4,7,6,4,"vote","other","Rfk",5,4,3,"male",41,"asian/non-hisp","masters","$125,000 to $149,999","antiest","radchange","demsatis","trustgov","ampride","CA",9,1,4,9,"11/19/2024 17:00"
2342,"brkn",6.5,4,2,3,7,6,6.5,"Freedom from oppression","Laws are being created and interpreted that do not align with this promise. Many laws are created outside of the promises of the US with the knowledge that the average citizen can not afford to overcome them.",0,"Freedom from oppression","Freedom of expression","Freedom of faith","Freedom to pursue your own dreams","Protection from tyranny",6,7,7,6,"vote","other","Chase Oliver",4,3,3,"male",46,"multi/non-hisp","some coll","$60,000 to $74,999","trustgov","demsatis","ampride","radchange","antiest","NC",1,1,3,5,"11/21/2024 15:37"
2351,"kept",5,5,2,1,7,6,6,"Freedom","We are free to pursue any job you want. Can belong to any group or have no belief. Can move around the country as you wish.",0,"Freedom","Liberty","Justice","Pursuit of happiness","Peace",6,6,2,6,"vote","harris",NA,2,1,3,"male",83,"asian/non-hisp","bachelors","$60,000 to $74,999","ampride","demsatis","antiest","radchange","trustgov","CA",2,5,4,9,"11/19/2024 15:14"
2352,"brkn",5,4,5,1,3,3,3.66666666666667,"equal rights","In some ways the United States of America has not been living up to its promise has many and various reasons. As stated theres many in political arguments but were not here to talk about that, many would say jobs. So many think that jobs arent equal to women , they believe men get paid more, and in some cases thats right. I believe many men have such a hard job such as working in extreme weather. Many women hate that, but genuinely their able to get out there they just simply cant handle it. maybe some jobs wont hire women and because they know how they get , i dont believe there is any broken promises or being unfair , its just what we see as a society if they were to put that work in as men maybe they woukd be seen different .",0,"freedom","equal rights","money","citizenship","loyalty",6,6,6,2,"no vote",NA,NA,4,3,3,"female",20,"hisp","HS","$100,000 to $124,999","trustgov","ampride","demsatis","antiest","radchange","TX",12,1,3,7,"11/19/2024 23:26"
2356,"kept",5,2,3,4,2,5,4,"Freedom of speech","Then government will not censor personal speech  private companies reserve the right to censor their own content.",0,"Freedom of speech","Social.security","Enriched life","Good.wages","Safe from.tyranny",6,6,3,5,"vote","other","Robert F Kennedy Jr",3,2,3,"male",42,"white/non-hisp","some coll","$60,000 to $74,999","demsatis","ampride","radchange","antiest","trustgov","MI",11,1,2,3,"11/19/2024 21:14"
2360,"brkn",5.5,3,2,2,3,6,4.83333333333333,"Democracy","President Trump is going to abuse his power. We are losing our checks and balances. When a leader doesn’t believe in our elections, that’s a problem.",0,"Religious freedom","Democracy","Financial opportunity","Free speech","No interference from government",5,6,5,6,"vote","harris",NA,1,1,1,"female",63,"white/non-hisp","some coll","$125,000 to $149,999","antiest","demsatis","radchange","ampride","trustgov","FL",2,1,3,5,"11/19/2024 21:10"
2362,"kept",3.75,4,4,6,2,4,3.25,"freedom of speech","The Supreme Court continues to support the concept.  Freedom of the press also supports the concept.",0,"freedom of religon","all men are equal","freedom of speech","democratic gov","equal representation",4,4,3,4,"vote","harris",NA,6,5,3,"male",74,"white/non-hisp","some coll","$60,000 to $74,999","antiest","trustgov","ampride","radchange","demsatis","IA",12,5,2,4,"11/20/2024 19:35"
2366,"kept",5,3,3,2,7,5,5.66666666666667,"Democracy","Elections are being held fairly.  Many politicians seem to want to circumvent democracy for their own desires.",0,"Democracy","Freedom","Fairness","Compasion","Making life better",7,5,4,4,"vote","harris",NA,2,1,3,"male",72,"white/non-hisp","some coll","$40,000 to $49,999","antiest","radchange","ampride","demsatis","trustgov","FL",10,5,3,5,"11/21/2024 15:42"
2369,"ctrl",4.5,2,1,3,7,7,6.16666666666667,"Money hungry","No one will own anything , if you not part of the 1 percenters . Everything is about money nothing is about the people.",0,"Nothing","Money hungry","Workers","No middle class","Hate",1,7,7,3,"vote","other","That’s personal",2,1,4,"female",37,"black/non-hisp","HS","$60,000 to $74,999","trustgov","demsatis","ampride","radchange","antiest","MI",12,1,2,3,"11/20/2024 12:27"
2370,"brkn",6,5,1,3,5,7,6,"Freedom of speech","Social Media manipulation,censoring publications, higher authories not allowing informaion to be published",0,"Freedom of speech","Freedom of religion","Democracy","Right to elect","Pursuit of happiness",5,5,7,7,"vote","harris",NA,1,1,3,"female",50,"hisp","some coll","$5,000 to $9,999","radchange","antiest","demsatis","ampride","trustgov","TX",12,2,3,7,"11/20/2024 22:05"
2374,"kept",5.75,5,2,2,5,6,5.58333333333333,"Security","The United States provides security to all it’s citizens by securing the borders. By seeking out threats outside of it borders.",0,"Freedom of speech","Unity","Prosperity","Security","Truth",6,7,5,5,"vote","trump",NA,4,3,3,"male",45,"white/non-hisp","some coll","$125,000 to $149,999","demsatis","antiest","trustgov","ampride","radchange","NE",12,1,2,4,"11/24/2024 14:40"
2382,"ctrl",4.75,4,6,4,4,2,3.58333333333333,"FREEDOM","NOT BEING DISCRIMATED BASED ON RACE OR RELIGION, AGE AND SEXUAL ORIENTATION, BEING ABLE TO BE FREE ON SPEECH",0,"FREEDOM","SPEECH","PROTECTION","UNITY","VALUE",5,6,6,2,"no vote",NA,NA,6,5,3,"female",42,"hisp","some coll","$30,000 to $34,999","ampride","trustgov","radchange","antiest","demsatis","CA",12,1,4,9,"11/19/2024 15:04"
2393,"ctrl",4,3,4,6,4,4,4,"freedom","the rights to live and work how one pleases, to express onself in a reasonable manner and to worship as one wants",0,"freedom","liberty","justice","independence","fresh start",4,4,4,4,"vote","trump",NA,7,5,4,"male",40,"white/non-hisp","bachelors","$100,000 to $124,999","demsatis","antiest","ampride","radchange","trustgov","MA",2,1,1,1,"11/20/2024 11:57"
2396,"brkn",5,4,3,1,6,5,5.33333333333333,"Loyalty to our country","Not showing our veterans any respect when they fought for our country. Letting our soldiers go homeless and hungry after they gave up there life for the US.",0,"One nation under God","Loyalty to our country","Obey the Ten Commandments","Stand up for the flag","Justice for all",5,6,6,3,"vote","trump",NA,5,4,4,"female",76,"white/non-hisp","HS","$60,000 to $74,999","ampride","radchange","antiest","demsatis","trustgov","OH",1,2,2,3,"11/19/2024 18:31"
2397,"brkn",5,3,4,2,2,4,3.66666666666667,"Liberty","By not resolving external and internal threats, the government (rightfully) imposes restrictions and checks which limit our actions. Fully addressing those threat would help to alleviate the necessity of those restrictions.",0,"Freedom","Equality","Liberty","Safety","Family and community",5,5,5,5,"vote","harris",NA,4,3,4,"male",79,"white/non-hisp","masters","$200,000 or more","demsatis","radchange","antiest","ampride","trustgov","VA",1,5,3,5,"11/20/2024 7:47"
2406,"ctrl",2.25,3,2,7,2,6,3.41666666666667,"Rule of law","We assume in this country that the law is the standard, and that all Americans should abide by the laws of the com, state, or nation.",0,"Rule of law","Three equal branches of government","Democratic government","Right to vote","Adherence to constitution",2,3,2,2,"vote","harris",NA,1,1,1,"female",77,"white/non-hisp","masters","$150,000 to $174,999","demsatis","antiest","ampride","radchange","trustgov","IL",1,5,2,3,"11/27/2024 13:23"
2409,"brkn",5,2,1,3,6,7,6,"Power","The United States is living up to this standard by trying to maintain the power over people of minority.",0,"Power","Money","Control","Politics","Violence",6,6,6,2,"vote","harris",NA,2,1,2,"female",33,"black/non-hisp","bachelors","$30,000 to $34,999","trustgov","ampride","antiest","radchange","demsatis","CA",1,1,4,9,"11/21/2024 0:11"
2413,"kept",7,1,1,1,7,7,7,"Equal rights","It’s not living up to it right now. Now that Trump got “elected” again, we can kiss our rights goodbye",0,"Help the poor","Love your neighbor","Equal rights","Melting pot","Freedom of speech",7,7,7,7,"vote","harris",NA,4,3,1,"male",45,"hisp","HS","$20,000 to $24,999","ampride","radchange","demsatis","antiest","trustgov","VA",10,2,3,5,"11/21/2024 1:11"
2425,"kept",4.5,4,3,4,4,5,4.5,"Freedom of speech","The ability to make a decision and voice your opinions without being afraid to speak out against those who disagree",0,"Make a perfect union","Freedom of speech","Right to carry","Freedom of religion","Right to peaceful protest",5,4,5,4,"vote","harris",NA,2,1,3,"female",66,"white/non-hisp","HS","$85,000 to $99,999","antiest","demsatis","trustgov","ampride","radchange","FL",12,5,3,5,"11/23/2024 22:36"
2430,"brkn",6.25,5,1,4,4,7,5.75,"Opportunity","I believe we have an immigration problem in two ways. We do not have a system that allows people to come through the proper channels in a reasonable amount of time, and we also allow far too many people to come through in the wrong ways. These problems build on each other. We are a country built on immigration and we need to continue that tradition but we need to do it in a better way",0,"Freedom","Opportunity","Independence","Equality","Strength",5,6,7,7,"vote","trump",NA,6,5,3,"male",29,"hisp","HS","$100,000 to $124,999","radchange","demsatis","ampride","antiest","trustgov","AZ",98,1,4,8,"11/24/2024 13:56"
2434,"brkn",7,5,1,1,7,7,7,"The Economy","Simply because Americans can not survive the way things are now.Especially the elderly if you get a raise from Social Security it’s use is already gone before you actually receive it. The cost of living and survival is very very expensive.",0,"Inflation","Homelessness","The Economy","The Elderly","Education",7,7,7,7,"no vote",NA,NA,1,1,1,"female",63,"black/non-hisp","HS","$60,000 to $74,999","demsatis","ampride","trustgov","antiest","radchange","MD",2,6,3,5,"11/19/2024 18:32"
2436,"kept",4,5,3,4,5,5,4.66666666666667,"freedom","They don't take away our right to bear arms our rights to run a business, plant a garden and we can live where we want",0,"freedom","safety","care","bravery","human rights",4,4,4,4,"vote","trump",NA,7,5,5,"female",80,"white/non-hisp","less HS","$15,000 to $19,999","demsatis","antiest","radchange","trustgov","ampride","IA",2,5,2,4,"11/19/2024 20:04"
2437,"brkn",6.5,3,1,2,5,7,6.16666666666667,"Life - kinda goes with freedom, like freedom to live your life the way you choose","You are not really free. We are slaves to the system. We are forced to awake a certain time & go to a job where we essentially make a lot of money for someone else & then have to scrape by day to day.",0,"Freedom would be the first (though we're not really free)","Liberty would be another","Justice (though the judicial system is severely flawed)","Pursuit of happiness","Life - kinda goes with freedom, like freedom to live your life the way you choose",7,7,6,6,"no vote",NA,NA,5,4,3,"male",41,"white/non-hisp","some coll","$60,000 to $74,999","ampride","antiest","radchange","trustgov","demsatis","IN",12,1,2,3,"11/23/2024 11:28"
2441,"brkn",7,2,1,1,7,7,7,"Power","Allowing foreign investors to oversee their security systems. They have locations near all security sectors in the US. It's ridiculous.",0,"Money","Power","Respect","Security","Survival of the fittest",7,7,7,7,"no vote",NA,NA,4,3,3,"male",50,"hisp","some coll","$60,000 to $74,999","radchange","antiest","trustgov","ampride","demsatis","GA",6,1,3,5,"11/19/2024 19:32"
2447,"kept",5.5,5,3,1,7,5,5.83333333333333,"Trust in God","Right now with the Biden/ Harris administration 
God is being taken out of everything.
Prayer, on our money",0,"Freedom","Free speech","Trust in God","To bare Arms","Honesty",7,7,7,1,"vote","trump",NA,7,5,4,"male",70,"hisp","some coll","$40,000 to $49,999","ampride","antiest","trustgov","demsatis","radchange","CA",12,5,4,9,"11/19/2024 16:04"
2454,"brkn",5.75,2,4,5,6,4,5.25,"Freedom","The American people are limited to what they can do or say with out any repercussions from other American people. Specific races can’t live peacefully because they fear the their local police department is after them.",0,"Freedom","Taxes","Government","Democracy","Equality",6,7,6,4,"no vote",NA,NA,2,1,3,"male",27,"hisp","some coll","$50,000 to $59,999","antiest","ampride","demsatis","trustgov","radchange","CA",11,1,4,9,"11/20/2024 11:57"
2455,"kept",5.5,1,4,1,7,4,5.5,"No oppressive religion","It really hasn't, it seems the separation of church and state is getting g overhauled by extremists.",0,"Community","No oppressive religion","Respect","Integrity","Transparency",7,7,2,6,"vote","harris",NA,1,1,1,"female",33,"hisp","masters","$75,000 to $84,999","trustgov","radchange","demsatis","ampride","antiest","CA",9,1,4,9,"11/20/2024 21:14"
2460,"ctrl",5,4,3,1,5,5,5,"God","Faith in God and standing on Gods word. Basing our country and its values on the Bible and its instruction.",0,"Life","Liberty","Safety","Family values","God",6,5,5,4,"vote","trump",NA,7,5,4,"female",36,"white/non-hisp","some coll","$50,000 to $59,999","ampride","antiest","demsatis","trustgov","radchange","VA",12,1,3,5,"11/20/2024 6:14"
2466,"brkn",6.25,1,1,2,6,7,6.41666666666667,"Opportunity","Not everyone is given opportunity. It then creates confusion, takes people out of purpose and the opportunity is then lost because it can't be created.",0,"Opportunity","Equal Rights","Freedoms of Every Category","Creative Rights","The ""PROMISE"" itself",6,6,6,7,"vote","harris",NA,4,3,3,"female",26,"black/non-hisp","HS","$30,000 to $34,999","radchange","antiest","ampride","demsatis","trustgov","LA",14,7,3,7,"11/20/2024 13:51"
2467,"brkn",4.25,2,NA,4,NA,NA,4.25,"Freedom","Women not free to make choices about their bodies. Restrictions to voting limiting opportunities for everyone to vote.",0,"Freedom","Opportunity","Choice","98","98",6,5,2,4,"vote","harris",NA,1,1,2,"male",45,"white/non-hisp","masters","$200,000 or more","demsatis","ampride","trustgov","radchange","antiest","FL",9,1,3,5,"11/19/2024 20:47"
2468,"ctrl",6.75,1,4,4,5,4,5.25,"Freedom","Citizens may speak freely. Citizens are free in their actions to improve their circumstances in concert.",0,"Liberty","Equality","Freedom","respect","brotherhood",7,7,7,6,"vote","harris",NA,3,2,1,"male",81,"white/non-hisp","some coll","$35,000 to $39,999","demsatis","trustgov","radchange","ampride","antiest","AZ",9,5,4,8,"11/21/2024 10:47"
2481,"brkn",5,5,4,5,5,4,4.66666666666667,"Integrity","Not enforcing laws on the country as well as local community law.  Not being open and transparent in many ways.",0,"Honestly","Hard working","Do the right thing","Education","Integrity",3,6,7,4,"vote","trump",NA,6,5,3,"male",79,"white/non-hisp","masters","$100,000 to $124,999","demsatis","radchange","ampride","antiest","trustgov","CA",1,5,4,9,"11/19/2024 15:22"
2486,"ctrl",4.25,5,3,7,2,5,3.75,"Republican form of government","A form of government where the citizens are collectively the sovereign, as opposed to a king. Xxxxxx",0,"Republican form of government","Checks and balances","Protection of natural rights of citizens","Equal protection under the law","Federalism",2,4,5,6,"vote","trump",NA,7,5,4,"male",50,"black/non-hisp","masters","$60,000 to $74,999","demsatis","radchange","ampride","trustgov","antiest","NH",9,1,1,1,"11/20/2024 16:45"
2487,"brkn",3.5,1,3,2,5,5,4.5,"Equal rights","There is still discrimination against some minority groups such as women and African Americans.  The tax code also favors those with greater wealth.",0,"Liberty","Equal rights","Justice","Equal opportunity","Lawfulness",5,2,2,5,"vote","harris",NA,5,4,3,"female",62,"hisp","masters","$125,000 to $149,999","demsatis","antiest","trustgov","radchange","ampride","CT",2,5,1,1,"11/19/2024 18:17"
2490,"ctrl",4.75,5,2,2,6,6,5.58333333333333,"Freedom to choose your life path","Throughout most of the world, people are restricted by circumstances beyond their control as to how to live, where to live, what they are able to accomplish.  
In the United States, anyone can do or become anything if they have the wherewithal to work and persist in attaining their goals.",0,"Freedom to choose your life path","Religious freedom","The right to bear arms","The right to choose you government representatives","Tolerance",2,5,6,6,"vote","trump",NA,7,5,5,"female",72,"white/non-hisp","some coll","$15,000 to $19,999","radchange","trustgov","ampride","demsatis","antiest","IN",12,5,2,3,"11/22/2024 7:55"
2501,"kept",5.75,5,3,6,5,5,5.25,"Liberty","People in the United States has the freedom to express their feelings and opinions freely and without any government interference.",0,"Life","Liberty","Pursuit of happiness","Equality","Individualism",7,7,6,3,"vote","harris",NA,1,1,1,"male",18,"multi/non-hisp","less HS","$60,000 to $74,999","ampride","radchange","demsatis","trustgov","antiest","AL",12,1,3,6,"11/19/2024 18:45"
2502,"ctrl",4,5,4,4,4,4,4,"Law and order","You commit a crime. You pay for that crime! No more soft on crime. Enforce bail and prison time  no more let the crooks take what they want",0,"Freedom of speech","Equality regardless of race","Quality youth education","Law and order","Keep the country free",5,4,3,4,"vote","trump",NA,7,5,4,"female",80,"white/non-hisp","masters","$50,000 to $59,999","trustgov","antiest","ampride","demsatis","radchange","TX",1,1,3,7,"11/23/2024 17:40"
2509,"brkn",4.25,4,2,3,4,6,4.75,"representative","We care more about other countries who have little to no representation in our country than we do for our own citizens. 
There is not a equal representation of gov officials per populations.",0,"sovereign","transparent","representative","trustworthy","diplomatic",4,4,4,5,"vote","trump",NA,6,5,4,"female",32,"white/non-hisp","bachelors","$40,000 to $49,999","demsatis","ampride","radchange","antiest","trustgov","AZ",12,2,4,8,"11/25/2024 14:02"
2511,"kept",4.5,1,4,2,3,4,3.83333333333333,"government of the people","All citizens should be able to vote. Representatives are still accountable to the people. We have a say in any assessed taxation.",0,"equality","freedom of religion","freedom of speech","government of the people","balance of power",6,5,2,5,"vote","harris",NA,3,2,1,"male",74,"white/non-hisp","bachelors","$40,000 to $49,999","trustgov","demsatis","radchange","antiest","ampride","OR",9,5,4,9,"11/19/2024 15:44"
2517,"kept",4,5,1,1,4,7,5,"Strong","America is living up to its promise of being strong by electing the president Donald Trump so he can get the country back on track",0,"Respect","Value","Independent","Free","Strong",4,4,4,4,"no vote",NA,NA,4,3,4,"male",29,"white/non-hisp","HS","$20,000 to $24,999","antiest","radchange","trustgov","demsatis","ampride","OH",11,4,2,3,"11/20/2024 1:06"
2522,"brkn",6,NA,2,5,5,6,5.66666666666667,"Freedom","We are not stopping people from behaving horribly to others based on their opinions. If it is different they don’t like to hear it.",0,"Freedom","Religion","Money","Life","Liberty",6,6,6,6,"vote","trump",NA,7,5,5,"female",35,"white/non-hisp","bachelors","$15,000 to $19,999","trustgov","ampride","radchange","antiest","demsatis","IA",1,1,2,4,"11/24/2024 19:52"
2524,"brkn",5,3,3,4,7,5,5.66666666666667,"Equal rights for all","Women do not have equal pay as men. Blacks do not have the same opportunities as whites. Racism is still alive.",0,"Equal rights for all","No abortion laws for women","End racism at all cost","Stay out of foreign affairs","End poverty in the US",6,6,6,2,"no vote",NA,NA,2,1,4,"male",40,"black/non-hisp","masters","$40,000 to $49,999","demsatis","trustgov","radchange","antiest","ampride","LA",12,1,3,7,"11/19/2024 17:10"
2529,"ctrl",5.75,4,4,1,2,4,3.91666666666667,"A country that is of, by , and for all the  citizens","A country that is of, by, and for all of its citizens is a country where all of its citizens are allowed to vote and those votes Express the will of the people. A country that is of, by, and for all of it citizens is a country where the will of the people is expressed, accepted, and executed.",0,"Freedom of speech","Freedom of religion","Freedom from unlawful search and seizure","Freedom from tyranny","A country that is of, by , and for all the  citizens",7,3,7,6,"vote","other","Robert Kennedy",2,1,3,"female",67,"black/non-hisp","masters","$15,000 to $19,999","ampride","demsatis","antiest","radchange","trustgov","AL",1,5,3,6,"11/20/2024 20:59"
2544,"brkn",4.25,3,3,5,5,5,4.75,"Equality","Rich people  get  away  with more  illegalities   than poor  or middle class people.   Donald Trump is an  example of  how a weathy person can get  away with more, even thoughhe  was convicted.",0,"Life","Liberty","Pursuit of Happiness","Freedom of Religion","Equality",6,4,4,3,"vote","harris",NA,1,1,3,"male",58,"white/non-hisp","some coll","$50,000 to $59,999","antiest","trustgov","demsatis","radchange","ampride","CA",2,6,4,9,"11/19/2024 18:01"
2547,"brkn",6,4,1,3,7,7,6.66666666666667,"Inflation","Not enough money focusing on the bigger problem the world today is living in poverty need more money",0,"Poverty","War","Inflation","Laws","Violence",6,6,6,6,"no vote",NA,NA,2,1,3,"male",18,"black/non-hisp","less HS","under $5,000","demsatis","trustgov","ampride","antiest","radchange","IL",12,1,2,3,"11/22/2024 12:00"
2556,"ctrl",5,2,3,5,5,5,5,"choice","When it comes to personal decisions such as things to do with your body, what you do in a day, how you spend your money, etc- choice is where you are able to make those decisions for yourself vs having those decisions made for you by someone else.",0,"speech","guns","freedom","choice","democracy",5,6,4,5,"no vote",NA,NA,3,2,2,"female",27,"white/non-hisp","masters","$40,000 to $49,999","radchange","demsatis","ampride","antiest","trustgov","ND",10,1,2,4,"11/21/2024 9:04"
2563,"ctrl",5.25,4,3,1,7,5,5.75,"Freedom","The freedom of Speech and not being crucified for that. As well as Freedom to bear arms in order to protect your family from criminals.",0,"Freedom","Unity","Fair","Voice","Keeping children safe",4,5,6,6,"vote","trump",NA,5,4,3,"female",58,"hisp","some coll","$150,000 to $174,999","antiest","radchange","ampride","demsatis","trustgov","NV",12,1,4,8,"11/21/2024 11:46"
2564,"ctrl",6,2,1,1,7,7,6.66666666666667,"Freedom","Free to choose what to say, how to act, and live in this country…………………………………………………………………………………………………",0,"Safety","Secure borders","Freedom","Morality","Independence",5,7,6,6,"vote","trump",NA,7,5,5,"female",23,"white/non-hisp","some coll","$125,000 to $149,999","trustgov","ampride","antiest","radchange","demsatis","PA",1,1,1,2,"11/21/2024 7:47"
2568,"ctrl",4.5,1,NA,1,7,NA,5.75,"DEMOCRACY","Democracy is a system of government in which leaders represent and are chosen by the people in free and fair elections",0,"EQUALITY","DEMOCRACY","RULE OF LAW","FREEDOM","FEDERALISM",7,NA,2,NA,"vote","harris",NA,1,1,1,"female",34,"white/non-hisp","masters","$100,000 to $124,999","trustgov","radchange","demsatis","ampride","antiest","CA",11,1,4,9,"11/19/2024 21:45"
2575,"kept",7,1,1,1,7,7,7,"integrity","Thats just it yes thats what my answer was to the first 2 questions but in reality I don't believe for one second that America is even close to living up to its promise of any of its values we lost all that a very very long time ago",0,"integrity","freedom","equality","justice","diversity",7,7,7,7,"no vote",NA,NA,4,3,3,"female",36,"multi/non-hisp","some coll","$15,000 to $19,999","trustgov","demsatis","antiest","radchange","ampride","MO",13,2,2,4,"11/27/2024 1:55"
2577,"ctrl",4,4,6,6,4,2,3.33333333333333,"Equal opportunity","A level playing field for all with regards to the allocation of public resources, selection of government, access to government, making of laws, protection of law, and penalty of law.",0,"Equal opportunity","Democracy","Shared sacrifice","Church-state separation","Separation of powers",6,5,3,2,"vote","harris",NA,2,1,2,"male",64,"white/non-hisp","masters","$85,000 to $99,999","ampride","antiest","trustgov","radchange","demsatis","AZ",9,5,4,8,"11/20/2024 19:58"
2586,"brkn",4.5,5,3,1,7,5,5.5,"hard work","everything is going in the wrong direction. there is no respect for anyone and it feels like the wild wild west.",0,"hard work","equality","honor","church","family",1,5,5,7,"vote","trump",NA,7,5,5,"male",51,"hisp","some coll","$100,000 to $124,999","antiest","demsatis","radchange","trustgov","ampride","FL",12,1,3,5,"11/22/2024 8:02"
2598,"kept",6.25,2,2,2,6,6,6.08333333333333,"A democratic nation that allows everyone to be equal","It is shown in those that represent us in government, we have people of different races, ethnicities and genders.",0,"Freedom of Religion","Freedom of Speech","Opportunity to own a place of your own","Pursuit of happiness","A democratic nation that allows everyone to be equal",6,6,7,6,"vote","harris",NA,2,1,3,"male",52,"hisp","some coll","$150,000 to $174,999","demsatis","trustgov","antiest","ampride","radchange","CT",2,1,1,1,"11/19/2024 18:47"
2608,"kept",6.5,3,3,4,6,5,5.83333333333333,"freedom","Citizens are able to choose how they live, for the most part. We have freedom of speech, press, religion, thought, etc. Slavery is banned.",0,"freedom","independence","family","success","choice",7,7,7,5,"vote","harris",NA,2,1,2,"female",27,"asian/non-hisp","bachelors","$20,000 to $24,999","trustgov","demsatis","ampride","radchange","antiest","CA",10,1,4,9,"11/20/2024 22:08"
2614,"brkn",5.75,3,2,2,6,6,5.91666666666667,"Corruption","Shoot they live it up to it everyday. There’s corruption everywhere and there’s really nothing we can do.",0,"Equality","Respect","Honor","Taxes","Corruption",5,6,6,6,"no vote",NA,NA,5,4,4,"male",31,"hisp","some coll","$60,000 to $74,999","ampride","radchange","trustgov","demsatis","antiest","FL",12,1,3,5,"11/27/2024 14:26"
2623,"brkn",5.75,2,3,2,6,5,5.58333333333333,"Freedom","Freedom is predicated on the ability to test ideas in the marketplace and the town square. The marketplace has become increasingly swayed and manipulated by special interest groups and the town square is being corrupted by political and economic elites.",0,"Freedom","Liberty","Equality","Representation","Opportunity",7,5,5,6,"no vote",NA,NA,5,4,3,"male",35,"white/non-hisp","some coll","$75,000 to $84,999","radchange","demsatis","antiest","trustgov","ampride","TN",10,1,3,6,"11/25/2024 23:03"
2628,"kept",7,1,1,1,7,7,7,"Freedom","Freedom is actually a misnomer. The opposite of freedom will be happening in this country starting in January 2025.",0,"Life","Liberty","Pursuit of Happiness","All men are created equal","Freedom",7,7,7,7,"vote","harris",NA,3,2,1,"female",56,"white/non-hisp","some coll","$30,000 to $34,999","antiest","trustgov","ampride","demsatis","radchange","FL",14,6,3,5,"11/22/2024 13:45"
2636,"ctrl",2.75,5,4,6,2,4,2.91666666666667,"liberty","Liberty is the ability to live where you want and how you want without political or religious restrictions",0,"freedom","liberty","equality","individualism","capitalism",2,3,2,4,"no vote",NA,NA,7,5,5,"female",61,"white/non-hisp","bachelors","$200,000 or more","demsatis","radchange","antiest","ampride","trustgov","NC",9,2,3,5,"11/19/2024 18:20"
2637,"brkn",6.25,2,3,3,4,5,5.08333333333333,"freedom","With current president elect, I fear that our freedoms are threatened. Also some police changed have affected this.",0,"freedom","rights","happiness","finance","well-off",7,6,6,6,"vote","harris",NA,4,3,2,"male",19,"hisp","HS","$85,000 to $99,999","demsatis","trustgov","radchange","antiest","ampride","UT",9,4,4,8,"11/27/2024 2:11"
2643,"ctrl",4,NA,4,4,4,4,4,"Economy","Global money amongst relations to other countries including but not limited to trades goods and consumerism.",0,"Economy","Health care","Education","Freedom of speech","Economy",4,4,4,4,"vote","harris",NA,1,1,1,"male",38,"black/non-hisp","HS","under $5,000","radchange","trustgov","demsatis","ampride","antiest","PA",12,6,1,2,"11/20/2024 9:49"
2645,"ctrl",4.25,3,4,6,2,4,3.41666666666667,"Democracy","That everyone is equal. The president cannot become a dictator. Everyone is created equal. I'm scared to death what the incoming administration will do.",0,"Democracy","Individual Rights","Equality","Freedom of Religion","Independence",5,5,4,3,"vote","harris",NA,1,1,1,"female",61,"white/non-hisp","HS","$40,000 to $49,999","demsatis","radchange","ampride","antiest","trustgov","VA",1,1,3,5,"11/19/2024 19:16"
2648,"brkn",3.25,4,4,4,4,4,3.75,"Democracy","We suffer from racial inequality, illegal immigrants not receiving their due rights and prisons holding peoplr that should be eliminated.",0,"Democracy","Equality","Prosperity","Lawfulness","Global responsibility",5,3,2,3,"vote","trump",NA,6,5,3,"female",71,"white/non-hisp","some coll","$100,000 to $124,999","trustgov","ampride","antiest","radchange","demsatis","GA",10,5,3,5,"11/22/2024 9:56"
2651,"brkn",6.25,3,2,2,7,6,6.41666666666667,"Freedom from oppression","The government wants to kick people out, force them to things with their body's that they don't want. Too much hate in the country lately.",0,"Freedom of speech","Freedom from fear","Freedom from oppression","Freedom of choice","Pursuit of happiness",7,7,5,6,"vote","harris",NA,1,1,1,"female",56,"white/non-hisp","some coll","$30,000 to $34,999","ampride","antiest","trustgov","demsatis","radchange","MI",12,6,2,3,"11/19/2024 19:43"
2655,"kept",2.75,5,4,1,2,4,2.91666666666667,"Honor above all","That's the pity of it. I'm very sorry to say that in the current climate, our Government factions are so busy trying to outdo each other that they have completely forgotten the definition of honor. Not just in politics. But in some cases life itself. Or so it seems.",0,"Freedom for all","Truth always","Liberty cannot fail","Justice is necessary","Honor above all",5,2,2,2,NA,NA,NA,1,1,2,"male",64,"hisp","some coll","$10,000 to $14,999","demsatis","antiest","ampride","radchange","trustgov","AZ",12,6,4,8,"11/20/2024 13:48"
2658,"brkn",6.75,1,2,1,7,6,6.58333333333333,"equality for all","Lower income people; people of color or other minority groups; and immigrants are not treated the same as those with money, or white men.",0,"equality for all","freedom of religion or none","diversity of people","education for all","equal opportunities",7,7,6,7,"vote","harris",NA,1,1,1,"female",65,"white/non-hisp","some coll","$30,000 to $34,999","radchange","trustgov","ampride","antiest","demsatis","AZ",9,5,4,8,"11/20/2024 1:10"
2668,"kept",4.25,5,5,6,4,3,3.75,"Democracy","The U.S. is living up to Democracy by allowing us to vote and citizens can reach out to support, modify, and/or propose laws. Just recently we had the presidential election. Also, every individual has rights and democracy allows us to ensure these rights are protected.",0,"Equality","Democracy","Freedom","Diversity","Liberty",5,4,6,2,"no vote",NA,NA,3,2,4,"female",43,"hisp","masters","$50,000 to $59,999","ampride","trustgov","radchange","demsatis","antiest","TX",2,2,3,7,"11/20/2024 15:21"
2669,"brkn",6.75,2,2,2,6,6,6.25,"Equality","In our country, it’s the wealthy that rule. They stand firmly in the way of equality in all fields.",0,"Capitalism","Justice","Equality","Class","I don’t know",7,7,7,6,"vote","harris",NA,2,1,1,"male",62,"other/non-hisp","some coll","$60,000 to $74,999","radchange","demsatis","ampride","antiest","trustgov","PA",9,1,1,2,"11/19/2024 18:03"
2670,"kept",5.5,3,2,5,5,6,5.5,"Freedom","We as people have the freedom to choose. We have the freedom of speech. We have freedoms the government can not control.",0,"Freedom","Liberty","Opportunity","Family","Adaptability",5,6,6,5,"vote","trump",NA,6,5,3,"male",39,"white/non-hisp","HS","$85,000 to $99,999","antiest","demsatis","trustgov","radchange","ampride","OH",11,1,2,3,"11/24/2024 9:04"
2671,"ctrl",7,1,1,1,7,7,7,"God","Creator of heaven and earth, everything was created by God, with love,to all his creation, for his pleasure",0,"God","Virtue","Love","Respect","Freedom",7,7,7,7,"vote","trump",NA,5,4,5,"male",56,"white/non-hisp","HS","$30,000 to $34,999","trustgov","antiest","demsatis","ampride","radchange","TX",1,1,3,7,"11/19/2024 21:20"
2681,"ctrl",4.25,4,4,5,5,4,4.41666666666667,"Diversity","Where any and all walks of life that share different values and beliefs which all walks of life can get along",0,"Safety","Trust","Honestly","Free","Diversity",4,5,5,3,"vote","trump",NA,5,4,3,"female",54,"white/non-hisp","HS","$25,000 to $29,999","trustgov","radchange","demsatis","antiest","ampride","PA",2,1,1,2,"11/19/2024 23:14"
2694,"ctrl",4,3,4,3,5,4,4.33333333333333,"Freedom","Is to anyplace in this country without any problem and to vote for as a the president of this country",0,"Freedom","Beararm","Free speak","Jobs","Marriage",4,4,4,4,"vote","harris",NA,2,1,3,"male",73,"black/non-hisp","some coll","$35,000 to $39,999","trustgov","radchange","demsatis","antiest","ampride","SC",1,5,3,5,"11/21/2024 12:22"
2704,"kept",5.5,4,2,4,5,6,5.5,"Pursuit of happiness","I feel like it's trying. I don't think it's living to its promise to the fullest. But just being free and being able to practice any religion and work anywhere you want shows the promise at work.",0,"Pursuit of happiness","Freedom","The best wins","Competition helps us grow","Right to bear arms",5,6,6,5,"vote","trump",NA,5,4,3,"male",35,"hisp","some coll","$100,000 to $124,999","trustgov","ampride","demsatis","antiest","radchange","UT",12,1,4,8,"11/21/2024 11:03"
2705,"ctrl",4.75,2,2,3,6,6,5.58333333333333,"Life","To me, life means not only living and breathing but also the ability to contain the other promises - a happy life.  A tranquil life.  A life that promotes happiness.  A life of justice.",0,"Justice","Liberty","Life","Pursuit of happiness","Form a perfect unikn",6,4,6,3,"vote","harris",NA,1,1,1,"female",44,"white/non-hisp","bachelors","$125,000 to $149,999","antiest","radchange","demsatis","ampride","trustgov","IL",10,1,2,3,"11/19/2024 18:44"
2716,"kept",5,4,4,6,3,4,4,"Truth","America is failing. Politicians are liars, putting one American against another. It is difficult to trust the government.",0,"Freedom","Truth","Respect","Pursuit of happiness","Peace",6,6,5,3,"vote","harris",NA,2,1,3,"male",48,"black/non-hisp","masters","$175,000 to $199,999","antiest","ampride","demsatis","radchange","trustgov","CA",1,1,4,9,"11/22/2024 4:55"
2717,"brkn",4.25,5,2,6,2,6,4.08333333333333,"Freedom of religion","People have the ability to practice whatever religion they want and not be persecuted for it. We don't have to wear or not wear certain things.",0,"Freedom of religion","Freedom of speech","equality","justice","opportunity",3,4,4,6,"vote","other","American solidarity party",6,5,3,"female",30,"white/non-hisp","bachelors","$175,000 to $199,999","trustgov","demsatis","ampride","antiest","radchange","FL",2,1,3,5,"11/21/2024 15:47"
2723,"brkn",5.25,3,4,2,5,4,4.75,"Protection for liberty","There is too much crime.  Too many people are getting away with crimes upon communities.  Racism is rampart.  Hate groups are growing.",0,"Protection for liberty","Effective government","Republicism","Decentralization","Fiduciary standards",6,5,6,4,"vote","harris",NA,1,1,3,"female",80,"black/non-hisp","some coll","$60,000 to $74,999","ampride","radchange","trustgov","demsatis","antiest","CA",2,1,4,9,"11/19/2024 15:07"
2730,"kept",4.5,5,4,6,7,4,5.16666666666667,"America First","being the world leader as alwaiys shoul be, bringing back all the hobs we have lost during this 4 years",0,"liberty","democracy","America First","Values","Business Development",5,3,5,5,"vote","trump",NA,6,5,3,"male",53,"hisp","some coll","$25,000 to $29,999","demsatis","ampride","antiest","trustgov","radchange","FL",11,1,3,5,"11/19/2024 18:03"
2734,"kept",3.5,5,6,6,6,2,3.83333333333333,"To help the most vulnerable","There are many programs that help others in need. Veterans are vulnerable and often required help with housing and alimentation. Also children under 18 benefit get access to free health care, free education and access to meals.",0,"To be fair","Not to discriminate","To help the most vulnerable","To let people express their opinions without consequences","To let people defend them self by having fire arms in the house",5,3,3,3,"vote","trump",NA,7,5,3,"female",44,"hisp","some coll","$10,000 to $14,999","demsatis","trustgov","radchange","ampride","antiest","NJ",2,7,1,2,"11/25/2024 23:02"
2742,"brkn",4.25,2,4,2,5,4,4.41666666666667,"democratic government","Separation of church and state.
Equal rights for women.
The president has encouraged armed demonstrations.",0,"democratic government","right to vote","freedom of speech","bear arms","equal opportunities",5,4,2,6,"vote","harris",NA,1,1,1,"male",80,"white/non-hisp","some coll","$60,000 to $74,999","radchange","antiest","demsatis","ampride","trustgov","TX",12,5,3,7,"11/19/2024 23:48"
2744,"brkn",4.25,2,4,4,5,4,4.41666666666667,"equal rights for all","Disenfranchised voters, especially minorities in the south. Economic system that favors the rich. Oppression of LGBTQ etc population.",0,"equal protection under the law","equal representation for all","just economic system","independence of state and local governments","equal rights for all",6,4,3,4,"vote","harris",NA,1,1,2,"male",74,"white/non-hisp","masters","$75,000 to $84,999","demsatis","trustgov","ampride","antiest","radchange","OR",14,1,4,9,"11/20/2024 9:03"
2752,"kept",3.75,4,4,5,2,4,3.25,"Freedom","All kinds of people from all kinds of backgrounds and walks of life have the freedom to live, say, and do a variety of things without interference from the government.",0,"Freedom","Individuality","Change","Progress","Achievement",3,4,4,4,"vote","trump",NA,6,5,3,"female",33,"white/non-hisp","bachelors","$60,000 to $74,999","radchange","ampride","trustgov","antiest","demsatis","IN",1,1,2,3,"11/23/2024 21:07"
2754,"brkn",4,5,1,2,2,7,4.33333333333333,"Independence","Government has overreached.  The government on Federal and some states use far too much regulation hidden under the veil of ""safety""",0,"Independence","Freedom of speech","Right to bear arms","Freedom of religion","Freedom of assembly",2,6,2,6,"vote","trump",NA,5,4,4,"male",53,"hisp","some coll","$125,000 to $149,999","trustgov","ampride","demsatis","radchange","antiest","TX",2,1,3,7,"11/19/2024 20:21"
2781,"ctrl",5,2,2,3,5,6,5.33333333333333,"Freedom","Freedom of the people from total government control. Freedom to move up or down economically and socially. Freedom to be an individual.",0,"Freedom","Equality","Voice for everyone","Limit of government power","Fair government",5,5,5,5,"vote","harris",NA,2,1,2,"male",29,"hisp","bachelors","$100,000 to $124,999","antiest","trustgov","demsatis","ampride","radchange","TX",11,2,3,7,"11/21/2024 0:18"
2783,"ctrl",3,2,4,3,3,4,3.33333333333333,"Checks and balances","Each branch of government balances the power of the other branches. No one branch: executive, judicial or legislative can overpower the other",0,"Separation of church and state","Government by/of the people","Checks and balances","Election integrity","All people are created equal",3,3,3,3,"vote","harris",NA,3,2,3,"female",65,"white/non-hisp","bachelors","$200,000 or more","antiest","trustgov","demsatis","radchange","ampride","FL",5,1,3,5,"11/19/2024 22:56"
2785,"kept",4.25,4,5,6,5,3,4.08333333333333,"Having integrity","As of now most of the world trusts the things we say and do so much so they want to become the US or come to the US. Why would we throw that away because of lack of integrity, something that SHOULD be instilled in each of us from a child!",0,"Following Gods will, loving others like you love yourself","Being Honest, refrain from lying or trying to cheat others","Being compassionate, showing love and kindness","Having integrity","Having self control, not argumentative",6,3,3,5,"vote","harris",NA,1,1,4,"female",61,"black/non-hisp","HS","$100,000 to $124,999","antiest","ampride","radchange","trustgov","demsatis","VA",1,5,3,5,"11/22/2024 8:04"
2788,"ctrl",4.25,4,3,3,5,5,4.75,"freedom of speech","being able to praise or critize as one wants to without fear of duress.  Being able to complain about ones government , federal & local",0,"freedom of speech","freedom to own private property","freedom of religion","freedom of vote","freedom to move",2,5,5,5,"vote","trump",NA,7,5,5,"male",74,"white/non-hisp","some coll","$15,000 to $19,999","ampride","demsatis","antiest","radchange","trustgov","MO",12,5,2,4,"11/19/2024 17:48"
2798,"ctrl",3.5,3,4,6,4,4,3.83333333333333,"Honest","Not lying always being truthful sdndr. Keeping your word and not going back on what you say you will and will not do",0,"Honest","Fair","Happy","Unjust","Thankful",4,2,3,5,"no vote",NA,NA,4,3,4,"female",33,"white/non-hisp","HS","$25,000 to $29,999","ampride","radchange","demsatis","antiest","trustgov","OH",12,1,2,3,"11/20/2024 15:53"
2809,"kept",4.75,2,4,4,3,4,3.91666666666667,"Freedom of speech","We have the ability to voice our opinions even about the government without fear of retribution. The press is able to present facts and be critical of government without fear of retribution as well",0,"Freedom of speech","Freedom to protest","Freedom of religion","Separation of church and state","Pursuit of happiness",5,5,4,5,"vote","harris",NA,1,1,3,"female",29,"hisp","bachelors","$40,000 to $49,999","demsatis","radchange","ampride","antiest","trustgov","FL",12,1,3,5,"11/22/2024 9:15"
2822,"brkn",5.25,4,4,6,5,4,4.75,"democracy","The us falls short of its democratic promise through voter supression and disproportionate infuence of money in politics. Political polarization and gridlock sometimes hinder meaningful democratic engagement.",0,"liberty","equality","democracy","justice","opportunity",6,6,6,3,"no vote",NA,NA,4,3,3,"male",34,"asian/non-hisp","masters","$100,000 to $124,999","radchange","ampride","antiest","trustgov","demsatis","CT",11,1,1,1,"11/19/2024 18:18"
2823,"ctrl",5.25,3,1,3,1,7,4.41666666666667,"Life","Ability to breathe unconstrained. The longevity of existence and minimization of death. Healthy fulfillment of desires, hopes, and dreams.",0,"Life","Liberty","Pursuit of Happiness","Freedom","Independence",5,6,5,5,"vote","other","Chase Oliver",6,5,2,"male",33,"white/non-hisp","bachelors","$85,000 to $99,999","demsatis","trustgov","ampride","radchange","antiest","PA",2,1,1,2,"11/21/2024 10:02"
2826,"ctrl",6.5,5,1,2,4,7,5.83333333333333,"Freedom","Ability to do what you want..............................................................................................",0,"Freedom","Independence","Freedom of speech","Equality","Democracy",5,7,7,7,"vote","trump",NA,6,5,5,"male",68,"white/non-hisp","some coll","$85,000 to $99,999","ampride","antiest","trustgov","demsatis","radchange","TX",1,2,3,7,"11/19/2024 17:57"
2836,"brkn",5.75,2,3,5,5,5,5.25,"For everyone to be treated fairly.","Many times if you don't have enough money you may not get fair treatment. Rich people keep getting richer and  the poor struggle.",0,"Freedom of speech.","For everyone to be treated fairly.","The right to protect yourself.","Men and women should be equal.","A woman has the right to have an abortion.",7,6,6,4,"vote","harris",NA,2,1,2,"female",69,"white/non-hisp","bachelors","$35,000 to $39,999","ampride","radchange","trustgov","antiest","demsatis","NM",12,5,4,8,"11/19/2024 15:18"
2839,"ctrl",4.75,4,4,3,7,4,5.25,"Freedom","To be aluod to do what you want with out harming yourself or others. To be able to be less managed by government",0,"Freedom","Faith","Equal justice","Free speech","Liberty",5,6,4,4,"no vote",NA,NA,7,5,5,"male",55,"white/non-hisp","some coll","$30,000 to $34,999","ampride","antiest","demsatis","trustgov","radchange","CO",2,2,4,8,"11/20/2024 4:07"
2840,"ctrl",2.5,4,5,5,3,3,2.83333333333333,"democratic goverment","to serve the needs and everyone can help decide how we are governed. Have free fair election and be honest to the people and not profit from office",0,"Equality for all","democratic goverment","effective govement","liberty","equally under the law",4,2,2,2,"vote","harris",NA,3,2,4,"female",74,"white/non-hisp","some coll","$30,000 to $34,999","radchange","trustgov","ampride","demsatis","antiest","IL",2,1,2,3,"11/20/2024 7:30"
2842,"kept",4.75,5,4,5,3,4,3.91666666666667,"Family","We unite to keep the family safe from domestic and foreign terrorism and continue to keep on going to church",0,"Rights to own guns","Freedom of speech","Eat well","Doing exercise","Family",5,3,5,6,"vote","harris",NA,6,5,4,"male",37,"hisp","HS","$20,000 to $24,999","demsatis","ampride","radchange","trustgov","antiest","CA",12,7,4,9,"11/26/2024 9:53"
2850,"brkn",6.75,5,1,1,6,7,6.58333333333333,"Freedom","Freedom of expression and of being able to live safe amongst illegals and law being umo ngst t",0,"Freedom","safety","good economy","better medicine","constitutional rights",6,7,7,7,"vote","trump",NA,4,3,3,"male",19,"white/non-hisp","HS","$20,000 to $24,999","antiest","trustgov","ampride","radchange","demsatis","FL",2,2,3,5,"11/20/2024 13:44"
2856,"kept",4,5,4,2,7,4,5,"american people","As of now they aren't but that will change when president elect Trump gets in office. The last 4 years have been absolutely horrible in everyway for Americans",0,"intgerity","morales","independents","american people","character",2,5,5,4,"vote","trump",NA,7,5,4,"male",43,"white/non-hisp","HS","$50,000 to $59,999","demsatis","antiest","ampride","radchange","trustgov","WV",12,1,3,5,"11/20/2024 11:49"
2858,"brkn",6.25,1,2,2,7,6,6.41666666666667,"Freedom","Many people in the U.S. currently live in fear that their freedom and rights will be stripped away due to other’s attempts at gaining control over actions they might bot agree with. They are shunned, abused, and sometimes murdered for nothing more than being different.",0,"Freedom","Happiness","Safety","Growth","Diversity",6,6,6,7,"vote","harris",NA,1,1,2,"female",25,"white/non-hisp","HS","$100,000 to $124,999","antiest","radchange","demsatis","ampride","trustgov","CA",11,1,4,9,"11/19/2024 15:07"
2867,"kept",5.75,5,2,2,7,6,6.25,"the bill of rights is crucial to our freedoms","The Bill of Rights guarantees certain rights to American citizens but it has lately been under attack. Freedom of speech and the right to bear arms is under attack. The freedoms given to us in the Bill of Rights are sacred and must be proteted.",0,"all people are equal","the government protects and defends its citizens","the bill of rights is crucial to our freedoms","this country was founded on the principals given to us by our Devine creator","the freedoms we are given allow us to pursue innovation an learning",5,5,6,7,"vote","trump",NA,7,5,5,"female",73,"white/non-hisp","some coll","$60,000 to $74,999","trustgov","demsatis","radchange","ampride","antiest","SC",2,5,3,5,"11/19/2024 20:17"
2878,"kept",7,5,1,4,7,7,7,"God","Keeping prayer in school use to be the best way the dis this but now not so much is being done to keep god",0,"God","Freedom","Trust","Prosperity","Free will",7,7,7,7,"vote","trump",NA,4,3,1,"male",38,"hisp","HS","under $5,000","radchange","ampride","antiest","demsatis","trustgov","FL",2,2,3,5,"11/22/2024 7:50"
2879,"kept",5.75,1,2,1,5,6,5.58333333333333,"Separation of Church & State","Unfortunately, we are moving away from Freedom of Religion.  So called Christians are becoming synonymous with white power and subjugation of women.  Real followers of Christ's teachings are NOT represented by our churches any longer.",0,"Separation of Church & State","Freedom of Speech","Equality for ALL","Democracy","Opportunity for ALL",7,6,3,7,"vote","harris",NA,3,2,3,"female",67,"white/non-hisp","some coll","$150,000 to $174,999","antiest","trustgov","radchange","ampride","demsatis","NJ",11,5,1,2,"11/20/2024 13:12"
2903,"ctrl",5.75,5,4,7,5,4,4.91666666666667,"Freedom","Freedom of religion to worship god as you see fit and not be persecuted for your religious beliefs is essential in are diverse society and is at the core of are beliefs, I believe that is what makes us a greater nation and we are all equal in gods eyes.
Freedom of speech 
Freedom to be who you want",0,"Unity","Freedom","Independent","God","Honestly",4,7,7,5,"vote","trump",NA,7,5,4,"male",52,"hisp","HS","$100,000 to $124,999","ampride","demsatis","trustgov","radchange","antiest","CA",2,1,4,9,"11/19/2024 17:15"
2911,"kept",4.25,5,3,4,4,5,4.41666666666667,"Freedom","We have some freedom. Just that a lot of us take advantage of it and start doing things we are not supposed to.",0,"Freedom","Rights","Strength","?","?",4,5,4,4,"no vote",NA,NA,6,5,2,"female",33,"hisp","some coll","$30,000 to $34,999","radchange","ampride","demsatis","antiest","trustgov","CA",2,7,4,9,"11/26/2024 13:43"
2912,"brkn",5.25,5,2,4,4,6,5.08333333333333,"Liberty","Far too many of the functions of Congress in regulations and laws have been given up to bureaucrats.",0,"Freedom","Liberty","Independence","Cooperation","Wealth building",1,6,7,7,"vote","trump",NA,4,3,5,"male",51,"white/non-hisp","HS","$40,000 to $49,999","demsatis","antiest","trustgov","ampride","radchange","VA",1,1,3,5,"12/1/2024 11:57"
2913,"brkn",4.75,4,4,2,7,4,5.25,"liberty","It takes the first 4 to maintain liberty.  Today we have too much ME and not enough WE.  Mostly, it can be summed up by rejection or not honoring our sovereign, Almighty God.",0,"justice","domestic tranquility","common defence","general welfare","liberty",5,7,4,3,"vote","harris",NA,4,3,4,"female",80,"multi/non-hisp","some coll","$30,000 to $34,999","radchange","demsatis","trustgov","ampride","antiest","WA",12,5,4,9,"11/20/2024 4:44"
2931,"ctrl",4.5,5,5,5,5,3,4.16666666666667,"Competition & free enterprise","Pretty much ability a person has to do business however they want to do so, competing against market forces of demand and supply. So also allowing businesses to operate with few government restrictions as well.",0,"Control over environment","Change/mobility","Equality","Independence and privacy","Competition & free enterprise",5,5,5,3,"vote","trump",NA,7,5,3,"male",31,"black/non-hisp","bachelors","$50,000 to $59,999","demsatis","ampride","radchange","antiest","trustgov","ID",2,2,4,8,"11/20/2024 0:07"
2935,"ctrl",4.75,4,3,4,5,5,4.91666666666667,"FREEDOM","FREEDOM TO ME MEANS i AM IN CHARGE OF MYSELF THAT NO ONE OWNS ME OR CAN TELL ME WHAT TO DO. NO ONE IS A SLAVE TO ANYONE AND WE ARE FREE TO COME AND GO AS LONG AS IT IS DONE PEACEFULLY.",0,"FREEDOM","LIBERTY","JUSTICE","RIGHT TO BEAR ARMS","RIGHT TO OWN LAND",4,5,3,7,"no vote",NA,NA,6,5,4,"male",51,"other/non-hisp","masters","$200,000 or more","radchange","ampride","antiest","trustgov","demsatis","CA",4,2,4,9,"11/20/2024 15:51"
2938,"ctrl",3.75,3,4,3,2,4,3.25,"Freedom","Being able to express yourself honestly, vulgarly, intently, and authentically. Having the freedom to choose how to dress, who to date, what job to work.",0,"Capitalisim","Freedom","Financial Gain","Ease of Life","Family Unity",3,3,4,5,"no vote",NA,NA,4,3,NA,"female",23,"black/non-hisp","less HS","$15,000 to $19,999","antiest","ampride","radchange","demsatis","trustgov","CA",11,1,4,9,"11/27/2024 13:09"
2943,"brkn",6.75,4,2,4,6,6,6.25,"To be fair and just","When our judiciary system is prejudice against certain individuals and the people who have money can do what they want",0,"To be honest","To be fair and just","The right to bare arms","Freedom of speech","The right to work",7,7,6,7,"no vote",NA,NA,2,1,5,"female",55,"hisp","some coll","$20,000 to $24,999","trustgov","antiest","demsatis","ampride","radchange","NY",1,6,1,2,"11/20/2024 14:09"
2946,"brkn",5,5,2,4,6,6,5.66666666666667,"Freedom","Everyone is not the same. Some groups of citizens are not treated equally. Everyone should be treated with the same respect .",0,"Freedom","The right to speak","The right to protect yourself","Helping US citizens","Families",5,5,4,6,"vote","trump",NA,7,5,3,"female",55,"white/non-hisp","some coll","$100,000 to $124,999","radchange","antiest","demsatis","trustgov","ampride","SC",1,5,3,5,"11/19/2024 19:37"
2951,"brkn",5.75,3,2,2,6,6,5.91666666666667,"Freedom","Women being told what they can or cannot do with their bodies. Not being able to have an abortion.",0,"Freedom","Liberty","Democracy","Unity","Integrity",6,6,7,4,"vote","harris",NA,1,1,3,"female",75,"white/non-hisp","HS","$40,000 to $49,999","ampride","demsatis","radchange","antiest","trustgov","PA",1,5,1,2,"11/19/2024 20:34"
2961,"kept",5.75,3,1,2,7,7,6.58333333333333,"Respect","The US is not hilding up tho their promise with just about anything. Wages are down and the cost of living is up. A masters degree cant even land you a promising job. Those who went to college are in all this debt while those who didnt are further ahead in life .",0,"Money","Power","Dependency from others","Respect","Control",7,5,6,5,"vote","harris",NA,3,2,3,"male",30,"black/non-hisp","bachelors","$100,000 to $124,999","ampride","antiest","demsatis","trustgov","radchange","MI",12,4,2,3,"11/19/2024 20:35"
2966,"kept",3.75,5,4,6,2,4,3.25,"Liberty","We have freedom of speech and the right to bear arms. We also have choices in almost everything we do.",0,"Liberty","Justice","Freedom","Rights","Protection",2,5,5,3,"no vote",NA,NA,6,5,4,"male",44,"white/non-hisp","some coll","$60,000 to $74,999","radchange","trustgov","ampride","demsatis","antiest","DE",12,1,3,5,"11/20/2024 19:13"
3004,"ctrl",3.25,2,4,5,5,4,4.08333333333333,"Freedom of speech","The ability to speak freely, to speak your ideas & opinions without fear of punishment for expressing your thoughts.",0,"Freedom of speech","Freedom of the press","Freedom of Religion","Freedom of Assembly","Protection from seizure",5,3,2,3,"vote","harris",NA,3,2,2,"female",50,"white/non-hisp","bachelors","$75,000 to $84,999","radchange","antiest","ampride","demsatis","trustgov","IN",1,1,2,3,"11/19/2024 20:46"
3007,"kept",4.75,5,5,6,6,3,4.58333333333333,"Love of independence","I can still have my freedom. I can come and go as I please and even say what's on my mind without any consequences",0,"Freedom of speech","Self government","Equality","Love of independence","Opportunity",6,4,6,3,"vote","trump",NA,5,4,4,"female",48,"white/non-hisp","HS","$50,000 to $59,999","trustgov","antiest","demsatis","ampride","radchange","IN",12,1,2,3,"11/21/2024 2:32"
3016,"ctrl",4.75,2,2,3,2,6,4.25,"General welfare","Looking out for ALL Americans to ensure the rights to life Liberty and the pursuit of happiness.  Including health, wages, housing, etc.  Your quality of life should not be different whether you are rich or poor.",0,"Justice","Tranquility","Common defense","General welfare","Posterity",6,5,5,3,"vote","harris",NA,3,2,3,"female",51,"white/non-hisp","some coll","$50,000 to $59,999","ampride","demsatis","trustgov","radchange","antiest","CA",2,7,4,9,"11/22/2024 5:48"
3022,"brkn",6.75,2,2,3,7,6,6.58333333333333,"Freedom","An example would be the supreme court striking down Roe v. Wade, putting the rights of women in certain states to be in limbo.",0,"Freedom","Equality","Secular","Individualism","Capitalism",7,7,7,6,"no vote",NA,NA,3,2,1,"male",24,"other/non-hisp","some coll","$50,000 to $59,999","radchange","demsatis","trustgov","antiest","ampride","FL",11,1,3,5,"11/29/2024 16:04"
3031,"kept",3.75,4,2,5,5,6,4.91666666666667,"Freedom of speech","People should be able to speak freely as long as they do not inhibit the lives of other people.
allow people to protest as long as they do not disrupt other people's lives.",0,"Freedom of religion","Freedom of speech","Right to arms","no prosecution/representation","no interferience/life",2,5,5,3,"vote","trump",NA,5,4,3,"male",67,"hisp","some coll","$50,000 to $59,999","demsatis","radchange","ampride","antiest","trustgov","GA",2,1,3,5,"11/19/2024 18:14"
3035,"kept",4.66666666666667,1,3,3,5,5,4.88888888888889,"Equality","It's isn't, but it's trying. Affirmative action, nonprofits like the ACLU fighting for equality, etc...",0,"Equality","Justice","Freedom","Democracy","Sovereignty",5,NA,6,3,"vote","harris",NA,3,2,1,"female",43,"white/non-hisp","masters","$100,000 to $124,999","demsatis","radchange","trustgov","antiest","ampride","WV",9,1,3,5,"11/19/2024 21:44"
3039,"ctrl",6.25,3,2,4,4,6,5.41666666666667,"Freedom","To be able to do what one wants within except able standards. Also to become what one wants to achieve in life.",0,"Freedom","Tenacity","Determination","Work ethic","Bravery",5,6,7,7,"no vote",NA,NA,4,3,3,"male",54,"hisp","some coll","$30,000 to $34,999","radchange","demsatis","trustgov","antiest","ampride","IL",12,1,2,3,"11/19/2024 18:36"
3041,"kept",7,1,1,1,1,7,5,"Melting pot","Oxnard/Port hueneme today -Mexicans, Black, Vietnamese, Chinease, American white, Indian from India, Philipine, Samoan- no trouble between races except white vs all others  - crime is equal opportunity otherwise",0,"Better future","Melting pot","Economic stability","Justice","Compassion",7,7,7,7,"vote","harris",NA,1,1,5,"male",66,"hisp","bachelors","$200,000 or more","radchange","ampride","demsatis","trustgov","antiest","CA",2,1,4,9,"11/23/2024 7:46"
3043,"brkn",3.5,5,3,1,7,5,5.16666666666667,"To bear arms","I believe the freedom to bear arms is my right and not to be taken away by our government.i have the rite to protect myself and loved ones.",0,"Freedom religion","To bear arms","Justice","Freedom of speach","Education",2,4,3,5,"vote","trump",NA,7,5,5,"female",77,"white/non-hisp","HS","$25,000 to $29,999","ampride","trustgov","antiest","radchange","demsatis","GA",1,5,3,5,"11/19/2024 21:04"
3047,"kept",4.25,3,3,2,2,5,3.75,"egual rights","The affirmation of Same-sex marriage. Empowering women through Abortion access. Affirmative action. Transgender recognition",0,"Persuite of happiness","egual rights","Liberty","equal justice","Life",7,2,2,6,"vote","harris",NA,1,1,1,"male",65,"white/non-hisp","bachelors","$40,000 to $49,999","ampride","radchange","demsatis","antiest","trustgov","CA",10,5,4,9,"11/20/2024 6:08"
3069,"brkn",4.25,5,7,1,5,1,3.41666666666667,"Freedom","Not all people receive the right of speech. Freedom to live where they choose, or have the same opportunity as others. Not even the freedom to arrive here",0,"Freedom","Equality","Integrity","Religion","Innocent proven guilty",6,5,3,3,"vote","harris",NA,1,1,1,"female",53,"hisp","some coll","$125,000 to $149,999","trustgov","antiest","demsatis","radchange","ampride","NM",12,1,4,8,"11/20/2024 16:25"
3071,"brkn",5.25,5,3,3,6,5,5.41666666666667,"Freedom in general","Politicians are corrupt and self serving. Wealth is unfairly and unevenly distributed. Freedom depends on race, ethnicity, and wealth.",0,"Freedom in general","Equality","Pursuing dreams","Independence","Life",7,5,3,6,"vote","harris",NA,6,5,4,"female",39,"white/non-hisp","masters","$40,000 to $49,999","ampride","antiest","radchange","trustgov","demsatis","NH",1,1,1,1,"11/19/2024 18:04"
3077,"brkn",5,5,1,1,7,7,6.33333333333333,"Freedom for everyone.","People get silenced by other if they go against the narrative on the opposing party. Never open for debate.",0,"Freedom for everyone.","Be kind to one another.","Trustworthiness in neighbor","Be able to provide for family","Integrity",6,6,6,2,"vote","trump",NA,6,5,4,"male",44,"white/non-hisp","some coll","$125,000 to $149,999","ampride","demsatis","radchange","antiest","trustgov","SD",12,1,2,4,"11/26/2024 20:43"
3080,"kept",3.75,1,3,5,6,5,4.91666666666667,"Freedom","People are not living under authoritarian rule.  We are allowed to worship, work and speak as we desire, within reason",0,"Freedom","Democracy","Independence","Success","Hard work",5,4,3,3,"vote","harris",NA,1,1,2,"female",49,"multi/non-hisp","masters","$175,000 to $199,999","trustgov","antiest","radchange","demsatis","ampride","NJ",5,7,1,2,"11/19/2024 18:51"
3086,"kept",4.25,3,3,4,4,5,4.41666666666667,"Freedom","Right to speech, religion, choice including right to choose an abortion, right to choose political leaders through fair voting processes.",0,"Freedom","Equality","Education","Moral","Democracy",6,4,4,3,"vote","harris",NA,2,1,2,"female",34,"white/non-hisp","masters","$200,000 or more","demsatis","trustgov","radchange","antiest","ampride","CT",11,1,1,1,"11/23/2024 17:52"
3090,"ctrl",5,4,5,6,6,3,4.66666666666667,"Freedom","Freedom means you are free in this country compared to other countries where people are highly controlled.",0,"Freedom","Democracy","Diversity","Equality","Self-government",7,5,5,3,"vote","trump",NA,4,3,5,"male",57,"hisp","HS","$10,000 to $14,999","demsatis","trustgov","radchange","antiest","ampride","NY",1,1,1,2,"11/19/2024 18:02"
3099,"ctrl",4.75,5,4,4,4,4,4.25,"pursuit of happiness","What makes me happy without harming anyone or thing. It's not illegal.  Or  hateful to any group or individual.",0,"Equality","Freedom of faith","pursuit of happiness","Self defense","Provide defense",6,5,4,4,"vote","trump",NA,6,5,3,"female",64,"white/non-hisp","some coll","$60,000 to $74,999","antiest","radchange","trustgov","ampride","demsatis","KY",2,2,3,6,"11/19/2024 20:41"
3103,"brkn",5,3,4,2,2,4,3.66666666666667,"Democracy","President and one party has too much control and not enough checks and balances. President is perceived to be above the law. Justices are appointed unfairly.",0,"Democracy","Freedom","Judicial equality","State and church separate","Checks and balances",6,5,4,5,"vote","harris",NA,2,1,3,"female",56,"white/non-hisp","masters","$85,000 to $99,999","trustgov","antiest","ampride","demsatis","radchange","NY",12,7,1,2,"11/22/2024 13:47"
3104,"ctrl",6.5,3,3,3,3,5,4.83333333333333,"freedom","The ability to believe and strive for what you think is true. even if the truth might offend other people.",0,"family","freedom","democracy","free market","free religion",7,7,5,7,"no vote",NA,NA,2,1,3,"male",23,"hisp","some coll","$30,000 to $34,999","demsatis","radchange","antiest","trustgov","ampride","FL",2,1,3,5,"11/30/2024 2:38"
3110,"ctrl",5.75,3,2,2,6,6,5.91666666666667,"Belief in GOD","We are created in the image of GOD; therefore, He is our Father and we must give Him the praise, honor and respect that He deserves.  And His love for us goes beyond any human understanding that He gave His son as a sacraficial lamb to cleanse us of our sins.  READ THE BIBLE",0,"Belief in GOD","Equality for all","Freedom of choice","Liberty for all","Kindness toward each other",6,6,6,5,"vote","harris",NA,1,1,4,"female",76,"hisp","some coll","$60,000 to $74,999","trustgov","radchange","demsatis","ampride","antiest","FL",12,5,3,5,"11/20/2024 6:09"
3111,"brkn",5.5,2,3,4,4,5,4.83333333333333,"Freedom of speech","New movements by current (incumbent ) to censor the press ands ideas. It is complicated due to censorship of falsehoods being shared during the pandemic which was in place for heath. Now it’s bonkers. Folks are pulling out of X/twitter because so much falsehoods are being presented as fact.",0,"Individuality","Freedom of religion","Freedom of speech","Right to bare arns","Freedom of press",6,6,6,4,"vote","harris",NA,3,2,3,"female",50,"white/non-hisp","masters","$200,000 or more","ampride","antiest","demsatis","radchange","trustgov","CA",12,1,4,9,"11/19/2024 22:36"
3116,"kept",4.5,4,4,2,2,4,3.5,"Freedom","The United States is trying to live up to this promise. Most people do feel freedom for the most part but it's not all citizens which needs to change.",0,"Diversity","Democracy","Privacy","Liberty","Freedom",6,5,4,3,"vote","harris",NA,1,1,1,"female",38,"hisp","some coll","$75,000 to $84,999","antiest","trustgov","ampride","demsatis","radchange","TX",2,2,3,7,"11/19/2024 18:22"
3120,"brkn",3.25,5,3,2,6,5,4.75,"We are a Republic and follow a constituttion","The equality between the 3 branches of Government become out of balance when one party dominates.  Executive orders, etc. 
Legislative Branch voted on party line and not for the needs of the country.  The Judicial was used to persecute Donald Trump.  Charges were politically motivated",0,"We are a Republic and follow a constituttion","All Men and Women are Equal","Liberty  Free to make choices within the law","One Nartion Under God","Democracy and State Rule",2,5,2,4,"vote","trump",NA,7,5,5,"female",73,"white/non-hisp","some coll","$100,000 to $124,999","trustgov","antiest","demsatis","radchange","ampride","UT",3,1,4,8,"11/19/2024 18:40"
3130,"brkn",5,3,3,4,6,5,5.33333333333333,"All equal","Immagration with  rule and law that find those who imagrate are not treated as equals. Discrimination occurred in recruitment hiring and at work",0,"All equal","Right to bear arms","Liberty","Life","Purist of happiness",6,6,5,3,"vote","trump",NA,6,5,4,"male",66,"white/non-hisp","masters","$40,000 to $49,999","trustgov","radchange","antiest","demsatis","ampride","WI",1,5,2,3,"11/20/2024 17:53"
3135,"kept",4.75,4,5,4,5,3,4.25,"EQUALITY/EGALITARIANISM","The American principle of equality states both Both male and female have equal rights women work and vote freely now",0,"EQUALITY/EGALITARIANISM","SELF-HELP CONTROL.","COMPETITION AND FREE ENTERPRISE","FUTURE ORIENTATION","Informality",5,3,5,6,"no vote",NA,NA,6,5,2,"female",34,"white/non-hisp","HS","$20,000 to $24,999","ampride","radchange","trustgov","demsatis","antiest","WV",11,6,3,5,"11/19/2024 20:07"
3136,"kept",4.25,4,6,5,3,2,3.08333333333333,"Free speech","Most Americans can still say what they want,  believe what they want, and express these thoughts to others.",0,"Free speech","Free enterprise","Respect freedom of press","Able to practice religion","Government represents will of most people",5,6,5,1,"vote","harris",NA,1,1,3,"male",56,"asian/non-hisp","masters","$125,000 to $149,999","trustgov","ampride","antiest","demsatis","radchange","CA",1,1,4,9,"11/20/2024 5:58"
3140,"brkn",5,3,4,2,7,4,5.33333333333333,"Free Enterprise","Personal decisions are being made by the government instead of the individuals. I don't need 100 characters.",0,"Environment","Change","Time","Self Help","Free Enterprise",6,5,5,4,"vote","harris",NA,1,1,NA,"female",65,"black/non-hisp","some coll","$5,000 to $9,999","ampride","antiest","demsatis","radchange","trustgov","GA",1,6,3,5,"11/30/2024 14:38"
3148,"kept",5,1,3,3,2,5,4,"Equality of all","Social services are provided to ensure that all have equal access to education and health services. Laws against discrimination help to ensure a level playing field.",0,"Equality of all","Freedom from oppression","Unity","Protecting all citizens","Opportunities for all",7,5,4,4,"vote","harris",NA,2,1,3,"female",60,"white/non-hisp","masters","$100,000 to $124,999","radchange","demsatis","trustgov","antiest","ampride","ID",12,1,4,8,"11/19/2024 16:13"
3149,"brkn",6,4,3,3,5,5,5.33333333333333,"Freedom","The United States is known for being the land of the free and the home of the brave. Isn’t that why most people try to come here?",0,"Freedom","Life","Liberty","Patriotism","Equality",5,7,7,5,"vote","trump",NA,6,5,4,"female",33,"white/non-hisp","bachelors","$125,000 to $149,999","ampride","antiest","trustgov","demsatis","radchange","TN",1,1,3,6,"11/20/2024 17:21"
3157,"brkn",5.75,2,2,5,3,6,4.91666666666667,"Freedom of Religion","The Biden Administration has unfairly prosecuted Christians who are protesting at abortion clinics.  The biden Adminiistration is forcing Christian doctors to perform abortions against their conscience and 
Christian values.",0,"Free Speech","Right to Bear Arms","Freedom of Religion","Right to Assembly","Right to Personal Property",2,7,7,7,"vote","trump",NA,7,5,5,"male",66,"white/non-hisp","masters","$100,000 to $124,999","demsatis","radchange","antiest","ampride","trustgov","TX",1,5,3,7,"11/20/2024 21:46"
3160,"brkn",4.75,5,3,6,5,5,4.91666666666667,"Freedom","Unfortunately we have seen a marked rise in the ""fact checking"" or ""censoring"" of so called fake news. This is NOT freedom of speech as it was intended by our founding fathers.",0,"Freedom","Liberty","Justice","Opportunity","Courage",5,5,3,6,"vote","trump",NA,7,5,5,"male",23,"multi/non-hisp","some coll","$20,000 to $24,999","antiest","ampride","radchange","demsatis","trustgov","OK",1,1,3,7,"11/27/2024 13:40"
3164,"kept",4.75,2,3,4,5,5,4.91666666666667,"Freedom","Allowing people to be and do what they want. To live where they want to live, have a job or no job. And no restrictions on family.",0,"Freedom","Happiness","Value","Family","Home",5,5,4,5,"vote","trump",NA,7,5,3,"female",30,"white/non-hisp","masters","$5,000 to $9,999","antiest","radchange","ampride","trustgov","demsatis","MO",1,7,2,4,"11/20/2024 14:02"
3172,"kept",3.5,4,1,4,2,7,4.16666666666667,"Freedom of religion","Not discriminating against others religion. Our nation was founded by people escaping religious persecution",0,"Freedom of religion","Freedom of speech","Democracy","Strong military","Capitalism",2,4,4,4,"vote","trump",NA,7,5,5,"male",31,"white/non-hisp","bachelors","$35,000 to $39,999","radchange","antiest","trustgov","demsatis","ampride","CO",1,1,4,8,"11/19/2024 19:54"
3176,"kept",3.25,3,NA,3,1,NA,2.125,"Freedom of religion","To worship God however wherever whenever I choose. To feel safe to worship God as I choose. To provide for my family and know that whatever I do for my family it is not restricted  by the government.",0,"Freedom of speech","Freedom of religion","Democracy the right to vote","Bravery courage","The sky is the limit",4,1,5,3,"vote","harris",NA,1,1,3,"female",64,"black/non-hisp","HS","$40,000 to $49,999","ampride","trustgov","antiest","demsatis","radchange","MO",12,4,2,4,"11/22/2024 18:23"
3183,"ctrl",4,4,5,5,2,3,3,"Democratic","democratic means the will of the people are reflected in the government. The government is by the people and for the people.  All points of view are respected.",0,"Democratic","diverse","cooperation","strong","United",5,4,4,3,"vote","harris",NA,3,2,3,"male",67,"white/non-hisp","some coll","$100,000 to $124,999","antiest","trustgov","radchange","ampride","demsatis","NC",12,1,3,5,"11/19/2024 23:16"
3189,"brkn",4.75,3,2,3,6,6,5.58333333333333,"Creating a safe economy to live in","They are out sourcing jobs that shouldn't be outsourced. They are paying immigrants to come in and work our jobs. Funding for US citizens is so hard to come by yet an immigrant gets them just for coming to the US. They need to stop that.",0,"Freedom of speech","Freedom to praise/worship","Liberty to protect yourself","Access to good healthcare","Creating a safe economy to live in",1,6,6,6,"no vote",NA,NA,4,3,3,"female",33,"white/non-hisp","some coll","$125,000 to $149,999","demsatis","antiest","trustgov","radchange","ampride","WV",1,2,3,5,"11/20/2024 15:38"
3200,"brkn",4.75,5,6,6,2,2,2.91666666666667,"Freedom","At times there is too much government control. This infringes on our freedoms.  Also some people believe their freedoms are more important than others",0,"Life","Liberty","Freedom","Happiness","Dignity of all",5,5,6,3,"vote","other","No one",6,5,3,"female",38,"white/non-hisp","bachelors","$200,000 or more","ampride","demsatis","radchange","antiest","trustgov","NC",1,1,3,5,"11/19/2024 20:19"
3202,"brkn",5,3,3,2,5,5,5,"Freedom of choice","For true freedom of choice to be possible, we need equality. Many people have very limited choices just because of race, gender, sexuality, etc. you hear “success stories” about people making it out of difficult situations, I feel many of these are due more to luck, than the choices made.",0,"Freedom of choice","Liberty","Independence","Individually","Equality",6,5,5,4,"vote","trump",NA,3,2,3,"male",44,"hisp","some coll","$100,000 to $124,999","trustgov","radchange","ampride","demsatis","antiest","FL",2,1,3,5,"11/22/2024 10:16"
3208,"brkn",5.5,2,2,4,5,6,5.5,"Liberty","The United States has far too many laws and rules to be living up to its promise of liberty. Also, the government as a whole is too corrupt and micromanaging.",0,"Liberty","Unity","Diversity","No idea","Self goverment",6,6,4,6,"no vote",NA,NA,2,1,3,"female",25,"hisp","some coll","$60,000 to $74,999","antiest","demsatis","radchange","ampride","trustgov","RI",11,1,1,1,"11/23/2024 14:00"
3218,"brkn",3,5,5,6,3,3,3,"Opportunity","Media is quick to point out circumstances where minorities are often subjected to discrimination.  Women of color have the double task to fight.",0,"Freedom of speech","Equality","Opportunity","Right to fair trial","Right to bear arms",3,3,3,3,"no vote",NA,NA,5,4,4,"male",69,"white/non-hisp","some coll","$85,000 to $99,999","antiest","demsatis","ampride","trustgov","radchange","DE",2,1,3,5,"11/19/2024 19:04"
3223,"brkn",4.75,3,2,4,6,6,5.58333333333333,"Liberty","We are being bombarded with laws that take our freedoms away. The government has given liberties to certain groups while taking away the rights and freedoms of others.",0,"Honesty","Equality","Representation","Liberty","Justice",5,5,5,4,"vote","trump",NA,4,3,3,"female",60,"hisp","HS","$5,000 to $9,999","trustgov","radchange","demsatis","ampride","antiest","LA",12,6,3,7,"11/20/2024 15:42"
3234,"kept",6,2,3,3,5,5,5.33333333333333,"Freedom","Any race can do the same things as any other race. Your sexual orientation doesn’t matter or it shouldn’t.",0,"Freedom","Democracy","Justice","Equality","Liberty",7,7,6,4,"vote","harris",NA,3,2,3,"female",44,"white/non-hisp","some coll","$85,000 to $99,999","ampride","radchange","antiest","trustgov","demsatis","WI",10,1,2,3,"12/1/2024 20:50"
3248,"kept",5.25,2,4,3,7,4,5.41666666666667,"Equality","Laws and govt programs which aim to give everyone a fair shot in the economy or to vote. Progressive tax laws as well.",0,"Equality","Fairness","Democracy","Justice","Rule of law",7,5,5,4,"vote","harris",NA,1,1,1,"female",31,"white/non-hisp","masters","$40,000 to $49,999","ampride","radchange","trustgov","demsatis","antiest","DC",10,1,3,5,"11/22/2024 8:37"
3253,"ctrl",5.5,1,1,1,5,7,5.83333333333333,"a living amendable document","A document that realizes the need for change. I document that can change with a society and correct the problems as they arise. A document that can serve as a living memory of what we value and change with the times.",0,"separation of powers","a living amendable document","guaranteed states rights","Bill of rights","guaranteed freedoms",7,5,4,6,"vote","harris",NA,1,1,1,"male",41,"hisp","bachelors","$85,000 to $99,999","antiest","ampride","radchange","demsatis","trustgov","TX",10,1,3,7,"11/22/2024 13:28"
3257,"kept",5.75,4,4,3,2,4,3.91666666666667,"Liberty","People are free to make their own decisions. There are also problems and the US is not fully living up to this promise.",0,"Freedom","Liberty","Equality","Fairness","Justice",5,6,6,6,"no vote",NA,NA,4,3,3,"male",30,"white/non-hisp","some coll","$30,000 to $34,999","radchange","demsatis","antiest","trustgov","ampride","NC",13,4,3,5,"11/27/2024 11:33"
3273,"brkn",4,4,2,5,3,6,4.33333333333333,"All created equal","The ideals are in place unfortunately those ideals are applied and interpreted by individuals.  And individuals don’t make decisions usually based or live life by ideals they act selfishly and in their own best interests",0,"Freedom religion","Basic rights","Freedom of speech","All created equal","Due process",2,4,4,6,"vote","trump",NA,6,5,4,"male",44,"hisp","masters","$200,000 or more","antiest","demsatis","ampride","radchange","trustgov","FL",11,1,3,5,"11/19/2024 21:32"
3276,"kept",3.25,4,6,6,2,2,2.41666666666667,"Democracy","A government by the people, for the people, elected by the people, with respect for personal freedoms.",0,"Diversity","Democracy","Equality","Service","Integrity",5,4,2,2,"vote","harris",NA,3,2,3,"female",47,"white/non-hisp","some coll","$175,000 to $199,999","trustgov","radchange","ampride","antiest","demsatis","IL",2,1,2,3,"11/19/2024 19:12"
3283,"ctrl",6.25,3,2,1,6,6,6.08333333333333,"Limited Government","Govt has only powers granted by constitution and can only conduct actions permitted by the constitution",0,"Separation of Powers","Republicanismn","Checks and Balances","Federalism","Limited Government",6,6,6,7,"no vote",NA,NA,4,3,3,"female",57,"multi/non-hisp","some coll","$40,000 to $49,999","demsatis","radchange","antiest","ampride","trustgov","TX",11,1,3,7,"11/19/2024 17:39"
3284,"kept",3.25,5,5,3,5,3,3.75,"Unity","We as citizens of the United States unite for better future amongst our peers of same beliefs. We unite for justice served against those who are not righteous citizens of our country.",0,"Compassion","Unity","Responsibility","Safekeeping","Justice",5,2,3,3,"vote","trump",NA,4,3,3,"male",25,"hisp","HS","under $5,000","demsatis","trustgov","radchange","antiest","ampride","CA",2,4,4,9,"11/20/2024 11:09"
3290,"kept",4.25,4,4,6,5,4,4.41666666666667,"liberty","Americans are free to choose who they marry, where they work and live, how they earn their living, etc.",0,"equality","freedom of speech","opportunity to thrive","justice","liberty",7,3,3,4,"vote","harris",NA,2,1,3,"female",57,"white/non-hisp","HS","$25,000 to $29,999","radchange","ampride","demsatis","trustgov","antiest","IN",11,1,2,3,"11/20/2024 8:04"
3294,"brkn",4.5,3,4,3,5,4,4.5,"Integrity","Integrity is executed by being honest and upholding laws and procedures.  Doing the right thing even when no one is looking is a prime example of integrity.",0,"Liberty","Quality","Drmocracy","Checks and Balances","Integrity",4,5,6,3,"vote","harris",NA,4,3,2,"female",41,"white/non-hisp","bachelors","$40,000 to $49,999","antiest","radchange","demsatis","trustgov","ampride","KS",12,1,2,4,"11/22/2024 19:28"
3295,"ctrl",6.75,3,1,NA,7,7,6.91666666666667,"Looking out for the best of the government","We are of no importance or wants and safety doesn't matter. Only thing that's matters is what's good for the people working in our government.",0,"Helping non is citizens","Making Congress rich","Looking out for the best of the government","Stringing citizens along","Lies and greed",6,7,7,7,"vote","trump",NA,4,3,NA,"male",19,"white/non-hisp","less HS","$40,000 to $49,999","ampride","trustgov","antiest","radchange","demsatis","OH",1,4,2,3,"11/20/2024 12:22"
3304,"ctrl",4,5,4,7,7,4,5,"Freedom","To be free to do whatever you wish to go wherever you want to go to buy whatever you like to work wherever you want to work",0,"Freedom","Equality","Opportunity","Justice","Diversity",4,4,4,4,"no vote",NA,NA,1,1,1,"male",26,"black/non-hisp","HS","$40,000 to $49,999","antiest","trustgov","ampride","demsatis","radchange","IL",12,1,2,3,"11/19/2024 18:19"
3305,"kept",5.25,3,2,3,5,6,5.41666666666667,"Freedom of opportunity","There is equality and job opportunities everywhere even though the media and others will make it seem like there’s not.",0,"Freedom of opportunity","Freedom of speech","Freedom of religion","Safety","Security",5,6,5,5,"vote","trump",NA,7,5,4,"female",31,"white/non-hisp","some coll","$40,000 to $49,999","radchange","trustgov","antiest","demsatis","ampride","AR",12,1,3,7,"11/19/2024 22:01"
3307,"kept",4.5,4,7,6,3,1,2.83333333333333,"Value","This is the worst county
This country is not nice 
How you do you expect something that sucks ......",0,"Integrity","Value","Honesty","Excited","Existing",4,5,4,5,"no vote",NA,NA,4,3,2,"male",39,"hisp","HS","$85,000 to $99,999","radchange","demsatis","ampride","trustgov","antiest","CA",11,1,4,9,"11/21/2024 18:55"
3321,"brkn",4.5,5,4,7,1,4,3.16666666666667,"freedom","because this country is full of different races and cultures, it seems like everyone do not get along and it causes all sorts of problems to the point of civil wars.",0,"freedom","justice","opportunties","liberty","independance",5,5,5,3,"vote","harris",NA,1,1,1,"male",20,"black/non-hisp","some coll","$50,000 to $59,999","antiest","demsatis","radchange","trustgov","ampride","NY",12,1,1,2,"11/19/2024 20:41"
3324,"brkn",7,1,1,1,7,7,7,"Freedom","Only available to white, rich,  cis, hetero, Christian men. Everyone else has some sort of restrictions.",0,"Freedom","Pursuit of happiness","Independence","Guns","White supremacy",7,7,7,7,"vote","harris",NA,3,2,1,"male",37,"white/non-hisp","masters","$40,000 to $49,999","ampride","trustgov","antiest","radchange","demsatis","WA",9,1,4,9,"11/19/2024 16:51"
3335,"brkn",4.5,4,3,6,3,5,4.16666666666667,"Freedom","Putting limitations on speech. And being offended at everything. Choosing ""safety"" over freedom/privacy.",0,"Freedom","Independence","Courageous","Leader","Trust",2,5,6,5,"vote","trump",NA,7,5,5,"female",41,"white/non-hisp","some coll","$50,000 to $59,999","trustgov","demsatis","antiest","radchange","ampride","MO",12,1,2,4,"11/19/2024 17:29"
3336,"ctrl",6,4,2,5,5,6,5.66666666666667,"Democracy","A system of government by a majority of the people through elected representatives for social equality.",0,"Freedom","Democracy","Secularism","Separation of power","Checks and Balances",6,6,6,6,"vote","harris",NA,3,2,1,"male",73,"white/non-hisp","bachelors","$25,000 to $29,999","trustgov","ampride","radchange","demsatis","antiest","AZ",10,5,4,8,"11/19/2024 17:23"
3343,"kept",6,4,1,6,5,7,6,"Equality of Opportunity","Workers, men and women are becoming more equal in the workplace. Pay and opportunity are more balanced. The minimum wage has increased, allowing people to pay their costs of living.",0,"Individual Freedom","Equality of Opportunity","The American Dream","The Goodness of Humanity","Directness and Assertiveness",7,6,6,5,"vote","harris",NA,1,1,3,"female",56,"white/non-hisp","some coll","$100,000 to $124,999","demsatis","ampride","radchange","antiest","trustgov","CO",2,1,4,8,"11/21/2024 11:50"
3346,"kept",6.5,2,2,1,7,6,6.5,"Equal rights","The us is providing more equality in some aspects of gender but mostly is not living up to its promise. There is much discrimination and sexism.",0,"Equal rights","Freedom of speech","Freedom from religion","Social mobility","Equal representation",7,7,6,6,"vote","harris",NA,1,1,1,"male",38,"hisp","masters","$100,000 to $124,999","antiest","demsatis","radchange","trustgov","ampride","TX",9,1,3,7,"11/19/2024 21:39"
3355,"kept",6.75,4,2,2,6,6,6.25,"Freedom of Speech","It's not. The media is biased and people cannot freely express themselves.people are encouraged to hate people based on differences of opinions.",0,"Freedom of Speech","Freedom of Religion","Freedom from government","Right to bear arms","Free commerce",6,7,7,7,"vote","trump",NA,6,5,3,"female",46,"white/non-hisp","some coll","$40,000 to $49,999","trustgov","demsatis","ampride","radchange","antiest","MO",1,1,2,4,"11/19/2024 17:42"
3363,"kept",3.75,3,4,6,5,4,4.25,"US Contitution","To a large extent; however, partisan bickering prevents passage of several desirable legislations, often wasting time on things not affecting people directly",0,"Freedom","Liberty","Democracy","Rule of Law","US Contitution",2,5,5,3,"vote","harris",NA,3,2,3,"male",78,"asian/non-hisp","masters","$150,000 to $174,999","antiest","demsatis","radchange","trustgov","ampride","TX",8,5,3,7,"11/20/2024 22:51"
3364,"kept",4,5,4,4,4,4,4,"Freedom","We have freedom to come and go 
To voice our opinions.
To vote
Freedom to make changes 
To worship any religion that you believe in",0,"Free speech","Justice","Privacy","Hard work","Freedom",4,4,4,4,"vote","trump",NA,6,5,3,"female",63,"white/non-hisp","HS","$50,000 to $59,999","ampride","demsatis","trustgov","antiest","radchange","GA",11,5,3,5,"11/19/2024 19:10"
3374,"kept",4.5,1,2,1,6,6,5.5,"Equality for all citizens","There remains deep divisions between populations. Racism and distrust of the other remains. Hate has become the new password.",0,"Freedom for all citizens","Equality for all citizens","Absence of malice","Caring for the least of us","Working together",6,3,4,5,"vote","harris",NA,1,1,1,"female",80,"white/non-hisp","masters","$60,000 to $74,999","ampride","radchange","trustgov","demsatis","antiest","WI",9,5,2,3,"11/19/2024 17:17"
3377,"brkn",4.75,3,3,4,4,5,4.58333333333333,"Freedom","Women are not able to make decisions about their own body.  That is the opposite of freedom.  It is barbaric.",0,"Freedom","Entrepreneurship","Independence","Opportunity","Refuge",5,5,4,5,"vote","harris",NA,2,1,1,"female",43,"hisp","some coll","$75,000 to $84,999","ampride","demsatis","antiest","trustgov","radchange","TX",11,1,3,7,"11/20/2024 6:46"
3385,"ctrl",5.5,4,5,2,4,3,4.16666666666667,"RIGHTS","Our rights describe what we are due by nature and country. The right to bear arms and protect ourselves and the freedom of speech to not be under a dictator",0,"SEPERATE GOVERNEENT","FREEDOM","SOVERN NATION","EQUAILTY","RIGHTS",6,6,6,4,"no vote",NA,NA,4,3,3,"female",38,"multi/non-hisp","some coll","$20,000 to $24,999","trustgov","radchange","ampride","antiest","demsatis","OK",10,5,3,7,"11/21/2024 10:06"
3387,"brkn",4.75,1,4,4,7,4,5.25,"Honesty","The way the law is now in the world. The one's placed in charge not the right one. Power struggle in the world don't exist.",0,"Honesty","Trust","Loyalty","Understanding","Faith",7,4,4,4,"no vote",NA,NA,4,3,5,"male",41,"hisp","less HS","$5,000 to $9,999","ampride","radchange","demsatis","antiest","trustgov","PA",11,6,1,2,"11/19/2024 18:03"
3388,"ctrl",5.75,5,4,3,7,4,5.58333333333333,"Liberty","My individual freedom. I am free to speak what’s on my mind.  Religion as I can worship who I want and when I want.",0,"Liberty","Equality","Justice","Democracy","Law",5,7,4,7,"vote","trump",NA,4,3,3,"female",55,"white/non-hisp","bachelors","$150,000 to $174,999","antiest","ampride","trustgov","demsatis","radchange","NJ",2,1,1,2,"11/20/2024 3:15"
3390,"brkn",4.75,4,4,4,6,4,4.91666666666667,"Integrity","The U.S. is not living up to its promise by electing people who do not exemplify what our country stands for, but rather exemplify what is best for them.  There doesn't seem to be much honor in our elected officials as there was in the past with our leaders.  It makes me sad to see what our nation has deteriorated to and become..  It's a sad day for our country, and I continue to pray that  we don't elect lying, cheating, people with such a lack of character, but then we just did.",0,"Integrity","Honor","Dedication to do the right thing","Possibility of achieving anything","determiniation",5,4,4,6,"vote","harris",NA,1,1,3,"female",72,"white/non-hisp","bachelors","$50,000 to $59,999","demsatis","antiest","radchange","trustgov","ampride","TX",1,5,3,7,"11/19/2024 18:44"
3401,"brkn",4.75,4,4,3,5,4,4.58333333333333,"Acceptance","In the USA is says that we are for each other and we are free here. In reality we are not because they are dividing it every day with more racism.",0,"Acceptance","Love","Stability","98","98",6,5,4,4,"vote","harris",NA,1,1,3,"female",33,"black/non-hisp","HS","$25,000 to $29,999","ampride","demsatis","trustgov","radchange","antiest","MO",1,1,2,4,"11/20/2024 0:40"
3403,"kept",5.25,3,3,4,3,5,4.41666666666667,"Democracy","The US holds regular elections where citizens can vote for their representatives. Americans have the right to express their opinions and gather peacefully.",0,"Individualism, personal freedom, responsibility","Equality","Liberty, free speech","Democracy","Opportunity",5,6,5,5,"vote","harris",NA,4,3,3,"female",54,"white/non-hisp","some coll","$125,000 to $149,999","radchange","ampride","demsatis","trustgov","antiest","NC",2,1,3,5,"11/24/2024 8:27"
3410,"ctrl",3.25,5,2,6,1,6,3.41666666666667,"NATION UNDER GOD","EACH PERSON CHOOSES HOW AND WHERE THEY WANT TO SEEK AND WORSHIP GOT. SOME PEOPLE DON'T EVEN BELIEVE IN GOD AND THATS THEIR RIGHT IN THIS LIFE.",0,"FREEDOM FOR ALL","NATION UNDER GOD","ALL ARE EQUAL","FREEDOM OF SPEACH","FREEDOM OF PRESS",4,3,2,4,"vote","trump",NA,5,4,4,"male",79,"white/non-hisp","some coll","$60,000 to $74,999","demsatis","radchange","antiest","trustgov","ampride","PA",2,5,1,2,"11/19/2024 18:40"
3421,"kept",4,5,4,2,6,4,4.66666666666667,"freedom","American vision of freedom is most embodied during each individuals daily drive to achieve their individual dreams and goals. In this country, there is nothing greater than exercising said freedom",0,"pursuit of happiness","freedom","individualism","equality","purpose",7,3,1,5,"no vote",NA,NA,1,1,1,"male",30,"hisp","bachelors","$30,000 to $34,999","ampride","antiest","trustgov","radchange","demsatis","GA",2,1,3,5,"11/23/2024 9:36"
3422,"kept",5.5,4,2,4,7,6,6.16666666666667,"Financially motivated","Won’t budge unless it has to do with money or oil. Can’t be a millionaire without having most of your money stolen by taxes. Greed for land and power through war.",0,"Independence","Multicultural","Financially motivated","Militant force","Land of innovation",6,6,6,4,"no vote",NA,NA,5,4,4,"male",31,"hisp","some coll","$40,000 to $49,999","radchange","trustgov","ampride","antiest","demsatis","IL",12,1,2,3,"11/29/2024 16:45"
3424,"kept",4,4,4,5,6,4,4.66666666666667,"Democracy","Elections are free, fair and power is freely transferred without foreign interference. 
Politicians should honor the will of the people.",0,"Freedom","Individuality","Independence","Free trade","Democracy",6,5,2,3,"vote","harris",NA,1,1,1,"male",42,"other/non-hisp","masters","$150,000 to $174,999","demsatis","trustgov","ampride","radchange","antiest","VA",9,5,3,5,"11/20/2024 21:45"
3425,"ctrl",4,4,5,4,4,3,3.66666666666667,"Freedom","The power or right to act. 
The power to speak. The power to act. The power to do what one wants to do without hindrance",0,"Freedom","Liberty","Equality","Encouragement","Idk",4,4,4,4,"no vote",NA,NA,4,3,3,"female",22,"white/non-hisp","HS","$50,000 to $59,999","ampride","trustgov","radchange","antiest","demsatis","GA",12,7,3,5,"11/24/2024 22:32"
3427,"ctrl",5.5,4,2,1,6,6,5.83333333333333,"Right to bare arms","The ability to have a firearm to protect My family andmyself from all threats foreign and domestic.",0,"Freedom of speech","Right to bare arms","Close the border","Improve the economy","Remove the corruption from the government",6,5,5,6,"no vote",NA,NA,5,4,5,"male",48,"white/non-hisp","HS","$5,000 to $9,999","radchange","antiest","trustgov","ampride","demsatis","PA",11,2,1,2,"11/20/2024 11:02"
3429,"brkn",5,5,5,5,4,3,4,"Rights","Freedom of choice, and the rights to choose what you want, and you're freedom to do so, that is your decision",0,"Freedom","Choice","Liberty","Rights","Value",5,6,5,4,"vote","trump",NA,7,5,3,"male",63,"hisp","some coll","$10,000 to $14,999","trustgov","radchange","ampride","demsatis","antiest","CA",12,5,4,9,"11/20/2024 9:45"
3431,"brkn",6.25,4,1,2,4,7,5.75,"Freedom of Religion","Christian values systematically barred from expression or being practised. Govt hostile to Chistians",0,"Freedom of Religion","Freedom of Speech","Freedom from Fear","Freedom from Persecution","Protection of Property",6,6,7,6,"vote","trump",NA,5,4,4,"male",72,"white/non-hisp","masters","$50,000 to $59,999","radchange","trustgov","antiest","demsatis","ampride","FL",12,5,3,5,"11/19/2024 22:35"
3436,"brkn",2.5,4,5,6,3,3,2.83333333333333,"Democracy","Political leaders that threaten retaliation to those in opposition. Leaders that attempt to circumvent the U S Constitution.",0,"Freedom","Diversity","Democracy","Equality","Indidualism",4,2,2,2,"vote","harris",NA,2,1,3,"male",76,"white/non-hisp","masters","$100,000 to $124,999","antiest","radchange","ampride","demsatis","trustgov","IL",2,5,2,3,"11/24/2024 13:17"
3439,"kept",5,1,2,1,6,6,5.66666666666667,"Equality of all people","It is not living up to this promise at all. We allow women, minorities, immigrants, refugees, criminals, the homeless, the disabled, and others to be disenfranchised",0,"Equality of all people","True democracy","Opportunity for a comfortable life","Freedom to speak and worship freely","A fair, equitable judicial system",7,7,3,3,"vote","harris",NA,1,1,2,"female",45,"white/non-hisp","masters","$85,000 to $99,999","ampride","demsatis","radchange","antiest","trustgov","MI",11,1,2,3,"11/19/2024 19:13"
3441,"kept",4.25,3,5,5,5,3,4.08333333333333,"Hardworking","It promises those who are hardworking that you can live the American Dream. You have to desicate time and effort to make it possible, sacrifices must be done.",0,"Loyalty","Honesty","Integrity","Hardworking","Dedication",4,5,6,2,"no vote",NA,NA,5,4,3,"male",34,"hisp","bachelors","$60,000 to $74,999","trustgov","radchange","antiest","ampride","demsatis","CA",2,1,4,9,"11/27/2024 14:37"
3451,"kept",6,4,3,6,2,5,4.33333333333333,"Freedoms in general","People do not like to think to but we do have plenty of freedoms here especially compared to other countries beyond lucky isn't enough to say it. We can do what ever we want there may be consequences but we can still do whatever we want as Americans",0,"Freedom of speech","Freedoms in general","Diversity","Economy","Guns/protection",7,6,5,6,"vote","trump",NA,5,4,4,"female",51,"multi/non-hisp","some coll","$75,000 to $84,999","antiest","demsatis","radchange","trustgov","ampride","CA",11,1,4,9,"11/21/2024 20:18"
3455,"brkn",6.25,5,2,1,6,6,6.08333333333333,"freedom","Our freedom of speech is constantly under scrutiny and we are being punished if we say how we feel.  We no longer have the right to voice our opinion if it is different from the government.",0,"truth","freedom","checks and balances","limited government","republicanism",5,7,6,7,"vote","trump",NA,5,4,4,"female",65,"white/non-hisp","some coll","$50,000 to $59,999","antiest","trustgov","radchange","demsatis","ampride","NJ",1,1,1,2,"11/20/2024 11:22"
3458,"ctrl",4,5,4,4,5,4,4.33333333333333,"Equality","Equality is recognizing at humans all have the same value. It's being treated fairly.Also it's a state of being where everyone has equal rights and opportunities",0,"Diversity","Individualism","Equality","Unity","Liberty",4,4,4,4,"no vote",NA,NA,4,3,2,"female",26,"black/non-hisp","HS","$20,000 to $24,999","radchange","trustgov","demsatis","antiest","ampride","TX",1,1,3,7,"11/19/2024 17:02"
3463,"ctrl",4.5,4,4,6,4,4,4.16666666666667,"freedom","Freedom is being able to choose how to live without worrying about going to jail or living in fear of harassment",0,"prosperity","opportunity","freedom","right to live how you want","peace",4,5,5,4,"vote","trump",NA,7,5,4,"female",42,"white/non-hisp","bachelors","$75,000 to $84,999","antiest","ampride","radchange","demsatis","trustgov","TX",12,7,3,7,"11/20/2024 22:28"
3477,"kept",5.25,4,4,4,5,4,4.75,"Freedom","Freedom should always be part of the United States.No one should be able to take your freedom regardless of any race.",0,"Freedom","Service","Equality","Compention","Invention",6,6,6,3,"vote","harris",NA,2,1,3,"female",46,"hisp","some coll","$100,000 to $124,999","ampride","trustgov","antiest","demsatis","radchange","CA",2,1,4,9,"11/19/2024 14:19"
3500,"kept",4,5,3,4,4,5,4.33333333333333,"Independence","By governing ourselves without any foreign influence and allowing it's citizens to pursue their goals and dreams.",0,"Freedom of Religion","Opportunity","Freedom of Speech","Justice","Independence",2,4,4,6,"vote","trump",NA,7,5,4,"male",62,"hisp","some coll","$85,000 to $99,999","ampride","radchange","demsatis","antiest","trustgov","CA",2,1,4,9,"11/20/2024 11:13"
3509,"ctrl",4.75,4,3,5,3,5,4.25,"liberty","Liberty emcompasses freedom in all formats: religion, choice, voting, representation, speech, the press, and information.",0,"life","liberty","pursuit of happiness","representation","freedom",2,5,7,5,"no vote",NA,NA,5,4,3,"male",50,"white/non-hisp","some coll","$60,000 to $74,999","radchange","antiest","demsatis","ampride","trustgov","TN",1,1,3,6,"11/25/2024 14:46"
3524,"brkn",4,5,7,7,4,1,3,"unity","The U.S. is ran by someone who don't care about the people.  The U.S. has no voice. The U.S. makes it own decisions.",0,"love","unity","helpful","universe","service",4,4,4,4,"vote","harris",NA,1,1,1,"female",50,"black/non-hisp","masters","$50,000 to $59,999","radchange","antiest","ampride","trustgov","demsatis","MS",12,1,3,6,"11/23/2024 8:23"
3527,"brkn",6.5,3,3,4,6,5,5.83333333333333,"Health","They said we have the affordable care act. It helps people but not enough. We need more for the working people. All of the working people pay for taxes. So we should have help we should be the number one priority for help.",0,"Health","Karen for adults","Mental","Physical","And a safe place.",7,5,7,7,"no vote",NA,NA,6,5,3,"female",39,"hisp","some coll","$25,000 to $29,999","ampride","demsatis","radchange","trustgov","antiest","NC",2,1,3,5,"11/21/2024 17:33"
3532,"brkn",4,5,4,4,4,4,4,"Family","We have people starving in this country yet we send more money and more relief over seas, we need to support our own people. To bring jobs and prosperity back to the United states",0,"Character","Family","God","Comminity","Counrry",4,4,4,4,"vote","trump",NA,6,5,3,"male",41,"white/non-hisp","less HS","$125,000 to $149,999","trustgov","antiest","demsatis","ampride","radchange","PA",2,1,1,2,"11/20/2024 8:54"
3534,"kept",4.5,4,4,3,3,4,3.83333333333333,"Liberty","I’m not sure it is still being lived up to. What’s the point of being free if that freedom is regulated?",0,"Life","Liberty","Pursuit of happiness","Integrity","Respect",5,5,5,3,"no vote",NA,NA,1,1,3,"female",47,"white/non-hisp","some coll","$75,000 to $84,999","ampride","antiest","trustgov","radchange","demsatis","FL",1,2,3,5,"11/23/2024 18:46"
3540,"ctrl",3.75,5,4,6,3,4,3.58333333333333,"Democracy","People hold the power to make decisions for justice for all by electing representatives.  People can have a say in decisions.",0,"Equality","Independence 7","Rights","Liberty","Democracy",5,5,2,3,"vote","harris",NA,1,1,3,"female",65,"white/non-hisp","some coll","$40,000 to $49,999","demsatis","radchange","antiest","trustgov","ampride","PA",2,5,1,2,"11/20/2024 17:18"
3542,"ctrl",3.75,3,2,4,4,6,4.58333333333333,"Liberty","Liberty is to  be free from tyranny and to self rule.  To  be able to choose your own leaders that is elected by the people and for the elected government to do what is in the best interest of the common good and not for self.",0,"Life","Liberty","Pursuit of Happines","Freedom","Truth",3,4,4,4,"vote","trump",NA,4,3,3,"male",63,"asian/non-hisp","bachelors","$175,000 to $199,999","radchange","demsatis","ampride","antiest","trustgov","CA",12,5,4,9,"11/21/2024 10:13"
3566,"kept",4.5,3,4,1,6,4,4.83333333333333,"checks and balances","checks and balances SHOULD  be carried out by having three separate, but equal, governmental bodies that run a democracy.  Sadly, it is not as effective as it used to be.",0,"equality","pursuit of happiness","balance of power","checks and balances","equal justice",6,5,4,3,"vote","harris",NA,2,1,2,"male",78,"white/non-hisp","masters","$40,000 to $49,999","radchange","antiest","ampride","demsatis","trustgov","MN",14,5,2,4,"11/20/2024 13:04"
3576,"ctrl",3,5,6,7,4,2,3,"Freedom of the Speech Religion","To be able to say what you wanna say with no fear of retribution.  To practice whatever religion and God you want to follow freely.",0,"Life","Liberty","And the pursuit of happiness","Freedom of the Speech Religion","Strong defense",4,3,3,2,"vote","trump",NA,7,5,5,"male",68,"white/non-hisp","HS","$40,000 to $49,999","antiest","ampride","radchange","demsatis","trustgov","OH",1,5,2,3,"11/19/2024 18:23"
3585,"brkn",5.25,5,4,3,6,4,5.08333333333333,"plenty of money","I misunderstood the question.  I listed what I think is now the values of our country not what it used to be.",0,"plenty of money","holding a position","must be educated","98","98",6,6,6,3,"vote","trump",NA,7,5,5,"female",86,"white/non-hisp","bachelors","$20,000 to $24,999","antiest","trustgov","ampride","radchange","demsatis","WI",1,5,2,3,"11/21/2024 12:16"
3604,"kept",3.75,4,4,6,4,4,3.91666666666667,"Law","The very and I mean absolutely great thing about the country United States of America is ,it abide by the law.",0,"Capitalism","Security","Law","Citizen","Unity",4,4,3,4,"no vote",NA,NA,4,3,2,"male",30,"asian/non-hisp","some coll","$50,000 to $59,999","radchange","trustgov","ampride","demsatis","antiest","FL",6,1,3,5,"11/20/2024 18:16"
3622,"ctrl",5.5,5,1,2,5,7,5.83333333333333,"Freedom","Freedom to voice opions, beliefs of religion, to have representation in a court of law, freedom presude happiness",0,"Freedom","Happiness","To bear arms","Freedom of speech","Equality",7,7,7,1,"no vote",NA,NA,2,1,3,"female",60,"hisp","less HS","$20,000 to $24,999","radchange","antiest","demsatis","trustgov","ampride","TX",2,4,3,7,"11/19/2024 20:06"
3629,"kept",4,5,7,6,1,1,2,"Honest","Not make things up, talk about the law as the law, not a suggestion. Talk about others in a true manner.",0,"Fair","Honest","Deciplined","Faithful","Religious",4,4,4,4,"vote","harris",NA,1,1,3,"female",76,"white/non-hisp","HS","$15,000 to $19,999","antiest","ampride","demsatis","radchange","trustgov","WI",12,5,2,3,"11/20/2024 18:07"
3633,"brkn",7,5,2,2,7,6,6.66666666666667,"Freedom","Freedom in USA is very debatable.  In reality, USA governments rule and control US citizens and none citizens.  Government based freedom - from health issue to freedom of choice.  Abolish electoral vote - it is so obsolete.  If you control health insurance and medicines, make them afforable.  No one make money like the government officials - in millions of $ income.",0,"Freedom","Equality","Justice","democratic","efficience and no corruption",7,7,7,7,"vote","harris",NA,4,3,2,"male",59,"asian/non-hisp","bachelors","$85,000 to $99,999","antiest","ampride","radchange","trustgov","demsatis","GA",7,1,3,5,"11/20/2024 8:02"
3634,"ctrl",5,4,5,6,5,3,4.33333333333333,"equality","equality is society giving each person the same rights and opportunities with respect to their age ,abilities,and other relevant factors.",0,"liberty","equality","democracy","nationalism","individualism",5,5,5,5,"vote","trump",NA,2,1,4,"male",31,"hisp","some coll","$15,000 to $19,999","demsatis","trustgov","ampride","antiest","radchange","CA",11,2,4,9,"11/19/2024 16:28"
3653,"brkn",6.25,3,1,1,6,7,6.41666666666667,"Freedom","When the losers in Washington make laws that violate our constitutional liberties. Not listening to the people.",0,"Life","Liberty","The pursuit of happiness","Freedom","Equality",6,6,7,6,"vote","trump",NA,4,3,3,"female",42,"white/non-hisp","HS","$15,000 to $19,999","ampride","demsatis","radchange","antiest","trustgov","MO",12,3,2,4,"11/23/2024 18:50"
3657,"kept",4.5,4,3,1,3,5,4.16666666666667,"Lower cost  living","Stop helping other country more than its own that way we  don’t have to pay back in so much taxes on everything because the people are trying to pay back what the government has messed up",0,"Lower cost  living","Heathcare","Freedom of expression","Freedom of religion","Freedom of speech",3,5,3,7,"vote","trump",NA,3,2,3,"male",24,"white/non-hisp","HS","$30,000 to $34,999","demsatis","radchange","ampride","trustgov","antiest","FL",10,1,3,5,"11/20/2024 20:03"
3659,"ctrl",7,3,1,1,6,7,6.66666666666667,"Freedom","Freedom is the ability to govern your own body and decisions without effecting others. Freedom of speech is what sets us apart in the world by letting us shape the world we live in.",0,"Respect","Freedom","Accountability","Honesty","Altruism",7,7,7,7,"vote","trump",NA,3,2,3,"male",32,"white/non-hisp","HS","$85,000 to $99,999","radchange","demsatis","antiest","trustgov","ampride","CO",11,1,4,8,"11/20/2024 7:37"
3661,"kept",4.5,5,4,6,3,4,3.83333333333333,"Freedom of religion","Free to worship when and where we choose fre to choose which religion to worship freedom to worship openly and pray openly",0,"Freedom","Free speech","Equal rights","Freedom of press","Freedom of religion",5,5,5,3,"vote","harris",NA,4,3,3,"male",56,"white/non-hisp","HS","$50,000 to $59,999","trustgov","ampride","antiest","demsatis","radchange","IN",1,1,2,3,"11/20/2024 5:39"
3671,"brkn",5.5,2,1,1,7,7,6.5,"Separation of church and state","10 commandments displayed on school grounds.
In God we trust on currency 
Thoughts and Prayers announced after each mass shooting by government officials.",0,"Free speech","Freedom of religion","Pursuit of happiness","Separation of church and state","Fair treatment under the law",1,7,7,7,"vote","harris",NA,1,1,1,"female",67,"white/non-hisp","some coll","$35,000 to $39,999","demsatis","trustgov","ampride","radchange","antiest","OH",11,1,2,3,"11/21/2024 0:01"
3673,"kept",5,3,3,3,5,5,5,"Religious freedom","Valid elections.  Religious freedom.  Law enforcement that does its job.  Open opportunities for minorities.",0,"Freedom of speech","Freedom to assemble","Religious freedom","Freedom to not quarter a militia","Equal protection",6,6,2,6,"vote","harris",NA,3,2,3,"male",56,"white/non-hisp","masters","$175,000 to $199,999","antiest","radchange","demsatis","trustgov","ampride","GA",2,1,3,5,"11/19/2024 21:43"
3678,"kept",6.25,2,2,2,6,6,6.08333333333333,"Freedom","They protect our freedoms listed in the bill or rights. Our right to free speech, to own a gun, to assemble peacefully, and so on and so forth. These rights still exist today and I don’t see them changing anytime soon.",0,"Life","Liberty","Pursuit of Happiness","Freedom","Equality",6,6,7,6,"vote","trump",NA,4,3,3,"female",25,"white/non-hisp","some coll","$50,000 to $59,999","trustgov","ampride","demsatis","radchange","antiest","CO",10,1,4,8,"11/22/2024 16:52"
3682,"brkn",3.25,5,2,2,7,6,5.41666666666667,"Honor","We are not honoring the people within the US by not helping our homeles veterans and helping immigrants.",0,"Honor","Duty","Respect","Selfless duty","Compassion",2,5,3,3,"vote","trump",NA,7,5,4,"male",30,"hisp","some coll","$50,000 to $59,999","demsatis","radchange","ampride","antiest","trustgov","CA",2,1,4,9,"11/29/2024 17:50"
3686,"kept",6.75,1,1,2,5,7,6.25,"Democracy","The people have the right vote for their elected officials. The separation of powers is designed to keep that democracy in tact.",0,"Freedom","Democracy","Equality","Liberty","Justice",7,7,7,6,"no vote",NA,NA,2,1,2,"female",38,"white/non-hisp","some coll","$85,000 to $99,999","radchange","demsatis","trustgov","ampride","antiest","NY",9,1,1,2,"11/22/2024 7:38"
3689,"kept",6.25,3,2,6,2,6,4.75,"Freedom from persecution","It isn’t there is too much racial tension hatred from people who think they speak for all Americans and the silent majority that just sits there and let’s it happen",0,"Freedom of religion","Freedom of speech","Pursuit of happiness","Ability to better oneself","Freedom from persecution",7,7,6,5,"vote","harris",NA,4,3,3,"female",74,"white/non-hisp","bachelors","$85,000 to $99,999","antiest","radchange","ampride","trustgov","demsatis","MI",1,1,2,3,"11/25/2024 18:33"
3692,"ctrl",5.75,2,2,4,5,6,5.58333333333333,"Taxation","Not sure what do you want me to say here. The truth is, it’s hard to pinpoint one representation that the US should stand for. I got nothing to add here",0,"Freedom","Liberty","Taxation","Strength","Oligarchs",6,6,5,6,"vote","other","Not going to state it here",4,3,3,"male",38,"hisp","bachelors","$40,000 to $49,999","demsatis","ampride","trustgov","radchange","antiest","TX",9,1,3,7,"11/19/2024 22:20"
3694,"brkn",5,4,2,2,7,6,6,"Representative governance","The first way we are not living up to this value is the failure of the senate to modernize its rules. The filibuster and other Byzantine rules hamper the ability of the House of Representatives to actively represent the population all in the name of protecting states rights. The second way is the electoral college. This system makes most votes irrelevant, and coupled with partisan districting this means that only a handful of places and voters end up deciding federal elections for the top positions of government. The third way the system is not representative is the lack of transparency regarding our colonies and dependencies like Porto Rico and Guam which do not have official congressional representation yet all the same demands as other citizens.",0,"Representative governance","Property rights","Religious freedom","No hereditary aristocracy","Commercial protections",7,6,2,5,"vote","other","Cornel West",2,1,1,"male",35,"white/non-hisp","bachelors","$40,000 to $49,999","ampride","trustgov","radchange","demsatis","antiest","CO",9,1,4,8,"11/21/2024 18:19"
3697,"kept",4.75,5,1,5,4,7,5.25,"Freedom","Freedom to voice you opinion, to pursue what makes you happy as long as it doesn't hurt others and to have privacy.",0,"Freedom","Safety","Economy","Right to self-protect","Stability",2,5,7,5,"vote","trump",NA,5,4,3,"female",73,"white/non-hisp","bachelors","$30,000 to $34,999","radchange","trustgov","antiest","demsatis","ampride","WA",1,1,4,9,"11/22/2024 5:35"
3699,"ctrl",4.5,5,3,4,7,5,5.5,"freedom","the power to speak or think as one wants without restraint. the quality of being free from servitude and constraint.",0,"freedom","equality","order","liberty","individualism",5,5,5,3,"vote","trump",NA,5,4,2,"female",32,"hisp","masters","$50,000 to $59,999","demsatis","radchange","ampride","antiest","trustgov","FL",2,2,3,5,"11/19/2024 18:21"
3701,"brkn",5.5,4,2,3,5,6,5.5,"freedom","We have taken away the peoples rights based on the rights provided by our constitution.  Politicians are trying to change the laws upon which this country was founded.",0,"pride","freedom","leadership","helpful","enlightening",6,6,4,6,"vote","trump",NA,5,4,4,"female",60,"white/non-hisp","some coll","$100,000 to $124,999","trustgov","ampride","demsatis","antiest","radchange","CA",12,1,4,9,"11/19/2024 16:43"
3702,"ctrl",4,4,4,4,4,4,4,"Freedom","The freedom to choose in life. The freedom to speak your mind. The freedom to move around freely without restrictions. The freedom of choice and freedom of speech is the right thing for everyone in America and every citizen in America is entitled to choose their own way. The freedom of expression and the freedom to express yourself as you w.",0,"Freedom","Freedom of speech","The pursuit of happiness","Democracy","Bear arms",4,4,4,4,"vote","harris",NA,1,1,2,"male",46,"black/non-hisp","HS","$25,000 to $29,999","antiest","radchange","ampride","demsatis","trustgov","MO",1,1,2,4,"11/19/2024 18:22"
3707,"kept",4.75,5,4,4,4,4,4.25,"Honesty","Ways to do right for the people. Keeping them safe & helping with the health care system. Following through on what they promise.",0,"Promise","Dedication","Honesty","Value","Keep us safe",5,4,4,6,"no vote",NA,NA,4,3,NA,"female",75,"white/non-hisp","less HS","$10,000 to $14,999","trustgov","radchange","demsatis","antiest","ampride","DE",1,1,3,5,"11/24/2024 19:35"
3710,"ctrl",3.75,3,5,3,3,3,3.25,"Honesty","Being truthful to the nation about changes to economy. Having no hidden agenda that benefits the rich.",0,"Honesty","Integrity","Diversity","Equality","Justice",4,4,4,3,"no vote",NA,NA,6,5,3,"male",49,"hisp","some coll","$75,000 to $84,999","radchange","antiest","demsatis","trustgov","ampride","CA",11,1,4,9,"11/19/2024 15:19"
3734,"ctrl",4.75,3,3,3,5,5,4.91666666666667,"Freedom","Freedom allows people to live their life the way they want. Freedom gives people the opportunity to pursue their dreams.",0,"Freedom","Opportunity","Wealth","Diversity","Hope",5,5,5,4,"vote","other","I don't recall",3,2,3,"male",35,"hisp","some coll","$100,000 to $124,999","trustgov","demsatis","ampride","antiest","radchange","OH",2,1,2,3,"11/20/2024 18:44"
3742,"brkn",4.25,3,2,2,6,6,5.41666666666667,"Freedom","It's free market strategy leads to more predatory and dibilitating practices that favor the wealth rather than everyone. There are clear strong biases to help only those who hold power, for example the older generation is often more supported by our government because they consistently vote.",0,"Independence","Wealth","Freedom","Equality","Guns",6,4,3,4,"vote",NA,NA,5,4,3,"male",19,"white/non-hisp","less HS","$75,000 to $84,999","antiest","demsatis","ampride","radchange","trustgov","VA",1,7,3,5,"11/20/2024 8:43"
3743,"ctrl",5.75,5,1,2,4,7,5.58333333333333,"individual rights","My right to speak freely, my right to live as I choose, and to have complete freedom to do as I wish, provided it remains within the LAW AS Written",0,"Freedom","Equality","Liberty","Sovereignty","individual rights",7,5,5,6,"no vote",NA,NA,4,3,3,"male",77,"white/non-hisp","some coll","$25,000 to $29,999","demsatis","ampride","trustgov","antiest","radchange","MN",9,5,2,4,"11/19/2024 17:05"
3751,"ctrl",6,5,4,1,5,4,5,"FREEDOM","FREEDOM FOR EACH AND EVERY CITIZEN.  TO CHOSE LIFE, LIBERTY AND CHOICE OF RELIGION.  WE HAVE THE CHOICE OF WHERE AND WHAT WE DO.",0,"FREEDOM","PEACE","DEMOCRACY","UNITY","EQUALITY",6,6,6,6,"vote","trump",NA,7,5,3,"female",60,"white/non-hisp","some coll","$40,000 to $49,999","trustgov","demsatis","radchange","antiest","ampride","TX",3,1,3,7,"11/27/2024 13:18"
3753,"ctrl",4.75,5,3,4,4,5,4.58333333333333,"Freedom for all","Every US citizen should have the freedom to live their lives as they choose as long as they don't break laws or hurt others to achieve their so freedom",0,"Freedom for all","Justice","Religious freedoms","Everyone is eqyal","Pursuit of happiness",4,6,5,4,"no vote",NA,NA,7,5,3,"female",64,"white/non-hisp","HS","$20,000 to $24,999","ampride","radchange","trustgov","demsatis","antiest","TX",12,1,3,7,"11/21/2024 13:46"
3760,"brkn",3.75,5,5,4,4,3,3.58333333333333,"freedom","To me they have lived up to that response. I still get to have the freedom of speech, religion, and opinion",0,"freedom","speech","religion","politics","money",3,4,5,3,"no vote",NA,NA,4,3,3,"female",22,"hisp","some coll","$75,000 to $84,999","demsatis","trustgov","antiest","ampride","radchange","TX",2,1,3,7,"11/19/2024 17:08"
3771,"kept",6.5,5,1,1,7,7,6.83333333333333,"Equality","The United States of America is living up to its promise of Equality in all different categories. Marriage, Gender, Income, Disabled, LGBTQ, etc….",0,"Equality","Individualism","Independence and Self Reliance","Privacy","Democracy",7,7,6,6,"vote","trump",NA,6,5,4,"female",60,"other/non-hisp","HS","$40,000 to $49,999","trustgov","antiest","demsatis","radchange","ampride","NY",1,2,1,2,"11/19/2024 18:28"
3780,"brkn",4.75,NA,4,5,6,4,4.91666666666667,"Equality","Equality  among  the women  and  men  in the  workplace,  in  taking important yet tough  decisions.",0,"Freedom of speech","Freedom to express","Equality","Democratic rights","Voting",5,6,6,2,"no vote",NA,NA,4,3,1,"female",32,"asian/non-hisp","bachelors","$100,000 to $124,999","demsatis","ampride","trustgov","radchange","antiest","MI",8,3,2,3,"11/22/2024 14:59"
3782,"kept",5,4,3,5,2,5,4,"Freedom","I'm free to do as I choose. There is no one who tells me what to do or when to do it. That's freedom in my opinion.",0,"Freedom","Democracy","Personal rights","Choice","Pride",5,5,5,5,"vote","harris",NA,4,3,3,"male",46,"white/non-hisp","some coll","$60,000 to $74,999","radchange","demsatis","trustgov","ampride","antiest","MI",11,1,2,3,"11/20/2024 2:32"
3783,"ctrl",6.25,5,5,4,7,3,5.41666666666667,"consist of independance","Independence to me is to have the ability to live your life freely according to the laws of the land",0,"consist of independance","freedom of speech","equality for all","right to privacy","right to proper trials",7,7,7,4,"vote","trump",NA,6,5,4,"female",45,"white/non-hisp","HS","$50,000 to $59,999","radchange","ampride","trustgov","antiest","demsatis","MD",1,1,3,5,"11/19/2024 19:15"
3785,"ctrl",3.5,4,2,5,3,6,4.16666666666667,"Right to Life Liberty and the pursuit of Happiness","The government shall not infringe on the personal liberties of its citizens or their ability to prosper",0,"Freedom of Religion","The right to bear arms","Freedom of speech","Right to Life Liberty and the pursuit of Happiness","A representative democracy",3,3,3,5,"vote","trump",NA,7,5,5,"male",45,"white/non-hisp","some coll","$125,000 to $149,999","demsatis","antiest","ampride","trustgov","radchange","PA",1,1,1,2,"11/19/2024 20:19"
3786,"ctrl",4,4,2,2,2,6,4,"Equality for all","All people male , female, black, white, brown or green are equal in the eyes of the government. All are entitled to the same rights, privileges, and benefits without regard to race, religion, or sex.",0,"Equality for all","Freedom of religion","Freedom of speech","Free press","Fair elections",7,5,2,2,"vote","harris",NA,3,2,3,"female",68,"multi/non-hisp","masters","$125,000 to $149,999","antiest","ampride","radchange","trustgov","demsatis","MI",2,1,2,3,"11/22/2024 9:51"
3787,"brkn",4.75,2,3,3,4,5,4.58333333333333,"freedom","Certain groups in the country are discriminated against. This means that freedom is not always gaurenteed.",0,"freedom","justice","equality","liberty","power",5,6,6,2,"vote","harris",NA,1,1,3,"male",21,"white/non-hisp","HS","$150,000 to $174,999","trustgov","ampride","antiest","demsatis","radchange","WI",2,1,2,3,"12/1/2024 22:22"
3792,"kept",4,5,3,4,4,5,4.33333333333333,"Value","Government Affordable housing for the homeless, giving back to the community and helping the needy in need",0,"Money","Independent","Value","Respect","Honestly",4,4,4,4,"no vote",NA,NA,3,2,1,"male",32,"black/non-hisp","HS","$20,000 to $24,999","radchange","antiest","trustgov","demsatis","ampride","MI",11,1,2,3,"11/21/2024 12:27"
3800,"ctrl",5.5,NA,2,7,7,6,6.16666666666667,"Patriotism","Patriotism is believing in your country over yourself. Realizing that without the sacrifice of individuals none of this would be possible.",0,"Integrity","Faith","Honor","Patriotism","Trust",3,6,6,7,"vote","trump",NA,7,5,5,"male",42,"white/non-hisp","bachelors","$60,000 to $74,999","ampride","trustgov","antiest","demsatis","radchange","MO",1,2,2,4,"11/22/2024 8:02"
3807,"kept",7,1,1,1,7,7,7,"Freedom","The US is not living up to its promise of freedom in this democracy. We have backtracked so hard and lost our values",0,"Freedom","Democracy","Integrity","Humility","Sanity",7,7,7,7,"vote","other","Jill Stein",4,3,1,"male",29,"white/non-hisp","bachelors","$30,000 to $34,999","antiest","demsatis","trustgov","ampride","radchange","TX",10,1,3,7,"11/27/2024 23:01"
3808,"ctrl",4.75,2,3,5,4,5,4.58333333333333,"Freedom","Freedom can include many different issues bound to the human person.  It can be freedom of/ from religion, press, speech, where you live, employment, who you marry, and so on.",0,"Freedom","Liberty","Rule of Law","Democracy","Equity",6,5,4,4,"vote","harris",NA,2,1,2,"male",38,"hisp","masters","$150,000 to $174,999","demsatis","radchange","antiest","ampride","trustgov","CO",2,1,4,8,"11/20/2024 8:15"
3814,"kept",3.75,1,4,1,1,4,2.91666666666667,"Freedom of religion","I don't think the majority does - they think for some reason that there is a mandate that we become a Christian nation",0,"Freedom of speech","Freedom of religion","Democratic republic","Habeus Corpus","No kings",7,3,2,3,"vote","harris",NA,3,2,3,"male",41,"multi/non-hisp","masters","$200,000 or more","trustgov","ampride","demsatis","antiest","radchange","MA",10,1,1,1,"11/19/2024 20:37"
3816,"kept",5.5,3,3,5,6,5,5.5,"Freedom","Making sure everyone is being heard, and their ideas are being heard. Whether everyone agrees or not the freedom of speech and being who you are has embarked what this country is.",0,"Religion","Freedom","Workforce","Education","Diplomacy",5,7,5,5,"no vote",NA,NA,6,5,4,"female",27,"hisp","some coll","$60,000 to $74,999","trustgov","antiest","ampride","radchange","demsatis","NC",1,1,3,5,"11/27/2024 22:24"
3820,"ctrl",5.5,2,3,2,6,5,5.5,"Becoming more strict","It appears that with the change in presidency, Trump wants to put stricter rules on the borders.  I don't think it's the Latinos/ Mexican Americans that need to be monitored as much as the overseas immigrants, such as Africa.",0,"Pretty good","Too lenient","Becoming more strict","Consumer heavy","Better for earth",7,5,5,5,"vote","harris",NA,2,1,3,"male",62,"white/non-hisp","some coll","$5,000 to $9,999","ampride","trustgov","radchange","antiest","demsatis","MN",14,5,2,4,"11/22/2024 13:04"
3821,"kept",6.5,5,1,1,7,7,6.83333333333333,"Limited government","The people have the freedom to own their own business...The people have right protected by government intrusion.",0,"Freedom of speech","Liberty","Checks and balances","Limited government","Separation of power",7,6,6,7,"vote","trump",NA,7,5,5,"male",58,"white/non-hisp","some coll","$85,000 to $99,999","trustgov","demsatis","radchange","antiest","ampride","FL",2,5,3,5,"11/23/2024 17:51"
3823,"kept",4,4,3,3,2,5,3.66666666666667,"Freedom","The US tries to stay out of the private business of most citizens, allowing them the freedom to choose what they want to do, how they want to worship, and where they want to live and travel.",0,"Liberty","Freedom","Opportunity","Equality","Self Rule",3,5,3,5,"vote","trump",NA,6,5,4,"male",56,"white/non-hisp","some coll","$200,000 or more","radchange","antiest","trustgov","demsatis","ampride","OH",2,4,2,3,"11/19/2024 18:33"
3839,"ctrl",5.25,2,2,6,6,6,5.75,"FREEDOM","Free to love who one chooses. Freedom of Religion, Free to choose what one does with their own body. Free to enter the Country and become a Citizen especially those escaping a Country when ones life is in danger due to gangs, drugs, abuse, firearms. Free to be oneself without Judgement",0,"FREEDOM","EQUALITY","OPPORTUNITY","HARD WORK","JUSTICE",6,5,5,5,"vote","harris",NA,1,1,2,"female",63,"white/non-hisp","some coll","$30,000 to $34,999","radchange","trustgov","ampride","antiest","demsatis","PA",12,6,1,2,"11/19/2024 21:24"
3840,"brkn",7,4,1,1,6,7,6.66666666666667,"Right to bear arms","They are alway trying to get ours guns. People talk all the time about restrictions. Or keeping us from carrying guns",0,"Equality","Freedom of speech","Right to bear arms","Separation of church and state","Freedom of religion",7,7,7,7,"vote","trump",NA,5,4,2,"female",67,"white/non-hisp","HS","$10,000 to $14,999","demsatis","antiest","trustgov","radchange","ampride","MO",1,5,2,4,"11/23/2024 13:21"
3842,"brkn",4,4,4,4,4,4,4,"Trust","The promise that is told to us to be honest with what they say they are going to do if this is not enough I am sorry I am done",0,"Trust","Truth","Honestly","Forgiveness","Care",4,4,4,4,"no vote",NA,NA,6,5,4,"male",62,"white/non-hisp","HS","$75,000 to $84,999","antiest","demsatis","ampride","radchange","trustgov","MN",2,2,2,4,"11/22/2024 21:03"
3843,"kept",3,3,4,3,3,4,3.33333333333333,"rule of law","The rule of law provides for equity and fairness in society.   Law is the foundation of the Us Constitution providing a voice, equity, fairness, and safety in our society.  The voice of self rule being the vote.   No dictators.",0,"rule of law","self determination","equity","commitment to freedom","responsibility to society",1,3,3,5,"vote","harris",NA,4,3,3,"male",57,"white/non-hisp","bachelors","$10,000 to $14,999","radchange","trustgov","demsatis","antiest","ampride","ID",12,6,4,8,"11/19/2024 18:43"
3852,"ctrl",4.25,2,3,2,5,5,4.75,"Freedom of speech","Being allowed to state anything that you desire (as long as it does not endanger others) without government or other entities precluding that speech.",0,"Freedom of thought","Freedom of speech","Freedom of assembly","Freedom of the press","Freedom of or from religion",6,5,3,3,"vote","harris",NA,1,1,1,"male",64,"white/non-hisp","masters","$200,000 or more","radchange","ampride","antiest","demsatis","trustgov","IL",9,1,2,3,"11/20/2024 1:22"
3856,"brkn",5,2,4,5,5,4,4.66666666666667,"Freedom","People are being punished for their sexual orientation.  Women are not allowed freedom of choice to carry out a pregnancy",0,"Freedom","Protection","Democracy","Pursuit of happiness","Life",5,6,5,4,"vote","harris",NA,2,1,2,"female",62,"white/non-hisp","HS","$125,000 to $149,999","trustgov","demsatis","antiest","ampride","radchange","CT",2,5,1,1,"11/19/2024 19:01"
3857,"kept",4,3,4,5,4,4,4,"Freedom","People is free to do wat they want now it not like before wen they treat people like slaves now there better jobs",0,"Freedom","Liberty","Equaty","Justice","Vision",4,4,4,4,"no vote",NA,NA,4,3,4,"female",36,"hisp","less HS","$25,000 to $29,999","antiest","trustgov","radchange","demsatis","ampride","CT",2,6,1,1,"11/20/2024 0:19"
3858,"brkn",4.5,4,2,4,5,6,5.16666666666667,"Ability to succeed","Rising college prices with less value in the education received. Higher costs of living, high personal and national debt",0,"Freedom","Justice","Community","Ability to succeed","Ability to grow wealth",3,5,5,5,"vote","trump",NA,7,5,5,"male",30,"hisp","bachelors","$50,000 to $59,999","ampride","antiest","radchange","trustgov","demsatis","FL",1,1,3,5,"11/19/2024 17:37"
3859,"ctrl",6,4,3,5,2,5,4.33333333333333,"Freedom for all","The ability to live, be educated and work where you choose. Freed from persecution . The ability to make decisions that are best for you and your family,
.",0,"Freedom for all","A strong defense.","Justice for all","Freedom of speech","The right to bear arms.",5,7,7,5,"vote","trump",NA,7,5,5,"male",76,"white/non-hisp","some coll","$40,000 to $49,999","demsatis","antiest","radchange","ampride","trustgov","TN",1,5,3,6,"11/19/2024 20:54"
3863,"kept",4.75,3,3,2,7,5,5.58333333333333,"Democracy","With the election of donald trump and his appointments there will be no democracy. We must change the voting laws to make the popular vote the deciding factor and requiring that all citizens over 18 vote. Elections should not be won by 100 million dollar social media campaigns",0,"Freedom","Opportunity","Legal protections","Democracy","Safety",5,4,3,7,"vote","harris",NA,1,1,3,"female",61,"white/non-hisp","bachelors","$15,000 to $19,999","demsatis","radchange","antiest","trustgov","ampride","NY",5,6,1,2,"11/19/2024 18:11"
3867,"kept",5,3,4,1,7,4,5.33333333333333,"equality for all","No discrimination by race, religion, sexual orientation, gender. Protection from illegal search. Free elections.",0,"freedom of religion","elected representatives","freedom from illegal search","pursuit of health","equality for all",5,6,4,5,"no vote",NA,NA,1,1,3,"male",70,"white/non-hisp","some coll","$75,000 to $84,999","trustgov","antiest","ampride","demsatis","radchange","NE",2,1,2,4,"11/21/2024 8:56"
3869,"kept",6.25,3,2,5,6,6,6.08333333333333,"Freedom","There seems to hope for freedom for individuals and businesses to thrive and not have their rights stripped away",0,"Freedom","Prosperity","Justice","Liberty","Growth",6,7,6,6,"vote","other","Private information",7,5,5,"female",47,"white/non-hisp","some coll","$125,000 to $149,999","demsatis","antiest","ampride","trustgov","radchange","CA",12,1,4,9,"11/28/2024 0:38"
3875,"brkn",5.5,5,1,1,7,7,6.5,"right to bare arms","they keep fucking with the second amendment ! they just need to shut the fuck up about it ! you are never going to get the guns that i have ! ever !!! so just shut the fuck up and move on ! i have a gun on my person as i am typing this note !",0,"freedom of speech","right to bare arms","no warrentless searches","right to fair trials","right to openly protest our fucked up govenment",1,7,7,7,"vote","trump",NA,6,5,4,"male",55,"white/non-hisp","HS","$200,000 or more","ampride","antiest","radchange","demsatis","trustgov","OR",14,2,4,9,"11/26/2024 17:00"
3878,"ctrl",4.5,5,5,4,5,3,4.16666666666667,"Freedom","Of what you choose, to do and of choices. And the inalienable right to to so, and guarantee in the constitution",0,"Freedom","Religion","Rights","Value s","Honor",5,4,5,4,"vote","trump",NA,7,5,3,"male",63,"hisp","some coll","$20,000 to $24,999","ampride","antiest","demsatis","trustgov","radchange","CA",1,5,4,9,"11/20/2024 18:22"
3885,"ctrl",5.25,3,2,3,7,6,6.08333333333333,"God","Joy, forgiveness, understanding, friendship, opportunity to try again unconditional love. i’m feeling to help others strive to do better love thy neighbor. Keep Hope good more values do good love strong.",0,"God","Family","Loyalty","Respect","Trust",6,7,1,7,"vote","trump",NA,4,3,2,"female",42,"black/non-hisp","some coll","$20,000 to $24,999","radchange","ampride","demsatis","trustgov","antiest","OH",12,1,2,3,"11/20/2024 10:02"
3888,"ctrl",4.5,4,3,3,4,5,4.5,"Freedom","The ability to worship as you choose, to speak openly, to pursue your dreams and to make your own choices.",0,"Freedom","Equality","Independence","Opportunity to advance","Diversity",5,5,5,3,"vote","harris",NA,2,1,2,"female",58,"white/non-hisp","bachelors","$60,000 to $74,999","ampride","antiest","demsatis","radchange","trustgov","SD",1,5,2,4,"11/19/2024 18:54"
3896,"ctrl",4,4,5,6,1,3,2.66666666666667,"democracy","self governance by the people. there is no one person or group that determines what happens in the country, but voting by the citizens",0,"inclusivity","morality","equality","capitalism","democracy",5,5,4,2,"vote","harris",NA,3,2,3,"male",33,"white/non-hisp","masters","$60,000 to $74,999","radchange","demsatis","ampride","trustgov","antiest","MA",1,1,1,1,"11/19/2024 18:03"
3905,"kept",5,5,2,2,2,6,4.33333333333333,"Opportunity","It gives everyone the opportunity to pariticipate in the American dream.  Everyone is treated equally.  Ability to climb the corporate ladder.",0,"Opportunity","Fairness","Equality","Obedience","Obeying Laws",2,6,6,6,"vote","trump",NA,7,5,4,"male",64,"white/non-hisp","bachelors","$125,000 to $149,999","ampride","radchange","antiest","trustgov","demsatis","CT",2,1,1,1,"11/29/2024 22:27"
3906,"kept",5,1,3,4,3,5,4.33333333333333,"Freedom","We are able to pursue the lives we want to live. We have the ability to work anywhere we want, love whom we want. We are able to be as wealthy as we can, or choose not to work. We are free to think and learn and believe in different things.",0,"Freedom","Freedom of Speech","Freedom of Religon","Happiness","Love anybody",7,4,3,6,"vote","harris",NA,2,1,2,"female",59,"white/non-hisp","bachelors","$50,000 to $59,999","demsatis","ampride","trustgov","radchange","antiest","TX",13,1,3,7,"11/20/2024 7:32"
3911,"ctrl",4,3,4,3,2,4,3.33333333333333,"Democracy","Of the people, for the people, by the people. Equal voices. No one is above the law. Our vote matters",0,"Democracy","Equality","Rule of Law","Individual Responsibility","Individual Rights",5,3,3,5,"vote","harris",NA,1,1,1,"female",73,"white/non-hisp","some coll","$25,000 to $29,999","demsatis","antiest","ampride","radchange","trustgov","CA",7,1,4,9,"11/19/2024 15:07"
3912,"kept",7,5,1,1,7,7,7,"Right to bear arms","Allowing people to bare arms and not allowing our right to be revoke because that’s our way to fight back and our freedom",0,"Freedom","Libety","Pursuit of happiness","Right to bear arms","Right to overthrow",7,7,7,7,"vote","trump",NA,6,5,2,"male",29,"black/non-hisp","some coll","$60,000 to $74,999","ampride","radchange","demsatis","trustgov","antiest","NY",1,1,1,2,"11/19/2024 18:42"
3919,"ctrl",4.75,4,4,6,5,4,4.58333333333333,"Liberty","I think liberty includes the many freedom we have the opportunity to enjoy. This includes freedom of speech, religion, rights to bear arms, etc",0,"Liberty","Equality","Personal Achievement","Hard work","Self-Government",5,5,6,3,"vote","trump",NA,5,4,4,"female",27,"white/non-hisp","bachelors","$30,000 to $34,999","ampride","radchange","trustgov","antiest","demsatis","UT",3,2,4,8,"11/19/2024 16:22"
3925,"brkn",3.75,5,2,2,6,6,5.25,"Freedom","Trying to control a women's choice, how can you tell a women what she can do with her body and in the event of rape or the possibility of her life , to force a Dr to not do work to save her because they can loose everything if he or she did , Why don't they go after the companies that hire illegals or business owners that hire illegals they do the jobs that most people don't want to do all the cry babies ??",0,"Freedom","Right to choose","Right to vote","Freedom of speech","Right to bare arm",1,6,5,3,"no vote",NA,NA,4,3,3,"male",55,"hisp","some coll","$75,000 to $84,999","radchange","demsatis","antiest","trustgov","ampride","MO",12,1,2,4,"11/19/2024 17:59"
3934,"brkn",7,5,1,1,7,7,7,"Freedom","The government is big brother. They are listening and watching what the average Americans say and do.",0,"Freedom","Free speech","Sovereignty","Democracy","Hope",7,7,7,7,"vote","trump",NA,5,4,3,"female",69,"white/non-hisp","HS","$50,000 to $59,999","demsatis","radchange","antiest","ampride","trustgov","PA",11,5,1,2,"11/19/2024 18:47"
3940,"ctrl",4,NA,NA,4,4,NA,4,"equality","Everyone should be treated the same and have the same advantages in life. It should not matter whether you are rich or poor .",0,"liberty","equality","98","98","98",4,4,4,4,"vote",NA,NA,4,3,NA,"male",34,"black/non-hisp","some coll","$35,000 to $39,999","trustgov","ampride","demsatis","antiest","radchange","MS",1,1,3,6,"11/19/2024 19:48"
3944,"kept",5.25,5,1,7,7,7,6.41666666666667,"Christian principles","The first step was electing Donald Trump. A man who puts his country ahead of himself. And making Godly principles the bedrock of his vision.",0,"Christian principles","Family values","Pride in your country","Helping your fellow man","Supporting yourself",1,7,6,7,"vote","trump",NA,7,5,5,"female",40,"white/non-hisp","some coll","$40,000 to $49,999","demsatis","ampride","antiest","radchange","trustgov","TX",12,2,3,7,"11/19/2024 19:19"
3948,"kept",5.75,3,2,3,6,6,5.91666666666667,"Opportunity","I think that the United States is considered to be the land of opportunity to people who were born and raised in the United States and to all the people who move to America from other countries.",0,"Individualism","Opportunity","Diversity","Freedom","Equality",5,6,6,6,"vote","harris",NA,2,1,3,"female",41,"black/non-hisp","bachelors","$50,000 to $59,999","demsatis","radchange","ampride","antiest","trustgov","NJ",12,4,1,2,"11/20/2024 19:38"
3955,"kept",6.5,2,2,7,7,6,6.5,"separation of church and state","I believe that the separation of church and state is on the verge of failure by local governments forcing public schools to include religion in it's curriculum",0,"Free Speech","Liberty for all","freedom of press","freedom of religion","separation of church and state",5,7,7,7,"vote","harris",NA,2,1,3,"male",57,"white/non-hisp","some coll","$200,000 or more","antiest","demsatis","radchange","trustgov","ampride","CA",5,2,4,9,"11/19/2024 15:05"
3958,"ctrl",4,4,4,4,4,4,4,"Freedom","Freedom to be able to live without worrying. To live to fight for our country. Freedom to be American",0,"Faith","Being American","Our own supplies","Freedom","Being our own country",4,4,4,4,"vote","trump",NA,6,5,3,"female",33,"white/non-hisp","HS","$50,000 to $59,999","radchange","demsatis","ampride","trustgov","antiest","OH",12,1,2,3,"11/21/2024 14:05"
3967,"kept",5,4,5,5,3,3,3.66666666666667,"Freedom","We are an open country with a vision of living a better life. People want the freedom we have here to believe and be what we want.",0,"Honor","Service","Truth","Respect","Freedom",5,5,5,5,"vote","harris",NA,6,5,4,"female",47,"white/non-hisp","some coll","$40,000 to $49,999","trustgov","radchange","ampride","demsatis","antiest","LA",2,2,3,7,"11/29/2024 21:34"
3970,"brkn",6.25,3,2,2,6,6,6.08333333333333,"Liberty for ALL","Races are discriminated against, as are religions. Women are being told the government decides what they can and can't do with their bodies. LGBT, while given the right to marry in most states, they are discriminated against when it comes to housing, and the right to adopt.",0,"Fair treatment","Liberty for ALL","Justice for all","Equal pay","Freedom of religion",6,7,6,6,"vote","harris",NA,4,3,3,"female",74,"white/non-hisp","some coll","$40,000 to $49,999","ampride","trustgov","antiest","radchange","demsatis","MD",12,5,3,5,"11/19/2024 22:14"
3976,"brkn",4.5,4,4,2,4,4,4.16666666666667,"Freedom","People are scared to express themselves freely and prefer to stay quiet. Or no longer want to say anything",0,"Freedom","Opportunity","Loyalty","Equality","Safety",4,5,5,4,"vote",NA,NA,4,3,NA,"female",36,"hisp","some coll","$75,000 to $84,999","demsatis","radchange","antiest","trustgov","ampride","IL",12,1,2,3,"11/24/2024 12:24"
3977,"brkn",5.5,4,3,6,5,5,5.16666666666667,"For the people","The U.S. is not living up to this promise because it doesn’t seem to be for all the people. It is if you’re wealthy and support a particular political party.",0,"Integrity","For the people","Honesty","Trustworthiness","Kindness",6,6,4,6,"vote","harris",NA,3,2,3,"male",62,"white/non-hisp","bachelors","$125,000 to $149,999","trustgov","ampride","demsatis","radchange","antiest","MN",12,1,2,4,"11/21/2024 12:18"
3981,"kept",5.5,3,3,4,5,5,5.16666666666667,"Upholding and being a beacon for democracy","Despite its flaws, the US continues to be a global example of democratic process through free and fair elections, checks and balances among branches, the right to peaceful protest, and freedom of the press.",0,"A place with Liberty for its people","Freedom from religious persecution","The right to earn a prosperous life","Upholding and being a beacon for democracy","The opportunity to pursue one’s own happiness",5,6,5,6,"no vote",NA,NA,3,2,2,"female",34,"hisp","some coll","$40,000 to $49,999","demsatis","ampride","radchange","trustgov","antiest","MA",12,4,1,1,"11/21/2024 1:16"
3995,"ctrl",6.5,4,2,3,6,6,6.16666666666667,"Freedom","The right to choose how to live and work and the right to freedom of speech. The right to a fair and honest trial by a jury of our peers.",0,"Freedom","Fairness","Equality","Speech","Honor",6,7,7,6,"vote","trump",NA,7,5,5,"male",29,"white/non-hisp","HS","$85,000 to $99,999","demsatis","antiest","ampride","trustgov","radchange","WA",10,2,4,9,"11/25/2024 13:28"
3999,"brkn",4.5,3,4,6,3,4,3.83333333333333,"Freedom","Things like socal media are changing the political atmosphere to be more black and white. By black and white I mean that each side is very aggressive and narrow minded. Like, it feels dangerous to speak my mind and have an honest opinion because everyone is so ""passionate"" about what they think.",0,"Freedom","Prosperity","Safety","Right to different religions","Strength",3,5,5,5,"no vote",NA,NA,4,3,3,"male",20,"white/non-hisp","HS","$60,000 to $74,999","demsatis","antiest","trustgov","radchange","ampride","NC",10,1,3,5,"11/21/2024 18:45"
4002,"ctrl",5.25,3,6,4,6,2,4.41666666666667,"Happiness","Happiness is word of mean of joy and peace it’s at word when joyful and happy cause it bring people together with smile and laughter",0,"Life","Joy","Happiness","Purpose","God",6,6,6,3,"no vote",NA,NA,5,4,3,"male",40,"hisp","less HS","$15,000 to $19,999","ampride","trustgov","demsatis","radchange","antiest","VA",11,1,3,5,"11/24/2024 16:55"
4003,"brkn",4,5,6,7,4,2,3.33333333333333,"Freedom","I believe the US is living up to its promise of freedom. I’m happy with the way the US is run and the freedom it provides me",0,"Freedom","Independence","Solidarity","Loyalty","Equality",4,4,4,4,"vote","trump",NA,2,1,3,"male",18,"hisp","less HS","$20,000 to $24,999","trustgov","radchange","antiest","ampride","demsatis","NY",11,1,1,2,"11/20/2024 19:48"
4018,"brkn",4,4,4,2,2,4,3.33333333333333,"Law abiding","Jan62021shootings frivolessuits I am the only thing that matters lying bullying at all levels of society.",0,"Freedom","Work","Moral","Consitant dependable","Law abiding",4,6,2,4,"vote","harris",NA,4,3,3,"male",82,"white/non-hisp","masters","$200,000 or more","demsatis","radchange","ampride","antiest","trustgov","KS",11,5,2,4,"11/22/2024 20:42"
4019,"kept",5.75,3,1,2,7,7,6.58333333333333,"rich getting richer","racism more acceptable, women rights being stripped, no voice for the people without fame/money, crime ok depending on whom is doing the crime",0,"the rich","rich getting richer","advancement of whites","non white suppression","fame",7,7,7,2,"vote","harris",NA,2,1,3,"female",59,"black/non-hisp","some coll","$50,000 to $59,999","demsatis","trustgov","ampride","radchange","antiest","SC",1,1,3,5,"11/24/2024 11:45"
4025,"ctrl",4,5,4,3,5,4,4.33333333333333,"freedom of speech","You have the right to speak your opinion as long as you do not try to overturn the governbment or commit a crime or injure anyone in the process",0,"freedom of speech","freedom of religion","right to bear arms","Democratic Government","Right to speedy trial",5,4,4,3,"vote","harris",NA,1,1,3,"female",83,"white/non-hisp","some coll","$85,000 to $99,999","ampride","radchange","demsatis","trustgov","antiest","MD",1,5,3,5,"11/26/2024 13:59"
4036,"brkn",4.5,5,2,5,1,6,3.83333333333333,"freedom of speech","This freedom is being increasingly encroached upon by political elites and the media, who wish to suppress the free exchange of ideas for conformity and adherence to dogma.  The rise of false ""disinformation"" is merely a buzzword for doing away with speech not following the ""approved"" narrative.  This has led to persecution of those who will not conform, the imposition of radical policies in place of consensus, and great poltical divisions between citizens.",0,"freedom of speech","freedom to bear arms","freedom of assembly","Right to jury of one's peers","Freedom from uneasonbable search and seizure",2,6,5,5,"vote","trump",NA,7,5,5,"male",56,"white/non-hisp","bachelors","$200,000 or more","radchange","trustgov","ampride","antiest","demsatis","VA",1,1,3,5,"11/19/2024 21:22"
4039,"ctrl",3.5,5,4,1,1,4,2.83333333333333,"All people are considered equal","All people matter equally under the law. No one is better or has more rights than another human being regardless of race, religion or sexual orientation.",0,"Freedom of speech","Freedom of religion","Freedom of the press","All people are considered equal","The right to bare arms",2,4,4,4,NA,NA,NA,6,5,4,"male",51,"white/non-hisp","some coll","$35,000 to $39,999","antiest","ampride","trustgov","demsatis","radchange","NY",2,6,1,2,"11/19/2024 20:23"
4059,"ctrl",4.75,2,4,3,5,4,4.58333333333333,"Freedom from tyranny","Overall freedom, so nobody telling you what you have to do or what you can't do, within reason. Basically, not having government dictate how you live and work.",0,"Religious freedom","Freedom of speech","Freedom from tyranny","Certain privacies","Basic fairness",7,6,2,4,"vote","harris",NA,2,1,2,"male",49,"hisp","some coll","$100,000 to $124,999","ampride","trustgov","radchange","antiest","demsatis","CO",9,2,4,8,"11/19/2024 17:10"
4075,"kept",2.75,3,4,2,2,4,2.91666666666667,"Right to representation","Efforts to protect the right to vote are critical to providing equal representation. Restrictions on a citizen’s access to voting undermines democracy   i",0,"Freedom of speech","Equal justice","Equal rights","Right to representation","Government serves people",6,2,1,2,"vote","harris",NA,1,1,3,"male",71,"white/non-hisp","masters","$60,000 to $74,999","antiest","demsatis","trustgov","radchange","ampride","MN",12,5,2,4,"11/19/2024 22:29"
4076,"kept",4.5,5,4,7,5,4,4.5,"Democratic process","We have elections in which citizens have a voice regarding policies, laws and representatives which concern us.",0,"Freedom of religion","Freedom of speech","Democratic process","Family","Industry",5,3,5,5,"vote","other","Kennedy",2,1,3,"female",51,"black/non-hisp","some coll","$85,000 to $99,999","ampride","trustgov","radchange","demsatis","antiest","CA",1,1,4,9,"11/19/2024 22:34"
4079,"kept",3.5,1,2,3,4,6,4.5,"Pursuit of happiness","You can do almost anything in your life without much restriction. Most things you can do as long as you don’t hurt someone or is illegal",0,"Pursuit of happiness","Freedom of religion","Freedom of press","Land of opportunity","Freedom of speech",5,4,2,3,"vote","harris",NA,2,1,3,"female",69,"asian/non-hisp","masters","$85,000 to $99,999","ampride","antiest","demsatis","trustgov","radchange","CA",11,1,4,9,"11/19/2024 22:58"
4080,"kept",4.75,5,2,4,6,6,5.58333333333333,"Morals","They r not living up to morals for there own country but some other countries seem more , foreign countries seem more important than our own people and country",0,"Peace","Intrigaty","B kind","B understanding","Morals",4,5,5,5,NA,NA,NA,5,4,4,"female",70,"white/non-hisp","HS","$75,000 to $84,999","trustgov","radchange","demsatis","ampride","antiest","OH",11,5,2,3,"11/19/2024 18:18"
4084,"brkn",7,2,2,1,7,6,6.66666666666667,"Corrupt","Oh no it’s totally living up to its corruptness. We have a felon as president who is appointing talk show hosts as cabinet members.",0,"Racism","Sexism","Transphobic","Overpriced","Corrupt",7,7,7,7,"vote","harris",NA,2,1,3,"female",31,"white/non-hisp","bachelors","$125,000 to $149,999","demsatis","ampride","antiest","trustgov","radchange","OH",11,1,2,3,"11/19/2024 21:17"
4092,"kept",5.25,3,3,4,7,5,5.75,"Independence","Since the founding the idea of independence from foreign rulers influence of other nations to the democratic ideas of this nation.",0,"Independence","Freedom of ideas","Capitalism","Strength","Advancement",5,5,5,6,"vote","harris",NA,1,1,2,"female",61,"black/non-hisp","bachelors","$40,000 to $49,999","trustgov","radchange","ampride","demsatis","antiest","DE",12,1,3,5,"11/21/2024 21:45"
4099,"ctrl",4.25,2,2,1,4,6,4.75,"Freedom","The right to act, speak, and think as one wants without hindrance or restraint. Free to be who you are without fear of retaliation. The ability to have a small business without fear that the government can shut you down. The ability to freely conduct your business!",0,"Freedom","equality","individualism","innovation","independence",3,6,4,4,"vote",NA,NA,2,1,2,"female",53,"white/non-hisp","masters","$40,000 to $49,999","trustgov","demsatis","antiest","radchange","ampride","CA",1,1,4,9,"11/19/2024 15:05"
4102,"ctrl",5.5,3,2,4,5,6,5.5,"Democracy","Democracy allows the people to make the laws. We have the ability to elect our leaders. We also have the ability to do something about the leadership if they are not up to par.",0,"Freedom","Independence","Individualism","Equality","Democracy",5,7,6,4,"no vote",NA,NA,4,3,3,"female",27,"asian/non-hisp","bachelors","$35,000 to $39,999","demsatis","radchange","antiest","trustgov","ampride","TX",7,1,3,7,"11/19/2024 20:36"
4107,"brkn",5,3,2,2,6,6,5.66666666666667,"Freedom of speech","The government (federal and state) and those who finance the government are trying to dictate how people can talk by deciding what is ""OK"" to say and what is not ""OK"" to say. Those who disagree or question things are being censored because someone deems it ""misinformation."" Even if information is untrue, lying should not be a crime unless you are doing it under oath. Allowing the people to make their own decision and do their own research regarding information is a way to give power to the people, and making those decisions for them takes that power away.",0,"Freedom of speech","Right to assemble","Right to protect oneself","Right to ownership","Right to vote (citizens)",6,5,4,5,"vote","trump",NA,3,2,3,"female",30,"white/non-hisp","some coll","$85,000 to $99,999","demsatis","radchange","ampride","antiest","trustgov","WA",11,1,4,9,"11/22/2024 15:37"
4112,"ctrl",3.75,1,4,5,2,4,3.25,"equality","As a legal concept, equality is demonstrated through a lack of differential treatment on the basis of sex, race, ethnicity, religion, ability, or other protected classes.",0,"equality","freedom of expression","opportunity","independence","community",6,4,1,4,"vote","harris",NA,1,1,1,"female",51,"white/non-hisp","masters","$200,000 or more","demsatis","antiest","trustgov","radchange","ampride","MD",9,1,3,5,"11/20/2024 21:18"
4114,"brkn",2.25,3,5,5,2,3,2.41666666666667,"Government of the people","Only rich people can run for office.  Media is distorting the truth.  Other countries hacking our elections",0,"Freedom of religion","Pursuit of happiness","Government of the people","Honesty","Care for others",2,2,2,3,"vote","harris",NA,1,1,1,"female",73,"white/non-hisp","some coll","$85,000 to $99,999","ampride","antiest","radchange","demsatis","trustgov","MN",11,5,2,4,"11/19/2024 18:28"
4129,"ctrl",5,3,4,2,6,4,5,"Freedom","Having the ability to choose things for yourself and your family. Not having the government choose for you",0,"Freedom","Independence","Owning land","Open spaces","Democracy",7,6,2,5,"vote","harris",NA,3,2,1,"female",34,"white/non-hisp","HS","$50,000 to $59,999","radchange","antiest","trustgov","ampride","demsatis","AL",9,7,3,6,"11/22/2024 15:57"
4131,"ctrl",5,3,4,4,6,4,5,"Liberty","The state of been free within society of oppressive restrictions imposed by authority of one ways of life of life or behavior or political . The power or scope to act of one pleased",0,"United","Freedom","Liberty","Justice","Protection",5,6,6,3,"vote","harris",NA,2,1,3,"female",22,"hisp","HS","$25,000 to $29,999","radchange","demsatis","antiest","ampride","trustgov","FL",12,3,3,5,"11/23/2024 21:13"
4134,"ctrl",4.5,5,5,6,5,3,4.16666666666667,"Our freedom","We are not under a dictatorship in our government. We can freely go to any church with out worry that the government will stop us from going. We can go to work and know that the money we earn is our money not the governments money.",0,"Our freedom","Equality","diversity","great opportunity","free religion",5,5,5,3,"vote","trump",NA,1,1,3,"female",65,"white/non-hisp","HS","$35,000 to $39,999","ampride","radchange","trustgov","antiest","demsatis","OH",1,6,2,3,"11/21/2024 8:25"
4140,"ctrl",6,3,4,6,3,4,4.33333333333333,"Equality","That no one is treated differently due to their race, religion, age. That government helps ensure & protect its most vulnerable citizens.",0,"Freedom","Equality","Independence","Tolerance","Opportunity",7,6,6,5,"vote","harris",NA,1,1,2,"female",65,"white/non-hisp","masters","$100,000 to $124,999","demsatis","radchange","ampride","antiest","trustgov","ME",12,5,1,1,"11/20/2024 11:14"
4142,"kept",5.5,1,1,1,7,7,6.5,"Money","Thinking they are getting prices lowered. How much we get paid. How much things cost. How we keep money for ourselves.",0,"Money","Fuel","Guns","Freedom of speech","Supporting veterans",7,7,7,1,"vote","harris",NA,3,2,3,"female",27,"white/non-hisp","HS","$85,000 to $99,999","antiest","radchange","trustgov","ampride","demsatis","PA",14,1,1,2,"11/21/2024 21:38"
4143,"brkn",6.75,1,2,1,7,6,6.58333333333333,"Democracy","Democracy is supposed to be for the people by the people. Where the majority comes together. Where leaders are public servants. But our system doesn’t feel like this is the case. The current political landscape feels like the leader is worshipped by his followers. Like a monarchy m.",0,"Liberty","Equality","Democracy","Pursuit of happiness","Rule of law",7,7,7,6,"vote","harris",NA,2,1,3,"female",46,"white/non-hisp","some coll","$60,000 to $74,999","trustgov","radchange","antiest","demsatis","ampride","FL",12,1,3,5,"11/19/2024 22:44"
4149,"ctrl",3.75,4,4,6,1,4,2.91666666666667,"freedom of speach","You may speak your mind and have no censorship. Your freedoms are just as valid as anyone else.  You may speak without interference from the government.",0,"freedom of speach","freedom of religion","equality","able to persue happiness","little govnmt interferance",2,5,4,4,"vote","trump",NA,6,5,3,"male",73,"white/non-hisp","bachelors","$60,000 to $74,999","demsatis","radchange","trustgov","ampride","antiest","PA",10,5,1,2,"11/20/2024 10:48"
4173,"kept",6.75,5,2,2,6,6,6.25,"democratic government","we still hold elections from state gov all the way up to federal govt.   if someone doesnt work out we can not vote for them again.",0,"democratic government","justice","freedom","2nd ammendment rights","oppertunity",6,7,7,7,"vote","trump",NA,7,5,4,"male",51,"white/non-hisp","bachelors","$100,000 to $124,999","trustgov","radchange","demsatis","antiest","ampride","ME",12,1,1,1,"11/22/2024 11:33"
4178,"ctrl",5,3,3,3,7,5,5.66666666666667,"Freedom","To do what you want when you want it within the acceptable bounds of society and general common sense",0,"Freedom","Fairness","Representation","Opportunity","Family",6,6,4,4,"vote","other","Third party",5,4,3,"male",29,"white/non-hisp","masters","$200,000 or more","ampride","demsatis","radchange","trustgov","antiest","MA",2,1,1,1,"11/20/2024 9:43"
4186,"ctrl",4,4,5,7,2,3,3,"responsibility","being held accountable for your
actions/inactions

knowing what is right -- doing what is right

ignorance is not an acceptable excuse for being irresponsible",0,"freedom","responsibility","tolerence","unity","cooperation",5,5,2,4,"vote","harris",NA,6,5,3,"male",58,"white/non-hisp","some coll","$100,000 to $124,999","antiest","trustgov","ampride","radchange","demsatis","TX",2,1,3,7,"11/25/2024 9:17"
4191,"kept",4.75,3,2,6,3,6,4.58333333333333,"The right to live and be safe","The US is not living up to this for many people Racism, gun laws. politians have made life so hard for so many people",0,"The right to live and be safe","The promise of equal,opportunity","providing the best education","farr treatment no matter race, sexual orientation, etc","decency and respect",6,5,5,3,"vote","harris",NA,3,2,3,"female",61,"black/non-hisp","some coll","$60,000 to $74,999","demsatis","radchange","antiest","trustgov","ampride","TX",12,1,3,7,"11/19/2024 17:22"
4202,"kept",6,4,2,2,5,6,5.66666666666667,"Freedom","Freedom of speech, meeting, personal choices, worship. Freedom to vote any political party. Free market",0,"Freedom","Democracy","Individual rights","Check and balance","In God we trust",5,6,7,6,"vote","other","JFK jr",4,3,3,"female",56,"asian/non-hisp","masters","$200,000 or more","ampride","radchange","trustgov","demsatis","antiest","KS",1,1,2,4,"11/19/2024 20:40"
4204,"ctrl",5,5,2,2,1,6,4,"Freedom of Religon","The right to worship the God of your choice.  No national religion.  This country was founded on Christian values by our forefathers.  Many are currently trying to change that.",0,"Freedom of speech","Freedom of Religon","Equal opportunity All","Honest elections","Freedom of Press",5,6,5,4,"vote","trump",NA,5,4,4,"male",76,"white/non-hisp","some coll","$85,000 to $99,999","radchange","antiest","trustgov","ampride","demsatis","WI",1,1,2,3,"11/19/2024 20:03"
4210,"kept",4.5,5,4,6,5,4,4.5,"integrity","Although this is sadly lacking this is what our nation needs throughout not only our government leaders but all Americans as well. This is what Americans are looking for in its leaders in all areas!",0,"integrity","opportunity","freedom","education","religious freedom",5,5,5,3,"vote","trump",NA,5,4,5,"male",72,"white/non-hisp","masters","$40,000 to $49,999","demsatis","ampride","antiest","radchange","trustgov","TN",1,1,3,6,"11/19/2024 19:36"
4211,"ctrl",6.25,4,3,2,6,5,5.75,"Free Speech","the ability to express one's opinions, thoughts, ideas without the fear of censorship, retaliation, or legal persecution.  It gives one the ability to express ones ideas verbally or in writing without government intervention.",0,"Freedom of religion","Opportunity","Equality","Free Speech","Freedom of assembly",6,6,6,7,"no vote",NA,NA,7,5,1,"female",76,"white/non-hisp","masters","$25,000 to $29,999","antiest","radchange","demsatis","trustgov","ampride","PA",1,5,1,2,"11/19/2024 19:20"
4216,"ctrl",5.5,1,2,2,5,6,5.5,"Freedom","The ability to speak, to preach, to have opinions about anything as long as it does not cause or incite violence or threats.
There should not be any ""cancellation"" as it goes against this very principle.",0,"Freedom","Fairness","Equality","Transparency","Protection",7,7,3,5,"no vote",NA,NA,4,3,3,"male",33,"white/non-hisp","bachelors","$125,000 to $149,999","trustgov","ampride","demsatis","radchange","antiest","NC",11,1,3,5,"11/20/2024 10:45"
4235,"brkn",3.5,3,4,6,4,4,3.83333333333333,"equal rights",".still have systemic discrimination in housing, jobs, education
. police and courts are biased
. death penalty applied unequally
. rich bend government to their benefit",0,"equal rights","justice for all","merit","universal health care","tolerance",5,4,2,3,"vote","harris",NA,2,1,3,"male",84,"white/non-hisp","masters","$100,000 to $124,999","radchange","trustgov","demsatis","antiest","ampride","OR",10,5,4,9,"11/19/2024 18:24"
4237,"ctrl",4.5,4,3,3,4,5,4.5,"Justice for all","Justice means equality and fairness for all people regardless of their sex, creed, race, ethnicity or security orientation",0,"Pursuit of life","Liberty","Justice for all","Happiness","Prosperity",5,5,4,4,"vote","trump",NA,4,3,3,"male",38,"white/non-hisp","some coll","$60,000 to $74,999","ampride","antiest","trustgov","demsatis","radchange","WI",1,1,2,3,"11/22/2024 14:46"
4245,"ctrl",5.25,5,1,6,7,7,6.41666666666667,"freedom to vote","all people have the right to vote for who they want to govern the country and pass laws we all must follow to live in peace",0,"freedom from goverment","equality","religous freedom","freedom to vote","peace",5,5,5,6,"vote","harris",NA,1,1,3,"female",77,"white/non-hisp","bachelors","$60,000 to $74,999","trustgov","demsatis","radchange","ampride","antiest","NM",3,4,4,8,"11/26/2024 12:15"
4249,"brkn",7,2,1,1,7,7,7,"Freedom for the people","Freedom of speech is not for everyone. Police beat on people for nothing. Mental people get killed everyday",0,"Freedom for the people","Immigration should be illegal","President needs to tell the truth","Healthcare should be for everyone","Drugs need to be off the streets",7,7,7,7,"no vote",NA,NA,6,5,3,"male",19,"multi/non-hisp","less HS","$10,000 to $14,999","trustgov","radchange","demsatis","antiest","ampride","NY",11,1,1,2,"11/19/2024 22:56"
4258,"kept",4.25,5,2,1,7,6,5.75,"Courage","Have by the ability to stand up for those who need help. Doing the right thing when no one is around.",0,"Honor","Integrity","Morals","Loyalty","Courage",5,4,4,4,"no vote",NA,NA,5,4,4,"male",43,"hisp","some coll","$50,000 to $59,999","demsatis","radchange","trustgov","ampride","antiest","WA",11,1,4,9,"11/19/2024 16:54"
4262,"ctrl",4,4,3,3,3,5,4,"freedom of speech","Freedom to say what your opinions are and not be prosecuted for speech against the government. Exceptions are speech that could cause a hazard such as yelling fire.",0,"right to bear arms","religious freedom","freedom of speech","innocent until proven guilty","civil rights",3,4,4,5,"vote","trump",NA,6,5,3,"female",74,"white/non-hisp","some coll","$75,000 to $84,999","demsatis","trustgov","radchange","antiest","ampride","IA",1,5,2,4,"11/28/2024 7:46"
4276,"kept",2.5,5,5,6,5,3,3.5,"Democracy","Americans have rights under the constitution.we live in a country of freedom. Potential to succeed.",0,"Democracy","Freedom","Education","Fairness","Justice",3,2,2,3,"vote","harris",NA,2,1,3,"female",55,"white/non-hisp","masters","$100,000 to $124,999","antiest","trustgov","demsatis","radchange","ampride","CA",2,1,4,9,"11/19/2024 15:40"
4285,"brkn",5.75,5,5,4,5,3,4.58333333333333,"Respect to all people","Not carried out equally in all  places within the country.Still discriminazione seen today need improvement a lot",0,"Freedom Of speech","Freedom from British","Respect to one another","Freedom to move from one state to another","Respect to all people",6,6,5,6,"vote","trump",NA,4,3,2,"male",41,"other/non-hisp","bachelors","$15,000 to $19,999","demsatis","trustgov","ampride","radchange","antiest","MA",8,1,1,1,"11/19/2024 19:46"
4286,"ctrl",5,2,4,2,3,4,4,"Opportunity","The ability to pursue one's interest without unreasonable impediments. Opportunity allows individuals to succeed in a way they consider best for them.",0,"Prosperity","Freedom","Family","Opportunity","Expertise",7,5,3,5,"vote","harris",NA,3,2,2,"male",38,"hisp","masters","$100,000 to $124,999","trustgov","radchange","antiest","demsatis","ampride","MA",9,1,1,1,"11/20/2024 18:43"
4287,"brkn",3.25,5,2,3,6,6,5.08333333333333,"Honesty","There is so much deception and corruption in our government. It is a rarity to find someone who is honest and will stand up and do the right thing.",0,"Perseverance","Honesty","Integrity","Accountability","Reliability",3,2,2,6,"vote","trump",NA,7,5,5,"female",70,"white/non-hisp","some coll","$40,000 to $49,999","ampride","demsatis","radchange","trustgov","antiest","TN",1,5,3,6,"11/19/2024 18:16"
4288,"ctrl",5.25,5,4,1,7,4,5.41666666666667,"Christian","Belief in God, Jesus, the Bible and the Wisdom God gives us, who believe, to live accordingly. God's grace, peace and eternal life to all who believe.",0,"Christian","Liberty","Justice","The pursuit of happiness","Freedom",5,5,6,5,"vote","trump",NA,7,5,5,"female",73,"white/non-hisp","some coll","$40,000 to $49,999","radchange","antiest","ampride","trustgov","demsatis","TN",1,5,3,6,"11/22/2024 11:26"
4291,"kept",4.5,4,3,2,5,5,4.83333333333333,"freedom","we retain the choice to choose our occupation, our partners and lifestyle.  What part of the country we would like to live in.",0,"unity","government","prosperity","eqality","freedom",4,4,5,5,"vote","harris",NA,2,1,4,"female",56,"white/non-hisp","some coll","$30,000 to $34,999","ampride","radchange","demsatis","trustgov","antiest","MI",9,1,2,3,"11/19/2024 19:10"
4295,"brkn",4.25,5,2,2,7,6,5.75,"Freedom","Free press censorship.   Restricted language/ infringed opportunity to speak.  Non- elected officials operating governed affairs.",0,"Liberty","Freedom","Personal Accountability","Commitment to Common Good","Support for Citizenry",2,6,4,5,"vote","trump",NA,6,5,4,"male",45,"white/non-hisp","masters","$150,000 to $174,999","radchange","demsatis","trustgov","ampride","antiest","KS",2,1,2,4,"11/19/2024 17:31"
4297,"kept",7,2,2,7,7,6,6.66666666666667,"Money","This country is greedy all they care about is mo ey and greed or what they can get from the people it is a sad situation",0,"Money","Money","Money","Money","Money",7,7,7,7,"no vote",NA,NA,4,3,3,"female",18,"white/non-hisp","less HS","under $5,000","antiest","ampride","radchange","demsatis","trustgov","MS",12,1,3,6,"11/22/2024 20:15"
4313,"kept",4.5,2,4,1,1,4,3.16666666666667,"Freedom","We over use our abilities to freedom. To the point it impedes over other's freedoms and Is dangerous to ourselves",0,"Freedom","Liberty","Justice","Equality","Democracy",6,2,6,4,"vote","trump",NA,5,4,3,"female",31,"white/non-hisp","less HS","$20,000 to $24,999","demsatis","radchange","antiest","ampride","trustgov","MI",12,6,2,3,"11/20/2024 9:14"
4314,"ctrl",4.25,4,2,2,7,6,5.75,"Love","When you love your family. Sacrificing something for someone you love. Love between mother and children",0,"Love","Honesty","Grit","Intuition","Creativity",6,3,6,2,"vote","trump",NA,2,1,2,"female",33,"white/non-hisp","bachelors","$125,000 to $149,999","ampride","demsatis","trustgov","radchange","antiest","NE",2,1,2,4,"11/19/2024 17:25"
4318,"kept",5.5,2,2,1,4,6,5.16666666666667,"The pursuit of happiness","We have the ability to choose our job, where to live, marry, have a family - usually. I worry that our liberties are being errored and will only get worse.",0,"Liberty","The pursuit of happiness","Freedom","Equality","Fat bank account",7,5,4,6,"vote","harris",NA,3,2,3,"female",32,"hisp","masters","$125,000 to $149,999","demsatis","ampride","trustgov","radchange","antiest","MN",2,1,2,4,"11/19/2024 18:12"
4342,"kept",7,3,1,1,7,7,7,"All our rights","We let anyone come into our country and allow them to do what they please including burning of our flag not happy about it but that is a right they have",0,"Freedom","All our rights","Freedom of speech","Freedom to own guns","I can’t think of anything",7,7,7,7,"vote","trump",NA,2,1,4,"female",51,"white/non-hisp","some coll","$50,000 to $59,999","trustgov","ampride","demsatis","radchange","antiest","OH",12,1,2,3,"11/19/2024 21:31"
4346,"kept",3.5,5,5,1,7,3,4.5,"Freedom","We are free to choose who we vote for, which religion to practice (or none at all), to love who we want to love, to say what we want (for the most part) without interference from the government, and to an extent, each of us is allowed to aspire toward a life for ourselves on our own terms. However, this freedom to pursue opportunity and happiness is tempered by ongoing structural forces, such as unequal opportunity and access to resources, or a justice system that values some over others.",0,"Freedom","Equal opportunity","Independence","Justice","Democracy",7,3,2,2,"vote","harris",NA,1,1,1,"male",45,"asian/non-hisp","masters","$50,000 to $59,999","demsatis","radchange","ampride","antiest","trustgov","CA",10,1,4,9,"11/19/2024 15:42"
4351,"brkn",6.75,1,1,4,7,7,6.91666666666667,"Equality","Different ethnic groups are being treated lesser than by what is to be believed as the superior race and I feel as though this is not fair at all. We all should be treated equally, no matter ethnicity",0,"Individualism","Equality","Informality","The Futurt, Change and Progress","Time",7,7,7,6,"vote","harris",NA,1,1,NA,"male",38,"black/non-hisp","some coll","$30,000 to $34,999","demsatis","antiest","radchange","trustgov","ampride","GA",12,1,3,5,"11/19/2024 18:41"
4357,"brkn",5.5,5,4,4,7,4,5.5,"The promise of honesty to the American people","This election has brought to light so many different conspiracy and lies on both parties. It's hard to believe the truth anymore. Everything needs to be fact checked and checked again to believe anything.",0,"The promise of freedom","The promise of affordable health care","Freedom of speech","The promise of affordable housing","The promise of honesty to the American people",5,5,7,5,"vote","trump",NA,7,5,5,"female",35,"other/non-hisp","some coll","$100,000 to $124,999","radchange","antiest","demsatis","ampride","trustgov","WA",11,7,4,9,"11/19/2024 14:34"
4360,"kept",4,5,4,4,4,4,4,"Freedom","We have more rights then we did before they fought for us to live a peaceful and prosperous future for everyone",0,"Freedom","Involved","Important","Integrity","Independent",5,4,4,3,"no vote",NA,NA,2,1,3,"female",19,"multi/non-hisp","less HS","$15,000 to $19,999","demsatis","radchange","ampride","trustgov","antiest","CO",11,7,4,8,"11/23/2024 10:42"
4361,"brkn",4,3,4,4,4,4,4,"Freedom","We have free speech we have the freedom to do what we like the freedom to speak our minds with no judgement",0,"Freedom","Pursuit of happiness","Liberty","Justice for all","Everything",4,4,4,4,"vote","trump",NA,7,5,5,"male",30,"white/non-hisp","HS","$40,000 to $49,999","demsatis","antiest","trustgov","ampride","radchange","AL",1,1,3,6,"11/25/2024 14:25"
4362,"kept",4,3,5,4,4,3,3.66666666666667,"Peace","Not having war across other countries. Limiting those who come into the county to prevent war. Having security to keep out terrorist",0,"Peace","Less low income","Security","Family","Safety",4,4,4,4,"no vote",NA,NA,6,5,3,"female",34,"white/non-hisp","some coll","$40,000 to $49,999","ampride","trustgov","radchange","demsatis","antiest","FL",11,1,3,5,"11/19/2024 18:58"
4363,"brkn",6,5,2,2,5,6,5.66666666666667,"liberty","Presently our government has extensive controls on nearly every aspect of life. Businesses are over regulated. Education is censored. Freedom of speech is suppressed.",0,"liberty","freedom","happiness","voice","self determination",4,7,7,6,"vote","trump",NA,5,4,5,"male",73,"white/non-hisp","masters","$75,000 to $84,999","ampride","antiest","demsatis","trustgov","radchange","OH",1,1,2,3,"11/27/2024 12:17"
4370,"ctrl",6,2,3,2,6,5,5.66666666666667,"Liberty","Having the right to be free. Freedom of choice, speech, and thought as long as it doesn’t infringe on others freedoms.",0,"Liberty","Equality","Diversity","Democracy and choice","Being an individual",6,6,6,6,"vote","harris",NA,1,1,2,"male",41,"hisp","some coll","$125,000 to $149,999","radchange","antiest","demsatis","ampride","trustgov","MO",11,1,2,4,"11/20/2024 6:39"
4384,"brkn",6,1,2,1,6,6,6,"freedom of speech","Anyone with a differing opinion from soon to be president trump will have to shut up.  I do not feel represented.",0,"freedom of religion","freedom of speech","right to bear arms","right to be taxed & represented","pursuit of happiness",7,4,7,6,"vote","harris",NA,1,1,3,"female",68,"white/non-hisp","bachelors","$85,000 to $99,999","demsatis","radchange","antiest","trustgov","ampride","NH",11,5,1,1,"11/22/2024 7:04"
4395,"brkn",6.75,1,1,1,7,7,6.91666666666667,"Inequality","There have [now] been 47 presidents of the ""United"" States. Only one has been a non white male. No female has ever been elected president.  Income inequality persists. Not because people don't work or work hard, but due to discrimination in hiring, pay and merit. Housing, education and health care opportunities are not equally accessible to legitimate U.S. citizens.",0,"Greed","Inequality","Corruption","Racism","Dishonesty",7,7,7,6,"vote","harris",NA,3,2,3,"male",75,"black/non-hisp","masters","$40,000 to $49,999","antiest","trustgov","radchange","demsatis","ampride","GA",1,5,3,5,"11/19/2024 18:54"
4397,"ctrl",6.5,4,4,3,7,4,5.83333333333333,"Freedom","The power to speak or think without repercussions.or retaliation against that person for their beliefs.",0,"Freedom of speech","Freedom of religion","Diversity","Equality","Freedom",7,7,7,5,"no vote",NA,NA,1,1,5,"female",58,"black/non-hisp","some coll","$35,000 to $39,999","radchange","antiest","ampride","trustgov","demsatis","GA",12,7,3,5,"11/19/2024 17:20"
4403,"ctrl",6.25,2,2,2,7,6,6.41666666666667,"Body autonomy","Everyone should have the right over their own body. To get to choose what happens to their body. No government agency should get a say.",0,"Freedom of speech","Body autonomy","Fair living wage","No government corruption","Gun control",7,7,7,4,"vote","harris",NA,1,1,1,"female",53,"white/non-hisp","HS","$30,000 to $34,999","ampride","demsatis","antiest","trustgov","radchange","MI",2,1,2,3,"11/22/2024 12:14"
4412,"kept",4.25,4,5,2,5,3,4.08333333333333,"Respecting others","We are not doing a good job of this. It should be accepting other people's views and opinions even if different than our own.",0,"Freedom of religion","Freedom of speech","Freedom of press","Freedom to choose leaders","Respecting others",6,5,4,2,"vote","harris",NA,6,5,3,"female",75,"asian/non-hisp","masters","$200,000 or more","antiest","trustgov","demsatis","ampride","radchange","AZ",2,1,4,8,"11/22/2024 10:58"
4414,"ctrl",5.75,1,3,1,7,5,5.91666666666667,"Liberty","Liberty is freedom live your life as you wish, free from prejudice, slavery, abuse, and persecution.",0,"Freedom of (and from) Religion","Freedom of Speech","Liberty","Self governance","Pursuit of Happiness",7,7,5,4,"vote","other","Bernie Sanders",2,1,1,"female",41,"hisp","masters","$100,000 to $124,999","antiest","ampride","trustgov","demsatis","radchange","WA",9,7,4,9,"11/19/2024 19:50"
4421,"brkn",4.75,2,4,5,4,4,4.25,"freedom","There are many disenfranchised citizens who are being suppressed or not allowed their freedom. It seems that freedom is more often carried out if you are a white, wealthy male.",0,"freedom","independence","wealth","happiness","free speech",6,4,5,4,"vote","harris",NA,1,1,3,"male",61,"white/non-hisp","masters","$35,000 to $39,999","radchange","demsatis","trustgov","ampride","antiest","DE",13,1,3,5,"11/20/2024 10:39"
4422,"kept",4,2,4,4,5,4,4.33333333333333,"Freedom","We have to freedom to make our own choices, freedom to think and speak the way we would like to, freedom of religion",0,"Freedom","Equality","Diversity","Democracy","Progress",5,4,4,3,"vote","harris",NA,1,1,2,"female",42,"white/non-hisp","bachelors","$150,000 to $174,999","trustgov","antiest","demsatis","radchange","ampride","IL",12,1,2,3,"11/19/2024 17:23"
4427,"brkn",5.25,3,2,1,6,6,5.75,"liberty","wealth gap gives the rich disproportional political power.  Gerrymandering harms democracy, as does disinformation and social media, leading to minority interests restraining the liberty interests of the majority.",0,"liberty","democracy","equality","justice","republic",7,6,3,5,"vote","harris",NA,1,1,3,"male",63,"asian/non-hisp","masters","$50,000 to $59,999","ampride","demsatis","trustgov","radchange","antiest","CA",11,5,4,9,"11/20/2024 8:16"
4435,"brkn",6,4,3,4,6,5,5.66666666666667,"Freedom","There are so many gun violence and kids are not safe and fee to go outside because of the kids with guns. There's no freedom to lets our children play anymore.",0,"Unity","Diversity","Freedom","Security","Freedom of religion",7,5,6,6,"vote","harris",NA,4,3,3,"male",18,"hisp","less HS","under $5,000","antiest","demsatis","trustgov","radchange","ampride","IL",12,1,2,3,"11/19/2024 18:10"
4438,"kept",5,5,2,2,NA,6,5.5,"Freedom of your own decisions","Being a woman, I want to make my own decisions when it comes to my body and my health.It should not be the government.",0,"Freedom of speech","Freedom of your own decisions","Right to bear arms","Choice of religion","Right to vote",6,4,6,4,"vote","harris",NA,2,1,3,"female",55,"white/non-hisp","less HS","$15,000 to $19,999","trustgov","ampride","antiest","radchange","demsatis","MI",14,6,2,3,"11/22/2024 11:31"
4439,"kept",7,1,1,1,7,7,7,"Capitalism","It puts company’s first and ensuring that they are making profits. It encourages people to spend money and keeps increasing prices to maximize profit",0,"Being the strongest","Being the richest","Diversity","Capitalism","Being a global power",7,7,7,7,"vote","harris",NA,1,1,1,"female",33,"white/non-hisp","bachelors","$85,000 to $99,999","radchange","antiest","ampride","demsatis","trustgov","CA",9,1,4,9,"11/21/2024 20:28"
4443,"kept",5.75,4,2,5,5,6,5.58333333333333,"Founded on God","We are not living up to this promise & are paying the price having removed God from schools and government",0,"Everyone is created equal","The government works for the people","Free speech, press & religion for everyone","Citizens have the right to bear arms","Founded on God",5,6,6,6,"vote","trump",NA,6,5,4,"female",68,"white/non-hisp","bachelors","$50,000 to $59,999","antiest","trustgov","demsatis","ampride","radchange","DE",1,1,3,5,"11/19/2024 22:31"
4449,"ctrl",3.75,3,4,4,3,4,3.58333333333333,"Money","Money is the essence of life. Money motivates all people and has eternal value. Money has the power to influence people.",0,"Money","Women","House","Family","Love",2,4,3,6,"no vote",NA,NA,4,3,3,"male",26,"hisp","less HS","$10,000 to $14,999","demsatis","antiest","ampride","radchange","trustgov","CA",7,5,4,9,"11/20/2024 15:50"
4459,"ctrl",1,5,7,6,1,1,1,"Freedom","The ability to do as one chooses within a legal guide frame.  The feeling of not controlled by others.",0,"Freedom","Unity","Support","Protection","Legal",1,1,1,1,"vote","harris",NA,2,1,3,"male",66,"white/non-hisp","some coll","$50,000 to $59,999","radchange","demsatis","ampride","antiest","trustgov","MN",2,2,2,4,"11/22/2024 11:47"
4463,"kept",4.75,5,4,4,5,4,4.58333333333333,"hard work","I think the majority of people go to work everyday and work hard to earn money to live.  Most people have to have jobs.  We do have people who aren't interested in working and would rather sponge off the rest of us",0,"Family","Honesty","hard work","law abiding","religion",6,4,5,4,"vote","trump",NA,6,5,3,"female",50,"white/non-hisp","bachelors","$175,000 to $199,999","radchange","demsatis","antiest","ampride","trustgov","IL",1,1,2,3,"11/21/2024 14:35"
4464,"brkn",5,2,2,2,6,6,5.66666666666667,"Freedom","The US is putting more and more restrictions on  certain groups of people and allowing/making legal discrimination.  Women’s personal rights are infringed upon, especially regarding medical work and family decisions.  All this while other freedoms that no longer make sense in the century persist without changes.",0,"Freedom","Safety","Basic needs ensured","Mobilty","Welcoming",7,5,3,5,"vote","harris",NA,1,1,1,"female",48,"white/non-hisp","bachelors","$85,000 to $99,999","ampride","antiest","demsatis","trustgov","radchange","WA",9,4,4,9,"11/21/2024 11:15"
4467,"brkn",4,3,4,3,5,4,4.33333333333333,"Liberty","I think that there’s a lot of progress we need to make on the issue of discrimination. America is at its best when we respect each other and promote values of freedom and justice for all. Some people still don’t experience that freedom and as a result we need to make improvements in discrimination.",0,"Liberty","Freedom","Prosperity","Independence","Religious Freedom",3,5,4,4,"vote","harris",NA,3,2,2,"male",21,"white/non-hisp","some coll","$50,000 to $59,999","trustgov","antiest","radchange","ampride","demsatis","NC",1,4,3,5,"11/21/2024 11:08"
4481,"brkn",4.5,4,2,4,4,6,4.83333333333333,"Liberty","Liberty was capitalized every time it was used in the Declaration of Independence and the Constitution.  Individual Liberty to pursue happiness is the foundation the American Dream.",0,"Liberty","Freedom","Rule of the people","Checks and Balances","Union of states",4,4,4,6,"no vote",NA,NA,4,3,3,"male",49,"white/non-hisp","some coll","$85,000 to $99,999","ampride","antiest","radchange","trustgov","demsatis","KY",10,2,3,6,"11/20/2024 0:09"
4482,"brkn",6,4,2,5,5,6,5.66666666666667,"Equality for all","In recent years it has become more about giving more rights to those who are different. I feel like what has been done recently has taken away some of the equality. Such as allowing men who identify as women to play sports with women. Women cannot compete against biological men.",0,"Freedom of religion","Freedom from tyranny","Equality for all","Justice","Unity",5,5,7,7,"vote","trump",NA,7,5,5,"female",42,"white/non-hisp","some coll","$50,000 to $59,999","trustgov","demsatis","ampride","radchange","antiest","KY",12,5,3,6,"11/19/2024 16:12"
4483,"kept",7,4,1,1,7,7,7,"Value","The chance for change and prosperity to be a better person and to increase awareness of one's self and to make it through all turmoil",0,"Integrity","Value","Morality","Virtue","Promise",7,7,7,7,"no vote",NA,NA,4,3,3,"female",44,"hisp","some coll","$5,000 to $9,999","radchange","antiest","demsatis","ampride","trustgov","NJ",12,7,1,2,"11/20/2024 7:58"
4512,"brkn",4.75,3,3,2,7,5,5.58333333333333,"Integrity","Lack of transparency. Most of the government is ran like a a business all politicians making deals with ulterior motives.",0,"Peace","Loyalty","Integrity","Compassion","Faith",5,5,4,5,"vote","harris",NA,1,1,3,"female",22,"black/non-hisp","some coll","$50,000 to $59,999","trustgov","ampride","radchange","antiest","demsatis","IN",1,1,2,3,"11/19/2024 18:20"
4525,"kept",6.5,3,2,5,3,6,5.16666666666667,"Liberty","Free and legitimate elections for political expression. The right to choose to participate as much or as little in any process or procedure that directly involves a citizen. The continued proof that work and attention to details can improve your life.",0,"Freedom of Speech","Liberty","Freedom of Religion","Freedom of Choice","Freedom from Tyranny",6,7,7,6,"vote","harris",NA,4,3,3,"male",50,"white/non-hisp","bachelors","$125,000 to $149,999","radchange","trustgov","antiest","demsatis","ampride","CA",9,1,4,9,"11/22/2024 7:15"
4526,"ctrl",4,4,4,4,7,4,5,"Environment","A healthy beautiful environment that is safe for out fanily children and communities in every city.",0,"Kids","Rent","Food","Property","Environment",4,4,4,4,"vote","harris",NA,4,3,3,"female",31,"white/non-hisp","HS","$20,000 to $24,999","ampride","radchange","demsatis","antiest","trustgov","PA",11,6,1,2,"11/22/2024 12:17"
4549,"kept",4.25,4,4,6,5,4,4.41666666666667,"Freedom","We have the freedom to pursue our dreams, we have the freedom to live the way we want as long as we don't break laws and we have the freedom to think the way we want to and not be forced into believing something we don't",0,"Morals","Ethics","Freedom","Opportunities","Pride",5,4,4,4,"vote","trump",NA,2,1,3,"female",66,"white/non-hisp","some coll","$50,000 to $59,999","demsatis","antiest","radchange","trustgov","ampride","AZ",12,5,4,8,"11/19/2024 17:10"
4560,"ctrl",5,3,4,3,5,4,4.66666666666667,"Freedom","To live how you want to live, marry who you want, be who you want to be, work where you want to work. No restrictions within reason",0,"Freedom of speech","Right to vote","Equality","Freedom","Democracy",6,7,5,2,"vote","harris",NA,3,2,3,"female",57,"hisp","masters","$200,000 or more","ampride","antiest","trustgov","demsatis","radchange","MA",1,1,1,1,"11/19/2024 19:17"
4573,"ctrl",3.75,5,4,3,2,4,3.25,"Freedom","To be safe from war and terrorism in our country. The freedom to be who we authentically are without the government controlling us",0,"Family","Freedom","Trust in government","Religious freedom","Stability",3,5,4,3,"vote","trump",NA,6,5,4,"female",37,"white/non-hisp","bachelors","$200,000 or more","ampride","antiest","demsatis","trustgov","radchange","MA",2,7,1,1,"11/20/2024 9:27"
4579,"brkn",4.75,2,2,2,4,6,4.91666666666667,"Rule of law","We just elected a convicted criminal and adjudicated sexual abuser for president. Not exactly law and order.",0,"Fairness","Rule of law","Equality","Liberty","Community",6,5,4,4,"vote","harris",NA,3,2,2,"male",45,"white/non-hisp","some coll","$150,000 to $174,999","antiest","radchange","ampride","demsatis","trustgov","PA",9,1,1,2,"11/20/2024 8:35"
4580,"kept",6.25,4,4,1,7,4,5.75,"Freedom","There aren’t living freedom. To me I feel like we’re living in concentration camps. It’s as if freedom it’s a long way to go. Many rights are taken away and our country isn’t going the right direction",0,"Freedom","Democracy","Beliefs","No racism","Immigration",6,7,7,5,"no vote",NA,NA,2,1,1,"female",50,"hisp","some coll","$85,000 to $99,999","demsatis","ampride","trustgov","radchange","antiest","FL",12,1,3,5,"11/20/2024 12:01"
4583,"kept",4.5,5,4,3,5,4,4.5,"establish justice","Provide laws for all to follow.  Established a court system to insure laws are followed. Outlines freedoms to be shared by all/.",0,"establish justice","ensue domestic tranquility","provide common defense","promote general welfare","secure liberty",3,5,5,5,"vote","trump",NA,7,5,3,"female",76,"white/non-hisp","bachelors","$175,000 to $199,999","radchange","antiest","trustgov","demsatis","ampride","MD",2,5,3,5,"11/22/2024 14:35"
4590,"kept",6,5,2,6,7,6,6.33333333333333,"Right bear arms","Currently, we are allowed to bear arms in every single state have stricter gun laws. Even though in Democratic states they have stricter gun laws. We still have the right to bear arms.",0,"Right bear arms","Freedom of speech","Right jury trial","Freedom of religion","Due process",5,7,6,6,"vote","trump",NA,5,4,3,"male",59,"white/non-hisp","HS","$30,000 to $34,999","ampride","antiest","demsatis","radchange","trustgov","CA",10,2,4,9,"11/19/2024 22:30"
4591,"kept",1,3,6,7,1,2,1.33333333333333,"Freedom","American residents are free to choose their religion. American residents are also free to express their opinion about political regime.",0,"Freedom","Independent","Opportunity","Equality","Self",1,1,1,1,"vote","harris",NA,1,1,1,"male",25,"asian/non-hisp","bachelors","$125,000 to $149,999","trustgov","ampride","demsatis","antiest","radchange","TX",9,1,3,7,"11/20/2024 21:14"
4599,"kept",5.5,3,7,5,7,1,4.5,"Opportunity – Often referred to as the ""American Dream,"" the value of opportunity signifies the belief that individuals, regardless of their background, should have the chance to improve their circumstances through hard work, education, and ambition.","The U.S. supports opportunity through public education, financial aid, and a dynamic job market. While challenges remain, policies like economic mobility programs and support for small businesses help people improve their circumstances and pursue their dream",0,"Democracy The United States is founded on the principle of self-government, where power rests with the people, who elect their representatives. This commitment to democratic processes is reflected in regular elections, rule of law, and a commitment to political participation.","Opportunity – Often referred to as the ""American Dream,"" the value of opportunity signifies the belief that individuals, regardless of their background, should have the chance to improve their circumstances through hard work, education, and ambition.","Justice – The notion of fairness and the rule of law is a cornerstone of American society. The U.S. legal system, despite its imperfections, is designed to protect individual rights, provide equal protection under the law, and uphold principles of justice and fairness.","Equality – The idea that all people are created equal is central to the American ethos, even though the full realization of this principle has been a long struggle. The abolition of slavery, the civil rights movement, and ongoing efforts toward gender equality reflect this value.","Liberty – The promise of personal freedom and the right to pursue one's own happiness is foundational. The Constitution and the Bill of Rights emphasize individual rights and protections against government overreach.",7,5,7,3,"vote","trump",NA,5,4,3,"male",38,"black/non-hisp","HS","$15,000 to $19,999","demsatis","radchange","ampride","antiest","trustgov","CA",12,1,4,9,"11/19/2024 23:13"
4605,"ctrl",5.5,2,3,3,5,5,5.16666666666667,"Free to speak","You are free to express your feelings, express your values. We are free to vote and free to arm. We have laws but we can vote",0,"Free to vote","Free to speak","A leader of other nations","Built from immigrants.","A leader in technology",6,6,4,6,"no vote",NA,NA,3,2,2,"male",50,"hisp","some coll","$85,000 to $99,999","trustgov","radchange","demsatis","ampride","antiest","NC",2,1,3,5,"11/19/2024 19:40"
4609,"brkn",6,4,4,2,5,4,5,"Easier living condition","Prices are outrageous on everything. All people do is work. Nobody can enjoy life anymore live a nice life",0,"Freedom for what's right","Easier living condition","Easier working condition","Population control","Helping lower middle class people",6,6,6,6,"no vote",NA,NA,7,5,5,"female",25,"white/non-hisp","some coll","$60,000 to $74,999","demsatis","ampride","trustgov","radchange","antiest","OH",12,4,2,3,"11/19/2024 20:47"
4618,"brkn",6,2,2,1,6,6,6,"Equality","America gives the illusion that all men are created equal. In reality America is a nation divided by wealth.",0,"Freedom","Equality","Prosperity","Hope","Justice",7,6,4,7,"vote","harris",NA,3,2,3,"male",74,"white/non-hisp","some coll","$25,000 to $29,999","trustgov","demsatis","ampride","antiest","radchange","OH",2,5,2,3,"11/19/2024 19:07"
4621,"ctrl",3.25,4,4,4,5,4,4.08333333333333,"Freedom","You have so many choices to choose from such as where you live, where you work, where you want to go to school, who you would like to have as your leadership. You have the ability to pursue your own happiness without interference.",0,"Liberty","Freedom","Voting privileges","Religious choice","Opportunity to grow",4,4,2,3,"vote","harris",NA,6,5,3,"male",77,"white/non-hisp","some coll","$75,000 to $84,999","ampride","trustgov","antiest","radchange","demsatis","NC",2,5,3,5,"11/19/2024 20:22"
4623,"ctrl",4.5,4,4,6,5,4,4.5,"freedom","The citizens have the right to be who they wish within the confines of the law.It is a right protected by the government.",0,"freedom","equality","justice for all","rule of law","checks and balance",6,4,4,4,"vote","harris",NA,1,1,3,"male",74,"black/non-hisp","masters","$50,000 to $59,999","demsatis","radchange","antiest","trustgov","ampride","DE",1,5,3,5,"11/27/2024 21:10"
4626,"ctrl",4.25,5,2,5,3,6,4.41666666666667,"Free speech","Citizens are free to believe and say whatever they think without government intervention.  The government does not have the right to silence anyone.",0,"Free speech","Freedom of religion","Freedom from tyranny","Constitutional republic","Right to privacy",5,3,3,6,"vote","trump",NA,7,5,5,"female",53,"white/non-hisp","bachelors","$85,000 to $99,999","ampride","radchange","trustgov","demsatis","antiest","FL",2,2,3,5,"11/19/2024 21:30"
4635,"kept",3.75,4,3,3,6,5,4.91666666666667,"Equity","Our country offers many ways of help and assistance for pretty much everybody. There are some pronounced differences on the levels of poverty and wealthy. There is a lot of people who decide not to work and live out of the government's help. There is a lot of ways to pursue education, training, and preparation for a decent job.",0,"freedom of speech","self-government","Respect of Diversity","Equity","recognition of achievements",6,2,2,5,"vote","harris",NA,4,3,3,"female",54,"hisp","some coll","$150,000 to $174,999","ampride","antiest","radchange","demsatis","trustgov","TX",2,1,3,7,"11/22/2024 7:27"
4637,"ctrl",5,4,2,2,5,6,5.33333333333333,"Freedom","Freedom is to live without fear and worries. Being able to make your own decision in life and me responsible for the outcome.",0,"Freedom of speech","Diplomacy","Freedom","Safety","Living",5,5,6,4,"no vote",NA,NA,2,1,3,"male",38,"white/non-hisp","bachelors","$50,000 to $59,999","demsatis","trustgov","radchange","antiest","ampride","IL",12,1,2,3,"11/19/2024 20:50"
4653,"ctrl",5.25,4,4,3,6,4,5.08333333333333,"Freedom","The right to feel differently than others. The right to make choices that are personalized to you and your family’s needs.",0,"Freedom","Safety","Opportunity","Health","Education",7,6,5,3,"vote","trump",NA,5,4,3,"female",37,"white/non-hisp","some coll","$75,000 to $84,999","ampride","trustgov","demsatis","radchange","antiest","CA",11,1,4,9,"12/1/2024 5:56"
4657,"ctrl",5.5,2,1,1,7,7,6.5,"Equality for all","People should be treated the same regardless of their religion race sexual orientation or gender. People should have the freedom to voice their concerns without fear of assault or injury. Women and men should be working for equal wages and paid fairly.",0,"Equality for all","Opportunity for all","Freedom of expression","Freedom from religious persecution","Right to hear arms",1,7,7,7,"vote","harris",NA,1,1,1,"female",50,"hisp","masters","$85,000 to $99,999","antiest","trustgov","demsatis","radchange","ampride","FL",1,1,3,5,"11/27/2024 22:31"
4661,"kept",3.75,5,4,5,3,4,3.58333333333333,"Freedom","USA is living up to freedom because we have freedom to speech where we can say anything. Where as other countries punish people for freedom of speech",0,"Freedom","Diversity","Change","Equality","Justice",4,3,5,3,"no vote",NA,NA,1,1,1,"male",19,"hisp","less HS","$50,000 to $59,999","trustgov","antiest","demsatis","radchange","ampride","IN",2,1,2,3,"11/28/2024 19:15"
4662,"kept",4.75,4,4,6,2,4,3.58333333333333,"Freedom","For the most part, Americans are free to do what they want, when they want to do them.  We need immigrants to continue this.",0,"Freedom","Safety","Prosperous","Human value","American way",6,5,3,5,"vote","trump",NA,6,5,3,"male",72,"white/non-hisp","bachelors","$125,000 to $149,999","ampride","demsatis","antiest","trustgov","radchange","NE",1,5,2,4,"11/27/2024 13:51"
4671,"ctrl",4.75,1,4,7,3,4,3.91666666666667,"Democrary","Sorry, I misspelled *democracy!* In a democracy, all of the citizens have a say in how the country is run.",0,"Justice for all","Equality","Peace","Fair elections","Democrary",6,5,3,5,"vote","harris",NA,1,1,2,"female",63,"white/non-hisp","bachelors","$125,000 to $149,999","trustgov","antiest","demsatis","ampride","radchange","CA",1,7,4,9,"11/22/2024 9:03"
4672,"ctrl",4.75,1,4,1,6,4,4.91666666666667,"Government of, by, for the people","Should be represented by a broad cross section of the electorate, not just ivy league white men. Should not be dependent on fund raising skills and connections to get and keep a job. Districts should not be gerrymandered to guarantee one party rule which disenfranchises whole swaths of the electorate.",0,"Separation of church and state","All people should be treated equally","One person one vote","3 co equal branches of government","Government of, by, for the people",6,5,5,3,"vote","harris",NA,1,1,1,"female",55,"white/non-hisp","bachelors","$200,000 or more","ampride","radchange","demsatis","trustgov","antiest","WA",13,6,4,9,"11/19/2024 15:37"
4674,"kept",4.66666666666667,NA,2,4,NA,6,5.33333333333333,"Freedom of Speech","The United States of America lives up to its promise of Freedom of Speech by having it built into the constitution.",0,"Liberty","Individualism","Freedom of Religion","Equality","Freedom of Speech",5,5,4,NA,"vote",NA,NA,4,3,3,"male",24,"white/non-hisp","bachelors","$10,000 to $14,999","demsatis","trustgov","radchange","ampride","antiest","FL",10,4,3,5,"11/20/2024 21:05"
4680,"kept",4.75,5,3,6,3,5,4.25,"protection of freedom","They protect our freedoms by having a military to protect our country, and by having the laws of the congress to protect our individual freedoms...from other countries and from other individuals.",0,"freedom of religion","freedom to persue happiness","freedom of speech","freedom to own arms","protection of freedom",5,5,4,5,"vote","trump",NA,6,5,5,"female",78,"white/non-hisp","some coll","$40,000 to $49,999","antiest","demsatis","ampride","trustgov","radchange","OR",1,5,4,9,"11/21/2024 6:36"
4687,"ctrl",4.75,3,4,5,4,4,4.25,"Freedom religion","Being able to believe and be devoted to God. Being able to share my experience with God and the encourage other to do so",0,"Freedom religion","F of Speech","Opportunity","Democracy","Vote",6,5,4,4,"vote","trump",NA,5,4,4,"female",46,"hisp","bachelors","$85,000 to $99,999","radchange","trustgov","ampride","antiest","demsatis","LA",1,1,3,7,"11/19/2024 19:32"
4692,"ctrl",3.5,3,4,5,2,4,3.16666666666667,"Representative Government","we delegate our power to our branches of government. The judicial part of government protects us. the 3 branches control each other.",0,"Representative Government","Bill of Rights","Governed by Laws","branches of government","that's all",6,2,3,3,"vote","harris",NA,3,2,3,"male",76,"white/non-hisp","masters","$125,000 to $149,999","antiest","radchange","trustgov","ampride","demsatis","MI",5,2,2,3,"11/19/2024 18:12"
4697,"brkn",4,3,4,4,4,4,4,"Freedom","Too much homeless people living on the streets struggling, things would b better if homeless could live anywhere they wanted.",0,"Freedom","Liberty","Justice","Equal Rights","Believe",4,4,4,4,"vote","trump",NA,5,4,3,"male",33,"white/non-hisp","less HS","$150,000 to $174,999","demsatis","trustgov","ampride","radchange","antiest","OR",12,4,4,9,"11/25/2024 4:59"
4698,"kept",6,4,2,5,4,6,5.33333333333333,"Religious freedom","not to discriminate or single out any person or organization based on their religious beliefs so long as those beliefs do not infringe on other individual rights and safety",0,"Religious freedom","freedom of speech","right to bear arms","equal opportunity","free trade",5,7,6,6,"vote","trump",NA,6,5,5,"male",29,"white/non-hisp","some coll","$50,000 to $59,999","trustgov","radchange","demsatis","antiest","ampride","TN",1,1,3,6,"11/26/2024 11:23"
4706,"kept",5,3,4,2,6,4,5,"Freedom","I think freedom is precarious in the USA. The are too many people in the US who do not care about truth and fairness. Consequently, some people are harmed by false accusations and/or stereotyping.",0,"Justice","Liberty","Freedom","Equality","Prosperity",6,5,4,5,"vote","harris",NA,1,1,2,"male",52,"multi/non-hisp","HS","$5,000 to $9,999","ampride","trustgov","antiest","radchange","demsatis","IL",10,6,2,3,"11/22/2024 20:29"
4711,"kept",6,1,2,1,7,6,6.33333333333333,"equality","The US is not living up to it's promise of equality. The wealth gap is too large and people are struggling.",0,"freedom","equality","justice","rights","health",6,7,6,5,"vote","harris",NA,2,1,2,"male",33,"black/non-hisp","some coll","$75,000 to $84,999","demsatis","trustgov","antiest","ampride","radchange","CA",1,1,4,9,"11/29/2024 12:24"
4715,"ctrl",7,1,1,1,7,7,7,"Hope","The thought that things will improve. With or without proof shown.",0,"Peace","Freedom","Hope","Life","Family",7,7,7,7,"no vote",NA,NA,3,2,2,"male",28,"hisp","HS","$30,000 to $34,999","antiest","ampride","radchange","demsatis","trustgov","WI",10,6,2,3,"11/21/2024 14:11"
4722,"brkn",4.75,3,6,7,7,2,4.58333333333333,"Constitution","By allowing people to be arrested for speaking their minds openly overall and violation of the constitutional rights given",0,"Freedom","Constitution","Liberty","Religion","Occupation",7,5,6,1,"vote","trump",NA,5,4,3,"male",24,"black/non-hisp","masters","$175,000 to $199,999","antiest","demsatis","ampride","trustgov","radchange","CA",11,1,4,9,"11/19/2024 15:52"
4724,"kept",4.25,3,3,4,4,5,4.41666666666667,"Freedom","We have the ability to speak our mind without oppression. We are also granted a opportunity to grow your own empire so to speak.",0,"Freedom","Freedom of speech","Freedom of religion","Freedom to protect yourself","Chance to build",5,4,5,3,"vote","trump",NA,6,5,4,"male",25,"hisp","some coll","$85,000 to $99,999","antiest","trustgov","ampride","demsatis","radchange","MS",12,4,3,6,"11/24/2024 3:57"
4728,"brkn",5.75,5,2,3,6,6,5.91666666666667,"Integrity","Does not listen to the people that elected them,.....................................................",0,"Honesty","Integrity","Faith","Hope","Values",6,5,6,6,"vote",NA,NA,4,3,NA,"female",61,"white/non-hisp","some coll","$30,000 to $34,999","antiest","ampride","demsatis","radchange","trustgov","NJ",2,1,1,2,"11/20/2024 11:45"
4741,"brkn",7,1,2,1,7,6,6.66666666666667,"freedom","We have the freedom of speech, the freedom to choose where to live/work, to have a family, etc. I think that's being taken away from us as far the ability to make the freedom to decide what to do with your body if you become pregnant.",0,"democracy","freedom","justice","opportunity","equality",7,7,7,7,"no vote",NA,NA,1,1,2,"female",35,"asian/non-hisp","masters","$200,000 or more","trustgov","ampride","demsatis","radchange","antiest","TX",8,1,3,7,"11/22/2024 8:47"
4747,"kept",1,5,7,7,4,1,2,"Liberty","The development of a democracy full of freedom supported by justice hindering oppression and producing liberty.",0,"Honesty","Integrity","Justice","Freedom","Liberty",1,1,1,1,"vote","trump",NA,4,3,4,"male",29,"white/non-hisp","some coll","$5,000 to $9,999","ampride","antiest","radchange","trustgov","demsatis","TX",12,1,3,7,"11/26/2024 10:05"
4749,"kept",7,1,1,1,7,7,7,"Prosperity","Prosperity is what many Americans dream for. Only today is about benefiting those who already an abundance of money. Tax breaks for the rich is causing a greater divide between social classes.",0,"Freedom","Liberty","Justice","Prosperity","Justice",7,7,7,7,"vote","harris",NA,4,3,3,"male",25,"hisp","bachelors","$40,000 to $49,999","demsatis","antiest","radchange","ampride","trustgov","TX",11,1,3,7,"11/27/2024 19:53"
4770,"ctrl",5,2,4,2,5,4,4.66666666666667,"Justice for all","Justice for all means an act of fairness for everyone. Regardless of race, religion, gender, sexuality, etc. thag we shall all be respected by our government.",0,"Integrity of the people","Freedom of speech and religion","Justice for all","Self government","Independence",5,6,4,5,"vote","harris",NA,3,2,2,"female",22,"hisp","HS","$50,000 to $59,999","antiest","trustgov","demsatis","radchange","ampride","AZ",2,1,4,8,"11/24/2024 14:55"
4782,"ctrl",4.5,3,4,7,3,4,3.83333333333333,"Democracy in our choices","Democracy is the government of the people for the people and by the people, like Abraham Lincoln stated",0,"Guaranteed Freedoom","Justice for all","The  pursuit of happiness","Democracy in our choices","Equality for all",5,5,5,3,"no vote",NA,NA,5,4,3,"female",44,"hisp","masters","$125,000 to $149,999","radchange","demsatis","ampride","antiest","trustgov","CA",1,1,4,9,"11/22/2024 5:26"
4801,"brkn",5,3,2,1,6,6,5.66666666666667,"standards of law","people of fame and wealth escape the arms of justice. Despite egregious behavior, they are not subjected to penalties that people of normal means are subjected to",0,"freedom","equality","opportunity","shared responsibility","standards of law",7,5,2,6,"vote","harris",NA,3,2,3,"female",78,"white/non-hisp","masters","$60,000 to $74,999","trustgov","demsatis","antiest","radchange","ampride","TX",5,5,3,7,"11/19/2024 21:32"
4803,"ctrl",5.75,5,2,3,2,6,4.58333333333333,"Christian values","Juduo Christian beliefs as in the new testament of the Bible.including the ten commandments.and the law of moses",0,"Christian values","Life","Liberty","Pursuit of happiness","Property rights",5,7,5,6,"vote","trump",NA,7,5,5,"male",54,"white/non-hisp","some coll","$20,000 to $24,999","antiest","trustgov","ampride","radchange","demsatis","IN",1,1,2,3,"11/20/2024 23:47"
4814,"kept",4,4,4,3,5,4,4.33333333333333,"Stand for her Citizens","Protects us from foreign attack, domestic threats. Keeps infrastructure in good condition,  makes sure working conditions at employment sites are up to standards",0,"World power- protector","Stand for her Citizens","Equal rights","No discrimination","Moral standings",5,3,5,3,"vote","trump",NA,5,4,4,"male",59,"white/non-hisp","some coll","$85,000 to $99,999","antiest","trustgov","radchange","ampride","demsatis","KS",11,1,2,4,"11/22/2024 11:30"
4819,"kept",4,2,3,3,6,5,5,"Freedom","We are not in a dictatorship as we abide by a democracy. Our citizens have freedom of speech as well as freedom of choice, religion etc.",0,"Freedom","Melting pot","People have power","Justice for all","Proud",3,3,5,5,"vote","trump",NA,2,1,3,"female",36,"white/non-hisp","some coll","$150,000 to $174,999","demsatis","ampride","trustgov","antiest","radchange","CA",12,1,4,9,"11/23/2024 7:20"
4820,"brkn",3.5,5,4,4,4,4,3.83333333333333,"Freedom of Speech","In court you are not able to just say what you want.If you say certain things you would be held in contempt of court.",0,"Freedom of Speech","Right to bear arms","Respect for one another","Equal opportunities","Right to fair trial",3,2,5,4,"vote","harris",NA,2,1,3,"male",22,"black/non-hisp","HS","$10,000 to $14,999","radchange","antiest","demsatis","trustgov","ampride","OH",11,1,2,3,"11/24/2024 4:44"
4843,"kept",3.75,2,2,4,5,6,4.91666666666667,"Freedom","People are free to live how they want. They are not forced to think or live a certain way. People have freedom.",0,"Freedom","Happiness","Hard work","Acceptance","Love",3,4,4,4,"no vote",NA,NA,3,2,3,"female",30,"white/non-hisp","masters","$85,000 to $99,999","demsatis","ampride","antiest","trustgov","radchange","IN",1,1,2,3,"11/19/2024 20:40"
4844,"kept",4,4,4,2,5,4,4.33333333333333,"Life liberty pursut of happiness","Being free to travel work at a fair wage taxation wih representation without bias. Protection from all enemys foriegn and domestic",0,"Freedom of speach","Right to bare arms","Freedom of religion","Freedom from Goverment tieranny","Life liberty pursut of happiness",4,4,5,3,"no vote",NA,NA,5,4,4,"male",59,"other/non-hisp","some coll","$50,000 to $59,999","radchange","trustgov","demsatis","ampride","antiest","CA",10,2,4,9,"11/20/2024 13:04"
4862,"brkn",6.25,2,3,4,5,5,5.41666666666667,"Freedom of speech and personal expression","The US is *mostly* living up to this promise. Things like book banning in some states/communities, and emergence of “cancel” culture go against this promise.",0,"Freedom of speech and personal expression","Freedom of religious beliefs or non-beliefs","Freedom to pursue personal happiness and fulfillment","Helping and taking care of one another, sense of belonging and community","Justice and protection from corruption",7,7,6,5,"vote","harris",NA,3,2,2,"male",47,"hisp","HS","$100,000 to $124,999","radchange","antiest","demsatis","trustgov","ampride","TX",11,1,3,7,"11/22/2024 7:07"
4869,"kept",4.75,1,3,4,6,5,5.25,"Friendship","Having someone to lean on in a non sexual sense. They don't want anything else besides companionship.",0,"Hope","Love","Friendship","Possibility","Trust",7,4,4,4,"vote","harris",NA,2,1,2,"male",33,"white/non-hisp","bachelors","$100,000 to $124,999","radchange","trustgov","demsatis","antiest","ampride","PA",9,1,1,2,"11/19/2024 18:55"
4873,"ctrl",4,2,3,4,3,5,4,"Freedom","The ability to live your life freely and make your own choices. With the understanding of also needing to be a law abiding person.",0,"Freedom","Kindess","Caring","Love","Compassion",2,5,5,4,"vote","harris",NA,1,1,2,"female",38,"white/non-hisp","some coll","$85,000 to $99,999","ampride","radchange","trustgov","demsatis","antiest","MI",12,1,2,3,"11/25/2024 21:57"
4880,"ctrl",4.5,2,3,4,4,5,4.5,"Equality of opportunity","Each person, regardless of their background and upbringing, regardless of their gender or race, should be able to work towards any goal. If they do not have the resources already, then there should be ways to get those resources as long as the intrinsic skills are there",0,"Freedom - speech, self actualization, self determination","Equality of opportunity","Your background does not determine the limits of your potential","Individualism - states having the right to make certain decisions but not others, actual individuals having the right to choose for themselves","Community - despite the expectation for each person to ""do for themselves"", we also expect the community to work together for the greater good",6,4,5,3,"vote","harris",NA,2,1,3,"female",35,"white/non-hisp","masters","$75,000 to $84,999","demsatis","ampride","trustgov","radchange","antiest","VA",12,1,3,5,"11/22/2024 7:35"
4883,"kept",4,4,4,4,4,4,4,"Freedom","The right to any religion you want to follow. Also the freedom to love who you want.  and not be criticized .",0,"Freedom","Equality","Justice","Opportunity","Safety",4,4,4,4,"vote","harris",NA,1,1,3,"female",58,"white/non-hisp","some coll","$60,000 to $74,999","antiest","trustgov","radchange","demsatis","ampride","PA",4,5,1,2,"11/19/2024 18:04"
4896,"brkn",5,3,2,4,4,6,5,"freedom of religon","as a whole I think the country is trying to live up to freedom of religion. There is a large portion of people who preach freedom of religion but they only mean for their religion.",0,"freedom of religon","freedom of speech","98","98","98",5,5,5,5,"vote","harris",NA,3,2,3,"female",33,"white/non-hisp","some coll","$40,000 to $49,999","trustgov","demsatis","radchange","ampride","antiest","IL",11,7,2,3,"11/20/2024 10:08"
4898,"ctrl",5,5,4,2,5,4,4.66666666666667,"Honesty","Someone who is prideful,  genuine,  loyal to a fault and who cares enough to be truthful & straightforwardly.",0,"Integrity","Morals","Values","Respect","Honesty",5,5,5,5,"no vote",NA,NA,5,4,4,"female",66,"hisp","some coll","$100,000 to $124,999","ampride","radchange","trustgov","demsatis","antiest","CA",2,5,4,9,"11/20/2024 7:26"
4901,"ctrl",3.25,5,5,6,1,3,2.41666666666667,"Checks and Balances","A process where decisions require more than one agency to be implemented (e.g both houses and president must agree)",0,"Separation of posers","Checks and Balances","Separation of powers","Limited Government","Federalism",2,4,4,3,"vote","trump",NA,4,3,3,"male",81,"hisp","some coll","$100,000 to $124,999","ampride","antiest","demsatis","radchange","trustgov","NM",14,5,4,8,"11/19/2024 17:50"
4912,"ctrl",6.25,1,1,1,7,7,6.75,"equality","everyone having the same rights and resources regardless of race sex age tribe and your get the point",0,"liberty","equality","justice","democracy","federalism",7,7,4,7,"vote","harris",NA,4,3,3,"male",48,"black/non-hisp","masters","$50,000 to $59,999","antiest","ampride","trustgov","radchange","demsatis","NY",1,1,1,2,"11/20/2024 19:06"
4915,"kept",6.25,1,2,1,5,6,5.75,"Independence","We are not forced to have a specific religion. Different schools and communities operate differently. We have choice in many things",0,"Freedom","Safety","Independence","Autonomy","Accessibility",6,6,7,6,"vote","harris",NA,1,1,1,"female",29,"multi/non-hisp","some coll","$60,000 to $74,999","radchange","ampride","demsatis","trustgov","antiest","WA",10,1,4,9,"11/20/2024 19:57"
4925,"ctrl",5.5,1,1,1,7,7,6.5,"Little Morals","The government of the United States was built on lies. Life has a way of unfolding the truth over time on its own.
The government of the us does not care about the people whether you vote red or blue, it does not matter.",0,"Wealthy over poor","Money over people","Taking not giving","No care for people","Little Morals",7,7,7,1,"no vote",NA,NA,4,3,3,"female",26,"hisp","HS","$35,000 to $39,999","antiest","ampride","radchange","demsatis","trustgov","IL",11,1,2,3,"11/19/2024 22:45"
4932,"brkn",4.25,4,5,5,4,3,3.75,"Opportunity","Although some were never born here, their opportunities to start a life here is difficult. The opportunity for some Americans to do better is very difficult.",0,"Pride","Independence","Freedom","Opportunity","Honor",5,5,5,2,"no vote",NA,NA,5,4,3,"female",40,"white/non-hisp","HS","$5,000 to $9,999","demsatis","ampride","trustgov","antiest","radchange","FL",12,2,3,5,"11/21/2024 8:33"
4940,"ctrl",4.25,3,3,5,3,5,4.08333333333333,"created equal","All of us regardless of sex or race or status are the same under the law - each individual will be treated equally by the government.",0,"created equal","religious freedom","free speach","right to vote","right ot pursue happiness",3,5,4,5,"vote","harris",NA,5,4,3,"male",78,"white/non-hisp","masters","$125,000 to $149,999","trustgov","radchange","ampride","demsatis","antiest","CA",11,5,4,9,"11/19/2024 16:36"
4945,"brkn",6.5,4,3,2,6,5,5.83333333333333,"Voting rights","The ways certain politicians claim voting fraud, and unlawful voting.The way they try to say voter fraud, and voter tampering.",0,"Freedom of speech","separation of church and state","right to bear amrs","Voting rights","free elections",6,7,7,6,"vote","harris",NA,1,1,3,"male",68,"hisp","some coll","$30,000 to $34,999","ampride","antiest","radchange","trustgov","demsatis","LA",1,5,3,7,"11/19/2024 18:31"
4950,"brkn",6,2,2,2,6,6,6,"Freedom","Women do not have the freedom to get medical treatment or make their own choices about their bodies in many states.",0,"Freedom","Education","Hard work","Choice","Safety",7,6,5,6,"vote","harris",NA,3,2,3,"female",48,"white/non-hisp","bachelors","$200,000 or more","demsatis","antiest","trustgov","ampride","radchange","WA",11,1,4,9,"11/19/2024 17:51"
4951,"brkn",5,1,2,2,2,6,4.33333333333333,"Democracy","Donald Trump was reelected as president earlier this month. He has threatened to overturn our democracy.",0,"Freedom of Speech","Freedom of Religion","Democracy","Independence","Trust",6,5,3,6,"vote","harris",NA,1,1,1,"female",38,"white/non-hisp","bachelors","$60,000 to $74,999","demsatis","radchange","antiest","trustgov","ampride","NE",1,1,2,4,"11/20/2024 18:04"
4958,"ctrl",5,3,2,2,6,6,5.66666666666667,"Pursuit of happiness","The ability to do what makes an individual happy. To not be restricted in that pursuit by any government as long as it doesn’t adversely affect others.",0,"Democratic Government","Pursuit of happiness","Justice for all","Limited powers of the government","All people are equal",5,5,5,5,"vote","other","Nikki Haley",4,3,3,"male",70,"white/non-hisp","some coll","$50,000 to $59,999","antiest","radchange","demsatis","trustgov","ampride","FL",1,5,3,5,"11/19/2024 19:01"
4960,"kept",4.5,2,4,4,4,4,4.16666666666667,"A good life","There is always good opportunity for jobs and for improving your life if you want to put in the hours for it.",0,"Unity","Jobs","Homes","Family","A good life",5,5,5,3,"no vote",NA,NA,2,1,2,"male",31,"white/non-hisp","some coll","$25,000 to $29,999","trustgov","demsatis","antiest","radchange","ampride","OH",11,1,2,3,"11/24/2024 17:22"
4961,"brkn",5.5,1,2,1,7,6,6.16666666666667,"Freedom","We are not allowing kids to go to school freely and attend classes that are not governed by interference of religion and fear of harm in an educational environment. We are not allowing people to go to public places without the fear of shootings. We cannot allow women the freedom to choice what happens with their own bodies.",0,"Freedom","Independence","Choice","Religious Freedom","Education",7,7,6,2,"vote","harris",NA,1,1,1,"female",24,"white/non-hisp","some coll","$20,000 to $24,999","demsatis","radchange","trustgov","ampride","antiest","NY",9,1,1,2,"11/23/2024 17:34"
4962,"ctrl",6.75,3,2,2,6,6,6.25,"Independence","Free to choose the life you want for yourself and your family no government interference on how you life your life",0,"Freedom","Peace","Independence","Virtue","Prosperity",6,7,7,7,"vote","trump",NA,4,3,3,"male",62,"white/non-hisp","some coll","$175,000 to $199,999","ampride","radchange","antiest","trustgov","demsatis","NJ",2,1,1,2,"11/20/2024 0:37"
4963,"kept",3.5,4,4,6,4,4,3.83333333333333,"Freedom","The Right to bare arms Gives me the freedom to protect myself from foreign and domestic threats. Freedom of speech gives me the ability to express myself without legal consequences. The freedom of Religion gives me the ability to practice my faith without Fear of retaliation of what I believe and what I practice.",0,"Freedom","Opportunity","Safety","Equality","Growth",2,4,4,4,"vote","trump",NA,6,5,3,"male",33,"white/non-hisp","some coll","$125,000 to $149,999","trustgov","ampride","radchange","demsatis","antiest","MD",2,2,3,5,"11/27/2024 12:31"
4966,"brkn",6.75,4,2,1,7,6,6.58333333333333,"First amendment","For the most part america is keeping their promise upholding the first amendment however progressive limitations on which types of first amendment types allowed.",0,"First amendment","Second amendment","Right to enterprise","Sovereignty","Opportunity of American dreams",7,7,7,6,"no vote",NA,NA,7,5,3,"female",34,"white/non-hisp","HS","$40,000 to $49,999","radchange","ampride","trustgov","demsatis","antiest","FL",11,1,3,5,"11/20/2024 13:15"
4970,"ctrl",3,5,4,7,3,4,3.33333333333333,"Freedom and Liberty","That individuals can voice their opinions, exercise their personal freedoms, and maintain the self-jurisdiction to pursue life, liberty, and the pursuit of happiness: These were the ideals underlying the Lockean roots of what individuals must maintain under the social contract.",0,"Freedom and Liberty","Democracy","Right to property","Federalism","Right to representation",3,3,3,3,"vote","trump",NA,5,4,4,"male",57,"white/non-hisp","masters","$50,000 to $59,999","trustgov","demsatis","ampride","antiest","radchange","MD",11,1,3,5,"11/19/2024 20:51"
4971,"brkn",7,3,4,4,7,4,6,"Democracy","Because without democracy out country will not succeed. We need democracy to unite both parties to work together",0,"Liberty","Equality","Democracy","Federalism","Limited Government",7,7,7,7,"vote","harris",NA,1,1,3,"male",30,"asian/non-hisp","some coll","$100,000 to $124,999","antiest","radchange","demsatis","ampride","trustgov","CA",98,4,4,9,"11/19/2024 16:39"
4976,"kept",4.25,5,2,3,7,6,5.75,"SAFETY","TO MUCH CRIME AND NO PUNISHMENT. BAD GUYS ABOUND NEED TO PUT THEM IN JAIL ASAP. SHUT THE BORDER AND DEPORT ALL ILLEGAL IMAGRANTS. PUT TERM LIMITS ON ALL POLITIANS.",0,"SAFETY","ECONAMY","NO DEI","BORDER SHUT","PERMOTE PEICE",1,4,6,6,"vote","trump",NA,7,5,5,"male",83,"white/non-hisp","some coll","$75,000 to $84,999","ampride","trustgov","demsatis","radchange","antiest","CA",2,2,4,9,"11/25/2024 9:56"
4987,"brkn",6.25,5,2,4,2,6,4.75,"Separation of state and church","The government not enforcing the separation of state and church. Lawmakers pushing for religious ""freedom"" and subjecting people to their belief. The government allowing religion into schools.",0,"Freedom of speech","Separation of state and church","Right to bare arms","Land of opportunity","No taxation without representation",7,6,6,6,"vote","harris",NA,2,1,3,"male",36,"hisp","some coll","$85,000 to $99,999","trustgov","antiest","ampride","radchange","demsatis","CA",1,1,4,9,"11/20/2024 10:05"
4992,"ctrl",4,4,3,2,4,5,4.33333333333333,"Freedom","Freedom means people entered on to the land of united states have the right to express opinions freely, and physical freedom",0,"Freedom","Private Ownership","Equal rights","Advancement","Safety",4,5,3,4,"vote","trump",NA,5,4,3,"female",34,"asian/non-hisp","bachelors","$150,000 to $174,999","antiest","trustgov","radchange","ampride","demsatis","TX",11,1,3,7,"11/27/2024 11:03"
5004,"kept",4.5,3,3,2,3,5,4.16666666666667,"Opportunity","Since our founding, people have come here from around the world in pursuit of what’s important to them. Religious freedom, economic opportunity, or pushing the boundaries of humanity. Despite some bumps along the way this is still true today.",0,"Liberty","Opportunity","Pursuit of happiness","Advancement","Freedom from…",6,4,4,4,"vote","harris",NA,2,1,2,"male",42,"hisp","bachelors","$175,000 to $199,999","radchange","antiest","ampride","demsatis","trustgov","KS",11,1,2,4,"11/21/2024 16:03"
5008,"ctrl",5.75,5,2,1,7,6,6.25,"Freedom","The freedom to choose the life that is best for me and everyone around me. Not being told how to think and act as well as feel.  Freedom to choose what religion I know to be true.",0,"God","Country","Family","Freedom","Honesty",2,7,7,7,"vote","trump",NA,7,5,3,"male",60,"other/non-hisp","some coll","$15,000 to $19,999","radchange","demsatis","antiest","ampride","trustgov","WA",12,6,4,9,"11/21/2024 12:52"
5009,"ctrl",4.5,2,4,3,4,4,4.16666666666667,"Laws","Rules that are agreed upon by its citizens for a civilized society that all can flourish and be happy",0,"Freedom","Security","Liberty","Laws","Human Rights",4,5,4,5,"vote","other","Nonya Bizness",5,4,3,"female",53,"white/non-hisp","bachelors","$35,000 to $39,999","trustgov","radchange","demsatis","ampride","antiest","SC",12,1,3,5,"11/19/2024 19:56"
5013,"ctrl",4,3,4,4,4,4,4,"Freedom of speech","For us to be able to have our say in things that need to be done,.to express our idea and opinion without the fear of being punished",0,"Freedom of speech","Voting","Bare all arms","Give us liberty","And justice",4,4,4,4,"vote","harris",NA,2,1,3,"female",65,"hisp","less HS","$25,000 to $29,999","antiest","ampride","trustgov","radchange","demsatis","TX",2,5,3,7,"11/25/2024 22:06"
5014,"ctrl",5.25,2,1,1,7,7,6.41666666666667,"Democracy","A system of government in which power is vested in its people. The citizens of a democracy are enabled with the power to vote on how their government is run.",0,"Democracy","Independence","Diversity","Imperialism","Power",7,7,6,1,"vote","other","Neither",2,1,1,"male",34,"multi/non-hisp","masters","$150,000 to $174,999","ampride","antiest","demsatis","radchange","trustgov","CA",9,1,4,9,"11/19/2024 21:54"
5034,"ctrl",5.75,2,2,4,6,6,5.91666666666667,"Freedom","Freedom is being able to do as you please within the limits of reasonable laws. People should be able to be individually themselves.",0,"Family","Freedom","Acceptance","Women’s rights","LGBTQIA+ rights",7,6,7,3,"vote","harris",NA,2,1,3,"female",33,"hisp","masters","$85,000 to $99,999","antiest","ampride","radchange","trustgov","demsatis","TX",2,1,3,7,"11/22/2024 9:03"
5036,"ctrl",4,4,4,4,4,4,4,"International image","International image relates to the political and economical power that the USA shows to its allies and possible enemies",0,"money","industrialization","International image","-","-",4,4,4,4,"no vote",NA,NA,2,1,3,"male",23,"hisp","some coll","$10,000 to $14,999","antiest","trustgov","demsatis","radchange","ampride","TX",2,6,3,7,"11/21/2024 13:21"
5039,"ctrl",6.25,2,1,5,2,7,5.08333333333333,"Freedom","Freedom is the right we enjoy to do, think, and say what we would like within the bounds of the law. It allows worship and free thought so people have to research the best way to go. It is the base for winners to win. Freedom to live our lives and suffer the consequences of our choices, good or bad, is crucial for the Country to prosper.",0,"Freedom","The Pursuit of Happiness","Life","Liberty","Justice",6,6,6,7,"vote","trump",NA,5,4,4,"male",29,"white/non-hisp","HS","$100,000 to $124,999","demsatis","radchange","trustgov","antiest","ampride","IN",1,1,2,3,"11/23/2024 5:49"
5042,"ctrl",4,4,2,2,3,6,4.33333333333333,"Life","The ability for a person, once conceived, to live their life and not be killed. Not to be murdered by others or the state.",0,"Life","Freedom of speech","Freedom of religion","Freedom of assembly","Property",3,5,3,5,"vote","other","I don’t recall; some third party.",6,5,4,"male",43,"white/non-hisp","masters","$200,000 or more","antiest","radchange","trustgov","ampride","demsatis","WI",1,1,2,3,"11/21/2024 20:01"
5044,"kept",5.75,4,4,3,5,4,4.91666666666667,"Democracy","The ability to discuss & act on differing opinions and needs of citizens. Provide a path to citizenship",0,"Democracy","Rule of law","Ability to improve one's life","Compassion for those fleeing persecution","Improve health & treat illnesses",5,7,6,5,"vote","harris",NA,2,1,3,"female",71,"white/non-hisp","masters","$40,000 to $49,999","demsatis","ampride","antiest","radchange","trustgov","IL",1,5,2,3,"11/19/2024 17:15"
5046,"brkn",5.25,3,3,4,6,5,5.41666666666667,"Freedom of choice","Reversing roe v wade took away a woman’s  choice for what happens to their bodies, their lives. If forced to give birth they can be forced to change everything they want to accomplish",0,"Freedom of speech","Freedom of choice","Freedom to thrive","Be productive","Be kind",5,5,5,6,"vote","harris",NA,3,2,3,"female",67,"white/non-hisp","some coll","$30,000 to $34,999","radchange","trustgov","antiest","demsatis","ampride","WA",1,1,4,9,"11/19/2024 17:07"
5052,"ctrl",5,3,3,3,5,5,5,"Freedom of religion","The USA is a place where all are free to come and practice whatever religion they believe in. There are no restrictions nor need to hide your religious beliefs.",0,"Freedom of religion","Freedom of religion","Land of opportunities","Strength and power","Hope for all",5,6,5,4,"vote","other","Bernie Sanders",4,3,3,"male",41,"black/non-hisp","some coll","$60,000 to $74,999","antiest","trustgov","ampride","demsatis","radchange","IL",12,1,2,3,"11/21/2024 19:09"
5055,"kept",5,3,3,3,5,5,5,"To raise a family safely","My tax dollars should be used to hire and train police officers to uphold the laws, and keep my neighborhood safe for my family. Local governments should be listening to their residents, in order to know what's important to us, and better govern them, and provide a safe and stable community.",0,"Freedom to choose and follow a religion","Pursuit of happiness","Work hard, for an honest wage","To raise a family safely","To provide education for everyone",5,5,5,5,"vote","harris",NA,1,1,3,"female",62,"white/non-hisp","HS","$50,000 to $59,999","radchange","demsatis","ampride","trustgov","antiest","MI",12,1,2,3,"11/19/2024 18:29"
5060,"ctrl",4.25,2,4,4,3,4,3.75,"Freedom to have guns","USA legal citizens have a right to own guns. So legal usa citizens can protect themselves from corrupt governments",0,"Freedom of speech","Freedom to have guns","Freedom of religion","Protects the people from unreasonable seizure of guns and property","Right to a speedy trial",4,4,4,5,"vote","trump",NA,6,5,3,"male",20,"white/non-hisp","HS","$40,000 to $49,999","trustgov","demsatis","radchange","antiest","ampride","TX",10,1,3,7,"11/28/2024 17:58"
5062,"ctrl",3.75,2,2,4,5,6,4.91666666666667,"Independence","Independence is the ability to stand on your own without being dependent on anyone and or anything else.",0,"Money","Equally","Independence","Consumers","Freedom",1,5,4,5,"no vote",NA,NA,5,4,2,"female",19,"hisp","less HS","$50,000 to $59,999","radchange","trustgov","ampride","antiest","demsatis","AZ",11,2,4,8,"11/24/2024 21:08"
5063,"brkn",5,3,3,3,6,5,5.33333333333333,"Protect its people","People are bullied in the media if they do not always agree with the media's narrative.  Also, job opportunities are now in some cases not based on merit, but instead on filling DEI quotas.",0,"Protect its people","Freedom of Speech","Freedom of Religion","Meritocracy","Economic prosperity",2,5,6,7,"vote","trump",NA,6,5,3,"female",66,"multi/non-hisp","masters","$85,000 to $99,999","demsatis","trustgov","antiest","ampride","radchange","CA",13,5,4,9,"11/19/2024 15:11"
5065,"kept",6.75,3,1,3,5,7,6.25,"Freedom","We have freedom to say what we want and have it protected. We have thr freedom to choose our government. We have the freedom too go where we want in thr states with our travel papers",0,"Freedom","Fairness","Advancement of life","Happiness","Voting for government",7,7,6,7,"no vote",NA,NA,4,3,3,"male",43,"white/non-hisp","some coll","$60,000 to $74,999","antiest","ampride","trustgov","demsatis","radchange","MI",7,1,2,3,"11/29/2024 5:50"
5081,"brkn",3.25,4,4,5,5,4,4.08333333333333,"Right to choose representative","With only two parties each picking representatives of the far left or right we have little chance to chose someone who is moderate.",0,"Freedom of religion","Freedom of speech","Right to choose representative","Pursuit of happiness","Privacy",3,4,3,3,"vote","harris",NA,6,5,3,"male",70,"white/non-hisp","masters","$85,000 to $99,999","radchange","ampride","antiest","trustgov","demsatis","IL",1,5,2,3,"11/19/2024 20:11"
5085,"ctrl",4.5,3,3,2,6,5,5.16666666666667,"democracy","That government should exist for the people, by the people. That voting on all issues be central for good government.",0,"democracy","equality","freedom","safety","diversity",6,4,4,4,"vote","harris",NA,1,1,2,"female",63,"white/non-hisp","bachelors","under $5,000","ampride","trustgov","antiest","radchange","demsatis","CA",1,2,4,9,"11/22/2024 11:21"
5086,"brkn",5,4,1,2,5,7,5.66666666666667,"Individual Freedom","People have become too dependent on government assistance programs. Dependence is the opposite of freedom.",0,"Individual Freedom","People created equal","Freedom of expression","Independance","Respect for others",3,5,5,7,"vote","harris",NA,5,4,3,"male",74,"white/non-hisp","some coll","$100,000 to $124,999","demsatis","antiest","trustgov","radchange","ampride","AZ",10,5,4,8,"11/23/2024 12:28"
5089,"kept",4.75,4,4,5,5,4,4.58333333333333,"Democratic government","Free and fair elections, freedom of speech and press, independent judiciary, rule of law, and political pluralism",0,"Democratic government","Effective governance","Justice","Freedom","Equality",5,5,5,4,"no vote",NA,NA,4,3,3,"male",38,"multi/non-hisp","bachelors","$150,000 to $174,999","trustgov","ampride","radchange","demsatis","antiest","CA",11,1,4,9,"11/22/2024 9:23"
5092,"ctrl",7,2,1,1,7,7,7,"Supposed to be by the people","Our government is supposed to be ruled by us everyone not just the people that are in the position of power.",0,"Freedom of speech","Freedom of religion","Supposed to be by the people","We the people","Equality",7,7,7,7,"no vote",NA,NA,2,1,2,"female",33,"white/non-hisp","some coll","$25,000 to $29,999","ampride","antiest","demsatis","trustgov","radchange","AR",7,4,3,7,"11/20/2024 15:06"
5105,"ctrl",5,4,5,4,6,3,4.66666666666667,"God","God is real. He shows himself everyday. He is of higher power and is the future of the world. He forgives everyone’s sins",0,"God","Free speech","Patriotism","Family","Guns",4,5,6,5,"no vote",NA,NA,5,4,4,"female",24,"white/non-hisp","HS","$40,000 to $49,999","demsatis","ampride","antiest","trustgov","radchange","TX",12,7,3,7,"11/19/2024 21:49"
5116,"kept",7,1,1,1,7,7,7,"Death","Since its inception, America has slaughtered and enslaved. This continues today through wars overseas, poverty, police brutality, and limited healthcare.",0,"Murder","Hate","Repression","Capital","Death",7,7,7,7,"vote","other","Voted down ballot. Did not vote in the presidential.",3,2,1,"male",25,"white/non-hisp","some coll","$5,000 to $9,999","trustgov","ampride","demsatis","radchange","antiest","NY",9,7,1,2,"11/20/2024 9:38"
5121,"kept",5.75,5,4,3,5,4,4.91666666666667,"Economy","Providing jobs for people who are looking for work.Higher pay better benefits for them and there families",0,"Equal right","Economy","Safety of our children","Inflammation","Healthcare",6,6,6,5,"no vote",NA,NA,1,1,3,"female",38,"hisp","less HS","$20,000 to $24,999","radchange","antiest","demsatis","trustgov","ampride","NY",2,1,1,2,"11/30/2024 0:09"
5129,"brkn",4.5,5,2,1,5,6,5.16666666666667,"World Peace","We need to be more helpful to our alies if aggressive behavior is conducted against them. We need to help negotiate peaceful settlements, that is beneficial to all parties envolved.",0,"World Peace","Respect","Strong economy","Religious Freedom","Freedom of speech",6,5,5,2,"vote","harris",NA,1,1,3,"female",71,"white/non-hisp","bachelors","$50,000 to $59,999","ampride","demsatis","trustgov","antiest","radchange","GA",5,5,3,5,"11/20/2024 9:02"
5133,"brkn",6.75,4,1,2,6,7,6.58333333333333,"Spending tax dollars","Government spends very little on its own citizens to help make the average person be able to move up financially",0,"Spending tax dollars","Making tax dollars","Protecting Elites","Making more laws","Making more regulations",7,7,7,6,"vote","trump",NA,6,5,3,"male",28,"hisp","HS","$125,000 to $149,999","trustgov","demsatis","ampride","radchange","antiest","NV",1,1,4,8,"11/22/2024 8:33"
5140,"ctrl",6,3,2,2,7,6,6.33333333333333,"Freedom","Ability to watch what we want, say what we want, etc without the government telling us what to believe.",0,"Freedom","Opportunity","Safety","Family","Able to earn money",5,6,6,7,"vote","harris",NA,1,1,1,"female",46,"white/non-hisp","bachelors","$150,000 to $174,999","ampride","antiest","demsatis","radchange","trustgov","MD",2,1,3,5,"11/19/2024 19:03"
5143,"ctrl",5.5,1,3,3,7,5,5.83333333333333,"Liberty","Freedom to do what we want within reason (it does not harm anyone or is not considered a crime). Liberty meaning the freedom to have options for choice regarding our bodies and our families",0,"Life","Liberty","Pursuit of happiness","Freedom of religion","Free speech",7,7,5,3,"no vote",NA,NA,1,1,2,"female",28,"hisp","some coll","$10,000 to $14,999","radchange","trustgov","demsatis","ampride","antiest","CA",2,1,4,9,"11/19/2024 16:02"
5152,"kept",4,4,2,2,3,6,4.33333333333333,"Freedom","Opportunity to work when and where you choose to for pay. Laws in place to protect people’s rights.",0,"Freedom","Independence","Democracy","Economical Opportunity","Equity",3,5,3,5,"vote","trump",NA,5,4,3,"female",34,"white/non-hisp","bachelors","$125,000 to $149,999","radchange","demsatis","trustgov","antiest","ampride","MI",10,1,2,3,"11/20/2024 9:23"
5153,"kept",6.25,4,1,2,3,7,5.41666666666667,"Freedom","Ability to form a business ability to live where you want and go where you want freedom of purchase and freedom of speech",0,"Freedom","Fairness","Family","Discipline","Honestly",6,6,6,7,"vote","trump",NA,3,2,3,"male",26,"white/non-hisp","bachelors","$75,000 to $84,999","trustgov","antiest","ampride","demsatis","radchange","IA",2,1,2,4,"11/20/2024 12:15"
5155,"ctrl",4.5,4,2,1,3,6,4.5,"Freedom of religion","Seeing as God created us, he is above the government and therefore we need to be able to worship him",0,"Freedom of religion","Freedom to vote","Pursuit of happiness","Freedom from want","No taxation without representation",2,5,5,6,"no vote",NA,NA,7,5,4,"male",51,"white/non-hisp","masters","$75,000 to $84,999","antiest","radchange","trustgov","demsatis","ampride","OH",1,1,2,3,"11/19/2024 18:35"
5156,"kept",4.25,5,4,6,6,4,4.75,"Loyalty","Voting in politicians who share same values. People help each other in times of need. Who will fight for the country",0,"Loyalty","Honesty","Faith","Trust","Hardwork",6,2,6,3,"vote","trump",NA,6,5,3,"male",43,"white/non-hisp","some coll","$35,000 to $39,999","ampride","trustgov","antiest","radchange","demsatis","NY",1,1,1,2,"11/20/2024 21:19"
5168,"brkn",6.5,2,3,3,7,5,6.16666666666667,"Freedom","Women don't have freedom over their bodies. LGBT people don't have the same freedoms as straight people do.",0,"Opportunity","Freedom","Money","Growth","Christianity",7,7,6,6,"vote","harris",NA,2,1,3,"female",34,"white/non-hisp","some coll","$75,000 to $84,999","antiest","radchange","trustgov","demsatis","ampride","CO",11,1,4,8,"11/19/2024 17:24"
5180,"ctrl",6.25,1,2,2,5,6,5.75,"Freedom","the power or right to act, speak, or think as one wants without hindrance or restraint. Absence of subjection to foreign domination or despotic government.",0,"Freedom","Equality","Indiviualism","Justice","Self reliance",6,7,6,6,"no vote",NA,NA,4,3,4,"male",21,"white/non-hisp","HS","$100,000 to $124,999","demsatis","ampride","antiest","radchange","trustgov","MO",11,1,2,4,"11/22/2024 23:43"
5182,"brkn",5.25,4,4,3,6,4,5.08333333333333,"Safety of the people","Society is in a uproar.people make it unsafe to live daily lives.constant fear of a new world war happening",0,"Freedom of speech","Right to bear arms","Safety of the people","I don't know","I don't know",6,4,6,5,"no vote",NA,NA,4,3,4,"male",45,"white/non-hisp","HS","$25,000 to $29,999","trustgov","antiest","demsatis","radchange","ampride","CA",12,1,4,9,"11/22/2024 11:34"
5211,"brkn",5.5,4,4,4,4,4,4.5,"Freedom","There's a lot of reasons. Healthcare did not improve. Forcing people to pay for car insurance. Forcing someone to do stuff is not freedom",0,"Freedom","Freedom of speech","Don't know","Don't forget","Don't forget their promises",6,6,6,4,"no vote",NA,NA,4,3,4,"female",62,"black/non-hisp","HS","$40,000 to $49,999","ampride","antiest","trustgov","radchange","demsatis","NV",12,6,4,8,"11/27/2024 8:40"
5217,"kept",3.5,1,4,2,1,4,2.83333333333333,"Freedom of religion","Freedom of religion is threatened by Christian Nationalism but organizations like Freedom From Relion and Separation of Church and State are tolerated and have healthy membership and support",0,"Free speech","Freedom of religion","Freedom from searches","Freedom from incrimination","Freedom of counsel",5,3,1,5,"vote","harris",NA,1,1,1,"male",82,"white/non-hisp","masters","$60,000 to $74,999","demsatis","radchange","antiest","trustgov","ampride","NC",9,5,3,5,"11/19/2024 21:08"
5218,"brkn",3,5,5,6,4,3,3.33333333333333,"Freedom","When it comes to the land of freedom for ""All Americans"" to always feel safe, valued, and appreciated. To sincerely believe deep within your heart of hearts that there's no better place to live than America. To believe that our democracy is the best in the world.",0,"Freedom","Equality","Sustainability","Strength","Unity",5,2,2,3,"vote","harris",NA,1,1,2,"male",69,"black/non-hisp","some coll","$50,000 to $59,999","antiest","demsatis","ampride","trustgov","radchange","CA",12,5,4,9,"11/21/2024 16:15"
5232,"ctrl",5.5,2,3,6,2,5,4.16666666666667,"Liberty","Liberty to do or say,or believe what you want without fear of reprecussionss from the government. To have a life free of tyranny. Unlike what is about to happen to this country",0,"Life","Liberty","Happiness","Free Speech","Religion",7,5,6,4,"vote","harris",NA,2,1,3,"male",62,"white/non-hisp","some coll","$10,000 to $14,999","radchange","demsatis","trustgov","ampride","antiest","NY",12,6,1,2,"11/21/2024 7:47"
5237,"kept",5.5,4,4,4,5,4,4.83333333333333,"EQUALITY FOR ALL","There is no caste system in the US. If a person works hard and stays focused they can be successful.",0,"EQUALITY FOR ALL","LIBERTY","FREEDOM OF RELIGION","FREEDOM OF SPEECH","FUNDAMENTAL RIGHTS",5,5,6,6,"no vote",NA,NA,2,1,3,"female",55,"hisp","some coll","$40,000 to $49,999","antiest","demsatis","radchange","trustgov","ampride","CA",12,1,4,9,"11/20/2024 8:24"
5247,"kept",5,4,2,2,5,6,5.33333333333333,"Equality","Allowing people to be treated  as equals. Allowing people to vote their own mind and values.  Treat people as one would want to be treated  by other people.",0,"Fairness","Justice","Equality","Freedom","Acceptance",3,5,6,6,"vote","trump",NA,6,5,3,"male",68,"white/non-hisp","bachelors","$200,000 or more","antiest","demsatis","trustgov","ampride","radchange","WV",1,1,3,5,"11/19/2024 22:16"
5248,"ctrl",7,2,2,1,7,6,6.66666666666667,"Strong","……….:: I don’t know? Strong just means to be strong willed? I honestly really don’t know what else to say…?",0,"Kindness","Strong","Brave","Smart","Motivated",7,7,7,7,"no vote",NA,NA,2,1,4,"female",18,"white/non-hisp","less HS","$50,000 to $59,999","ampride","radchange","trustgov","demsatis","antiest","KY",11,1,3,6,"11/27/2024 13:14"
5255,"brkn",5.75,1,2,4,5,6,5.58333333333333,"Equality","Systemic racism and systems in place that make it harder for certain races to succeed. Many ethnicities still struggle with a poorer background and are disadvantaged with their opportunities because of their birth .",0,"Equality","Freedom","Diversity","Safety","Integrity",6,6,5,6,"vote","other","Jill stein",4,3,4,"male",31,"asian/non-hisp","masters","$100,000 to $124,999","demsatis","ampride","trustgov","antiest","radchange","PA",6,1,1,2,"11/26/2024 19:31"
5256,"ctrl",3.5,5,4,4,2,4,3.16666666666667,"Natural rights","Freedoms, liberties and entitlements that people are born with that since the government did not grant them, it cannot thank them away",0,"Natural rights","Social contract","Individual freedom","Consent of governed","Equity",5,5,2,2,"vote","harris",NA,2,1,3,"male",55,"hisp","masters","$150,000 to $174,999","antiest","radchange","trustgov","demsatis","ampride","CA",1,1,4,9,"11/20/2024 19:06"
5258,"ctrl",6.25,5,1,3,4,7,5.75,"protection","Protect from all enemies, both foreign and domestic. Protect our borders and allow only legal entrance to our country!",0,"freedom","free speech","protection","fair search","enough",4,7,7,7,"vote","trump",NA,5,4,3,"male",72,"white/non-hisp","some coll","$200,000 or more","ampride","antiest","trustgov","demsatis","radchange","SC",11,5,3,5,"11/20/2024 6:59"
5264,"brkn",4.75,2,2,3,4,6,4.91666666666667,"Rights","The supreme court is rolling back laws that gave people rights. They are also cherry picking court cases to set up precedent for rolling back laws.",0,"Freedom","Liberty","happiness","Rights","Freedom of religion",5,5,5,4,"vote","harris",NA,3,2,3,"male",26,"white/non-hisp","HS","$25,000 to $29,999","demsatis","antiest","trustgov","radchange","ampride","FL",10,6,3,5,"11/19/2024 18:17"
5269,"brkn",4,4,4,4,5,4,4.33333333333333,"Freedom","Freedom to vote for leaders.  Freedom of speech and writing. Freedom to make choices for ourselves and families.",0,"Resilience","Equality","Independence","Fairness","Freedom",5,3,5,3,"vote","harris",NA,4,3,2,"female",43,"white/non-hisp","masters","$60,000 to $74,999","demsatis","trustgov","ampride","antiest","radchange","OH",2,1,2,3,"11/20/2024 20:52"
5271,"brkn",5.75,1,1,2,5,7,5.91666666666667,"Freedom","The criminal justice system is unfair in regard to racial disparities. Legal representative is not equal among wealth status.",0,"Liberty","Freedom","Pursuit of happiness","Civil rights","Life",6,6,6,5,"vote","harris",NA,3,2,3,"female",35,"white/non-hisp","bachelors","$85,000 to $99,999","demsatis","trustgov","radchange","ampride","antiest","OH",11,1,2,3,"11/20/2024 9:38"
5275,"ctrl",5.25,4,3,3,5,5,5.08333333333333,"Freedom of speech","Freedom of speech is when you can say and write whatever you feel is right . It is everyone's right to have an opinion and say anything without being shut down.",0,"Free Healthcare for all","Freedom to protect your home and family","Freedom of expression","Freedom of speech","Freedom from finances",6,7,6,2,"vote","trump",NA,2,1,3,"female",40,"hisp","HS","under $5,000","trustgov","demsatis","radchange","antiest","ampride","IL",12,1,2,3,"11/19/2024 17:49"
5277,"brkn",6.5,4,2,1,7,6,6.5,"Freedom of religion","The United States doesn’t live up to its belief of separation of church and state.
The United States Violates freedom of religious of religious minorities.",0,"Freedom of speech","Freedom of religion","Everyone should be treated equally","Citizens vote for their leaders","Right to be left alone",7,7,6,6,"vote","harris",NA,1,1,3,"male",64,"black/non-hisp","masters","$85,000 to $99,999","radchange","ampride","trustgov","demsatis","antiest","NC",1,6,3,5,"11/20/2024 19:37"
5280,"kept",4,3,4,4,4,4,4,"Freedom of religion","No discrimination like other countries. A person of certain religious beliefs does not get physically tortured",0,"Freedom of speech","Freedom of religion","Freedom to bare arms","Border is needed","Unborn children are children",4,4,4,4,"vote","trump",NA,6,5,4,"male",42,"hisp","some coll","$60,000 to $74,999","demsatis","ampride","antiest","trustgov","radchange","CA",12,1,4,9,"11/21/2024 16:09"
5302,"ctrl",6.25,2,2,3,3,6,5.08333333333333,"Freedom","The ability to live your life with little interference. A government that helps but doesn't hurt or actively interfere",0,"Life","Liberty","Happiness","Equality","Freedom",6,7,6,6,"vote","harris",NA,3,2,3,"male",49,"hisp","some coll","$85,000 to $99,999","antiest","demsatis","trustgov","radchange","ampride","CO",7,1,4,8,"11/19/2024 17:31"
5316,"brkn",2.25,5,4,2,6,4,4.08333333333333,"Constitution","the constitution is not being followed where one person, the president, is working toward a dictatorship.",0,"Constitution","three branches","people form leaders","open to foreign people","each branch has different values",2,3,2,2,"vote","harris",NA,3,2,3,"male",82,"white/non-hisp","masters","$75,000 to $84,999","ampride","radchange","demsatis","antiest","trustgov","FL",1,5,3,5,"11/20/2024 14:18"
5322,"brkn",3.5,5,4,5,4,4,3.83333333333333,"Freedom","I’m not sure, I don’t have any specifics to give as an answer.  I know it’s hard to express your opinion without making others upset but that’s not exactly a freedom",0,"Freedom","Liberty","Opportunity","Equality’","Independence",1,5,4,4,"vote","trump",NA,7,5,5,"female",84,"white/non-hisp","HS","$125,000 to $149,999","trustgov","demsatis","antiest","ampride","radchange","TX",1,5,3,7,"11/19/2024 20:50"
5330,"ctrl",4,4,4,2,4,4,4,"Health","Cost of living soon your food is good v better health insurance and more help for senior like help to have ramp built on the house",0,"Safety","Loer price","Education","House","Health",4,4,4,4,"vote","harris",NA,2,1,3,"female",69,"black/non-hisp","some coll","$40,000 to $49,999","demsatis","ampride","radchange","antiest","trustgov","GA",1,6,3,5,"11/21/2024 8:23"
5333,"brkn",7,1,1,1,7,7,7,"Freedom","Rights are being taken away from individuals due to gender, sex  or sexual orientation. Rights are being ruined and taken back by the government",0,"Freedom","Ethics","Respect","Power","Growth",7,7,7,7,"vote","harris",NA,2,1,1,"male",34,"hisp","some coll","$40,000 to $49,999","ampride","antiest","demsatis","radchange","trustgov","TX",12,1,3,7,"11/29/2024 17:26"
5335,"ctrl",4,4,4,4,5,4,4.33333333333333,"Freedom of religion","Ability to choose between the different religions of the world and practice without restriction. Openly and not have to hide your beliefs",0,"Right to pursue happiness","Right to privacy","Freedom of speech","Right to bare arms","Freedom of religion",4,4,4,4,"no vote",NA,NA,4,3,3,"male",19,"hisp","HS","$10,000 to $14,999","demsatis","trustgov","antiest","ampride","radchange","TX",1,1,3,7,"11/19/2024 17:31"
5337,"ctrl",4.5,4,4,3,5,4,4.5,"Rights of due process","Protect people from government powers. Such as right to fair trails right to have witnesses. Right of speech rights to bear arms ect",0,"Freedom of speech","Right to bear arms","Freedom of religion","Rights of due process","Government empowerment",5,4,4,5,"vote","trump",NA,6,5,4,"male",60,"white/non-hisp","HS","$100,000 to $124,999","ampride","antiest","radchange","demsatis","trustgov","PA",12,1,1,2,"11/22/2024 17:48"
5340,"ctrl",4.25,3,3,3,4,5,4.41666666666667,"All are equal","No one is above anyone else. All have equity to live their life. We should strive to help our neighbors out regardless of the way they look or think.",0,"Fairness","Freedom of religion","Freedom of speech","All are equal","Welcoming",5,4,4,4,"vote","harris",NA,3,2,3,"male",38,"white/non-hisp","masters","$100,000 to $124,999","ampride","demsatis","trustgov","antiest","radchange","FL",10,1,3,5,"11/26/2024 11:28"
5343,"ctrl",4.5,5,3,5,4,5,4.5,"Freedom from oppression","Free from restrictions that would prevent any individual from having the same rights as others. Equal rights",0,"Democratic government","Liberty","Justice for all","Freedom from oppression","Equality",2,5,5,6,"vote","trump",NA,7,5,5,"male",59,"white/non-hisp","HS","$60,000 to $74,999","radchange","antiest","trustgov","demsatis","ampride","FL",1,2,3,5,"11/20/2024 12:59"
5348,"ctrl",4.25,5,2,6,5,6,5.08333333333333,"Freedom of speech","Being able to express one’s opinion regardless of whether it’s accepted by others or the state or the status quo",0,"Freedom of speech","Freedom of religion","Equal opportunity","Meritocracy","Freedom of religion",5,3,5,4,"vote","trump",NA,6,5,3,"male",58,"white/non-hisp","masters","$125,000 to $149,999","antiest","trustgov","ampride","radchange","demsatis","FL",11,2,3,5,"11/19/2024 19:01"
5349,"brkn",6,3,3,2,6,5,5.66666666666667,"democracy","Winning an election is much more important than the character of the candidate.  Pouring money into these elections has become the norm.",0,"freedom of speech","freedom of religion","democracy","equality","liberty",6,6,6,6,"vote","harris",NA,1,1,2,"female",76,"white/non-hisp","some coll","$40,000 to $49,999","radchange","trustgov","demsatis","antiest","ampride","OH",11,5,2,3,"11/20/2024 16:44"
5351,"brkn",2.25,3,4,7,2,4,2.75,"Freedom","There are certain minority groups that are still oppressed due to discrimination. They are undervalued for what they contribute.",0,"Freedom","Right to speak","Right to love who you want","Right to chose your own medical care","Right to protest",1,2,2,4,"vote","harris",NA,1,1,1,"female",55,"white/non-hisp","some coll","under $5,000","ampride","trustgov","demsatis","antiest","radchange","CA",1,6,4,9,"11/28/2024 11:35"
5356,"brkn",4,5,5,3,3,3,3.33333333333333,"Freedom","The USA is not living up to our freedom to make decision about our health. When it came to the covid-19 vaccine people were forced to take it or lose there jobs.",0,"Freedom","Equality","Opportunity","Self determination","Liberty",5,4,4,3,"vote","harris",NA,1,1,3,"female",56,"black/non-hisp","some coll","$75,000 to $84,999","radchange","antiest","demsatis","ampride","trustgov","FL",1,2,3,5,"11/19/2024 21:12"
5371,"kept",4.5,3,3,4,4,5,4.5,"Democracy","Elections are by and large free and fair. More than 50% of people vote. There are elections at local, state and national level.",0,"Equality of opportunity","Secular","Freedom of expression","Democracy","Tolerance",5,4,4,5,"vote","harris",NA,1,1,1,"female",49,"asian/non-hisp","bachelors","$100,000 to $124,999","antiest","ampride","trustgov","demsatis","radchange","WI",9,1,2,3,"11/24/2024 19:58"
5375,"kept",4,4,4,4,4,4,4,"life, liberty, and the pursuit of happiness","I do believe everyone has an equal chance to live a happy life and create their own version of success",0,"Freedom","The Right to bear arms","freedom of speech","life, liberty, and the pursuit of happiness","all man is created equal",4,4,4,4,"vote","trump",NA,6,5,4,"female",25,"hisp","some coll","$15,000 to $19,999","antiest","trustgov","ampride","demsatis","radchange","CO",1,1,4,8,"11/26/2024 15:26"
5376,"kept",4.75,3,3,3,6,5,5.25,"Commitment","By Following through on what is promised by the individual in charge. Not going back on what was promised.",0,"Honor","Courage","Commitment","Teamwork","Surviving",4,5,5,5,"no vote",NA,NA,6,5,3,"female",34,"white/non-hisp","HS","$30,000 to $34,999","radchange","ampride","antiest","trustgov","demsatis","NY",11,6,1,2,"11/24/2024 12:56"
5382,"kept",5,5,4,4,4,4,4.33333333333333,"Liberty","Freedom from oppression or restrictive controls imposed by one's government, specifically against your own life and behaviors. Despite political flaws, still a core tenant of being an American.",0,"Liberty","Freedom","Pursuit of Happiness","Equality","Protection",5,6,5,4,"vote","other","Chase Oliver",5,4,3,"male",46,"white/non-hisp","bachelors","$85,000 to $99,999","trustgov","demsatis","ampride","antiest","radchange","MO",11,1,2,4,"11/20/2024 4:39"
5383,"kept",5,4,1,1,7,7,6.33333333333333,"Heroic","Moral leadership and killing the bad guys. It claims to stand for what’s right even if it doesn’t. And that’s better than most",0,"Heroic","Based","Superior","China","Cucked",3,3,7,7,"vote","trump",NA,7,5,4,"female",26,"white/non-hisp","some coll","$150,000 to $174,999","antiest","radchange","demsatis","ampride","trustgov","MO",11,7,2,4,"11/29/2024 14:59"
5387,"brkn",5.5,3,3,4,7,5,5.83333333333333,"Rights","They voted for a criminal to be President. I just feel like the US is going to go the wrong direction with Trump being President I feel like other countries are looking at the United States as a joke",0,"Rights","Racism","Economy’s","Life","Money",7,7,7,1,"vote","harris",NA,2,1,3,"female",50,"black/non-hisp","some coll","$60,000 to $74,999","radchange","demsatis","antiest","trustgov","ampride","AR",1,1,3,7,"11/30/2024 14:49"
5392,"ctrl",6.25,4,2,1,7,6,6.41666666666667,"Honor","Honor is to stand true to your words and to honor all the constitutions of the United States of America ????",0,"Honor","Value","True","Equal","Independent",5,7,7,6,"no vote",NA,NA,2,1,4,"male",57,"white/non-hisp","HS","$10,000 to $14,999","antiest","trustgov","ampride","demsatis","radchange","MA",2,6,1,1,"11/19/2024 19:11"
5398,"ctrl",4,3,4,4,4,4,4,"Diversity","Involving a variety of people with different cultures, backgrounds or ethnicity or all together. Genders of all types",0,"Equality","Diversity","Unity","Liberty","Individualism",4,4,4,4,"vote","trump",NA,4,3,3,"male",32,"hisp","some coll","$25,000 to $29,999","ampride","radchange","antiest","trustgov","demsatis","CA",2,1,4,9,"11/29/2024 15:42"
5399,"brkn",3.5,5,4,7,2,4,3.16666666666667,"Protection of citizens","Crime continues to rise at disproportionate rates between upper and lower class neighborhoods. Some citizens do not feel safe talking to authorities.",0,"Equality","Justice","Opportunity","Religious freedom","Protection of citizens",6,3,2,3,"vote","harris",NA,1,1,3,"male",59,"black/non-hisp","some coll","$125,000 to $149,999","trustgov","ampride","radchange","antiest","demsatis","LA",1,5,3,7,"11/19/2024 21:08"
5401,"ctrl",4,4,3,3,4,5,4.33333333333333,"Freedom","Freedom is the ability to do what one wants. The chance to be free of any control and watchfulness. Freedom is the chance to get to choose whatever we want to do because it’s our choose and no one else’s",0,"Freedom","Independence","Braveness","Perseverance","Hope",4,4,4,4,"no vote",NA,NA,4,3,3,"male",22,"hisp","HS","$10,000 to $14,999","demsatis","trustgov","radchange","antiest","ampride","CA",5,1,4,9,"11/21/2024 18:11"
5409,"ctrl",3.5,5,4,4,5,4,4.16666666666667,"Love","Give to someone before i give to myself. Caring for someone without judgment. To protect someone no matter what.",0,"Honor","Honesty","Love","Moral","Listening",4,3,4,3,"no vote",NA,NA,4,3,3,"female",39,"black/non-hisp","some coll","$60,000 to $74,999","trustgov","radchange","ampride","antiest","demsatis","IL",1,1,2,3,"11/19/2024 17:04"
5412,"brkn",4.5,3,3,5,2,5,3.83333333333333,"Freedom","Police and government dishonesty. Police need to have higher or stronger standards before arresting someone. Although for immediate safety, I could see and arrest. But a wrongful conviction TAKES THE CAKE",0,"Freedom","Safety","Strength","Honesty","Evolving",5,5,5,3,"vote","trump",NA,6,5,4,"female",30,"white/non-hisp","bachelors","$85,000 to $99,999","trustgov","ampride","radchange","antiest","demsatis","VA",1,1,3,5,"11/19/2024 18:32"
5414,"kept",5.75,5,2,1,6,6,5.91666666666667,"trust","the system sucks and dont represents all the people. i really dont know how to answer this. there is no trust in the government from the people",0,"protect","serve","trust","the people","freedom",7,4,5,7,"vote",NA,NA,4,3,2,"female",34,"black/non-hisp","some coll","$85,000 to $99,999","demsatis","radchange","trustgov","antiest","ampride","NY",11,1,1,2,"11/23/2024 14:29"
5418,"brkn",7,2,1,4,6,7,6.66666666666667,"free","by voting the devil in office. and letting bad people in  high places ain't you sick of it i know i am",0,"free","honest","virtue","helping","generous",7,7,7,7,"vote","other","a write in",4,3,3,"male",48,"black/non-hisp","some coll","$50,000 to $59,999","radchange","trustgov","antiest","demsatis","ampride","IN",12,1,2,3,"11/21/2024 14:38"
5428,"brkn",6,3,2,2,6,6,6,"freedom","Freedom of speech and individuality. Freedom to live without persecution or threat to life. Freedom to access opportunities to pursue a good life.",0,"fairness","liberty","democracy","freedom","life",7,7,7,3,"vote","harris",NA,2,1,1,"female",52,"black/non-hisp","masters","$200,000 or more","demsatis","trustgov","radchange","antiest","ampride","CA",1,1,4,9,"11/20/2024 14:46"
5431,"kept",5.5,4,2,1,6,6,5.83333333333333,"Honesty","Mainly its not. broken promises, election fraud. non elected officials in power. no following the rule of law.",0,"Honesty","Integrity","Perservence","Maturity","Equality",1,7,7,7,"vote","trump",NA,7,5,5,"male",73,"white/non-hisp","some coll","$50,000 to $59,999","radchange","trustgov","antiest","demsatis","ampride","SC",1,5,3,5,"11/19/2024 19:47"
5434,"kept",3.5,5,4,4,3,4,3.5,"Liberty","Freedom of speech 
Freedom to vote 
Freedom from arbitrary and unreasonable restraint upon an individual",0,"Liberty","Freedom of expression","Pursuit of happiness","Unity","Equality",4,4,3,3,"vote","trump",NA,7,5,4,"female",60,"white/non-hisp","some coll","$10,000 to $14,999","demsatis","radchange","trustgov","ampride","antiest","FL",12,5,3,5,"11/19/2024 18:02"
5448,"kept",5.5,2,1,1,7,7,6.5,"Pursuit of happiness","It's not living up to it's potential. The govt. Stirs up hatred and racism to put us against each other while raising taxes.",0,"Freedom of speech","Freedom to bear arms","Pursuit of happiness","Melting pot","Justice",7,5,3,7,"vote","trump",NA,6,5,3,"male",18,"white/non-hisp","less HS","$50,000 to $59,999","trustgov","antiest","demsatis","radchange","ampride","KY",12,1,3,6,"11/19/2024 18:20"
5467,"kept",6.25,2,1,3,4,7,5.75,"Freedom of Speech","You get to say whatever you want in public and are able to hold your own values and talk about them freely for the most part.",0,"Freedom of Speech","Right to own property","Right to bear arms","Owning Businesses","Getting to vote",5,7,7,6,"vote","other","Jill Stien",4,3,3,"female",32,"hisp","some coll","$60,000 to $74,999","antiest","radchange","ampride","demsatis","trustgov","CA",12,7,4,9,"11/19/2024 18:36"
5481,"brkn",3.75,5,5,2,3,3,3.25,"Love of country","There are too many people who don’t honor our flag, our country principles and everything our military has fought for. When I was young there was more respect for our country and its leaders.  Protests are all too common and violence is part of that.  Young people don’t go in the military like they used to. The respect is not there. It also seems like we don’t get candidates for positions that we did in the past.",0,"Faith","Honor","Love of country","Family","Honor",2,5,6,2,"vote","trump",NA,7,5,5,"female",81,"white/non-hisp","some coll","$125,000 to $149,999","trustgov","demsatis","ampride","antiest","radchange","WV",1,5,3,5,"11/19/2024 18:51"
5484,"brkn",6.5,4,1,2,6,7,6.5,"Limited Government","The unrestrained growth of government is a burden on Americans freedom. Congressional members serving decades leads to those members forgetting they work for the citizen, not the public.  The bureaucratic regulatory state operates as an undeclared 4th branch of government seizing power in the agencies for their own use.",0,"Freedom of Speech","Limited Government","Religious Freedom","Keep & Bear Arms","Right to property",5,7,7,7,"vote","trump",NA,5,4,5,"male",62,"other/non-hisp","bachelors","$125,000 to $149,999","demsatis","antiest","ampride","trustgov","radchange","MI",3,1,2,3,"11/19/2024 21:34"
5496,"ctrl",6.25,2,1,1,7,7,6.75,"Freedom","The right to live anywhere you want..The right to go as you please...The right to a fair trail.Anf freedom of speech",0,"Freedom","Voice of speech","Land of the free","The right to speak","The land of the proud",4,7,7,7,"vote","harris",NA,2,1,3,"female",66,"black/non-hisp","HS","$20,000 to $24,999","antiest","radchange","demsatis","trustgov","ampride","TN",1,1,3,6,"11/24/2024 22:58"
5497,"kept",2.75,5,7,6,1,1,1.58333333333333,"Ability to pursue aspirations","We can pursue our passions and turn those into income that influences our lifestyle.  Our aspirations are limitless if we work hard, become educated, and practice moderation.",0,"Freedom of speech","Freedom of religion","Right to bear arms","Ability to pursue aspirations","Right to choose our leaders",6,2,2,1,"vote","trump",NA,6,5,3,"female",61,"white/non-hisp","masters","$200,000 or more","ampride","trustgov","demsatis","radchange","antiest","NE",2,1,2,4,"11/22/2024 7:14"
5500,"ctrl",5.25,4,2,3,7,6,6.08333333333333,"Free speech","The right to voice your opinion in any venue and be allowed to state it without interference from opponents. Colleges today are the exact opposite of this.",0,"Religious freedom","Political choice freedom","Law and order","Free speech","Right to guns",3,7,4,7,"vote","trump",NA,4,3,3,"female",76,"white/non-hisp","some coll","$85,000 to $99,999","ampride","radchange","demsatis","antiest","trustgov","TX",11,5,3,7,"11/19/2024 17:45"
5503,"ctrl",5.5,1,2,1,5,6,5.5,"Personal freedom","Freedom to do what I want, as long as I’m not harming others. To me this means career, religion (or lack thereof), autonomy over my body, marry who I want. The government should not be dictating values.",0,"Personal freedom","Representation","Freedom of speech","Opportunity","Religious freedom",7,6,4,5,"vote","harris",NA,1,1,1,"female",55,"white/non-hisp","bachelors","$100,000 to $124,999","antiest","demsatis","radchange","trustgov","ampride","SC",9,1,3,5,"11/23/2024 8:26"
5507,"ctrl",5.25,5,NA,7,3,NA,4.125,"In God we trust","The belief that Jesus Christ was sent by his father our God whom we should lay everything on and trust that he will guide us to be our best and that has has only the best for us.",0,"In God we trust","Equality for all","Truth","Justice","Freedom to bear arms",2,7,6,6,"vote","trump",NA,5,4,3,"female",75,"white/non-hisp","HS","$5,000 to $9,999","ampride","antiest","radchange","trustgov","demsatis","AL",11,5,3,6,"11/20/2024 5:38"
5509,"ctrl",5.5,3,4,3,5,4,4.83333333333333,"Freedom of speech","The freedom of speech is the right to voice how you feel, or your opinions. Whenever you want to say. Besides inciting hate.",0,"Freedom of speech","Right to bear arms","Pursuit of happiness","Each man treated equally","Right to travel",5,6,6,5,"vote","trump",NA,5,4,4,"female",40,"white/non-hisp","HS","$10,000 to $14,999","antiest","radchange","demsatis","ampride","trustgov","OH",11,2,2,3,"11/20/2024 16:17"
5525,"brkn",6,1,2,1,6,6,6,"Independence","Government restrictions on women's bodies. Not allowing space for everyone to access the same resources. The prison pipelines. forced slavery will incarcerated",0,"Independence","Freedom","Manifest destiny","Freedom of speech","Guns",7,7,4,6,"vote","harris",NA,3,2,1,"female",34,"black/non-hisp","masters","$75,000 to $84,999","trustgov","ampride","radchange","antiest","demsatis","CA",14,1,4,9,"11/19/2024 15:23"
5527,"kept",4.5,1,1,1,5,7,5.5,"Democracy","It is not living up true democracy.  There is too much racism in this country.  The Electoral College keeps us from democratic elections.",0,"Democracy","Freedom","Check and Balance","Separation of church and state","Fairness",1,5,5,7,"vote","harris",NA,1,1,1,"female",79,"white/non-hisp","masters","$50,000 to $59,999","demsatis","radchange","trustgov","antiest","ampride","PA",5,5,1,2,"11/22/2024 9:41"
5530,"brkn",4.75,4,3,4,6,5,5.25,"Loyalty","Politicians do not listen to their constituents, do not do work for the people. They are only for themselves",0,"Loyalty","Honesty","Faith","Hardwork","Compassion",6,5,6,2,"vote","trump",NA,6,5,3,"male",18,"white/non-hisp","less HS","$35,000 to $39,999","antiest","trustgov","radchange","ampride","demsatis","AL",1,1,3,6,"11/21/2024 21:32"
5544,"ctrl",5.25,4,2,1,5,6,5.41666666666667,"Freedom of speech","The right of the people to express themselves freely without government interference. Subject to the laws against libel, incitement to violence or rebellion.",0,"Freedom of speech","Right to bare arms","Freedom of expression","Free will","Justice",6,5,6,4,"vote","trump",NA,4,3,3,"male",36,"white/non-hisp","some coll","$40,000 to $49,999","radchange","trustgov","antiest","demsatis","ampride","KY",1,1,3,6,"11/25/2024 4:17"
5546,"ctrl",6.25,2,1,2,6,7,6.41666666666667,"Justice","That all people are created equal and treated fairly under the law. That all people are judged by the content of their character and not by the color of their skin or the balance of their bank account. That they receive proper representation regardless if they can afford it or not.",0,"Honesty","Compassion","Eqality","Justice","Freedom",7,6,6,6,"vote","harris",NA,1,1,2,"male",72,"other/non-hisp","bachelors","$50,000 to $59,999","demsatis","antiest","ampride","trustgov","radchange","CO",2,5,4,8,"11/21/2024 18:21"
5559,"kept",6.75,3,4,2,7,4,5.91666666666667,"Justice","It’s not really. Financial & racial injustice, injustice against woman and lgbtq folks is rampant in todays society and likely to worsen",0,"Independence","Freedom","Liberty","Truth","Justice",7,7,7,6,"vote","harris",NA,3,2,2,"male",41,"hisp","some coll","$75,000 to $84,999","demsatis","antiest","ampride","radchange","trustgov","CA",10,1,4,9,"11/19/2024 19:51"
5561,"ctrl",3.75,3,6,5,4,2,3.25,"equality","Equal rights are very important and it makes it so you can’t be discriminated against for being different, looking different, or acting different from what some people expect. for you to act or look.",0,"freedom of speech","right to bare arms","equality","values","american dream",4,3,3,5,"no vote",NA,NA,2,1,2,"male",18,"hisp","less HS","$5,000 to $9,999","trustgov","antiest","demsatis","radchange","ampride","WI",11,5,2,3,"11/19/2024 23:40"
5572,"kept",6.25,1,1,1,7,7,6.75,"Freedom","The problem is that our freedom is being systematically taken from us in order to keep us in line in case we decide to rise up and take control.",0,"Freedom","Security","Liberty","Opportunity","Decency",7,7,4,7,"no vote",NA,NA,4,3,3,"male",58,"white/non-hisp","some coll","$15,000 to $19,999","antiest","ampride","radchange","demsatis","trustgov","ME",11,6,1,1,"11/24/2024 19:30"
5576,"brkn",4.75,5,1,7,4,7,5.25,"All humans created equal","People in USA have equal freedom. Freedom to expresse opinion about what is going on in the government for example...most countries in the world no freedom like this",0,"All humans created equal","Freedom of speech","Freedom to make individual choices","Freedom to self defend","Freedom to protest government if they dont do their job right",4,4,4,7,"no vote",NA,NA,4,3,3,"female",34,"black/non-hisp","HS","$15,000 to $19,999","antiest","ampride","radchange","demsatis","trustgov","TN",6,1,3,6,"11/20/2024 6:14"
5581,"brkn",4.5,5,1,1,7,7,6.16666666666667,"Freedom","Censorship by the Biden administration, democrats waging lawfare on their political opponents, not have a democrat primary for president",0,"Freedom","Liberty","Pursuit of happiness","Fiscal responsibility","Safety",1,5,5,7,"vote","trump",NA,6,5,3,"female",51,"white/non-hisp","bachelors","$150,000 to $174,999","trustgov","demsatis","radchange","ampride","antiest","NY",1,1,1,2,"11/22/2024 14:10"
5584,"kept",5.25,2,2,1,7,6,6.08333333333333,"Liberty","Americans are adamant about their right to free speech. Moreover, we promise people have the ability to go on and do whatever they want it life. Finally, we encourage people to freely be the best versions of themselves without judgement.",0,"Liberty","Entrepreneurship","Science","Progress","Hegemony",5,7,2,7,"vote","harris",NA,3,2,2,"male",21,"hisp","some coll","$35,000 to $39,999","radchange","trustgov","demsatis","antiest","ampride","CO",10,1,4,8,"11/22/2024 10:38"
5591,"brkn",4,3,5,3,5,3,4,"Freedom","We are able to make fun of our leaders without any persecution. We are able to speak our mind with little consequence.",0,"Freedom","Opportunity","Innovation","Wealth","Land",5,4,4,3,"no vote",NA,NA,3,2,3,"male",30,"asian/non-hisp","bachelors","$85,000 to $99,999","antiest","trustgov","radchange","ampride","demsatis","IL",10,1,2,3,"11/20/2024 16:29"
5598,"kept",4.75,2,5,2,3,3,3.58333333333333,"Pursuit of happiness","Equal opportunity to pursue education and work to fulfill goals and economic stability. Being a civic minded person can enrich a person's life in America through education.",0,"Pursuit of happiness","Life","Liberty","Democratic society","Take up arms",6,3,5,5,"vote","harris",NA,2,1,3,"female",45,"asian/non-hisp","some coll","$100,000 to $124,999","trustgov","demsatis","radchange","antiest","ampride","NY",12,1,1,2,"11/19/2024 18:00"
5604,"kept",4.5,3,5,4,7,3,4.83333333333333,"Justice","The us is living up to its promise of justice by making sure things stay equal for everyone and keeli",0,"Freedom","Justice","Change","Diversity","Equality",4,5,5,4,"vote","harris",NA,1,1,1,"female",26,"hisp","some coll","$30,000 to $34,999","radchange","trustgov","ampride","demsatis","antiest","CA",9,1,4,9,"11/19/2024 15:05"
5605,"kept",6,5,4,1,6,4,5.33333333333333,"Protect for liberty the government","Don’t allow government to over step there boundaries. Limited powers to the government.  To have fair elections and no cheating   The bill if rights was created so the government doesn’t over step their boundaries",0,"Protect for liberty the government","Rules of law","Protection of state from government","Management of state and government","Checks and balances",6,6,6,6,"no vote",NA,NA,5,4,4,"male",29,"white/non-hisp","some coll","$200,000 or more","trustgov","antiest","radchange","ampride","demsatis","LA",2,1,3,7,"11/19/2024 17:49"
5617,"kept",4.75,5,2,6,6,6,5.58333333333333,"freedom","I think freedom of speech is very important. I believe in the freedom of starting a business.I also think that the freedom of the second amendment is crucial.",0,"freedom","happiness","integrity","hope","honesty",5,5,5,4,"vote","trump",NA,6,5,4,"male",59,"white/non-hisp","some coll","$150,000 to $174,999","radchange","ampride","demsatis","trustgov","antiest","GA",12,5,3,5,"11/20/2024 7:16"
5632,"ctrl",4.5,4,3,5,5,5,4.83333333333333,"liberty","the right to be free, freedom. without freedom what's the point? Freedom is the reason the founding fathers left Britain in the first place.",0,"liberty","justice","democracy","equality","determination",4,5,5,4,"vote","trump",NA,4,3,3,"male",34,"white/non-hisp","bachelors","$85,000 to $99,999","antiest","demsatis","ampride","radchange","trustgov","UT",3,1,4,8,"11/20/2024 9:06"
5636,"brkn",5.25,4,4,3,5,4,4.75,"Freedom","Data collection by companies that scammers can use. Fraud by identity theft. Inequality of on foot travel.",0,"Freedom","Justice","Equality","Respect","Growth",5,5,5,6,"vote","harris",NA,3,2,2,"female",31,"hisp","bachelors","$100,000 to $124,999","demsatis","antiest","radchange","trustgov","ampride","CA",2,2,4,9,"11/23/2024 17:21"
5639,"kept",6.75,2,2,1,6,6,6.25,"Upward Mobility","Most people who come to this country have a better life when coming from a third-world country. Wages are higher than in a third world country.",0,"Freedom","Freedom of Religion","Freedom of Speech","Bear Arms","Upward Mobility",7,7,7,6,"vote","harris",NA,3,2,2,"male",25,"black/non-hisp","bachelors","$85,000 to $99,999","demsatis","antiest","trustgov","ampride","radchange","NC",12,1,3,5,"11/29/2024 12:19"
5647,"kept",4.25,4,4,3,5,4,4.41666666666667,"Freedom to be who you want to be","The ability to speak freely, bear arms, equal rights for all. The rights for everyone to have freedom of religion",0,"Freedom of speech","Freedom of religion","Freedom to be who you want to be","Right to assemble","Peaceful protest",3,5,5,4,"vote","harris",NA,2,1,2,"female",52,"white/non-hisp","bachelors","$175,000 to $199,999","ampride","antiest","trustgov","radchange","demsatis","OR",11,2,4,9,"11/23/2024 9:46"
5649,"brkn",4.75,5,5,6,4,3,3.91666666666667,"Right to be judged by peers.","Well you see the rich people have better odds like in most things. Sorry I totally misunderstood what was asked about values.",0,"Freedom of speech.","Freedom of religion.","Right to gather","Right to be judged by peers.","Right to vote.",6,5,5,3,"no vote",NA,NA,2,1,2,"male",33,"white/non-hisp","HS","$20,000 to $24,999","demsatis","antiest","radchange","ampride","trustgov","ID",9,1,4,8,"11/21/2024 11:25"
5650,"brkn",4.75,2,3,2,5,5,4.91666666666667,"Liberty","Government is getting involved in women’s’ reproductive freedom and taking away their right to do what they want with their bodies.",0,"Freedom","Liberty","No religion","Prosperity","Democracy",6,5,4,4,"vote","harris",NA,3,2,1,"male",49,"white/non-hisp","masters","$125,000 to $149,999","ampride","demsatis","trustgov","antiest","radchange","IL",10,1,2,3,"11/21/2024 19:48"
5659,"ctrl",4.75,4,4,4,5,4,4.58333333333333,"Equal treatment","Equal treatment no matter race religion gender etc. Everyone has fair shot and treated equall. Appreciation of each other",0,"Equal treatment","Religious freedom","Free speech","Family values","Honestly",4,5,5,5,"vote",NA,NA,6,5,4,"female",50,"white/non-hisp","masters","$150,000 to $174,999","demsatis","antiest","ampride","trustgov","radchange","GA",1,1,3,5,"11/25/2024 23:13"
5662,"ctrl",5,4,4,3,5,4,4.66666666666667,"Independence","Being free of the control of other person, country or entity. Freedom from outside control or support.",0,"Independence","Liberty","Equality","Freedom","Unity",5,5,5,5,"vote","trump",NA,6,5,3,"female",53,"hisp","HS","$85,000 to $99,999","antiest","radchange","ampride","trustgov","demsatis","CA",2,1,4,9,"11/21/2024 18:42"
5663,"kept",5.75,2,2,3,5,6,5.58333333333333,"Freedom","We continue to express our thoughts and opinions without restriction. We are allowed to disagree and push for laws and policies we want put in place.",0,"Freedom","Independence","Hard work","Entrepreneurship","Excess",6,6,6,5,"vote","harris",NA,1,1,2,"female",33,"asian/non-hisp","masters","$125,000 to $149,999","demsatis","trustgov","antiest","radchange","ampride","CA",11,1,4,9,"11/20/2024 21:59"
5664,"kept",3.75,2,4,2,5,4,4.25,"democratic government","At the moment I think its failing. gerrymandering and voter suppression are rampant. The country seems tomhave elected a wanna be dictator",0,"self rule","individual freedom","religious freedom","free to advance","democratic government",5,3,3,4,"vote","harris",NA,1,1,1,"male",75,"white/non-hisp","some coll","$85,000 to $99,999","ampride","antiest","trustgov","radchange","demsatis","FL",9,5,3,5,"11/19/2024 18:25"
5666,"ctrl",5.25,4,2,3,7,6,6.08333333333333,"Independence","Independence is the quality or state of being independent. The state of being free of control or entity. Freedom of outside control or support.",0,"Freedom","Liberty","Equality","Encouragement","Independence",4,5,5,7,"no vote",NA,NA,1,1,1,"male",55,"asian/non-hisp","HS","$85,000 to $99,999","radchange","antiest","trustgov","ampride","demsatis","CA",7,1,4,9,"11/27/2024 4:12"
5671,"ctrl",6,3,3,3,3,5,4.66666666666667,"Truth","Trustworthiness, fairness, believe in what’s good for all people and the country they are serving. To be transparent and not lie.",0,"Truth","Honor","Love for country","Fairness","Empathy",7,6,6,5,"vote","harris",NA,2,1,3,"female",74,"white/non-hisp","some coll","$50,000 to $59,999","trustgov","ampride","radchange","antiest","demsatis","RI",12,5,1,1,"11/20/2024 8:55"
5686,"ctrl",7,1,1,2,6,7,6.66666666666667,"Equality","The ability for everyone to be treated the same under the law without discrimination. Equality is not equity, but makes sure that everyone has the same opportunities",0,"Freedom","Equality","Opportunity","Justice","Fairness",7,7,7,7,"vote","harris",NA,2,1,1,"male",32,"white/non-hisp","bachelors","$100,000 to $124,999","demsatis","radchange","ampride","trustgov","antiest","IL",2,4,2,3,"11/19/2024 18:06"
5687,"brkn",4.25,5,4,6,5,4,4.41666666666667,"Speech freedom","The collusion of government  and media to block freedom of speech and indoctrinate the public with false ideas.",0,"Speech freedom","Religious freedom","Press freedom","Speedy trials","Right to bear arms",6,4,5,2,"vote","trump",NA,5,4,5,"female",70,"white/non-hisp","HS","$30,000 to $34,999","antiest","trustgov","demsatis","radchange","ampride","NY",1,2,1,2,"11/19/2024 18:51"
5690,"ctrl",3.5,3,4,4,2,4,3.16666666666667,"Freedom from tyranny","Freedom from royalty or government oppression. Freedom from terrorism. Freedom to practice religion free of penalty.",0,"Freedom from tyranny","Democracy","Moving with integrity","Inclusion","Ally-ship",5,2,5,2,"vote","harris",NA,2,1,3,"female",50,"black/non-hisp","masters","$125,000 to $149,999","trustgov","antiest","ampride","demsatis","radchange","CO",12,1,4,8,"11/19/2024 21:47"
5696,"ctrl",7,2,2,3,7,6,6.66666666666667,"Honesty","Doing what you say and saying what you do. If you cannot publically announce why you made decisions, then you made them wrong.",0,"Honesty","Integrity","Transparency","Effectivness","Adaptability",7,7,7,7,"vote","harris",NA,3,2,1,"female",19,"multi/non-hisp","HS","$40,000 to $49,999","demsatis","ampride","trustgov","radchange","antiest","SC",11,7,3,5,"11/28/2024 19:50"
5708,"ctrl",3.25,5,3,2,7,5,5.08333333333333,"limited government","Limited Government means having limited involvment in our everyday lives and our businesses. Fewer laws that restrict what peope can and cannot do.",0,"freedom of speech","right to bear arms","freedom of religion","limited government","equal rights",1,2,5,5,"vote","trump",NA,6,5,3,"female",46,"white/non-hisp","some coll","$75,000 to $84,999","trustgov","ampride","radchange","antiest","demsatis","GA",11,1,3,5,"11/19/2024 18:28"
5716,"brkn",5.75,4,1,3,7,7,6.58333333333333,"Liberty","Governments are taking away choices and freedoms yet telling us that it's for our and our children's own good. Censorship is not for our own good",0,"Life","Liberty","Pursuit of happiness","Equality","Freedom",4,7,5,7,"vote","harris",NA,4,3,3,"female",50,"black/non-hisp","HS","$40,000 to $49,999","antiest","ampride","demsatis","trustgov","radchange","FL",12,1,3,5,"11/20/2024 13:03"
5718,"ctrl",5,3,2,4,4,6,5,"Individualism","Americans should be independent and responsible for their own lives and be self-sufficient. They should not rely on others to provide for them with no effort from one's self.",0,"Individualism","Equality","Progress","Diversity","Liberty",5,5,5,5,"vote","trump",NA,5,4,3,"female",42,"white/non-hisp","some coll","$30,000 to $34,999","antiest","radchange","demsatis","ampride","trustgov","GA",12,1,3,5,"11/27/2024 12:18"
5719,"brkn",7,1,1,1,7,7,7,"Corruption","Our country is a damn shame an horrible place to live on and we are just all slaves that work for evil people, our country is just courpt",0,"Evil","Fraud","Corruption","Scam","Dishonest",7,7,7,7,"vote","trump",NA,6,5,3,"female",33,"hisp","some coll","$5,000 to $9,999","radchange","demsatis","ampride","trustgov","antiest","MN",2,1,2,4,"11/19/2024 21:31"
5721,"brkn",4,5,4,5,4,4,4,"freedom","freedom is for the legal american citizens, not for people that come to the U.S illegally. Our borders need to be protected for the safety of all legal U.S citizens. Lately it seems the illegal immigrants benifiting more than some of the legal U.S. citizens.",0,"freedom","democracy","Equality","Achievement","competition free enterprise",4,4,4,4,"vote","trump",NA,5,4,3,"male",66,"asian/non-hisp","some coll","$175,000 to $199,999","trustgov","demsatis","ampride","antiest","radchange","CA",11,5,4,9,"11/27/2024 20:25"
5733,"brkn",4,3,3,4,4,5,4.33333333333333,"Health care","Who cares if one more light goes out in sky of a million stars. I do I do. Who cares if random sin go lyrics",0,"Awesomness","Health care","Freedom","Values","Stuff",4,4,4,4,"no vote",NA,NA,4,3,3,"male",37,"white/non-hisp","some coll","$25,000 to $29,999","demsatis","antiest","ampride","radchange","trustgov","TX",9,3,3,7,"11/20/2024 8:40"
5735,"kept",3.75,3,2,3,5,6,4.91666666666667,"Showing humanity to others","It shows humanity through social services it provides, being willing to shelter those who come to the US from unsafe countries/conditions, and by standing by the constitution.",0,"Freedom","Being ethical","Showing humanity to others","Being honest","Being helpful",6,5,2,2,"vote","harris",NA,3,2,1,"female",47,"white/non-hisp","masters","$75,000 to $84,999","antiest","radchange","demsatis","trustgov","ampride","GA",9,5,3,5,"11/28/2024 23:27"
5747,"ctrl",5.5,4,3,5,5,5,5.16666666666667,"honesty","Treat everyone fair and honest regardless of their race, sex or gender. Give the little person the same care and concern as the wealthy",0,"honesty","courage","loyalty","bravery","fairness",5,7,5,5,"vote","trump",NA,6,5,3,"male",50,"white/non-hisp","some coll","$85,000 to $99,999","demsatis","trustgov","ampride","antiest","radchange","FL",11,2,3,5,"11/20/2024 8:17"
5754,"kept",2.75,5,4,5,5,4,3.91666666666667,"democracy","We have fair elections for president and all of the general offices in the United States of America.",0,"equality","religion","freedom","democracy","competition",2,3,3,3,"vote","trump",NA,6,5,3,"male",62,"white/non-hisp","bachelors","$200,000 or more","trustgov","antiest","ampride","demsatis","radchange","GA",1,2,3,5,"11/19/2024 18:06"
5759,"ctrl",4.75,3,4,3,3,4,3.91666666666667,"FREEDOM, ECONOMIC, POLITICAL & SOCIAL","These are the rights of all Americans to think, speak, act freely as long as it does not physically impose upon others. At our core we allow all adults to vote & participate in our government while maintaing our bedrock freedoms.",0,"FREEDOM, ECONOMIC, POLITICAL & SOCIAL","OPPORTUNITY for all","STABILITY","RELIGIOUS FREEDOM","POWERFUL",6,5,3,5,"vote","harris",NA,3,2,3,"male",43,"white/non-hisp","bachelors","$200,000 or more","ampride","radchange","trustgov","demsatis","antiest","NY",5,1,1,2,"11/22/2024 8:29"
5774,"ctrl",3.5,5,2,3,6,6,5.16666666666667,"freedom","Freedom is the ability to make your own choices. Freedom is the ability to not be fearful of your choices.",0,"freedom","liberty","democracy","justice","equality",1,4,4,5,"vote","trump",NA,7,5,4,"male",18,"white/non-hisp","less HS","$125,000 to $149,999","trustgov","ampride","antiest","demsatis","radchange","NY",2,1,1,2,"11/21/2024 10:42"
5775,"brkn",4.5,1,2,1,5,6,5.16666666666667,"Freedom","Restricting healthcare for people who become pregnant and banning abortions is not what freedom is about. As well as the threat of revoking the marriage equality act, and not being able to exist in public places without the threat of a mass shooter.",0,"Freedom","Truth","Equality","Taxes","Pursuit of happiness",7,6,3,2,"vote","harris",NA,1,1,1,"female",22,"white/non-hisp","some coll","$60,000 to $74,999","demsatis","antiest","radchange","ampride","trustgov","IN",9,1,2,3,"11/19/2024 20:19"
5777,"ctrl",4.5,5,4,6,5,4,4.5,"Freedom","The ability to not be persecuted for your believes or choices. To know that you have the ability to do what makes you happy as long as it doesn’t cause harm to others",0,"Freedom","Choice","Dedication","Diversity","Stability",5,3,5,5,"vote","trump",NA,4,3,3,"female",28,"white/non-hisp","some coll","$40,000 to $49,999","antiest","trustgov","radchange","ampride","demsatis","KY",1,1,3,6,"11/20/2024 15:59"
5788,"kept",NA,4,4,4,4,4,4,"Together","I think the world she come to grad one and stop all the madness. We are better than what’s going on in America",0,"Together","Time","Love","Space","Trust",NA,NA,NA,NA,"vote","harris",NA,1,1,2,"female",24,"black/non-hisp","less HS","under $5,000","radchange","ampride","demsatis","trustgov","antiest","NC",11,1,3,5,"11/22/2024 8:05"
5799,"kept",4.5,3,3,4,5,5,4.83333333333333,"Hardworking","Hard work is the key to success and pride.  It forces independence and collaboration to get the job done.",0,"Freedom","Own viewpoint","Protection","Pride","Hardworking",5,5,5,3,"no vote",NA,NA,1,1,3,"male",19,"white/non-hisp","HS","$35,000 to $39,999","radchange","demsatis","trustgov","antiest","ampride","MN",2,1,2,4,"11/25/2024 23:59"
5806,"ctrl",7,1,1,1,7,7,7,"Power","It seems to be the driving force for a lot, but not all humans. Oppression is the tool of power. To steal and harvest power you must create a false sense that there are people below you. The American government has perfected it, unfortunately.",0,"Power","Greed","Oppression of others","Being self-serving","Willful ignorance",7,7,7,7,"vote","harris",NA,3,2,1,"male",32,"black/non-hisp","bachelors","$100,000 to $124,999","antiest","radchange","trustgov","demsatis","ampride","TX",11,1,3,7,"11/30/2024 12:39"
5810,"ctrl",5,4,4,5,7,4,5.33333333333333,"freedom of religion","We are able to follow and honor our God without fear of reprimand.  We are able to teach and listen to His Word and promises.  We can teach others and learn from them without expecting a negative response or other retaliation from government or other individuals or groups.",0,"equality of races","self governing group","freedom of speech","freedom of religion","respect of government/flag/judicial system",6,5,6,3,"vote","trump",NA,6,5,2,"male",55,"white/non-hisp","some coll","$75,000 to $84,999","radchange","trustgov","antiest","demsatis","ampride","ME",1,1,1,1,"11/20/2024 22:24"
5814,"ctrl",4.5,3,2,3,6,6,5.5,"opportunity when earned","Things should not be given free.. People should have to earn them. There is too many handouts and people expect it too much with out earning it.",0,"liberty","sanctity of life","opportunity when earned","freedom","pursuit of happiness",5,6,5,2,"vote","trump",NA,7,5,5,"female",56,"white/non-hisp","bachelors","$125,000 to $149,999","trustgov","ampride","demsatis","antiest","radchange","MI",2,1,2,3,"11/24/2024 13:55"
5816,"ctrl",4.25,2,5,3,1,3,2.75,"self-governing","self governing is the ability of the country to run itself without the oversight of a singular all-powerful leader",0,"religious freedom","financial freedom","racial equality","gender equality","self-governing",5,5,3,4,"vote","harris",NA,3,2,3,"male",24,"asian/non-hisp","bachelors","$40,000 to $49,999","trustgov","antiest","ampride","demsatis","radchange","MD",2,1,3,5,"11/27/2024 2:27"
5821,"ctrl",6.5,3,1,2,6,7,6.5,"The government should value our voices, and let them be represented in our elected officials","Our voices should matter and politicians should be asking us how they can be better. Rather than taking money from superPACS that pay to prioritize foreign interests",0,"The ability to have a fair chance at achieving economic success with hard work","Prioritizing our people's needs, over funding war in other countries","The government should value our voices, and let them be represented in our elected officials","The freedom to change our government if it isn't representing us","The ability for our voices to matter, over money from super PACS",6,7,6,7,"vote","harris",NA,3,2,1,"female",20,"white/non-hisp","HS","$35,000 to $39,999","radchange","antiest","ampride","demsatis","trustgov","FL",10,1,3,5,"11/28/2024 0:15"
5825,"brkn",5.25,2,4,5,2,4,3.75,"Equality of all people","There is still discrimination both socially and systematically. Not all people are equal due to factors such as race, sexual orientation, and wealth",0,"Freedom of Speech","Equality of all people","Voice of the people","Right to healthcare","Equal right to vote",7,5,5,4,"vote","harris",NA,2,1,2,"male",25,"white/non-hisp","bachelors","$50,000 to $59,999","antiest","ampride","trustgov","demsatis","radchange","ME",11,1,1,1,"11/21/2024 17:01"
5826,"kept",4.5,4,3,5,3,5,4.16666666666667,"Protection of citizens","The fight against terrorist. Maintaining a strong army and education. To allow civilians freedom and employment",0,"Freedom of citizens","Freedom of speech","Freedom to work","Protection of citizens","Equal rights of citizens",5,5,5,3,"no vote",NA,NA,2,1,3,"female",34,"white/non-hisp","HS","$125,000 to $149,999","demsatis","radchange","trustgov","ampride","antiest","IN",12,1,2,3,"11/22/2024 21:47"
5831,"brkn",4.25,5,3,7,2,5,3.75,"Free Speech","It is living up to its promise. We have the right to speak our opinion, we don’t have the right to control others peoples response or disagreement to our opinions",0,"Free Speech","Gun rights","Vote","Innocent until proven guilty","State rights",1,6,4,6,"vote","other","Candidate",4,3,3,"male",34,"white/non-hisp","masters","$60,000 to $74,999","demsatis","ampride","antiest","radchange","trustgov","NC",12,7,3,5,"11/22/2024 13:49"
5833,"ctrl",4.5,4,2,2,6,6,5.5,"Freedom","Freedom of speech to be able to voice your opinions. 
Freedom of Religion to be able to worship. 
Freedom to be whatever you choose to be and be able to work and achieve success",0,"Freedom","Being patriots","Equal opportunities","Independence","American dreams to work hard and achieve your dreams",5,5,3,5,"vote","trump",NA,6,5,4,"female",59,"white/non-hisp","bachelors","$85,000 to $99,999","trustgov","antiest","demsatis","radchange","ampride","VA",1,1,3,5,"11/21/2024 16:12"
5835,"brkn",4.5,3,3,2,6,5,5.16666666666667,"national democracy","National democracy should involve both democrats and republicans to work together to come up with solutions to the nations problems. t this time the two parties are more interted in proving each other wrong that what is better for the greater good",0,"national democracy","freedoms of speech","working together","cooperation","freedom to carry arms",6,3,4,5,"vote","harris",NA,2,1,3,"female",63,"white/non-hisp","bachelors","$75,000 to $84,999","ampride","radchange","antiest","trustgov","demsatis","MI",11,5,2,3,"11/19/2024 20:27"
5837,"kept",3.75,3,2,3,4,6,4.58333333333333,"Integrity","Holding high moral values is still seen as a virtue.  Even though it not as common amongst many, when it is found people still admire it.",0,"Justice","Dedication","Honor","Courage","Integrity",5,3,3,4,"no vote",NA,NA,6,5,3,"male",31,"hisp","some coll","$50,000 to $59,999","trustgov","demsatis","radchange","antiest","ampride","CA",10,1,4,9,"11/19/2024 22:08"
5842,"ctrl",4,5,4,4,4,4,4,"Family","My home thay includes my wife and brother, also been able to provide a home for my wife and for my future.",0,"My home","Family","God","Work","Other",4,4,4,4,"no vote",NA,NA,3,2,2,"male",28,"hisp","some coll","$5,000 to $9,999","antiest","ampride","demsatis","radchange","trustgov","TX",2,1,3,7,"11/23/2024 8:13"
5843,"brkn",5.25,2,3,3,6,5,5.41666666666667,"Freedom","Freedom of speech is taken away from most Republicans. Most social media platforms are liberal based and they censor things from the republican side. They say it has information that is not facts when in reality it is the facts they just don't want people to know.",0,"Freedom","Justice","Liberty","Honesty","Love",6,6,6,3,"vote","trump",NA,7,5,5,"female",30,"white/non-hisp","HS","$100,000 to $124,999","radchange","trustgov","demsatis","ampride","antiest","WI",12,7,2,3,"11/22/2024 9:03"
5852,"ctrl",6.75,3,2,3,5,6,5.91666666666667,"Freedom to hold Congress accountable and replace if found lying cheating fornicating stealing  bribing or anything unlawful","I think the statement stands on it's own what ever happened to honestly,  they stand up and lie and everyone knows there lying.",0,"Freedom of Speech","Freedom of the press","Freedom to kick Trump out of office","Freedom of religion except for islam","Freedom to hold Congress accountable and replace if found lying cheating fornicating stealing  bribing or anything unlawful",6,7,7,7,"no vote",NA,NA,4,3,3,"male",68,"white/non-hisp","some coll","$20,000 to $24,999","radchange","ampride","antiest","demsatis","trustgov","OR",2,5,4,9,"11/19/2024 14:28"
5855,"ctrl",4.25,4,4,6,5,4,4.41666666666667,"freedom","the right to make choices that i think are right in my opinion. The promise that my government will react to any threats that are made to secure our freedom and safety.",0,"freedom","equality","advancement","protection","healthcare",5,5,4,3,"vote","harris",NA,2,1,3,"male",69,"hisp","HS","$60,000 to $74,999","ampride","demsatis","radchange","trustgov","antiest","AZ",12,5,4,8,"11/19/2024 20:48"
5858,"kept",7,1,1,1,7,7,7,"Freedom","The ability to vote in a free election without interference. Courts that hold elected officials accountable.",0,"Freedom","Safety","Choice","Freedom from religion","Prosperity",7,7,7,7,"vote","harris",NA,1,1,1,"male",67,"white/non-hisp","bachelors","$200,000 or more","ampride","antiest","demsatis","radchange","trustgov","IA",10,5,2,4,"11/20/2024 6:02"
5862,"brkn",5,4,4,2,5,4,4.66666666666667,"Freedom","There are too many very poor people that live horribly. They don’t have the freedom to have food, clothing, beautiful places to just walk to.",0,"Freedom","People’s right to privacy","Innocent until proven guilty","The right to voice your opinion","The right to vote",NA,NA,4,6,"vote","harris",NA,4,3,3,"female",70,"black/non-hisp","HS","$100,000 to $124,999","ampride","antiest","radchange","trustgov","demsatis","MA",2,5,1,1,"11/20/2024 16:03"
5866,"brkn",6,3,2,2,6,6,6,"Future","Economy failing-war-the people are not as important. Weather change. Shootings. To many bad things need to be changed to actually change the future",0,"Liberty","Trust","Future","Faith","Values",5,6,6,7,"no vote",NA,NA,5,4,2,"female",59,"white/non-hisp","HS","$60,000 to $74,999","ampride","trustgov","radchange","demsatis","antiest","IA",11,6,2,4,"11/19/2024 17:07"
5868,"brkn",7,2,1,1,6,7,6.66666666666667,"Independence","I'm not sure. I think the U.S. is trying it's best to live up to the promises made. They are doing a pretty good job.",0,"Equality","Independence","Individualism","Materialism","Time",7,7,7,7,"vote","trump",NA,4,3,3,"male",42,"white/non-hisp","HS","$30,000 to $34,999","radchange","antiest","trustgov","demsatis","ampride","WI",10,1,2,3,"11/19/2024 20:52"
5879,"ctrl",3.75,3,7,4,4,1,2.91666666666667,"The issue of inflation","The last administration left our economy in disarray. We need leadership to continue to fight and figure out away to get inflation under control.",0,"The issue of inflation","Closing our borders","Isolating from world issues","The war against drugs","Freedom for all",3,4,4,4,"no vote",NA,NA,4,3,3,"male",38,"hisp","some coll","$75,000 to $84,999","ampride","demsatis","radchange","antiest","trustgov","CA",1,1,4,9,"11/22/2024 19:44"
5889,"kept",4.5,5,3,6,6,5,5.16666666666667,"Freedom","With the internet everyome seems to have a voice where they can publicly voice an opinion any time that they want",0,"Freedom","Equality","Liberty","Patriotism","Religion",2,5,5,6,"vote","trump",NA,4,3,3,"male",54,"white/non-hisp","some coll","$25,000 to $29,999","ampride","demsatis","trustgov","antiest","radchange","NC",12,1,3,5,"11/20/2024 12:09"
5894,"brkn",6.25,2,1,2,5,7,6.08333333333333,"Equality for all","Immigrants and political refugees are being refused at our border for fear of national security. Instead of blaming the immigrants we should be more reflective and question if our immigration system is sufficient for the amount of political instability on the earth. Either way, I still think these people deserve a fair chance at achieving greatness just like the rest of us.",0,"Equality for all","Insured Personal freedom","The American Dream","Equal Opportunity","Spirit of Democracy",7,6,6,6,"vote","harris",NA,1,1,1,"male",23,"white/non-hisp","some coll","$10,000 to $14,999","trustgov","radchange","antiest","demsatis","ampride","OH",10,2,2,3,"11/19/2024 19:58"
5895,"brkn",4,5,6,6,2,2,2.66666666666667,"In God is our trust","The US supports some countries during wars.
They should have been enforcing peace by settling wars.",0,"Star spangled banner","Land of the free","In God is our trust","Victory and peace","Freeman shall stand",4,4,4,4,"vote","harris",NA,1,1,3,"male",64,"black/non-hisp","some coll","$50,000 to $59,999","radchange","trustgov","demsatis","antiest","ampride","MD",1,1,3,5,"11/19/2024 21:16"
5928,"kept",4,3,3,4,4,5,4.33333333333333,"Right to bear arms","I honestly don't know. The government is so messed up these days that I don't believe America is anything like it was intended to be.",0,"Right to bear arms","Freedom of speech","Freedom of religion","The pursuit of happiness","Life liberty and justice",4,4,4,4,"no vote",NA,NA,4,3,NA,"male",32,"white/non-hisp","less HS","$10,000 to $14,999","antiest","radchange","ampride","demsatis","trustgov","OK",11,1,3,7,"11/23/2024 15:49"
5935,"kept",5.75,5,5,5,6,3,4.91666666666667,"freedom","We live in a country where we can come and go as we please. We can make out own choices without fear",0,"freedom of speech","Right to bare arms","freedom","freedom of religion","right to own your own land",5,6,6,6,"vote","trump",NA,7,5,3,"female",56,"white/non-hisp","some coll","$40,000 to $49,999","demsatis","radchange","ampride","trustgov","antiest","MI",12,1,2,3,"11/20/2024 8:03"
5938,"brkn",6,5,2,4,6,6,6,"INTEGRITY","1. BIG PHARMA RULES THE COUNTRY 
2. ALL POLITICIANS CAN BE BOUGHT. 
3. THERE'S NO VALUE IN HARD WORK ANYMORE",0,"INTEGRITY","HONESTY","PEOPLE","HARD WORK","COMMUNITY",6,6,6,6,"vote","trump",NA,7,5,5,"female",50,"white/non-hisp","some coll","$100,000 to $124,999","antiest","ampride","trustgov","demsatis","radchange","SD",12,1,2,4,"11/20/2024 11:39"
5941,"kept",4.75,4,3,5,2,5,3.91666666666667,"Individual Liberty","In the United States, I have the freedom to strive for whatever goal I want to achieve with the realistic possibility of achieving it.",0,"Independence","Individual Liberty","Equal Liberty","Justice","Fairness",3,5,5,6,"vote","trump",NA,6,5,3,"male",28,"white/non-hisp","bachelors","$200,000 or more","radchange","ampride","demsatis","trustgov","antiest","GA",1,1,3,5,"11/20/2024 13:13"
5944,"ctrl",5.75,1,1,1,7,7,6.58333333333333,"Life","Life refers to the belief that our lives are a right that should be protected. The basic necessities of life should be freely available to everyone.",0,"Life","Liberty","Truth","Freedom","Principle",7,7,3,6,"vote","harris",NA,2,1,1,"male",31,"white/non-hisp","some coll","$15,000 to $19,999","demsatis","ampride","antiest","radchange","trustgov","IN",10,7,2,3,"11/21/2024 9:56"
5948,"brkn",5.75,4,4,3,5,4,4.91666666666667,"Integrity","We are living in an era that there’s no integrity. Everyone does what ever they think without integrity or accountability",0,"Freedom","Liberty","Accountability","Integrity","Honesty",6,6,6,5,"vote","harris",NA,2,1,3,"female",60,"hisp","bachelors","$60,000 to $74,999","demsatis","radchange","ampride","antiest","trustgov","FL",2,1,3,5,"11/19/2024 18:03"
5953,"ctrl",4.75,2,5,3,5,3,4.25,"Freedom","Freedom means making your own choices with as little sway from any other force in your life. Governments should ensure that people should have as much liberty to do with their lives whatever they so desire",0,"Freedom","Millitary","Economy","Diversity","Justice for all",6,4,4,5,"vote","trump",NA,4,3,1,"male",27,"hisp","some coll","$50,000 to $59,999","demsatis","antiest","trustgov","radchange","ampride","FL",11,1,3,5,"11/20/2024 19:46"
5954,"brkn",5.25,4,1,6,5,7,5.75,"Freedom of religion","You are not allowed to share your beliefs in a school setting. If what you believe might offend someone else you lose the right to share your belief.",0,"Freedom of religion","Right to bear arms","Freedom of speech","Protect the innocent","Pursue your dreams",2,5,7,7,"vote","trump",NA,7,5,5,"male",39,"white/non-hisp","bachelors","$60,000 to $74,999","radchange","ampride","demsatis","antiest","trustgov","KS",1,7,2,4,"11/20/2024 13:56"
5971,"kept",5,1,2,2,5,6,5.33333333333333,"Democracy","Not well. A former president that attempted insurrection is relected. Supreme Court is very partisan.",0,"Justice","Freedom","Democracy","Equality","Independence",6,5,4,5,"vote","harris",NA,4,3,3,"female",27,"white/non-hisp","masters","$40,000 to $49,999","ampride","antiest","trustgov","radchange","demsatis","ID",1,1,4,8,"11/19/2024 18:51"
5974,"kept",4.25,3,3,5,3,5,4.08333333333333,"Democracy","So far (unless Trump succeeds in becoming a dictator) the US is a democracy that provides for fair elections and social justice.",0,"Separation church/state","Freedom","Due process","Democracy","Equality",5,4,3,5,"vote","harris",NA,3,2,3,"female",63,"white/non-hisp","bachelors","$200,000 or more","ampride","antiest","radchange","demsatis","trustgov","WA",10,1,4,9,"11/27/2024 15:20"
5987,"kept",6.25,5,2,1,6,6,6.08333333333333,"Freedom of speech","It’s not! The government is trying to control what we see, hear and say! They are doing this thru the media and politicians that are lying to us! This needs to stop and they need to report the truth and do what the American people want and vote for!",0,"Freedom of speech","Right to bear arms","Equality","Independence","Christian values",6,6,6,7,"vote","trump",NA,7,5,5,"female",74,"hisp","some coll","$85,000 to $99,999","trustgov","radchange","demsatis","antiest","ampride","CA",2,5,4,9,"11/19/2024 21:35"
5992,"kept",5.25,2,6,3,2,2,3.08333333333333,"Democracy","I’m worried that this country isn’t living up to the promise of democracy because they voted for a president who wants to be an authoritarian leader. I’m very worried that we’re going to lose what America was made for in the constitution. Trump will shatter our constitution!",0,"Freedom","Womens rights","Democracy","Voting rights","Everyone’s rights to live in a great country",6,5,5,5,"vote","harris",NA,1,1,2,"female",61,"hisp","some coll","$200,000 or more","radchange","ampride","demsatis","antiest","trustgov","NY",2,5,1,2,"11/22/2024 10:07"
5998,"brkn",6,4,1,4,4,7,5.66666666666667,"Free speech","The other side uses free speech for evil against the one innocent side. They don't treat it equally. Every individual deserves the right of free speech and have their own opinions even if the person disagrees",0,"Family","Pro life","Freedom of religion","Free speech","Capitalism",6,5,7,6,"vote","trump",NA,5,4,3,"male",28,"hisp","HS","$20,000 to $24,999","radchange","ampride","antiest","trustgov","demsatis","IN",12,1,2,3,"11/24/2024 11:59"
6008,"ctrl",5.5,5,4,3,5,4,4.83333333333333,"Every American is Free","No citizen can be enslaved by the government or another person or entity. Americans can pursue happiness with the guarantee of the ability to express themselves peacefully and live as they see fit as long as it does not endanger another person.",0,"Every American has a right to Liberty","Every American is Free","Every Americanhas the right to justice and is presumed innocent until proven guilty","Every American Citizen has the right to vote","Every American has the freedom of religion",6,5,6,5,"no vote",NA,NA,5,4,4,"female",63,"white/non-hisp","some coll","$40,000 to $49,999","ampride","radchange","trustgov","demsatis","antiest","TN",12,2,3,6,"11/20/2024 18:11"
6011,"ctrl",6.5,5,2,1,6,6,6.16666666666667,"White supremacy","The rights of white people are protected above all. Any person who is not white is automatically granted less rights, even with the Amendments made. It is white people who are given the promise of life, liberty, and justice",0,"White supremacy","Patriarchy","Wealth","Property","Power",7,7,7,5,"vote","harris",NA,1,1,1,"female",22,"hisp","some coll","$40,000 to $49,999","antiest","demsatis","trustgov","radchange","ampride","IL",2,7,2,3,"11/20/2024 16:48"
6021,"brkn",6.25,3,2,5,6,6,6.08333333333333,"Belief in freedom","In the aftermath of the Civil War, during the reconstruction Era, newly freed Black Americans sought fulfilment of the promises laid out of US Constitution. The nation failed to keep those promises, particular Black Americans.",0,"Belief in freedom","Strength and candor","We will prevail","Protect our way of life.","May God bless United States",6,6,7,6,"vote","trump",NA,7,5,4,"male",72,"white/non-hisp","some coll","$60,000 to $74,999","radchange","demsatis","antiest","trustgov","ampride","NY",2,1,1,2,"11/20/2024 9:11"
6023,"ctrl",5.5,2,3,4,5,5,5.16666666666667,"Respect","Respect for me is the most important value because it means peace. With respect people live in peace",0,"Trust","Respect","Integrity","Moral","Valué",5,5,7,5,"no vote",NA,NA,4,3,4,"female",37,"hisp","some coll","$30,000 to $34,999","demsatis","trustgov","radchange","ampride","antiest","IL",2,2,2,3,"11/21/2024 0:13"
6025,"ctrl",5.25,2,2,6,5,6,5.41666666666667,"Trust","The belief in a government that despite the outcome of a vote, will hold itself with the same trust before.",0,"Trust","Failth","Morality","Belief","Security",5,5,5,6,"vote","harris",NA,6,5,3,"male",60,"white/non-hisp","some coll","$85,000 to $99,999","ampride","radchange","demsatis","trustgov","antiest","CO",11,1,4,8,"11/19/2024 16:16"
6032,"ctrl",4.5,4,3,3,5,5,4.83333333333333,"Freedom","The ability to do what you want to do when you want to do it. You’re free to do as you please, to an extent: you must not hurt others",0,"Freedom","Equal opportunity","Liberty","Life","Pursuit of happiness",6,6,3,3,"no vote",NA,NA,6,5,4,"male",30,"white/non-hisp","bachelors","$85,000 to $99,999","ampride","radchange","antiest","trustgov","demsatis","IN",1,1,2,3,"11/20/2024 17:10"
6034,"brkn",6.25,5,3,1,7,5,6.08333333333333,"Liberty","Freedom of expression on social media,  freedom of speech declared first amendment of the constitution",0,"Liberty","Equality","Justice","Democracy","Principle",7,4,7,7,"vote","trump",NA,7,5,4,"male",19,"hisp","less HS","under $5,000","radchange","demsatis","antiest","ampride","trustgov","TX",12,7,3,7,"11/20/2024 7:35"
6036,"ctrl",4,5,4,5,7,4,5,"United together","To stand together as one people. Not to be divided but to work together. Don’t hate each other and don’t blame others.",0,"American dream","Free speech","Integrity","Honesty","United together",5,3,5,3,"no vote",NA,NA,7,5,3,"male",33,"white/non-hisp","HS","$50,000 to $59,999","radchange","trustgov","ampride","antiest","demsatis","AR",1,1,3,7,"11/25/2024 14:09"
6040,"ctrl",5.25,3,2,2,6,6,5.75,"Freedom of religion","The right to worship the God of your choice and to assemble in worship of your God. The right to worship without prejudice.",0,"Freedom of religion","The right to keep and bear arms","Freedom of speech","The right to a speedy trial","The right to privacy",4,6,5,6,"vote","trump",NA,5,4,3,"female",64,"multi/non-hisp","some coll","$15,000 to $19,999","radchange","trustgov","ampride","antiest","demsatis","CA",12,5,4,9,"11/19/2024 15:12"
6043,"kept",4,4,4,6,5,4,4.33333333333333,"all men are created equal","citizens can vote, protest, practice religious choice, read whatever they want, love whoever they want.  I am aware that these rights may disappear with trump in office.",0,"all men are created equal","freedom of religious choice","separation of powers","voting to ensure democracy","freedom of the press",4,5,3,4,"vote","harris",NA,1,1,1,"female",65,"white/non-hisp","bachelors","$35,000 to $39,999","antiest","trustgov","demsatis","ampride","radchange","CT",7,1,1,1,"11/21/2024 17:01"
6045,"ctrl",4,5,1,4,1,7,4,"Bill of Rights","Bill prices for every citizen to be granted the option of having a lawyer if they can't afford it and actually have somebody to defend them in a court of justice and and be sure on its peers",0,"Freedom  in religion","Equal  rights  for all","Protection from criminals","The right to have an attorney","Bill of Rights",4,4,4,4,"vote","trump",NA,7,5,5,"male",73,"hisp","some coll","$15,000 to $19,999","antiest","radchange","trustgov","demsatis","ampride","OH",11,5,2,3,"11/19/2024 17:18"
6047,"kept",5.25,2,3,3,5,5,5.08333333333333,"Opportunity","Respect for all humans and their personal rights.  Education for all. Non discriminatory practices.",0,"Freedom","Opportunity","Privacy","Autonomy","Generosity",6,5,5,5,"vote","harris",NA,1,1,3,"female",73,"white/non-hisp","masters","$100,000 to $124,999","radchange","demsatis","antiest","ampride","trustgov","WA",11,4,4,9,"11/20/2024 5:14"
6050,"kept",3.75,3,4,4,3,4,3.58333333333333,"Togetherness","We need to make peace.we need to work together. With trump as our new president. We will all be united.",0,"Respect","Love","Togetherness","Peace","Quiet",3,3,4,5,"vote","harris",NA,2,1,3,"male",48,"hisp","HS","$30,000 to $34,999","trustgov","ampride","radchange","antiest","demsatis","CA",12,1,4,9,"11/19/2024 16:00"
6058,"kept",3.75,4,4,6,3,4,3.58333333333333,"Freedom","Freedom always Americans to voice their ideas and opinions with you being oppressed. Political freedom allows Americans to vote for whom they want.",0,"Freedom","Choice","Liberty","Diverse","Patriotism",5,4,3,3,"vote","trump",NA,6,5,3,"female",40,"hisp","some coll","$125,000 to $149,999","radchange","demsatis","trustgov","ampride","antiest","CA",12,1,4,9,"11/19/2024 16:52"
6067,"ctrl",5.25,5,2,2,5,6,5.41666666666667,"Freedom","Being able to say and feel what you want without being afraid to express yourself.  There are other countries that do not have that right and we are very lucky we do.",0,"Freedom","Integrity","Equality","Work Ethic","Independence",3,6,5,7,"vote","harris",NA,2,1,3,"female",60,"white/non-hisp","HS","$60,000 to $74,999","radchange","ampride","demsatis","antiest","trustgov","IL",11,5,2,3,"11/20/2024 7:11"
6069,"brkn",2.75,5,5,7,1,3,2.25,"capitalism","free enterprise/capitalism is the main engine that moves the economy. a strong economy brings growth, efficacy, and eficiencies",0,"equality","freedom of speech","freedom of religion","democracy","capitalism",4,1,3,3,"vote","trump",NA,6,5,3,"male",57,"hisp","masters","$85,000 to $99,999","radchange","trustgov","antiest","demsatis","ampride","FL",2,1,3,5,"11/20/2024 0:31"
6071,"ctrl",5.5,4,3,3,5,5,5.16666666666667,"Fairness","When everyone at the table gets treated equally. No one individual gets treated better or worse than the other",0,"Honesty","Fairness","Humility","Accountability","Forgiveness",5,6,6,5,NA,NA,NA,1,1,3,"male",46,"hisp","some coll","$60,000 to $74,999","radchange","demsatis","ampride","trustgov","antiest","CA",12,2,4,9,"11/22/2024 13:30"
6076,"kept",5.75,5,2,1,7,6,6.25,"Prosecute those that don't follow laws","USA does not follow all laws currently. Needs major reform because too many criminals are released before sufficient punishment is completed.",0,"Follow laws","Prosecute those that don't follow laws","Close the borders","Fix USA issues before paying for foreign issues","Allow free speech",2,7,7,7,"vote","trump",NA,7,5,5,"male",59,"white/non-hisp","some coll","$150,000 to $174,999","ampride","trustgov","radchange","demsatis","antiest","PA",1,1,1,2,"11/20/2024 15:22"
6079,"ctrl",3.75,2,4,4,4,4,3.91666666666667,"Freedom of speech","Being able to say anything I want unless it’s down appon another individual…like saying someone did something they didn’t do",0,"America dream","Freedom of speech","Land of free","Can do anything.","Justice for all",3,4,4,4,"no vote",NA,NA,4,3,4,"male",34,"white/non-hisp","HS","$15,000 to $19,999","demsatis","trustgov","radchange","ampride","antiest","OH",11,1,2,3,"11/22/2024 0:11"
6080,"brkn",4,3,4,4,4,4,4,"Popular sovereignty","I am not really sure i guessed and asked my mom and dad. So I'm not sure. So I'm guessing on here. Yea",0,"Popular sovereignty","Balance and check","Speration of power","Federalism","Rebuliacnism",4,4,4,4,"vote","trump",NA,6,5,4,"female",18,"hisp","less HS","$50,000 to $59,999","trustgov","radchange","ampride","demsatis","antiest","CA",12,2,4,9,"12/1/2024 13:10"
6087,"kept",6.5,1,2,1,7,6,6.5,"Rugged Individualism","Pretty darn well. Everybody is convinced that collectivism is bad and that individual consumer choices are of the highest virtue. Mission accomplished.",0,"Freedom for the Wealthy","Rugged Individualism","Subjugation of the Other","Anti-Communism","Slave Labor",7,7,6,6,"vote","harris",NA,3,2,1,"female",24,"white/non-hisp","some coll","$5,000 to $9,999","antiest","radchange","ampride","demsatis","trustgov","LA",10,1,3,7,"11/19/2024 18:51"
6097,"kept",4,3,4,4,4,4,4,"FREEDOM","GOVERNMENT SHOULD NOT LIMIT CHOICES OF THE AMERICAN PEOPLE. FREEDOM TO MAKE YOUR CHOICE SHOULD NOT IMPED WITH RIGHTS OF OTHERS.",0,"CITIZENS RIGHTS","FREEDOM","LIMITED GOVERNMENT","PROTECTION","NONIMPEDING",4,3,5,4,"vote","trump",NA,6,5,4,"female",39,"white/non-hisp","masters","$50,000 to $59,999","ampride","antiest","radchange","demsatis","trustgov","ID",11,2,4,8,"11/20/2024 8:19"
6103,"brkn",5.5,2,2,1,7,6,6.16666666666667,"Capitalism (derogatory)","Nearly all laws are made in defense of capitalism, labor exploitation, deregulation, weakened/ overly bureaucratic social safety net.",0,"Freedom for white men","Capitalism (derogatory)","Individualism (derogatory)","Protecting the powerful","Imperialism",7,5,4,6,"vote","harris",NA,1,1,1,"male",29,"white/non-hisp","bachelors","$175,000 to $199,999","trustgov","demsatis","radchange","antiest","ampride","CA",1,1,4,9,"11/20/2024 16:48"
6104,"kept",6.25,4,1,1,7,7,6.75,"Freedom","We are not under a dictatorship.  We do not have rulers or we are not under a communist ruler.  We are free to do whatever we please as long as it's legal.",0,"Freedom","Independence","Free speach","Education","Humanity",4,7,7,7,"vote","trump",NA,5,4,3,"female",63,"white/non-hisp","some coll","$150,000 to $174,999","antiest","ampride","demsatis","trustgov","radchange","CA",11,2,4,9,"11/19/2024 15:21"
6110,"ctrl",5,3,2,2,7,6,6,"Money","Money is the center of the universe without it we wouldn't be able to do anything it's everything they said it root of all evil but we need money to live",0,"Inflation","Hate","Crime","Money","Peaceful",7,6,5,2,"vote","trump",NA,4,3,3,"male",21,"multi/non-hisp","HS","$20,000 to $24,999","ampride","antiest","radchange","demsatis","trustgov","VA",12,1,3,5,"11/26/2024 8:19"
6114,"kept",6.5,4,2,1,7,6,6.5,"freedom","The freedom to live in a country with a fair and honest election. The freedom to live without a ruler or dictatorship.",0,"freedom","liberty","justice","acceptance","fairness",5,7,7,7,"vote","trump",NA,4,3,3,"female",52,"white/non-hisp","some coll","$25,000 to $29,999","ampride","antiest","radchange","demsatis","trustgov","OH",11,2,2,3,"11/23/2024 11:50"
6115,"ctrl",4.75,4,4,6,5,4,4.58333333333333,"economy","People are having to decide whether to purchase food or to provide housing for themselves and their families.",0,"economy","crime","education","safety","homelessness",6,5,5,3,"vote","harris",NA,1,1,3,"female",69,"black/non-hisp","masters","$100,000 to $124,999","ampride","trustgov","demsatis","antiest","radchange","MD",1,5,3,5,"11/23/2024 20:28"
6126,"ctrl",6.75,1,2,2,5,6,5.91666666666667,"Freedom from Religion","The right to practice your own beliefs as well as not being governed by the religious beliefs of others.",0,"Individuality","Unity","Liberty","Justice","Freedom from Religion",7,6,7,7,"vote","harris",NA,5,4,3,"male",42,"white/non-hisp","masters","$200,000 or more","demsatis","trustgov","antiest","ampride","radchange","IL",2,1,2,3,"11/20/2024 4:21"
6155,"brkn",4.75,5,4,6,4,4,4.25,"To protect the people and the land","They are not protecting the people and the land because they are allowing people to come into the country who are destroying with violence, hatred and crimes.  They are living freely off taxpayers hard eared money. They are given homes, food and health care for free.The things that we have worked hard for and can barely if even afford today.",0,"To protect the people and the land","Freedom and Independence","The pursuit of happiness","Right to Education","Right to a fair trial",5,5,4,5,"vote","trump",NA,7,5,4,"female",52,"white/non-hisp","some coll","$100,000 to $124,999","ampride","demsatis","trustgov","antiest","radchange","KY",2,2,3,6,"11/29/2024 8:01"
6169,"brkn",6,4,1,3,4,7,5.66666666666667,"freedom of speech","Social media being censored.  Political opponents using the judicial system to go after opposite party",0,"freedom of speech","free to bare arms","free to be happy","liberty for all","Justice for all",4,7,6,7,"vote","trump",NA,4,3,3,"male",23,"hisp","some coll","$125,000 to $149,999","demsatis","trustgov","radchange","ampride","antiest","LA",1,1,3,7,"11/19/2024 16:57"
6172,"kept",7,4,1,2,7,7,7,"Liberty","It isn't in any way. Everything citizens do in daily life is regulated in some way. If we had liberty people could live their lives as they see fit as long as they aren't harming others.",0,"Liberty","Freedom","Justice","Equality","Fairness",7,7,7,7,"vote","trump",NA,7,5,5,"male",48,"white/non-hisp","HS","$175,000 to $199,999","ampride","trustgov","antiest","radchange","demsatis","VA",1,2,3,5,"11/19/2024 18:16"
6190,"brkn",4.25,4,4,5,2,4,3.41666666666667,"Religion","The United States of America is upholding the promise of religious freedom all religions practiced here",0,"Religion","Speech","Assembly","Thought","Political",4,5,4,4,"vote","trump",NA,5,4,4,"male",72,"white/non-hisp","some coll","$30,000 to $34,999","ampride","demsatis","radchange","trustgov","antiest","MN",1,5,2,4,"11/21/2024 9:12"
6211,"ctrl",7,4,1,1,6,7,6.66666666666667,"Personal rights","Freedom to own guns. Freedom of speech. Freedom to own property. Freedom of religion. Freedom, freedom",0,"Freedom","Truth","Honesty","Personal rights","Safety",7,7,7,7,"vote","other","Kennedy",5,4,3,"male",72,"hisp","HS","$60,000 to $74,999","demsatis","radchange","trustgov","ampride","antiest","OR",1,5,4,9,"11/20/2024 16:35"
6215,"brkn",5.75,2,4,3,5,4,4.91666666666667,"freedom","they are banning books and but also allowing anyone to say anything whether it is true or not and confusing the population.  it is a difficult time.  Also, attacking people for who they love or who they want to be.",0,"freedom","equality","dream","support","faith",6,6,6,5,"no vote",NA,NA,3,2,3,"male",52,"white/non-hisp","bachelors","$125,000 to $149,999","antiest","radchange","demsatis","trustgov","ampride","MO",2,1,2,4,"11/20/2024 16:19"
6222,"brkn",7,2,2,1,7,6,6.66666666666667,"freedom","Government overreaching, too many rules and censorship. Especially in California, law is established to punished those who obeys it.",0,"freedom","opportunity","democracy","competition","nationalism",7,7,7,7,"vote","trump",NA,4,3,4,"male",46,"asian/non-hisp","bachelors","$200,000 or more","radchange","trustgov","demsatis","antiest","ampride","CA",1,1,4,9,"11/19/2024 16:12"
6228,"ctrl",5.75,3,4,4,2,4,3.91666666666667,"Freedom of speech","Freedom of speech is the ability by citizens to commend or criticize anything they agree or disagree with. Yes, this may include some horrific opinions but violence should not occur in any fashion",0,"Freedom of speech","Constitutional rights","Equal rights","Better opportunities","Equality",6,6,6,5,"vote","harris",NA,1,1,3,"female",64,"white/non-hisp","some coll","$125,000 to $149,999","trustgov","ampride","antiest","demsatis","radchange","NY",2,5,1,2,"11/20/2024 9:39"
6229,"kept",6.5,3,2,2,3,6,5.16666666666667,"Democratic three Branches","I believe that the US in NOT living up to is promise of three distinct, independent branches of the government. One branch should NOT be allowed to bully and control members of the other two branches.",0,"Free speech","Democratic representation","Democratic three Branches","Voting rights","Pursuit of happiness",6,7,7,6,"vote","harris",NA,3,2,3,"female",64,"white/non-hisp","masters","$175,000 to $199,999","demsatis","trustgov","antiest","radchange","ampride","NY",1,1,1,2,"11/21/2024 11:05"
6237,"ctrl",6.75,1,1,1,7,7,6.91666666666667,"General welfare","No one is struggling to survive, everyone is fed and housed. The overall wellbeing and interests of the public as a whole are taken care of.",0,"Common defense","General welfare","Liberty","Justice","Freedom",7,7,6,7,"vote","harris",NA,1,1,1,"male",39,"white/non-hisp","some coll","$200,000 or more","ampride","antiest","demsatis","trustgov","radchange","CA",9,1,4,9,"11/22/2024 9:28"
6241,"brkn",3.5,2,3,4,3,5,3.83333333333333,"My family","They do not listen to my family’s opinions. They don’t pay enough attention. My family always have to speak out",0,"Video games","My family","My friends","My guns","My wife’s",3,3,3,5,NA,NA,NA,4,3,4,"male",18,"multi/non-hisp","less HS","$50,000 to $59,999","ampride","trustgov","demsatis","antiest","radchange","NC",11,4,3,5,"11/24/2024 3:18"
6243,"kept",6,3,4,5,5,4,5,"Religious freedom","Religious groups are allowed to build houses of worship. They are insured personal day off to celebrate their religious holidays. People are allowed to wear their religious clothes.",0,"Religious freedom","Selfdefence right","Personal freedom","Freedom of speech","Dignified life",7,7,6,4,"vote","other","Jill Stein",3,2,3,"female",44,"other/non-hisp","bachelors","$100,000 to $124,999","demsatis","ampride","antiest","radchange","trustgov","TX",6,7,3,7,"11/19/2024 18:21"
6249,"kept",2.75,5,7,6,5,1,2.91666666666667,"Integrity with our word and upholding commitments to the American people and the world","Concerted efforts to address climate change
Offering and providing support to current world allies and also attempting to create in roads with leaders with who we are not yet allied
Challenging domestic policies that further exacerbate inequitable access to basic needs including education, healthcare, food and housing
Foreign policy that IS NOT isolationist in nature
Follow through on commitments made during election campaign",0,"Integrity with our word and upholding commitments to the American people and the world","Transparency in government, and business( private or public)regarding decision making","Accountability bring accountab for actions taken","Compassion for Americans as well as others who are not American","Service minded , not just within our country but also being of service to other countries in need g of service even when there is morning in our for the US",5,2,2,2,"vote","harris",NA,1,1,3,"female",51,"white/non-hisp","masters","$175,000 to $199,999","trustgov","demsatis","radchange","antiest","ampride","CA",7,1,4,9,"11/19/2024 19:25"
6261,"kept",4.5,3,4,4,5,4,4.5,"Honesty","Speak your heart tell the truth. 
Be honest even when it's uncomfortable

Helps express yourself ...",0,"Compassion","Boldness","Acceptance","Honesty","Repect",5,5,5,3,"vote","other","Kennedy",6,5,3,"female",40,"hisp","some coll","$30,000 to $34,999","antiest","ampride","trustgov","radchange","demsatis","CA",10,1,4,9,"11/20/2024 11:33"
6262,"brkn",7,4,2,1,7,6,6.66666666666667,"Liberty","The U.S. Has the largest number of prisons and prisoners in the world and black men vastly outnumber other races in prison. 

Women's rights are being taken and women are forced to carry pregnancies they may not want to. 

The rich do not get criminalized like poor and middle class Americans. When a poor person steals they go to jail, fined, pay fees. When a rich person steals, they don't face the same consequences and often times never see the inside of a courtroom. 

I feel like the only people that truly have liberty in this country are rich white men and white men in general and for decades they've been deciding what to do with the rest of us.",0,"Individualism","Equality","Liberty","Diversity","Self Government",7,7,7,7,"vote","harris",NA,1,1,1,"female",39,"hisp","some coll","$40,000 to $49,999","demsatis","radchange","trustgov","antiest","ampride","TX",12,2,3,7,"11/21/2024 1:14"
6263,"brkn",5,3,4,4,5,4,4.66666666666667,"Freedom","The freedom to express yourself as you please. As long as one can accept responsibility for what they do or say.",0,"Freedom","Opportunity","Equality","Happiness","Life",5,5,5,5,"vote","trump",NA,6,5,2,"male",50,"asian/non-hisp","some coll","$200,000 or more","antiest","demsatis","radchange","ampride","trustgov","IL",2,1,2,3,"11/20/2024 23:52"
6264,"kept",4.5,2,4,6,5,4,4.5,"Love","The United States is living up to its promise of love by helping other countries fight wars that we don't belong in.",0,"Honesty","Love","Compassion","Justice","Generosity",5,5,5,3,"no vote",NA,NA,1,1,1,"male",41,"black/non-hisp","some coll","$25,000 to $29,999","radchange","ampride","demsatis","antiest","trustgov","MI",12,6,2,3,"11/22/2024 7:40"
6268,"ctrl",3.75,4,3,3,5,5,4.58333333333333,"Voting rights","Democracy allows all adults to choose representation based on kindred beliefs to stand up for them in government.  If done properly the country understands and makes policy based on the wants and needs of the majority.",0,"Freedom of speech","States rights","Freeedom of religion","Voting rights","Pursuit of happiness",6,3,3,3,"vote","harris",NA,3,2,3,"female",57,"white/non-hisp","some coll","$100,000 to $124,999","demsatis","ampride","trustgov","antiest","radchange","NH",2,1,1,1,"11/23/2024 6:15"
6272,"ctrl",6,1,1,1,7,7,6.66666666666667,"Freedom of speech","Freedom of speech is supposed to allow everyone the right to express their opinions and ideas without the government interfering.",0,"Freedom of speech","Democracy","Laws","Justice","“Equality”",5,6,6,7,"no vote",NA,NA,4,3,NA,"female",28,"black/non-hisp","some coll","$40,000 to $49,999","demsatis","trustgov","ampride","radchange","antiest","MD",12,7,3,5,"11/19/2024 22:23"
6277,"brkn",7,1,1,1,7,7,7,"All people are equal","The Trump administration has been vocal about their plans of repealing LGBTQ rights, as well as women’s rights and the rights of other marginalized communities. The writers and backers of Project 2025—many of whom are in Trump’s cabinet, have also mentioned repealing the 19th amendment.",0,"All people are equal","Every individual has opportunity for success","Freedom from authoritarianism and dictators","Freedom of and from religion","Every individual’s voice is equal and matters",7,7,7,7,"vote","harris",NA,1,1,1,"male",23,"white/non-hisp","some coll","$100,000 to $124,999","ampride","radchange","demsatis","antiest","trustgov","OH",14,2,2,3,"11/20/2024 8:54"
6284,"kept",6.5,4,3,4,7,5,6.16666666666667,"Safe places","There should be more work done to ensure safe and secure places to live. Homelessness should be at a bare minimum.",0,"Guidance and encouragement","Safe places","Effective Education","Proper nutrition and exercise","98",7,6,7,6,"vote","harris",NA,1,1,5,"female",59,"black/non-hisp","some coll","$60,000 to $74,999","ampride","antiest","radchange","trustgov","demsatis","MD",1,7,3,5,"11/22/2024 8:34"
6287,"ctrl",4.5,4,5,6,3,3,3.5,"Democracy","The Liberty to choose and being  chosen to rule the country or who will rule without any fear at all.",0,"Democracy","Equality","Liberty","Diversity","Law",6,5,5,2,"no vote",NA,NA,4,3,1,"male",31,"hisp","bachelors","$75,000 to $84,999","demsatis","radchange","antiest","trustgov","ampride","NV",2,1,4,8,"11/20/2024 18:43"
6301,"brkn",6,2,3,1,6,5,5.66666666666667,"The government of the country will be guided by the constitution and the rule of law","Too many in the government has put their personal Financial and personal interests first. They lie, cheat and steal to violate the law and enrich themselves at the expense of the country and are willing to twist and/or ignore the constitution to avoid accountability. Norms and traditions which were developed over time to help guide ethical behavior are dismissed and ignored. Individual’s and individual group’s interests are trampled. Interpretations of the law and legal precedent are not rooted in sound intellectual principle and analysis but are solely outcome driven.",0,"The government of the country will be guided by the constitution and the rule of law","The rule of law and constitution are paramount to an individual’s personal interests-financial, political","Each individual is entitled to the same rights, privileges and opportunities as others and the government should promote, not interfere with, that principle","America does not isolate itself but is outward looking to ensure we are not negatively impacting non-Americans by blindly pursuing our own interests","The US government is by and for the people. While individual interests and rights are to be protected the country should be governed to ensure that no individual’s or groups interests are protected more than others on the basis of gender, wealth, status, race or other characteristics",7,6,5,6,"vote","harris",NA,1,1,2,"female",67,"black/non-hisp","masters","$150,000 to $174,999","ampride","demsatis","trustgov","radchange","antiest","CO",5,5,4,8,"11/24/2024 8:18"
6304,"ctrl",7,5,1,1,7,7,7,"Morality","Having high values and decency to make the right choices for the people - all PEOPLE of the US.  To do no harm in defense of country, its people, citizens and to instill hope for a fair and equitable system of laws and justice for all.  To protect the US and the world from foreign and domestic terrorists.  Decency and trust is integral to ensure that corruption and bad actors are not making the national decisions that impact so many of us.  To be upright and just with decisions that affect all, not just the rich donors.  Honor and showing through action that all people matter in the US, not just those who support for the sake of getting ahead and lining their pockets for their will and not the will of the people.",0,"Integrity","Honesty","Morality","Trust","Values",7,7,7,7,"vote","harris",NA,1,1,3,"female",63,"black/non-hisp","some coll","$85,000 to $99,999","demsatis","radchange","antiest","trustgov","ampride","VA",1,5,3,5,"11/19/2024 22:46"
6310,"kept",4,5,4,5,3,4,3.66666666666667,"Accountability","Adherence to the Constitution and rule of law. Elected officials fighting for what the majority of citizens need to maintain decent lives",0,"Diversity","Accountability","Innovation","Courage","Integrity",6,2,5,3,"vote","harris",NA,1,1,3,"female",62,"white/non-hisp","some coll","$85,000 to $99,999","demsatis","antiest","ampride","trustgov","radchange","VA",11,1,3,5,"11/21/2024 9:44"
6318,"brkn",5.75,5,2,6,5,6,5.58333333333333,"Opportunity","The United States needs to make affordable health care and education available to every CITIZEN.  I would like to see more emphasis on non-college job opportunities.",0,"Opportunity","Freedom of religion","Ability to address grievances","Freedom to bear arms","Freedom of speech",4,7,5,7,"vote","trump",NA,6,5,4,"female",77,"white/non-hisp","some coll","$60,000 to $74,999","demsatis","ampride","trustgov","radchange","antiest","AL",1,5,3,6,"11/20/2024 12:38"
6321,"ctrl",4,1,4,1,5,4,4.33333333333333,"All people have rights","All persons in the country should have equal right to the benefits of living in the US without respect to race, religion, gender, finance",0,"All people have rights","We should vote for our government","No state religion shall be established","There are established procedures for governing the nation","The justice system should work the same for all",6,5,2,3,"vote","harris",NA,1,1,1,"female",56,"white/non-hisp","masters","$25,000 to $29,999","antiest","trustgov","demsatis","radchange","ampride","MS",9,2,3,6,"11/19/2024 21:31"
6330,"brkn",5.5,4,2,2,6,6,5.83333333333333,"Freedom","It is not a free state when others are allowed to impose their values on your life and well being.  We must strive to bring that freedom back for all Americans",0,"Freedom","Equality","Liberty","Pursuit of happiness","Integrity",6,6,5,5,"vote","harris",NA,1,1,2,"male",70,"white/non-hisp","bachelors","$75,000 to $84,999","antiest","ampride","demsatis","trustgov","radchange","IL",1,1,2,3,"11/19/2024 17:02"
6333,"kept",6,1,2,3,6,6,6,"Freedom","Freedom is practiced through freedom of speech. The right to publicize articles without being constrained by propaganda and being forced to only discuss one topic controlled by the government. The right to work and own a house.",0,"Democracy","Equality","Freedom","Protection","Free speech",6,6,6,6,"vote","harris",NA,3,2,3,"male",50,"hisp","some coll","$200,000 or more","demsatis","radchange","ampride","antiest","trustgov","CA",2,1,4,9,"11/19/2024 18:36"
6346,"kept",5,4,3,3,2,5,4,"indpendence from kings","Americans can vote for their representation. The 3 branches of government should ensure that power is not consolidated to one person",0,"Freedom of relgion","Freedom of Speech","indpendence from kings","Voting for leaders","sovereignty",5,5,5,5,"vote","harris",NA,2,1,3,"female",61,"white/non-hisp","bachelors","$125,000 to $149,999","radchange","ampride","antiest","trustgov","demsatis","CT",12,1,1,1,"11/21/2024 22:47"
6350,"ctrl",5.75,4,4,4,3,4,4.25,"freedom","The right to do (within the framework of the constitution) what you want. To be free to vote and serve religion as seen fit.",0,"freedom","equality","safety","integrity","wisdom",5,7,6,5,"vote","harris",NA,4,3,3,"male",61,"white/non-hisp","some coll","$85,000 to $99,999","ampride","antiest","trustgov","demsatis","radchange","SD",2,1,2,4,"11/23/2024 20:40"
6352,"ctrl",6.5,2,1,1,7,7,6.83333333333333,"freedom of speech","speak out against unlawful persecution.
right to pursue your religious beliefs
equal justice for all",0,"freedom of speech","unlawful persecution","all created equal","pursuit of liberty","bear arms",7,7,7,5,"vote","trump",NA,7,5,3,"female",79,"white/non-hisp","bachelors","$75,000 to $84,999","ampride","trustgov","demsatis","antiest","radchange","TN",1,5,3,6,"11/19/2024 20:20"
6354,"kept",3.5,2,4,4,5,4,4.16666666666667,"For everyone to be sociable","What I mean by that is neighbors and general people who have social parties tends to make everyone feel comfortable",0,"The means of common Sense","For everyone to have integrity","For everyone to be sociable","For people to not be scared to go outside of their house","Last but not least honesty",3,3,3,5,"vote","trump",NA,6,5,3,"female",28,"white/non-hisp","less HS","$5,000 to $9,999","trustgov","ampride","antiest","demsatis","radchange","MO",11,1,2,4,"11/20/2024 12:09"
6356,"kept",6.75,5,2,2,7,6,6.58333333333333,"Protect","Protect our citizens by hiring police officers and emergency response personnel and nurses and doctors and teachers and attorneys.  Having an inclusive environment where everyone who is prepared will be given the opportunity to apply",0,"Protect","Serve","Values","Caring","Love",6,7,7,7,"vote","trump",NA,7,5,3,"male",61,"hisp","some coll","$100,000 to $124,999","demsatis","ampride","antiest","radchange","trustgov","FL",2,1,3,5,"11/20/2024 16:43"
6362,"kept",4,5,4,4,6,4,4.66666666666667,"equility","all citizens are suppsed to be eaqual   all should be allowed to follow their beliefs have government for and by the people",0,"value of libery","individualism","equility","unity","self government",4,4,4,4,"vote","harris",NA,2,1,4,"female",67,"white/non-hisp","HS","$85,000 to $99,999","trustgov","radchange","demsatis","antiest","ampride","WI",2,1,2,3,"11/19/2024 16:28"
6364,"brkn",4.75,4,4,6,5,4,4.58333333333333,"hardwork","Hardwork is the foundation of anyone's success.  Hardwork can help anyone to achieve their dreams in America.",0,"integrity","moral","honesty","hardwork","enthic",5,5,5,4,"vote","harris",NA,4,3,4,"male",48,"white/non-hisp","some coll","$125,000 to $149,999","radchange","ampride","trustgov","demsatis","antiest","OK",10,1,3,7,"11/20/2024 19:12"
6368,"ctrl",6.25,4,1,1,7,7,6.75,"Finance","Lower prices in general, money wise food, gas insurance products, housing, better paid jobs. Stabilities in elderly",0,"Finance","Moral","Trust","Stability","Peace",6,6,6,7,"vote","trump",NA,6,5,4,"female",64,"hisp","some coll","$85,000 to $99,999","radchange","trustgov","demsatis","ampride","antiest","FL",2,6,3,5,"11/19/2024 20:53"
6370,"brkn",6.25,5,4,4,7,4,5.75,"Freedom","The native Americans are being pushed out of the country and they are the owners of this country and deserve freedom more than all of us",0,"Freedom","Liberty","Democracy","Equality","Opportunity",7,7,7,4,"no vote",NA,NA,2,1,3,"female",24,"hisp","less HS","$75,000 to $84,999","demsatis","ampride","trustgov","antiest","radchange","CA",2,1,4,9,"11/22/2024 21:31"
6373,"brkn",5.75,4,4,4,6,4,5.25,"Equality","The U.S. often falls short of its promise of equality due to systemic issues such as racial and economic disparities",0,"Freedom","Equality","Democracy","Justice","Opportunity",7,7,2,7,"vote","trump",NA,2,1,3,"female",51,"asian/non-hisp","some coll","$200,000 or more","ampride","radchange","antiest","demsatis","trustgov","MD",6,7,3,5,"11/23/2024 18:25"
6378,"kept",4.5,3,3,5,3,5,4.16666666666667,"Freedom","Overall, I think our laws allow for the freedom to do the things you want, as long as it doesn't infringe or harm others.",0,"Freedom","Equality","Ingenuity","Independence","Hard-working",5,5,3,5,"vote","harris",NA,2,1,3,"male",44,"white/non-hisp","bachelors","$85,000 to $99,999","antiest","trustgov","radchange","ampride","demsatis","MN",9,1,2,4,"11/19/2024 17:02"
6380,"brkn",5.25,1,3,3,3,5,4.41666666666667,"Democracy","Religion has been brought into democracy. Religious political leaders are making choices for the people, when the US is more than just Christian. We are a melting pot of religions, cultures, and races.",0,"Equality","Self reliance","Individualism","Democracy","Competition",6,5,5,5,"vote","harris",NA,1,1,1,"male",30,"hisp","bachelors","$125,000 to $149,999","antiest","ampride","demsatis","radchange","trustgov","MO",11,4,2,4,"11/20/2024 14:10"
6387,"ctrl",7,1,2,1,7,6,6.66666666666667,"Freedom","Unrestricted self determinence in order to provide individuals and communities with a life that they choose. Without choice freedom does not exist.",0,"Representation","Forward thinking/evolution","Independence","Integrity","Freedom",7,7,7,7,"vote","other","Claudia De la Cruz; Party for Socialism and Liberation",3,2,1,"female",29,"white/non-hisp","masters","$60,000 to $74,999","ampride","trustgov","radchange","demsatis","antiest","MN",9,2,2,4,"11/19/2024 18:48"
6398,"brkn",5.5,2,2,1,6,6,5.83333333333333,"Freedom","European came to this country to get freedom from the monarchy in their home country.  However, they did not believe that people of color specifically Black people deserved this same freedom.  This country continues to systematically discriminate against Black people and other people of color.",0,"Liberty","Freedom","pursuit of happiness","Justice","equal opportunity",5,7,6,4,"vote","harris",NA,1,1,3,"female",54,"black/non-hisp","bachelors","$200,000 or more","demsatis","trustgov","ampride","antiest","radchange","CA",2,1,4,9,"11/19/2024 16:52"
6399,"brkn",7,3,2,1,7,6,6.66666666666667,"Freedom","Judgements on handicaps.  We don't make our own decisions they are influenced by others.  It makes an unfaiir system.  One written based on christianity based only on a promise of heaven.  We let riches guide us based on having eternity. It flaws us makes us step on One another.",0,"Freedom","justice","Working your way to the top","Perfection","Half truths",7,7,7,7,"no vote",NA,NA,3,2,1,"male",50,"white/non-hisp","some coll","under $5,000","trustgov","radchange","antiest","demsatis","ampride","CA",13,6,4,9,"11/27/2024 19:24"
6402,"brkn",6,4,2,5,7,6,6.33333333333333,"Protect all citizens","The leaders of FEMA have overlooked Trump homes during the hurricanes.  The Pres and VP have taken money from FEMA and used it for the Green New Deal.  The immigrants have been given hotel rooms and gift cards and our homeless are left to die.",0,"Honesty","Fairness","Protect all citizens","freedom of religion","Defend weak countries",6,6,6,6,"vote","trump",NA,7,5,4,"female",76,"white/non-hisp","some coll","$50,000 to $59,999","trustgov","radchange","ampride","antiest","demsatis","OH",2,5,2,3,"11/20/2024 9:09"
6405,"ctrl",5,1,4,2,5,4,4.66666666666667,"Freedom","The ability to make your own choices as long as it doesn't impact the ability of someone else to make their own choices",0,"Equality","Freedom","Liberty","Independence","Respect",6,5,5,4,"vote","harris",NA,2,1,1,"male",30,"white/non-hisp","bachelors","$100,000 to $124,999","trustgov","antiest","ampride","demsatis","radchange","KY",11,1,3,6,"11/25/2024 21:10"
6407,"ctrl",6.25,5,2,2,3,6,5.08333333333333,"Patriotism","Loving your Country, and your country loving you back. Taking pride in knowing that the United States is still the best country in the world.",0,"Family","Pride","Work ethic","Patriotism","Capitalism",6,7,6,6,"vote","trump",NA,5,4,3,"male",49,"hisp","some coll","$60,000 to $74,999","demsatis","ampride","antiest","trustgov","radchange","FL",2,1,3,5,"11/19/2024 23:16"
6413,"ctrl",3.25,5,4,6,2,4,3.08333333333333,"basic human rights","The right to live your life as you please within the limits of laws passed by the people. The right to read, say of discuss any subject.",0,"In god we trust","equality","basic human rights","freedom of speach","Equal opportunity",2,3,5,3,"vote","harris",NA,6,5,4,"female",69,"white/non-hisp","some coll","$25,000 to $29,999","demsatis","radchange","antiest","trustgov","ampride","IL",12,1,2,3,"11/19/2024 17:29"
6419,"brkn",4,3,4,4,5,4,4.33333333333333,"Money","They are not keeping there promise when they say that they will make the rich pay more in taxes.",0,"Money","Peace","Freedom","Family","Happiness",4,4,4,4,"vote","trump",NA,4,3,3,"male",25,"white/non-hisp","some coll","$100,000 to $124,999","radchange","demsatis","antiest","ampride","trustgov","MI",11,1,2,3,"11/21/2024 10:48"
6425,"ctrl",4.75,5,2,5,5,6,5.25,"helping people","when distaster strikes we help people rebuild , feed and cloth people the hunger and homeless and we help not only or own but lots of other countries",0,"freedom off choice","helping people","freedom of speach","free to chose","98",5,5,5,4,"vote","harris",NA,2,1,4,"female",84,"white/non-hisp","some coll","$25,000 to $29,999","trustgov","ampride","antiest","radchange","demsatis","CA",1,5,4,9,"11/19/2024 18:27"
6427,"ctrl",6,4,1,2,2,7,5,"Freedom","The right to free speech, right to protect or Freedoms. Democracy, the right to vote in a free election in a fair manner. The rule of Law must apply to all or we don't have Freedom.",0,"Freedom","Laws","Religious beliefs","Choice","Democracy",6,6,6,6,"vote","harris",NA,5,4,3,"male",62,"white/non-hisp","some coll","$100,000 to $124,999","ampride","demsatis","trustgov","radchange","antiest","WI",12,5,2,3,"11/19/2024 17:05"
6429,"brkn",3.5,4,4,1,4,4,3.83333333333333,"Living in freedom","Racism, book banning, roe vs wade overturned, dumb people elected in politics ruining some Americans lives by passing laws punishing them for just being themselves.",0,"Living in freedom","Not living in fear","Hard workers","Moral values","Family",4,6,2,2,"vote","harris",NA,1,1,3,"male",58,"hisp","some coll","$200,000 or more","ampride","radchange","demsatis","antiest","trustgov","SC",11,1,3,5,"11/19/2024 19:06"
6446,"brkn",7,4,1,1,7,7,7,"Justice","Too many criminals on the streets these days, not doing time and getting a slap on the wrist. If you kill someone you shouldn’t get parole. Not sure what is going on in this world with criminals walking our streets committing crimes over and over again until they actually kill someone. Too many guns on the streets in the wrong hands. Some Americans behaving badly. Need to get a grip on the crime 
It’s sad",0,"Freedom","Justice","Patriotism","American dream","Equality",7,7,7,7,"vote","trump",NA,6,5,3,"female",59,"white/non-hisp","HS","$60,000 to $74,999","radchange","demsatis","ampride","antiest","trustgov","IL",2,1,2,3,"11/21/2024 21:02"
6447,"kept",4.25,NA,2,3,NA,6,5.125,"Economy","Lowering the cost of gas, bringing in better educations. More jobs are available to people with under age child",0,"Belief","Religion","Trust","Economy","American people",4,3,6,4,"no vote",NA,NA,1,1,3,"male",19,"black/non-hisp","HS","$30,000 to $34,999","antiest","demsatis","trustgov","radchange","ampride","MS",12,1,3,6,"11/20/2024 6:40"
6448,"brkn",5.5,4,2,4,4,6,5.16666666666667,"Freedom","Free to choose your life choices ( within means)
Choose where to live, where to work, clothes, education",0,"Freedom","Religion choice","Voting","Wealth","Family",5,6,6,5,"vote","trump",NA,6,5,4,"female",34,"white/non-hisp","some coll","$30,000 to $34,999","ampride","radchange","trustgov","antiest","demsatis","CA",1,1,4,9,"11/20/2024 11:20"
6455,"brkn",3.5,4,4,5,5,4,4.16666666666667,"Freedom for all","Women still do not have the same opportunities as men. Those who believe in God are being shut out of governmental opportunities. People of color are still being discriminated against.",0,"Patriotism","Good morals","Independence","Freedom for all","God",3,5,3,3,"vote","trump",NA,7,5,5,"female",63,"white/non-hisp","masters","$125,000 to $149,999","trustgov","ampride","demsatis","radchange","antiest","NM",1,5,4,8,"12/1/2024 7:43"
6460,"brkn",6,2,2,2,6,6,6,"Money","The main concern for politicians is airways money. They don't actually care about people or the economy. They're concerned about their own pockets.",0,"Independence","Democracy","Religion","Money","Power",6,6,6,6,"vote","harris",NA,1,1,2,"female",34,"white/non-hisp","bachelors","$60,000 to $74,999","antiest","demsatis","radchange","trustgov","ampride","CA",9,1,4,9,"11/25/2024 6:16"
6481,"ctrl",5.5,2,1,4,3,7,5.16666666666667,"Freedom of speach","The ability to speak your mind without persecution, the freedom to broadcast    your views as long as they don't interfere with the freedoms afforded others",0,"Freedom of speach","Freedom to bear arms","Freedom to pursue happiness","Freedom of religion","I dont know",5,7,3,7,"vote","trump",NA,4,3,3,"male",54,"white/non-hisp","some coll","$200,000 or more","radchange","trustgov","demsatis","ampride","antiest","MI",1,2,2,3,"11/20/2024 11:45"
6487,"ctrl",4.25,4,4,6,3,4,3.75,"All created equal","everyone has the same  rights and opportunities. All citizens have the right to participate in their government.",0,"Right to vote","Freedom of Religion","Free Speech","All created equal","Pursuit of happiness",2,6,4,5,"vote","trump",NA,7,5,3,"male",76,"white/non-hisp","some coll","$100,000 to $124,999","demsatis","antiest","trustgov","ampride","radchange","CA",1,5,4,9,"11/19/2024 15:06"
6489,"ctrl",4,5,3,6,3,5,4,"Democracy","A government that is elected by the people and acts in line with the sentiments of its constituents. In this democracy there are checks and balances so no one person or branch of government has all the power.",0,"Freedom","Equality","Democracy","Capitalism","Religious Freedom",3,5,3,5,"vote","trump",NA,5,4,3,"male",35,"white/non-hisp","some coll","$100,000 to $124,999","antiest","ampride","demsatis","radchange","trustgov","CO",2,1,4,8,"11/28/2024 20:05"
6493,"brkn",5,5,2,2,6,6,5.66666666666667,"The Democratic Process","It is currently. I am afraid that the newly elected will take away rights like the ability of a woman to decide about her own body and about equal rights for all people in america.",0,"Freedom of Speech","Freedom to Marry who you love","Respect of all lifestyles","Right For Women to protect their body.","The Democratic Process",6,5,4,5,"vote","harris",NA,1,1,3,"female",73,"white/non-hisp","masters","$85,000 to $99,999","antiest","demsatis","ampride","radchange","trustgov","PA",12,5,1,2,"11/19/2024 20:35"
6503,"brkn",7,1,1,6,2,7,5.33333333333333,"Freedom of speech","Unfortunately, I do know how to answer this because I do believe we have freedom of speech. Freedom of speech means we can save almost whatever we want without consequences from the government. It's true we can't say things that may harm someone, but I don't believe that should be protected.",0,"Freedom of speech","Freedom of religion","Democratic government - right to vote","To be treated as equals","Right to judicial review",7,7,7,7,"vote","harris",NA,1,1,1,"female",37,"hisp","bachelors","$60,000 to $74,999","radchange","ampride","antiest","demsatis","trustgov","CA",9,4,4,9,"11/19/2024 21:09"
6506,"brkn",4.5,4,3,3,3,5,4.16666666666667,"Opportunity for freedom","Discrimination based on color or religious beliefs. 
Threats of deportation to people that may not appear to natural born citizens",0,"Opportunity to thrive","Opportunity to live","Opportunity to make money","Opportunity for freedom","Opportunity for equality",5,5,4,4,"vote","harris",NA,7,5,4,"male",59,"black/non-hisp","bachelors","$175,000 to $199,999","antiest","demsatis","ampride","radchange","trustgov","TX",1,1,3,7,"11/20/2024 9:56"
6508,"kept",3.75,4,3,4,4,5,4.25,"Freedom","Have the ability to sleep at night knowing I am free to make choices and choose what I want.",0,"Freedom","Safety","Values","Security","Dream",4,4,3,4,"vote","trump",NA,7,5,5,"male",43,"hisp","some coll","$175,000 to $199,999","antiest","trustgov","radchange","demsatis","ampride","AZ",12,1,4,8,"11/20/2024 12:33"
6513,"kept",4.75,3,2,3,6,6,5.58333333333333,"Freedom","It really is not living up do it.  The government made us take a Covid shot.  That is not freedom.  The movement talks about my body, my choice, yet there was no choice when it came to the scare shot!",0,"Freedom","Freedom of Speach","Right to Bear Arms","Equaity","Womens Rights",2,5,7,5,"vote","trump",NA,6,5,3,"female",62,"white/non-hisp","HS","$60,000 to $74,999","ampride","radchange","demsatis","trustgov","antiest","FL",2,2,3,5,"11/20/2024 11:58"
6515,"ctrl",6,4,2,4,5,6,5.66666666666667,"Freedom of speech","The right to express yourself without interference from the government. But doesn't pertain to individuals or organizations.",0,"Freedom of speech","Freedom of religion","Freedom of press","Freedom of assembly","Freedom of cruel and unusual punishment",7,6,4,7,"no vote",NA,NA,4,3,2,"female",19,"hisp","less HS","$20,000 to $24,999","demsatis","trustgov","radchange","antiest","ampride","GA",1,1,3,5,"11/30/2024 7:07"
6518,"brkn",4.5,5,2,5,5,6,5.16666666666667,"One nation under GOD","We are not doing as well with this as we did when our country was young. Our founders build our country with this as the basis but much of our nation has pulled away from this. Taking God out of many things. I believe this nations blessing all these years are from God.",0,"Freedom to worship","One nation under GOD","Freedom of speech","The ability to do well and support your family if you work at it","Freedoms other countries are not blessed with",3,5,5,5,"vote","trump",NA,6,5,4,"female",66,"white/non-hisp","some coll","$60,000 to $74,999","trustgov","antiest","demsatis","ampride","radchange","DE",12,5,3,5,"11/19/2024 23:13"
6522,"ctrl",6.5,4,4,2,2,4,4.16666666666667,"freedom of speech","Right to voice your opinion without fear of arrest or government reprisals against you or your family.",0,"freedom of speech","innocent until proven guilty","right to vote","freedom of choice","land of opportunity",5,7,7,7,"vote","harris",NA,2,1,3,"female",55,"white/non-hisp","bachelors","$100,000 to $124,999","antiest","demsatis","radchange","ampride","trustgov","IL",2,1,2,3,"11/19/2024 17:36"
6523,"brkn",4.75,4,4,5,5,4,4.58333333333333,"Courage","Censorship of free speech. Wasting money. Not standing up to foreign leaders. Lying to citizens. Media coverage is false",0,"Courage","Hope","Honesty","Industrious","Patriotic",6,5,5,3,"vote","trump",NA,6,5,4,"female",53,"white/non-hisp","some coll","$85,000 to $99,999","radchange","ampride","trustgov","demsatis","antiest","WA",1,4,4,9,"11/19/2024 19:05"
6527,"ctrl",4.5,4,5,1,5,3,4.16666666666667,"God","The creator of life . Our infinite father. The one in charge of creating and destroying our entire being",0,"God","Family","Justice","Peace","Freedom",5,3,5,5,"no vote",NA,NA,6,5,3,"female",40,"white/non-hisp","bachelors","$100,000 to $124,999","antiest","ampride","trustgov","demsatis","radchange","WV",12,6,3,5,"11/20/2024 8:57"
6530,"kept",4.75,3,NA,5,6,NA,5.375,"How would people feel","If they are keeping their promises an stick to them . People would be happyIn real life their is no guarantee to what's been promosed",0,"What they want","How it will effect them","How would people feel","Make it easier for elders","Raise benefits for ssi",4,5,6,4,"no vote",NA,NA,4,3,4,"female",62,"hisp","some coll","$50,000 to $59,999","radchange","ampride","demsatis","trustgov","antiest","TN",12,4,3,6,"11/22/2024 13:37"
6537,"ctrl",4.5,4,3,3,5,5,4.83333333333333,"Freedom","The ability of you to do what you can do respecting the right and obligation of each other no matter race, gender, color or preference.",0,"Democracy","Freedom","Rule of Law","Constitution","Pursuit of Happiness",6,4,5,3,"vote","harris",NA,6,5,3,"male",60,"hisp","some coll","$35,000 to $39,999","antiest","ampride","radchange","trustgov","demsatis","FL",13,1,3,5,"11/20/2024 20:14"
6548,"kept",5,2,3,5,3,5,4.33333333333333,"Democracy","The U.S is living up to the promise because we still hold elections and receive the votes for elected officials. We also have freedoms of speech where we voice our opinions this contributes to democracy",0,"Freedom","Equality","Democracy","Justice","Progress",5,5,5,5,"no vote",NA,NA,5,4,3,"female",26,"hisp","bachelors","$40,000 to $49,999","demsatis","trustgov","radchange","ampride","antiest","GA",11,1,3,5,"11/21/2024 23:26"
6555,"kept",4,4,4,4,4,4,4,"Freedom to vote","The only freedom is which side you stand for in the race. Who you stand for no matter how wrong they may be.",0,"Freedom to speak","Freedom to be yourself","Freedom to bare arms","Love your neighbor","Freedom to vote",5,4,4,3,"no vote",NA,NA,1,1,1,"female",53,"black/non-hisp","some coll","$10,000 to $14,999","trustgov","radchange","ampride","demsatis","antiest","IN",12,6,2,3,"11/19/2024 17:24"
6558,"brkn",7,2,2,3,7,6,6.66666666666667,"Freedom","We are not allowing women to make decisions about their own bodies.  We are not allowing immigrants to seek a new life here.",0,"Freedom","Safety","Financial Independence","Prosperity","Collectiveness",7,7,7,7,"vote","harris",NA,1,1,1,"female",41,"white/non-hisp","masters","$125,000 to $149,999","trustgov","antiest","demsatis","ampride","radchange","FL",12,1,3,5,"11/20/2024 7:53"
6564,"ctrl",3.5,5,5,6,5,3,3.83333333333333,"Pursuit of happiness","To be able to choose where you live, where you can go, who you want to be with, how you want to make that happen without hurting anyone else",0,"Freedom from tyranny","Pursuit of happiness","Choice of religious preference","Right to vote","Ability to earn a living",5,3,3,3,NA,NA,NA,1,1,1,"female",72,"white/non-hisp","bachelors","$200,000 or more","ampride","trustgov","antiest","demsatis","radchange","NV",1,5,4,8,"11/19/2024 17:50"
6568,"brkn",3.75,3,7,7,4,1,2.91666666666667,"freedom","Immigration reform. Migrants and illegal aliens not afforded the opportunity to become citizens because of where they are from.",0,"Structure","freedom","Peace","98","98",4,4,4,3,"no vote",NA,NA,5,4,5,"male",19,"black/non-hisp","less HS","$50,000 to $59,999","trustgov","demsatis","ampride","radchange","antiest","TX",11,1,3,7,"11/20/2024 13:35"
6570,"brkn",5.75,3,5,6,6,3,4.91666666666667,"Independence","The promise of Independence is being withheld from the American people by the inability to often times afford basic essentials and rent for many citizens. To be truly Independent, the US wants Americans to work hard and pay their bills on time yet when Americans are not paid a fair wage or inflation keeps things from being affordable, the ability to be truly Independent becomes harder to obtain. So many younger generations are still living with their parents because of cost of living rises, making the promise of Independence unfortunately far reaching at best.",0,"Freedom","Liberty","Justice","Unity","Independence",6,7,7,3,"vote","harris",NA,2,1,2,"female",30,"white/non-hisp","masters","$35,000 to $39,999","radchange","antiest","trustgov","demsatis","ampride","MN",10,4,2,4,"11/22/2024 0:05"
6571,"brkn",4.25,3,4,4,5,4,4.41666666666667,"Land of the free","It's just that so much goes on and social media is also one of the problems that blow up small things and make them seem bigger that what they are.",0,"Freedom","Land of the free","Justice","Leader","Country",5,4,4,4,"no vote",NA,NA,2,1,3,"male",40,"hisp","some coll","$25,000 to $29,999","demsatis","trustgov","ampride","radchange","antiest","CA",12,6,4,9,"11/20/2024 13:09"
6575,"kept",4.75,2,3,3,3,5,4.25,"Equality","All citizens may participate by voting.  Public education is available for all young people.  All citizens in good standings may run for office.",0,"Freedom","Equality","Opportunity","Democracy","Fair government representation",6,5,5,3,"vote","harris",NA,1,1,3,"female",63,"white/non-hisp","some coll","$125,000 to $149,999","trustgov","antiest","ampride","radchange","demsatis","CA",10,1,4,9,"11/19/2024 16:35"
6581,"kept",6,4,2,1,6,6,6,"Security","Its not living up to it. People are not being held accountable for actions. When crimes are committed they are being let off more and more.",0,"Freedom","Security","Right to bear arms","Rule of law","Oppertunities",6,6,6,6,"vote","harris",NA,5,4,3,"male",53,"white/non-hisp","some coll","$100,000 to $124,999","demsatis","ampride","trustgov","antiest","radchange","MN",12,1,2,4,"11/20/2024 7:00"
6584,"kept",5,3,1,4,5,7,5.66666666666667,"Freedom","The United States bill of rights guarantees freedom of speech. Right to bare arms. Freedom of religion. 
 Limits the governments power",0,"Equality","Freedom","Self determination","Free speech","Right to bare arms",4,5,4,7,"vote","trump",NA,6,5,3,"male",54,"white/non-hisp","some coll","$60,000 to $74,999","ampride","trustgov","radchange","antiest","demsatis","MI",9,6,2,3,"11/19/2024 18:28"
6591,"ctrl",5.25,5,1,1,5,7,5.75,"Freedom","To allow US citizens the freedom of free speech, safety from foreign citizens and governments, To choose the education and career of your choice. The right to not live with a dictatorship from the corrupt government and to be protected. For the government to govern for the best interest of the American citizens and not the financial benefit of politicians.",0,"Freedom","Justice","Safety","Freedom of speech","Democracy",6,5,4,6,"vote","trump",NA,7,5,4,"male",64,"white/non-hisp","some coll","$85,000 to $99,999","ampride","trustgov","demsatis","antiest","radchange","FL",1,5,3,5,"11/20/2024 16:59"
6594,"kept",6.5,3,2,1,2,6,4.83333333333333,"Democracy","I feel that in recent years democracy for all has been degraded. The US has become entrenched in taking sides. US born vs immigrants, people or color vs white people. I sense a loss of democracy in the past several years. The rich are becoming richer and the poor are staying poor. The rich are able to influence politics for their greater good.",0,"Democracy","Freedom","Integrity","Equal Rights","Decency",7,7,6,6,"vote","harris",NA,1,1,3,"female",63,"white/non-hisp","masters","$200,000 or more","antiest","ampride","radchange","trustgov","demsatis","MN",2,1,2,4,"11/20/2024 11:36"
6595,"brkn",5.5,2,4,4,5,4,4.83333333333333,"Freedom","They are trying to tell women what they can and can't do with their bodies. They're trying to tell us which cars we can drive.",0,"Freedom","Acceptance","Diversity","Equality","Justice",6,6,6,4,"vote","harris",NA,2,1,4,"female",36,"white/non-hisp","HS","$60,000 to $74,999","trustgov","demsatis","ampride","antiest","radchange","OH",12,1,2,3,"11/20/2024 8:43"
6599,"kept",4.5,4,3,3,5,5,4.83333333333333,"equality","by continuing  to  combat the fight  against  racism in  the workplace  and in education  to   protect the rights of all people",0,"equality","freedom","justice","culture","integrity",5,5,5,3,"no vote",NA,NA,2,1,3,"male",51,"black/non-hisp","some coll","$85,000 to $99,999","radchange","ampride","antiest","trustgov","demsatis","OH",11,1,2,3,"11/26/2024 12:05"
6604,"brkn",7,5,2,1,7,6,6.66666666666667,"Freedom","Letting illegal in to damage proptery and people. Not listening to what the people want. Not believing in the people.",0,"Trust","Freedom","Loyalty","Honor","Protection",7,7,7,7,"vote","trump",NA,7,5,3,"female",67,"white/non-hisp","some coll","$35,000 to $39,999","demsatis","antiest","trustgov","radchange","ampride","MI",2,1,2,3,"11/22/2024 12:31"
6612,"ctrl",7,5,2,2,6,6,6.33333333333333,"Liberty","The belief in individual freedom including freedom of speech, religion and personal choice and described in the constitution and bill of rights",0,"Liberty","Equality","Democracy","Justice","Opportunity",7,7,7,7,"vote",NA,NA,2,1,4,"female",37,"hisp","some coll","$50,000 to $59,999","radchange","ampride","antiest","demsatis","trustgov","CA",12,1,4,9,"11/22/2024 6:09"
6615,"ctrl",5.75,5,2,5,2,6,4.58333333333333,"Individual freedom","The freedom for each person to, within reason & in following applicable laws, live their life as they see fit.",0,"Individual freedom","Economic promise","Equality opportunity","Equal standing","Common defense",5,6,6,6,"vote","trump",NA,5,4,3,"male",48,"white/non-hisp","masters","$150,000 to $174,999","ampride","demsatis","radchange","trustgov","antiest","TN",12,1,3,6,"11/19/2024 20:40"
6616,"ctrl",3.25,3,5,5,4,3,3.41666666666667,"Freedom","Freedom is more than a concept; its a lifestyle that means being able to do what you want, when you want to. American ideals revolve and are central to the idea of freedom.",0,"Loyalty","Liberty","Freedom","Equality","Expression",3,3,2,5,"no vote",NA,NA,5,4,3,"male",20,"hisp","some coll","$200,000 or more","radchange","ampride","antiest","demsatis","trustgov","TX",2,1,3,7,"11/24/2024 11:44"
6629,"ctrl",4.75,4,4,6,6,4,4.91666666666667,"Respect","Everyone is equal in the world. No judgement or thinking anyone is better  person than the other. We live in the USA.",0,"Freedom","Respect","Independent","Honesty","Trust",7,5,4,3,"vote","harris",NA,1,1,2,"male",49,"hisp","masters","$100,000 to $124,999","ampride","antiest","demsatis","trustgov","radchange","TX",11,1,3,7,"11/22/2024 8:36"
6636,"ctrl",6.25,3,3,3,7,5,6.08333333333333,"Safety","Protection against crimes. Laws and sanitary standards set to protect us against illness. Laws set to protect our children.",0,"Safety","Protection","Health","Jobs","Shelter",7,6,7,5,"no vote",NA,NA,6,5,3,"female",24,"white/non-hisp","some coll","$25,000 to $29,999","radchange","ampride","trustgov","demsatis","antiest","CA",12,4,4,9,"11/19/2024 19:30"
6649,"brkn",5.25,3,1,2,6,7,6.08333333333333,"God","Took God out of the schools.  Constantly mocking Christians and their faith.  Mocking Jesus and we are told it’s free speech.  Total BS.",0,"God","Family","Freedom","Opportunity","Capitalism",3,5,6,7,"vote","trump",NA,5,4,4,"female",62,"white/non-hisp","some coll","$60,000 to $74,999","ampride","demsatis","antiest","trustgov","radchange","NJ",2,1,1,2,"11/20/2024 9:12"
6654,"kept",6.25,5,1,3,6,7,6.41666666666667,"Freedom","The freedom of choice and voting.allowed to pretty much what ever you want within the limit of the law.",0,"Freedom","Religion","Voting","Guns","Policies",7,6,6,6,"no vote",NA,NA,6,5,3,"male",59,"white/non-hisp","less HS","$100,000 to $124,999","radchange","trustgov","antiest","ampride","demsatis","NY",1,6,1,2,"11/19/2024 18:05"
6661,"brkn",6.25,4,4,4,4,4,4.75,"Democracy","The Senate and the House of Representatives are not carrying out the will of the people the elected officials seem to be carrying out their own interest and stood the interest of the constituents",0,"Liberty","Justice","The right to bear arms","Happiness","Democracy",6,7,7,5,"vote","harris",NA,2,1,3,"male",74,"black/non-hisp","some coll","$10,000 to $14,999","antiest","trustgov","demsatis","radchange","ampride","CA",1,5,4,9,"11/20/2024 13:46"
6663,"brkn",1.5,5,3,6,2,5,2.83333333333333,"Freedom","The government is limiting our freedoms and opportunities in this country.  We do not have all of the freedoms that were promised in the constitution.",0,"Freedom","Opportunity","Freedom of religion","The American dream","Independence",1,1,1,3,"vote","trump",NA,7,5,5,"male",46,"white/non-hisp","bachelors","$150,000 to $174,999","antiest","ampride","radchange","trustgov","demsatis","CA",3,1,4,9,"11/19/2024 16:20"
6665,"ctrl",4,5,4,6,2,4,3.33333333333333,"democracy","A government for the people and by the people, with free and fair elections and a balance of power between the three branches of government.  The people chose their government representatives> each person has one vote with no one vote being more important than others",0,"freedom","democracy","opportunity","diversity","equality",5,3,3,5,"vote","harris",NA,3,2,2,"male",62,"white/non-hisp","bachelors","$125,000 to $149,999","demsatis","antiest","radchange","ampride","trustgov","MN",2,1,2,4,"11/21/2024 10:19"
6670,"brkn",2.25,5,7,7,2,1,1.75,"freedom","I think that the United States of America is so far living uptp its promise of freedom of expression, travel, religion.",0,"freedom","law","justice","equality","dream",2,3,2,2,"vote",NA,NA,4,3,3,"male",70,"asian/non-hisp","masters","$50,000 to $59,999","demsatis","ampride","trustgov","radchange","antiest","WI",8,5,2,3,"11/19/2024 17:49"
6671,"brkn",4,3,4,2,6,4,4.66666666666667,"Democracy","We have a large population without shelter, yet we sent billions of dollars to other countries to assist them.  Our groceries and goods are extremely expensive, yet our taxes continue to rise.",0,"Justice","Freedom","Equalty","Democracy","Religion",5,5,3,3,"vote","other","none of the above",5,4,3,"male",66,"multi/non-hisp","some coll","$85,000 to $99,999","trustgov","antiest","demsatis","ampride","radchange","MO",1,7,2,4,"11/20/2024 10:32"
6673,"brkn",4.5,4,4,3,7,4,5.16666666666667,"Dedication","Not taking care if the homeless and the middle class like student loans home loans and property taxes",0,"Peace","Love","Equality","Honesty","Dedication",5,5,5,3,"vote","harris",NA,2,1,3,"male",50,"black/non-hisp","HS","$10,000 to $14,999","ampride","antiest","trustgov","demsatis","radchange","IL",12,1,2,3,"11/20/2024 13:26"
6677,"ctrl",4.75,3,5,6,3,3,3.58333333333333,"Respect","respect is very important. That respect no one or business can grow. From a very young age you’re taught about respect.",0,"Honesty","Loyalty","Respect","Compassion","Temprance",4,4,6,5,"no vote",NA,NA,3,2,3,"male",34,"hisp","bachelors","$75,000 to $84,999","trustgov","ampride","antiest","radchange","demsatis","MA",11,1,1,1,"11/20/2024 6:52"
6682,"kept",6,1,1,5,3,7,5.33333333333333,"Freedom of Religion","The typical separation of church and state and freedom to practice religion as long as it does not hurt other people",0,"Freedom of Religion","Freedom of Speech","Right to fair trial","No unreasonable searches","Right to Bear Arms",5,7,5,7,"vote","harris",NA,4,3,3,"male",30,"hisp","masters","$60,000 to $74,999","demsatis","trustgov","ampride","radchange","antiest","NE",12,1,2,4,"11/24/2024 13:07"
6684,"brkn",5.75,2,3,3,5,5,5.25,"Freedom to petition the government","The government has come up with a lot of loopholes to make sure only certain people’s voices get heard and listened to.",0,"Freedom of speech","Freedom of religion","Freedom of press","Freedom of assembly","Freedom to petition the government",6,6,6,5,"vote","harris",NA,2,1,2,"female",32,"white/non-hisp","bachelors","$35,000 to $39,999","antiest","demsatis","trustgov","ampride","radchange","FL",1,1,3,5,"11/19/2024 20:16"
6694,"kept",5.5,5,2,1,6,6,5.83333333333333,"Equality","I don’t think it is.   The US promises but doesn’t deliver anymore.  America needs to look at itself.",0,"Freedom","Opportunity","Diversity","Tolerance","Equality",7,7,2,6,"vote","harris",NA,1,1,2,"male",49,"white/non-hisp","some coll","$85,000 to $99,999","trustgov","antiest","demsatis","radchange","ampride","TX",12,1,3,7,"11/19/2024 23:52"
6695,"ctrl",5.25,3,3,4,4,5,4.75,"Unity","The nation standing together.  Putting values of each other in the front.  Taking care of other peoplle.",0,"Unity","Trust","Honor","Security","Honesty",6,5,5,5,"no vote",NA,NA,6,5,1,"male",33,"white/non-hisp","less HS","$50,000 to $59,999","demsatis","ampride","radchange","antiest","trustgov","PA",1,4,1,2,"11/20/2024 16:09"
6707,"ctrl",3.25,4,3,5,4,5,4.08333333333333,"Equal Rights","Equal Rights means everyone is the same & should be treated the same.  Sex, race, religion,  does not matter.",0,"Freedom","Equal Rights","Justice for all","Representation","Democracy",3,3,3,4,"vote","trump",NA,5,4,3,"female",76,"white/non-hisp","bachelors","$150,000 to $174,999","demsatis","antiest","radchange","ampride","trustgov","TX",1,5,3,7,"11/20/2024 21:52"
6708,"ctrl",5,3,4,3,5,4,4.66666666666667,"freedom of speech","Freedom of speech is the opportunity to speak your opinions and have a voice to share your values and important matters.",0,"freedom of speech","freedom of religion","personal choices","secure nation","free enterprise",6,5,4,5,"vote","harris",NA,1,1,3,"female",55,"black/non-hisp","bachelors","$100,000 to $124,999","demsatis","ampride","antiest","radchange","trustgov","PA",1,2,1,2,"11/19/2024 18:55"
6728,"kept",4.75,5,2,4,4,6,4.91666666666667,"Freedom of religion","Free to choose to worship God.  The only way to heaven is through Jesus Christ.  I want to spend eternity with Him.",0,"Freedom of religion","Freedom of speech","Freedom to vote","Freedom to bear arms","Freedom",4,5,5,5,"vote","trump",NA,7,5,4,"female",55,"white/non-hisp","bachelors","$200,000 or more","antiest","ampride","demsatis","radchange","trustgov","TX",12,2,3,7,"11/22/2024 9:54"
6730,"kept",6,2,2,3,6,6,6,"Freedom","We are more free than any other country. We have the right to choose, to work and to love whom we please.",0,"Freedom","Speech","Liberty","Justice","Equality",6,6,6,6,"vote","harris",NA,2,1,3,"female",26,"hisp","HS","$10,000 to $14,999","antiest","trustgov","radchange","ampride","demsatis","WA",2,1,4,9,"11/25/2024 22:18"
6740,"ctrl",6,2,3,2,5,5,5.33333333333333,"Livable wages","Being able to afford food, housing, clothing, and basic needs. Being paid a livable wage while also having benefits",0,"Health","Wealth","Education","Livable wages","Safety",7,5,6,6,"vote","harris",NA,3,2,3,"female",27,"white/non-hisp","some coll","$50,000 to $59,999","radchange","demsatis","antiest","trustgov","ampride","OR",11,1,4,9,"11/20/2024 11:01"
6741,"ctrl",5,4,4,4,4,4,4.33333333333333,"Freedom of speech","The freedom to speak out against others without fear of retribution. To be able to discuss topics which effect me or others on a public forum.",0,"Freedom of speech","Right of privacy","Freedom of religion","The ability to choose my leaders","The right to protect myself",5,5,5,5,"vote","other","Kennedy",4,3,3,"female",64,"white/non-hisp","less HS","$150,000 to $174,999","trustgov","ampride","demsatis","radchange","antiest","IL",11,5,2,3,"11/19/2024 17:52"
6747,"kept",5.75,5,2,1,6,6,5.91666666666667,"Freedom","The freedom to live or achieve your American dream. The freedom to start or raise a family and vote.",0,"Freedom","Education","Equal rights","Voting","Health",6,7,7,3,"vote","harris",NA,1,1,1,"male",64,"black/non-hisp","HS","$30,000 to $34,999","radchange","trustgov","demsatis","ampride","antiest","GA",1,1,3,5,"11/19/2024 18:08"
6753,"brkn",2,5,5,6,3,3,2.66666666666667,"Freedom","I feel freedom is the ability to live comfortably without any external threats that do not originate from within, such as illegal immigration and fighting wars in other countries which contributes to Ameican instability.",0,"Equality","Diversity","Opportunity","Fairness","Freedom",2,2,2,2,"vote","trump",NA,5,4,4,"male",41,"hisp","HS","$50,000 to $59,999","antiest","trustgov","ampride","demsatis","radchange","FL",11,1,3,5,"11/19/2024 18:49"
6754,"brkn",4,4,3,2,5,5,4.66666666666667,"Freedom","Government is trying to take away some of our freedoms by making laws that take away some of our freedoms",0,"Freedom","Liberty","Justice","Honor","Kindness",3,4,3,6,"vote","trump",NA,7,5,4,"female",54,"white/non-hisp","bachelors","$100,000 to $124,999","demsatis","trustgov","radchange","antiest","ampride","FL",1,1,3,5,"11/19/2024 21:42"
6758,"ctrl",5,4,3,5,5,5,5,"Liberty","Liberty is the protection of our rights from the tyranny of government. It is protecting our freedom of speech, religion, etc.  The bill of rights.",0,"Liberty","Equality","Protect the people from government","Justice","Freedom",5,5,5,5,"vote","trump",NA,5,4,3,"male",53,"other/non-hisp","some coll","$150,000 to $174,999","ampride","radchange","antiest","demsatis","trustgov","CA",11,1,4,9,"11/22/2024 10:16"
6768,"ctrl",6,5,1,7,6,7,6.33333333333333,"Freedom","Free to move about my country without government interference. The freedom to protect those I love from harm by any means at my disposal. The freedom from government control.",0,"Freedom","Free Speech","Gun Rights","Right to work","Religious Freedom",3,7,7,7,"vote","trump",NA,7,5,4,"male",67,"white/non-hisp","HS","$100,000 to $124,999","demsatis","ampride","radchange","antiest","trustgov","PA",12,5,1,2,"11/19/2024 20:09"
6778,"brkn",3.75,5,4,4,4,4,3.91666666666667,"Loyalty","Not being true to ourselves and fair to all humans no matter age gender etc etc job skin colors nobody is loyal these days",0,"Independence","Loyalty","Equality","Freedom","Rights",4,3,4,4,"no vote",NA,NA,5,4,4,"female",31,"white/non-hisp","HS","$40,000 to $49,999","ampride","antiest","demsatis","radchange","trustgov","TX",12,1,3,7,"11/22/2024 4:50"
6782,"ctrl",4.25,3,4,3,3,4,3.75,"Liberty","The freedom to choose your life, job, place to work, to decide what you want to pursue, and how to spend your money. But all of this hedged in between respect and responsibility for others.",0,"Freedom of expression","Liberty","Responsibilities to society","Generosity to others","Diversity of cultures",6,5,4,2,"vote","harris",NA,5,4,4,"male",47,"multi/non-hisp","bachelors","$100,000 to $124,999","radchange","demsatis","ampride","antiest","trustgov","TX",1,1,3,7,"11/19/2024 17:06"
6789,"kept",3,3,2,3,6,6,5,"Respectful","There’s know respect these days due to the division. Todays trustworthy with other Americans are fractured.",0,"Honesty","Respectful","Trustworthy","family value","Good character",5,2,2,3,"vote","harris",NA,1,1,3,"male",47,"black/non-hisp","bachelors","$35,000 to $39,999","radchange","ampride","demsatis","trustgov","antiest","MA",1,3,1,1,"11/21/2024 11:13"
6791,"kept",4.75,4,4,2,5,4,4.58333333333333,"equality","All men are created equal - words right out of the Constitution. Everything else is contingent on this most basic right.",0,"freedom","equality","opportunity","respect for opposing viewpoints","materialism",6,5,4,4,"vote","harris",NA,4,3,3,"male",65,"white/non-hisp","some coll","$10,000 to $14,999","trustgov","radchange","ampride","antiest","demsatis","NH",9,5,1,1,"11/19/2024 20:32"
6806,"ctrl",5.25,5,4,5,1,4,3.41666666666667,"Freedom of speech","The right to verbally disagree with others and the right to agree. In other words, I can speak my mind without fear. Which is lost in today's world",0,"Equal opportunity","Freedom of speech","Right to bear arms","Right to religion","Right to vote",5,6,6,4,"vote","trump",NA,4,3,3,"male",63,"white/non-hisp","some coll","$150,000 to $174,999","demsatis","ampride","trustgov","antiest","radchange","AZ",10,1,4,8,"11/19/2024 17:15"
6815,"brkn",6.5,1,2,1,7,6,6.5,"Liberty","This country had literally gone to hell in a handbasket. The constitution is not being upheld in my opinion",0,"Freedom","Justice","Equality","Liberty","Honesty",7,6,6,7,"no vote",NA,NA,3,2,2,"female",29,"black/non-hisp","bachelors","$30,000 to $34,999","demsatis","antiest","trustgov","ampride","radchange","FL",11,1,3,5,"11/22/2024 7:20"
6831,"brkn",6.5,2,4,5,5,4,5.16666666666667,"Honest","Currently it is but in January, I don’t believe it will since incoming President trump can speak a word of truth.",0,"Freedom","Strength","Leadership","Trustworthy","Honest",7,7,7,5,"vote","trump",NA,5,4,4,"female",56,"white/non-hisp","some coll","$100,000 to $124,999","radchange","demsatis","ampride","antiest","trustgov","OR",2,1,4,9,"11/19/2024 19:29"
6836,"brkn",4.5,5,4,4,4,4,4.16666666666667,"Freedom","I feel we are not fostering a climate of freedom and respect of personal values.  Narratives towards those values are steered towards entitlement instead of education and examples of being considerate and treating everyone with dignity and respect.",0,"Voice of people","Separate from church","Freedom","Democracy","Equality",5,4,5,4,"vote","trump",NA,6,5,3,"male",41,"white/non-hisp","some coll","$150,000 to $174,999","ampride","radchange","antiest","trustgov","demsatis","TX",12,1,3,7,"11/19/2024 21:07"
6840,"kept",7,1,1,1,7,7,7,"Liberty","I don't really think it is. We live in a country that wants to police your own body and every other facet of our lives. You can't even build a small shed on your own property without getting permission. We push the narrative that we are the country of freedom but we can't even get our electoral college to vote in the way the people want. We don't have freedom. We don't have power. We are living in a husk of our country that is marching straight towards it's own self righteous entitled destruction.",0,"Liberty","Justice","Equality","Freedom of speech","Freedom of religion",7,7,7,7,"no vote",NA,NA,4,3,3,"female",29,"multi/non-hisp","some coll","$25,000 to $29,999","radchange","ampride","trustgov","demsatis","antiest","MI",7,1,2,3,"11/20/2024 18:38"
6848,"kept",3.5,4,4,4,4,4,3.83333333333333,"Safety","Gun control, monitoring police, stronger borders, air safety, better military better healthcare for everyone",0,"Integrity","Safety","Unity","Growth","Strength",4,3,4,3,"no vote",NA,NA,6,5,2,"female",44,"white/non-hisp","some coll","$125,000 to $149,999","demsatis","ampride","antiest","radchange","trustgov","IL",12,1,2,3,"11/20/2024 7:03"
6850,"ctrl",6.5,2,1,2,5,7,6.16666666666667,"Freedom","To have the choice or power to act and think as you want. To not be limited or restricted in those choices.",0,"Freedom","Liberty","Justice","Unsure","Unsure",7,7,6,6,"vote","trump",NA,4,3,3,"male",34,"hisp","some coll","$5,000 to $9,999","ampride","trustgov","demsatis","radchange","antiest","AZ",11,1,4,8,"12/1/2024 13:30"
6852,"brkn",3.75,4,4,4,4,4,3.91666666666667,"freedom","98",0,"freedom","honesty","openes of govertment","fairness","good morals",4,4,4,3,"vote","harris",NA,2,1,3,"male",79,"white/non-hisp","masters","$85,000 to $99,999","radchange","trustgov","ampride","antiest","demsatis","WV",2,3,3,5,"11/21/2024 12:55"
6858,"kept",3.75,5,3,6,1,5,3.25,"Free Speach","Protests are allowed
Varying opinions are allowed
Social media is not controlled by the government and the regular media is also not controlled by the government",0,"Free Speach","Freedom","Independence","Free Press","Right to Carry",2,6,4,3,"vote","harris",NA,6,5,3,"male",55,"white/non-hisp","bachelors","$200,000 or more","demsatis","radchange","ampride","trustgov","antiest","FL",2,1,3,5,"11/20/2024 22:40"
6860,"kept",5,4,4,5,6,4,5,"Free speech","Regardless of what his professed, whether it is right or wrong, factual or unfactual, even damaging or libel, we still have the right to say it out loud.",0,"Liberty and Independence","freedom of religion","Citizenship","Free speech","Pursuit of happiness",7,6,4,3,"vote","harris",NA,1,1,2,"female",54,"hisp","bachelors","$150,000 to $174,999","ampride","radchange","trustgov","demsatis","antiest","FL",11,2,3,5,"11/20/2024 13:27"
6868,"ctrl",6.5,3,3,4,7,5,6.16666666666667,"Freedom","You are free to exercise your opinions, your religious beliefs, your sexuality. I mean in a lot of ways we are not free....",0,"Freedom of speech","Freedom of choice","Freedom","Freedom","Freedom",6,7,7,6,"vote","trump",NA,5,4,3,"female",39,"white/non-hisp","some coll","$85,000 to $99,999","antiest","demsatis","ampride","trustgov","radchange","CA",12,1,4,9,"11/23/2024 14:44"
6870,"brkn",5.5,4,2,3,6,6,5.83333333333333,"To have their rights respected","Law enforcement not handling themselves within the bounds of the law. There is bias that needs to be addressed from many, not all, law enforcement.",0,"To be free to be themselevs","To have their rights respected","A place for everyone within the bounds of the law","Heard and listened to by government","Civilians safe from enemy attacks",5,5,6,6,"no vote",NA,NA,4,3,3,"female",34,"white/non-hisp","bachelors","$85,000 to $99,999","ampride","antiest","trustgov","radchange","demsatis","CA",12,1,4,9,"11/22/2024 5:10"
6872,"ctrl",5.75,2,1,3,5,7,5.91666666666667,"Freedom of choice","The ability to live where you want and do what you want. One is not tied to their future at birth for the most part.",0,"Freedom of choice","Lawful for most part","Speech freedoms","Elections by the people at most levels","Generally tries to be in the right side of history",6,5,7,5,"vote","harris",NA,1,1,3,"female",67,"white/non-hisp","bachelors","$150,000 to $174,999","antiest","demsatis","ampride","trustgov","radchange","MA",2,1,1,1,"11/19/2024 19:43"
6878,"brkn",5,4,4,2,4,4,4.33333333333333,"Independence","They are not allowing people do what they really want in a country that is deemed free. People are being monitored and watched without keeping in mind that freedom and independence are what made this country so great in the first place.",0,"Freedom","Independence","Braveness","Perseverance","Diligence",5,5,5,5,"no vote",NA,NA,5,4,2,"male",30,"hisp","some coll","$10,000 to $14,999","ampride","radchange","antiest","demsatis","trustgov","CA",5,1,4,9,"11/20/2024 19:13"
6889,"ctrl",7,1,1,1,7,7,7,"Rule of law","The rule of law means if you attempt to steal the election with fake electors you go to prison, it means if you steal hundreds of classified documents you go to prison, but nope. Rule of law no longer exists when you can appoint the judge to your own criminal trial",0,"Freedom","Liberty","Financial stability","Freedom from tryanny","Rule of law",7,7,7,7,"vote","harris",NA,1,1,1,"male",26,"hisp","some coll","$5,000 to $9,999","antiest","radchange","trustgov","ampride","demsatis","TN",11,1,3,6,"11/20/2024 5:57"
6893,"ctrl",5.5,2,3,2,6,5,5.5,"Democracy","Democracy in the United States is significant in the maintenance and protection of constitutional rights and political liberties. It allows us to participate and contribute to our nation's welfare and promote our beliefs while also adhereing to the rule of law.",0,"Democracy","Equality","Justice","Freedom","Rule of law",7,6,4,5,"no vote",NA,NA,2,1,2,"male",25,"hisp","some coll","$10,000 to $14,999","radchange","antiest","trustgov","demsatis","ampride","TX",1,1,3,7,"11/24/2024 22:55"
6899,"brkn",6.75,2,2,1,7,6,6.58333333333333,"Life and Liberty","Property is never actually owned. Taxation on multiple fronts denies the actual ownership of property. Double taxation in any form should never happen, however it continues to be unfairly enforced.",0,"Life and Liberty","Freedom","Individualism","Freedom of Press","Laissez-faire",7,7,7,6,"no vote",NA,NA,2,1,3,"male",51,"white/non-hisp","some coll","$40,000 to $49,999","demsatis","antiest","trustgov","ampride","radchange","OK",11,4,3,7,"11/23/2024 17:45"
6905,"kept",3.5,5,3,5,2,5,3.5,"freedom","Looking at what I can see in the media, I feel that I am as free as a can be in the US. I can do basically whatever I want and I would not want to live in any other country in the world.",0,"liberty","pursuit of happiness","liberty","rights","freedom",4,2,2,6,"no vote",NA,NA,6,5,4,"male",22,"white/non-hisp","some coll","$150,000 to $174,999","ampride","demsatis","antiest","radchange","trustgov","TX",9,7,3,7,"11/27/2024 22:28"
6906,"kept",5.25,2,3,3,5,5,5.08333333333333,"Freedom","I believe that freedom is shown through our democracy, everyone who is a citizen has a chance to vote, make their voice heard, organize a rally or work to get a bill passed, it's hard work, but people have the chance to get involved, and choose how the goverment is run.",0,"Freedom","Religious Freedom","Choice","The ability to work yourself into the middle/upper class","Saftey",6,5,5,5,"vote","harris",NA,2,1,1,"female",30,"hisp","bachelors","$85,000 to $99,999","antiest","trustgov","demsatis","ampride","radchange","MA",10,1,1,1,"11/19/2024 18:24"
6929,"ctrl",4.25,5,4,6,7,4,5.08333333333333,"Health insurance","It's to help individuals receive prescription medications they need and doctors to care for them. Helps also for individuals pay less for co pay.",0,"Lower taxes","Health insurance","Social security","Jobs available","Education",5,4,5,3,"vote","harris",NA,1,1,3,"female",67,"hisp","HS","$20,000 to $24,999","antiest","ampride","radchange","demsatis","trustgov","TX",2,6,3,7,"11/20/2024 11:00"
6931,"brkn",6,4,2,5,4,6,5.33333333333333,"Freedom of religion","The Protestant church is being diminished more and more. People want religious freedom but only for their religion.",0,"Freedom of religion","Freedom of speech","Integrity","Freedom for all people","Equality",6,6,6,6,"vote","trump",NA,6,5,4,"female",48,"white/non-hisp","some coll","$10,000 to $14,999","antiest","radchange","demsatis","trustgov","ampride","WV",12,6,3,5,"11/19/2024 18:42"
6940,"ctrl",4.5,5,4,5,5,4,4.5,"Freedom","Being able to pursue whatever you want. Whether it's money.. sexual liberty or the right to say whatever you want.",0,"Freedom","Liberty","Money","Justice","Free Speech",5,5,5,3,"vote","harris",NA,3,2,3,"male",19,"black/non-hisp","less HS","$60,000 to $74,999","trustgov","radchange","ampride","antiest","demsatis","TX",1,1,3,7,"11/20/2024 5:58"
6941,"brkn",3.5,4,3,5,2,5,3.5,"Equality","All people have the opportunity to be equal and shall be treated equal no matter what their race or religion.",0,"Equality","Freedom","Justice","Democracy","Liberty",5,3,3,3,"vote","trump",NA,6,5,3,"male",23,"hisp","some coll","$150,000 to $174,999","antiest","radchange","ampride","trustgov","demsatis","CA",12,1,4,9,"11/19/2024 15:32"
6945,"ctrl",5.75,5,2,5,5,6,5.58333333333333,"Accountability","An act that is responsible for your actions and decisions. Own up to your mistakes and fix the problem.",0,"Honesty","Integrity","Compassion","Accountability","Gratitude",6,6,6,5,"vote","trump",NA,6,5,5,"male",23,"white/non-hisp","some coll","$50,000 to $59,999","ampride","antiest","radchange","trustgov","demsatis","GA",1,1,3,5,"11/29/2024 19:12"
6949,"brkn",7,3,1,1,6,7,6.66666666666667,"Freedom of education and right to know when something effects you","The ability to privatize education and lack of funding to public schools. Lack of schools 0 - 12 in general.",0,"Freedom of speech","Freedom of religion and public gathering","Freedom to be anything outside of harming one's self or others","Freedom to do anything outside of hurting oneself or others","Freedom of education and right to know when something effects you",7,7,7,7,"no vote",NA,NA,6,5,2,"male",43,"black/non-hisp","HS","$25,000 to $29,999","ampride","radchange","trustgov","antiest","demsatis","NY",11,1,1,2,"11/20/2024 23:49"
6958,"ctrl",4,5,3,2,3,5,4,"Equal rights for all Americans","Every American being given the opportunity to live, survive and thrive. Each person allowed to live as they please and all have the same opportunities as all other Americans.",0,"Equal rights for all Americans","dignity for all people","respect for all people","Right to live","choice to choose",5,5,3,3,"vote","harris",NA,6,5,3,"male",62,"black/non-hisp","some coll","$60,000 to $74,999","antiest","radchange","demsatis","trustgov","ampride","NC",1,5,3,5,"11/21/2024 10:53"
6966,"ctrl",5.5,4,4,2,6,4,5.16666666666667,"Protection of Liberty","Protection of Liberty means That you are protected from unlawful or arbitrary arrest or detention. This is my belief",0,"Protect and serve","Ensure domestic tranquility","To establish justice","Provide for the common defense","Protection of Liberty",5,6,6,5,"no vote",NA,NA,4,3,3,"female",34,"white/non-hisp","HS","$5,000 to $9,999","radchange","ampride","demsatis","trustgov","antiest","SC",12,4,3,5,"11/19/2024 19:33"
6968,"brkn",3.25,3,5,5,5,3,3.75,"Prosperity","Home prices have become substantially more expensive while wages have stagnated. Combined with current interest rates, it's more difficult to be a homeowner than even just a few decades ago.",0,"Liberty","Prosperity","Equality","Freedom of speech","Self-sustainability",6,2,2,3,"no vote",NA,NA,3,2,3,"male",30,"hisp","some coll","$60,000 to $74,999","antiest","trustgov","demsatis","ampride","radchange","TX",10,1,3,7,"11/19/2024 17:38"
6970,"kept",3.75,4,4,5,3,4,3.58333333333333,"God First","Unfortunately most are not, but the people are starting to wake up and follow Jesus Christ with that society will start to change and follow the teachings in the bible.",0,"God First","Honor","Integrity at all levels both in government and personally","Anyone has the right to achieve more, if they are willing to work for it.","Freedom to speak.",3,3,4,5,"vote","trump",NA,7,5,5,"female",62,"white/non-hisp","some coll","$60,000 to $74,999","trustgov","demsatis","ampride","antiest","radchange","CA",12,1,4,9,"11/20/2024 21:25"
6978,"brkn",3,5,7,5,2,1,2,"Freedom","To many taxes on the poor. Not enough unions ir ways to create wealth. Health care is to expensive. Education could be better.",0,"Freedom","Compassion","Safety","Honor","Honesty",3,3,3,3,"vote","harris",NA,2,1,2,"male",47,"white/non-hisp","HS","$60,000 to $74,999","radchange","antiest","ampride","trustgov","demsatis","MA",2,1,1,1,"11/20/2024 8:13"
6982,"kept",4.5,5,5,3,4,3,3.83333333333333,"Equal Rights","The promise of Equal Rights is shown in the politicians chosen from different cultures. Women are given equal rights in pay from the working industry and on sports.",0,"justice for all","freedom of speech","freedom of religion","Freedom to choose","Equal Rights",7,4,4,3,"vote","harris",NA,2,1,2,"female",55,"hisp","some coll","$60,000 to $74,999","radchange","trustgov","antiest","demsatis","ampride","IL",12,1,2,3,"11/20/2024 19:01"
6983,"kept",5.25,5,3,1,NA,5,5.125,"Freedom of speech","It's not, democrats are censoring everything, and only allowing thevnedia and press to broadcast their democratic views and fake news propaganda",0,"Freedom of speech","Right to bear arms","Due cause","Right to withhold","Pursuit of happiness",5,5,5,6,"vote","trump",NA,7,5,5,"male",38,"white/non-hisp","some coll","$60,000 to $74,999","ampride","trustgov","antiest","radchange","demsatis","KS",12,1,2,4,"11/19/2024 19:26"
6985,"ctrl",4,3,4,2,4,4,4,"Loyalty","Standing behind your country no matter what. Supporting those people who you care about. Having nationalism",0,"Loyalty","Respect","Integrity","Responsibility","Honestly",4,4,4,4,"vote",NA,NA,4,3,3,"female",21,"white/non-hisp","bachelors","$85,000 to $99,999","antiest","demsatis","trustgov","radchange","ampride","OH",1,1,2,3,"11/26/2024 13:53"
6990,"brkn",5,2,1,2,NA,7,6,"Freedom","Women's rights to abort is banned therefore taking away freedom to decide the will of their lives and offspring. Out of 50 presidents not one woman has won showing discrimination and enforcing inequality . Also making it less of a free country when it is mostly run by men. Freedom to exist is garnished by senseless taxes .",0,"Freedom","Equality","Due process of law","Right to assemble","Representative democracy",5,5,5,5,"no vote",NA,NA,4,3,3,"female",25,"black/non-hisp","some coll","$10,000 to $14,999","trustgov","ampride","demsatis","antiest","radchange","TN",12,1,3,6,"12/1/2024 21:26"
6997,"ctrl",5,5,4,4,5,4,4.66666666666667,"Democracy","Democracy means that every American has the right to choose how they want to live without being forced.",0,"Independence","Freedom","Democracy","Liberty","Dream",6,5,5,4,"vote","harris",NA,4,3,3,"male",41,"black/non-hisp","bachelors","$25,000 to $29,999","radchange","ampride","antiest","demsatis","trustgov","NY",12,2,1,2,"11/19/2024 19:32"
7005,"kept",3.5,4,5,6,1,3,2.5,"Representative government","We the people can vote for representatives to run our government for us.  The representatives are supposed to make and uphold laws that we the people approve of.",0,"Representative government","Separation of powers","Secret Ballot elections","Pursuit of Happiness","Freedoms",4,5,3,2,"vote","harris",NA,1,1,3,"female",78,"white/non-hisp","masters","$100,000 to $124,999","trustgov","ampride","demsatis","radchange","antiest","IL",1,5,2,3,"11/19/2024 22:59"
7009,"kept",5,4,4,3,5,4,4.66666666666667,"God","When elections are going on, they mention God in their speeches.  In God We Trust is listed places like on our money, I think.",0,"God","Free Speech","98","98","98",5,5,5,5,"vote","trump",NA,6,5,4,"female",53,"white/non-hisp","bachelors","$75,000 to $84,999","trustgov","radchange","demsatis","ampride","antiest","PA",2,1,1,2,"11/19/2024 22:47"
7012,"ctrl",4,2,4,5,3,4,3.66666666666667,"Democracy, government by the people","Democracy is the ability for the citizens to select who should lead and govern, to not be subject to the whims of a 'royal' family or the rich.",0,"Democracy, government by the people","Freedom, of and from religion","Opportunity, to succeed and thrive","Diversity, a place welcome to all people","Strength, to lead and to protect",5,4,3,4,"vote","harris",NA,3,2,3,"male",46,"white/non-hisp","some coll","$75,000 to $84,999","demsatis","antiest","trustgov","ampride","radchange","UT",9,1,4,8,"11/19/2024 20:05"
7021,"ctrl",4,5,7,7,3,1,2.66666666666667,"Integrity","Do the right thing even when no one is seeing. For me thats what is means and USA is defined by integrity",0,"Courage","Compassion","Integrity","Honest","Innovation",7,1,7,1,"vote","trump",NA,4,3,1,"male",25,"hisp","some coll","$60,000 to $74,999","demsatis","antiest","ampride","trustgov","radchange","TX",2,2,3,7,"11/22/2024 7:36"
7024,"brkn",3.5,2,3,4,4,5,4.16666666666667,"Freedom","Very corrupt police department and failures to bring peace to us citizens and failures to repay African Americans",0,"United","Freedom","Dream","Peace","Value",3,3,3,5,"no vote",NA,NA,1,1,3,"male",27,"black/non-hisp","bachelors","$150,000 to $174,999","ampride","radchange","antiest","demsatis","trustgov","MO",12,1,2,4,"11/26/2024 1:29"
7031,"kept",5,2,4,5,3,4,4,"equality for all","it  is hard to say this country is run by the rich and there is too many poor people that dont have good jobs ,poor housing",0,"Honest above all","keep your word","not taking advance of poor","equality for all","free speak",6,5,5,4,"vote","harris",NA,3,2,2,"male",74,"hisp","some coll","$35,000 to $39,999","demsatis","ampride","antiest","radchange","trustgov","CA",12,5,4,9,"11/20/2024 12:20"
7032,"ctrl",4.75,3,3,6,4,5,4.58333333333333,"intergrity","moral compass, do the right things.  Be respectful, truthful, and moral in one's life and conduct.",0,"independence","creativity","freedom","honesty","intergrity",5,5,5,4,"vote","harris",NA,4,3,3,"male",27,"multi/non-hisp","bachelors","$125,000 to $149,999","demsatis","trustgov","ampride","antiest","radchange","OK",10,1,3,7,"11/20/2024 16:53"
7034,"brkn",4.5,5,3,6,3,5,4.16666666666667,"Free to do what we want within laws of society","Sometimes government tries to restrict our freedom too much.  Force to get Covid vaccine.  We should be allowed to do what we want inside confines of our own house",0,"Freedom of speech","Pursuit of happiness","Free to do what we want within laws of society","Freedom of religion","Right to bear arms",3,5,5,5,"vote","trump",NA,7,5,4,"male",61,"white/non-hisp","bachelors","$75,000 to $84,999","ampride","radchange","demsatis","trustgov","antiest","WI",1,1,2,3,"11/20/2024 12:20"
7036,"ctrl",4.25,4,4,6,4,4,4.08333333333333,"Freedom","Freedom of speech, religion and press. It is the core value to form this country and bring the people the American  dream.",0,"Freedom","Equity","Diversity","Privacy","Independent",6,4,4,3,"vote","harris",NA,3,2,3,"male",46,"asian/non-hisp","masters","$125,000 to $149,999","trustgov","demsatis","radchange","ampride","antiest","CA",11,1,4,9,"11/20/2024 13:51"
7045,"kept",6.5,3,1,1,7,7,6.83333333333333,"Freedom of speech","The freedom of speech is now censored.  When we say what we feel it can be prosecuted as hate.  The government censors what we can say",0,"Freedom of speech","Right to carry","Right to Justice","Freedom of states","Right to vote",6,6,7,7,"vote","trump",NA,5,4,5,"female",53,"white/non-hisp","some coll","$30,000 to $34,999","demsatis","ampride","trustgov","antiest","radchange","MI",1,6,2,3,"11/19/2024 19:14"
7048,"ctrl",5.5,1,2,1,6,6,5.83333333333333,"Independence","The right to be independent of authoritarian rulers. The ability to define your own success and to pursue it as long as it does not infringe on the rights of others.",0,"Freedom","Inclusiveness","Independence","Tolerance","Prosperity for all",7,5,5,5,"vote","harris",NA,1,1,3,"male",60,"white/non-hisp","some coll","$60,000 to $74,999","radchange","antiest","ampride","trustgov","demsatis","MI",10,1,2,3,"11/19/2024 19:34"
7066,"kept",3.5,3,7,7,5,1,3.16666666666667,"equality-all people","All people, no matter who they are, what they believe, what color, what background, how rich, poor, or middle class, are equal.   Everyone here in the United States and every other country deserves respect.",0,"Life, Liberty","religious Freedom","Freedom unhurtful speech","equality-all people","happiness for all",3,5,4,2,"no vote",NA,NA,4,3,3,"female",73,"other/non-hisp","HS","$50,000 to $59,999","trustgov","radchange","ampride","antiest","demsatis","AZ",1,2,4,8,"11/19/2024 17:57"
7071,"kept",2.75,5,5,4,5,3,3.58333333333333,"Freedom","The fact that we can walk safely down our roads and free running water. We over look these simple infrastructures of working lights to the city and paved side walks. Bless to be in America unlike 3rd world countries.",0,"Trust","Freedom","Equality","Responsible","value",4,2,2,3,"vote","harris",NA,6,5,3,"male",41,"multi/non-hisp","some coll","$100,000 to $124,999","antiest","radchange","trustgov","demsatis","ampride","CA",1,1,4,9,"11/19/2024 15:12"
7075,"ctrl",6.5,5,2,1,6,6,6.16666666666667,"INDIVIDUAL RIGHTS","that every person is equal, no one is any better than the other. that we each have a right to our own life of happiness and truth",0,"FREEDOM","INDIVIDUAL RIGHTS","LIFE & LIBERTY","JUSTICE","TRUTH",7,7,6,6,"vote","trump",NA,7,5,4,"female",60,"hisp","HS","$200,000 or more","ampride","radchange","antiest","trustgov","demsatis","CA",12,1,4,9,"11/20/2024 9:56"
7076,"ctrl",7,1,1,1,7,7,7,"Freedom","The power or right to act, speak, or think as one wants without hindrance or restraint. Absence of subjection to foreign domination or despotic government.",0,"Freedom","Sovereignty","Patriotism","Liberty","Prosperity",7,7,7,7,"vote","harris",NA,4,3,1,"female",23,"hisp","HS","$20,000 to $24,999","trustgov","ampride","radchange","demsatis","antiest","WI",10,1,2,3,"11/20/2024 13:54"
7077,"ctrl",5.5,5,1,1,7,7,6.5,"Economy","Prices in groceries, gas, essentials clothing, electricity,gas , pet supplies. Traveling airfares all",0,"Horrible","No faith","No promise","Economy","Taxes",1,7,7,7,"vote","trump",NA,7,5,3,"female",58,"hisp","some coll","$100,000 to $124,999","demsatis","radchange","antiest","ampride","trustgov","TX",2,1,3,7,"11/20/2024 10:26"
7078,"kept",5,5,1,3,6,7,6,"Value of diversity","USA is living up to the value of diversity by having a rich culture and a melting pot of population from all over the world",0,"Value of diversity","Value of  equality","Value of independent","Value of liberty","Value of self right",6,6,6,2,"vote","harris",NA,2,1,3,"female",59,"asian/non-hisp","masters","$40,000 to $49,999","ampride","demsatis","trustgov","radchange","antiest","NY",2,5,1,2,"11/19/2024 18:17"
7083,"ctrl",6.75,2,2,2,7,6,6.58333333333333,"Private Freedoms","The right as a private citizen or group of private citizens to live their lives and represent themselves and their interests in anyway they so desire, so long as it does not infringe on the safety or other rights of other individuals.",0,"Private Freedoms","Safety","Open Commerce","Pursuit of Happiness","Corporate/individual greed",7,7,6,7,"no vote",NA,NA,3,2,3,"male",26,"white/non-hisp","bachelors","$100,000 to $124,999","trustgov","demsatis","antiest","ampride","radchange","KY",11,1,3,6,"11/22/2024 7:56"
7087,"brkn",5.25,5,2,6,5,6,5.41666666666667,"Liberty","Trying to stifle free speech on platforms 
Over taxation without clear benefits
Health mandates for school or work",0,"Life","Liberty","Pursuit of happiness","Freedom","Morality",4,5,7,5,"vote","trump",NA,6,5,4,"female",39,"white/non-hisp","bachelors","$75,000 to $84,999","demsatis","antiest","ampride","radchange","trustgov","MN",2,1,2,4,"11/28/2024 0:36"
7088,"ctrl",3.25,4,4,3,3,4,3.41666666666667,"Opportunity","Opportunity in my mind is the idea that anyone can succeed in life. Whether or not we have reached that point in our society it's something to strive towards",0,"Freedom","Equity","Opportunity","Democracy","Justice",4,3,3,3,"vote","harris",NA,1,1,2,"male",32,"white/non-hisp","masters","$200,000 or more","antiest","radchange","demsatis","trustgov","ampride","CO",2,1,4,8,"11/19/2024 19:54"
7089,"ctrl",5.5,4,2,2,5,6,5.5,"Freedom","Freedom is the ability to do without prosecution. You are able to do as you please without fear of repercussions.",0,"Freedom","Rights","Fair","Beneficial","Diverse",7,7,7,1,"vote","trump",NA,4,3,3,"male",18,"white/non-hisp","less HS","$30,000 to $34,999","ampride","trustgov","demsatis","antiest","radchange","DE",11,1,3,5,"11/23/2024 20:34"
7095,"kept",2.25,5,4,6,5,4,3.75,"Welfare of people","Social security; Medicare, social programs.  Education. Justice in courts.  Freedom of speech, fair elections",0,"Domestic peace","Welfare of people","Secure of people","Posterity","Justice",1,3,2,3,"vote","harris",NA,6,5,3,"male",62,"white/non-hisp","masters","$50,000 to $59,999","ampride","radchange","trustgov","antiest","demsatis","WI",1,5,2,3,"11/19/2024 17:02"
7097,"brkn",5,3,2,6,4,6,5,"Freedom from oppression","Being ostracized for speaking your mind or giving an opinion that doesn't align with others. Election interference & ridiculus prosecutions of people that the prevailing party in charge don't like to try to influence a political agenda. I shouldn't be called names & slandered for voicing an opinion someone doesn't like or doesn't agree with. I don't do that to others. I was raised do unto others as you'd have done to you.",0,"Freedom from oppression","life liberty justice","I can't think","of any others","offhand",2,6,6,6,"vote","trump",NA,6,5,3,"female",67,"white/non-hisp","HS","$100,000 to $124,999","radchange","demsatis","ampride","antiest","trustgov","KY",1,5,3,6,"11/23/2024 10:19"
7103,"kept",2.75,5,4,6,5,4,3.91666666666667,"Free Speech","Free to speak your opinion, regardless of other's views.  Free to display political banners supporting your candidate. Free to debate others with opposing viewpoints.",0,"Free Speech","Right to bear Arms","Right to Trial","Equal rights","3 parts of government",2,3,3,3,"vote","trump",NA,7,5,5,"male",76,"white/non-hisp","bachelors","$40,000 to $49,999","trustgov","ampride","demsatis","antiest","radchange","NV",1,5,4,8,"11/19/2024 15:07"
7109,"brkn",6.25,4,2,6,4,6,5.41666666666667,"Opportunities","Less opportunities offered due to cost of living. 
Not enough jobs. Most jobs require degree but school too expensive",0,"Opportunities","Pride","Country","Freedom","God",6,7,6,6,"vote","trump",NA,6,5,3,"female",50,"hisp","bachelors","$50,000 to $59,999","antiest","ampride","trustgov","radchange","demsatis","FL",2,1,3,5,"11/24/2024 9:40"
7119,"brkn",6,5,2,6,7,6,6.33333333333333,"Freedom of Religion","The government is starting to limit what Christian churches are able to do slowly and methodically.",0,"Freedom of Religion","Right to Bare Arm","Freedom of Speech","The right to a limited government","Right toIndependence",5,7,6,6,"vote","trump",NA,5,4,5,"male",46,"white/non-hisp","bachelors","$75,000 to $84,999","ampride","radchange","trustgov","antiest","demsatis","NY",12,1,1,2,"11/27/2024 16:49"
7125,"kept",5,2,2,4,4,6,5,"the pursuit of happiness","Everyone is allowed to pursue what they think will make them happy - even it infringes on the happiness of others.",0,"life","liberty","the pursuit of happiness","opportunity","religious freedom",5,5,5,5,"vote","harris",NA,4,3,3,"female",44,"black/non-hisp","bachelors","$75,000 to $84,999","demsatis","antiest","trustgov","ampride","radchange","TX",12,1,3,7,"11/27/2024 9:26"
7126,"kept",4.75,4,4,6,3,4,3.91666666666667,"Freedom","1st amendment  freedom of speech. Right to religion, right to eat any way you want to eat. Right to own your own home.",0,"Freedom","Democracy","Vote","No Kings","Currency",6,5,5,3,"vote","harris",NA,1,1,3,"male",41,"hisp","masters","$150,000 to $174,999","ampride","trustgov","radchange","demsatis","antiest","IL",12,1,2,3,"11/19/2024 21:24"
7127,"ctrl",5.5,2,2,2,6,6,5.83333333333333,"Freedom","The right to live without oppression from government.",0,"Freedom","Equality","Fairness","Trust","Inclusive",5,6,6,5,"vote","harris",NA,2,1,2,"female",39,"white/non-hisp","some coll","$100,000 to $124,999","ampride","antiest","demsatis","radchange","trustgov","WV",1,2,3,5,"11/26/2024 10:18"
7130,"brkn",2.75,4,3,3,5,5,4.25,"democracy","Power should be vested in the people, it has not been this way under Biden. Hopefully we see a change for the better under Trump.",0,"democracy","justice","morality","liberty","freedom",2,2,2,5,"vote","trump",NA,7,5,4,"male",20,"white/non-hisp","HS","$125,000 to $149,999","antiest","radchange","ampride","demsatis","trustgov","NY",2,1,1,2,"11/20/2024 9:32"
7131,"ctrl",5.25,4,4,3,5,4,4.75,"Accountablity","Doing what you say you will is important. 
Make sure you do what you say, or don't say it.
Do right because that's who you are not because you have to.",0,"Integrity","Loyalty","Transparency","Diversity","Accountablity",5,6,5,5,"vote","trump",NA,6,5,3,"female",40,"hisp","HS","$30,000 to $34,999","demsatis","antiest","radchange","ampride","trustgov","TX",1,1,3,7,"11/20/2024 9:42"
7138,"kept",4.5,5,4,5,6,4,4.83333333333333,"Freedom of Speech","People can speak, protest, practice religion without government inteference. Attempts to do it are struck down by our courts.",0,"Freedom of Speech","Right to Bear Arms","Individualism","Free markets","Justice",4,6,5,3,"vote","trump",NA,7,5,5,"male",23,"hisp","HS","$50,000 to $59,999","demsatis","antiest","trustgov","ampride","radchange","RI",1,1,1,1,"11/27/2024 15:52"
7139,"kept",4.25,3,2,4,4,6,4.75,"Freedom of religion","We have the right to practice our own faith without interference from the government. The government cannot shut down our house if worship.",0,"Freedom of speech","Constitutional rights","Voting privileges","Freedom to own your own property","Freedom of religion",4,4,4,5,"no vote",NA,NA,5,4,3,"female",75,"white/non-hisp","some coll","$100,000 to $124,999","radchange","trustgov","demsatis","antiest","ampride","CO",12,5,4,8,"11/19/2024 17:05"
7141,"ctrl",4,4,2,2,6,6,5.33333333333333,"Freedom of speech","To be able to express opinions with out fear of retribution. And freedom  to assemble. To redress prevent of government",0,"Freedom of speech","Freedom of religion","Freedom of self rule","Right to bear arms","Right  to redress  grievance",2,4,5,5,"vote","trump",NA,5,4,4,"male",57,"white/non-hisp","HS","$60,000 to $74,999","radchange","ampride","trustgov","demsatis","antiest","WA",1,1,4,9,"11/22/2024 4:51"
7144,"kept",4,4,5,4,5,3,4,"Freedom","Pues la veedad es que hay muchas formas de poder interpretar la palabara libertad en un mismo sentido de pertenencia pero si se pudiera simplificar en una forma mas facil seria libertad",0,"Freedom","Freedom of speech","Freedom of religion","Freedom of expression","Opportunity",4,4,4,4,"vote","trump",NA,2,1,4,"male",33,"hisp","some coll","$200,000 or more","demsatis","antiest","ampride","radchange","trustgov","CA",1,1,4,9,"11/28/2024 19:49"
7145,"ctrl",5,4,2,2,6,6,5.66666666666667,"Freedom","Freedom of choice is the biggest value in our country. We have rights that other countries don't allow. We can choose how to live without harming others.",0,"Freedom","Equality","Choices","Opportunity","Work ethic",5,5,5,5,"no vote",NA,NA,6,5,4,"female",45,"white/non-hisp","masters","$175,000 to $199,999","trustgov","demsatis","ampride","antiest","radchange","MD",2,1,3,5,"11/27/2024 15:13"
7154,"kept",4,3,4,3,4,4,4,"Economy","Gas prices going up and down the food prices going up and down housing not being as affordable for families",0,"Equality","Economy","People","God","98",4,4,4,4,"vote","trump",NA,2,1,3,"female",33,"black/non-hisp","some coll","under $5,000","ampride","demsatis","antiest","trustgov","radchange","TN",1,1,3,6,"11/22/2024 6:55"
7158,"brkn",6.25,3,1,3,6,7,6.41666666666667,"Freedom","The Christian nationalist movement in schools, covid restrictions, social media spreading misinformation",0,"Freedom","Pursuit of happiness","Equality","Human rights","Equity",7,7,5,6,"vote","harris",NA,2,1,2,"male",34,"black/non-hisp","bachelors","$100,000 to $124,999","demsatis","ampride","trustgov","antiest","radchange","WA",1,1,4,9,"11/23/2024 16:06"
7161,"kept",6.5,2,1,2,4,7,5.83333333333333,"Freedom","We should have the right to make our own path. I want to make sure i have  the right to work. We deserve more",0,"Opportunity","Freedom","Peace","Fighting chance","Love",7,6,7,6,"vote","harris",NA,3,2,NA,"female",26,"black/non-hisp","masters","$60,000 to $74,999","radchange","antiest","ampride","trustgov","demsatis","AL",12,1,3,6,"11/20/2024 11:01"
7168,"brkn",6.75,3,2,4,7,6,6.58333333333333,"People","The American dream is not an American dream anymore. People all over the United States are struggle to make ends meet.",0,"Trust","Currency","People","Determination","Clarification",7,7,7,6,"no vote",NA,NA,3,2,3,"female",33,"hisp","some coll","$30,000 to $34,999","radchange","ampride","demsatis","trustgov","antiest","TX",2,1,3,7,"11/22/2024 20:41"
7175,"ctrl",4.5,3,3,6,6,5,5.16666666666667,"Equality","Treating everyone equally regardless of race and gender, religion, or age. Letting all have equal opportunities to things like education and healthcare.",0,"In God we trust","Freedom","Equality","Opportunity","Justice for all",5,5,6,2,"vote","trump",NA,7,5,NA,"male",37,"white/non-hisp","some coll","$25,000 to $29,999","trustgov","radchange","ampride","antiest","demsatis","UT",12,4,4,8,"11/19/2024 16:46"
7176,"kept",6.5,2,3,1,7,5,6.16666666666667,"individual rights","I am not sure it is living up to the individual rights. this is just what I think the us stands for to the world. this country is not exactly ""free"" and our rights keep being taken away from us including pregnancy.",0,"freedom","unity","inclusion","individual rights","fairness",6,7,6,7,"no vote",NA,NA,6,5,3,"female",31,"white/non-hisp","some coll","$60,000 to $74,999","antiest","trustgov","demsatis","ampride","radchange","WI",12,1,2,3,"11/28/2024 0:45"
7178,"ctrl",5.75,3,3,1,5,5,5.25,"Separation of Church and State!","Religion should not have any role in our government. Religion should not part of school. Religion should not be forced on any person.",0,"Separation of Church and State!","Equality","Freedom","Happiness","Justice",6,7,5,5,"vote","harris",NA,2,1,3,"female",56,"white/non-hisp","masters","$150,000 to $174,999","antiest","ampride","trustgov","demsatis","radchange","NJ",9,1,1,2,"11/19/2024 20:40"
7190,"brkn",3.5,3,5,4,3,3,3.16666666666667,"Serve","They’ve. Bhfhhb. Gtrfhukb h buyyygfyyhhuoouuokuhhhkukuhcfttcyyhggtfc hhhgggvv. Hugggvghb ughhhhhhh y",0,"Protect","Serve","Justice","Peace","Love",4,3,5,2,"no vote",NA,NA,5,4,3,"female",23,"black/non-hisp","less HS","$40,000 to $49,999","demsatis","radchange","antiest","ampride","trustgov","MI",4,1,2,3,"11/28/2024 15:31"
7191,"brkn",5,2,2,4,3,6,4.66666666666667,"be anything you want","Not guaranteed my body and my choice with current new president.  Also concerning to maybe not be able to marry whoever",0,"freedom of speech","be anything you want","opportunities","98","98",5,5,5,5,"vote","harris",NA,2,1,2,"female",35,"hisp","bachelors","$60,000 to $74,999","ampride","demsatis","trustgov","radchange","antiest","CA",11,1,4,9,"11/26/2024 11:27"
7197,"brkn",5,4,4,1,7,4,5.33333333333333,"Right to say what say what you believe.","There is to much false information going around these days. You don't  know what is the truth and what is not.",0,"Right to vote","Right to bare arms.","Right to worship where you choose.","Right to say what say what you believe.","Right to say no.",5,6,6,3,"vote","harris",NA,1,1,3,"male",76,"white/non-hisp","HS","$35,000 to $39,999","antiest","radchange","demsatis","trustgov","ampride","OK",1,5,3,7,"11/19/2024 18:37"
7211,"ctrl",6.75,3,1,2,6,7,6.58333333333333,"Freedom","Being able to believe what you want having no status quo. Practicing what you believe not having other indoctrine your views.",0,"Liberty","Happiness","Freedom","Wealth","Life",7,7,7,6,"vote","harris",NA,1,1,2,"female",25,"hisp","some coll","$50,000 to $59,999","ampride","antiest","trustgov","demsatis","radchange","CA",2,1,4,9,"11/20/2024 2:35"
7227,"brkn",6.25,2,3,3,6,5,5.75,"Honesty","(1) Once the president elect becomes president, he doesn’t do what he promised he do for country!!
(2) President doesn’t show justice for all!!",0,"Honesty","Trust","Love","God","Equality",6,6,7,6,"no vote",NA,NA,2,1,2,"male",54,"black/non-hisp","HS","under $5,000","demsatis","antiest","ampride","trustgov","radchange","TX",12,4,3,7,"11/19/2024 18:38"
7237,"kept",5.5,4,3,2,5,5,5.16666666666667,"Freedom","Citizens of the USA are free to pursue happiness and live their lives in peace. Employment is available to anyone who has a desire and the capability to work thus providing a useful and productive life.",0,"Freedom","Opportunity","Safety","Strength","Inclusiveness",5,5,7,5,"vote","trump",NA,7,5,5,"female",78,"white/non-hisp","some coll","$40,000 to $49,999","demsatis","radchange","ampride","trustgov","antiest","AZ",12,1,4,8,"11/23/2024 5:53"
7251,"kept",5.5,NA,2,3,5,6,5.5,"Right to freedom","Those that be in power, work to maintain this freedom. By showing how different we are from other countries with our democracy.",0,"Safety from persecution","Right to bear arms","Right to freedom","Freedom of speech","Freedom from discrimination",6,6,5,5,"vote","harris",NA,4,3,NA,"male",47,"hisp","HS","$60,000 to $74,999","demsatis","antiest","trustgov","radchange","ampride","IL",11,1,2,3,"11/19/2024 20:30"
7255,"ctrl",4.5,2,2,5,4,6,4.83333333333333,"Freedom","Being free to do as one pleases within the realm of reason. Living in peace with one another. Freedom to seek financial growth.",0,"Freedom","Liberty","Faith","Growth","Financial",5,5,5,3,"vote","harris",NA,2,1,2,"female",36,"hisp","bachelors","$75,000 to $84,999","demsatis","trustgov","antiest","radchange","ampride","TX",2,7,3,7,"11/19/2024 18:06"
7258,"ctrl",6.5,4,4,2,5,4,5.16666666666667,"Freedom","Limit the power of government and protecting the freedoms of the people individually. Freedoms should only be limited when laws have been broken.",0,"Freedom","Capitalism /Opportunity","Justice","Democratic governing","Protection",7,7,6,6,"vote","harris",NA,2,1,3,"male",39,"hisp","bachelors","$200,000 or more","trustgov","demsatis","ampride","antiest","radchange","MI",10,1,2,3,"11/20/2024 17:06"
7260,"ctrl",3.75,5,5,6,2,3,2.91666666666667,"Endowed certain unalienable rights","Each person in the United States has God given, fundamental rights they are entitled to as citizens.",0,"Freedom for all","Justice for all","The pursuit of happiness","Endowed certain unalienable rights","Freedom of religion",2,5,5,3,"vote","trump",NA,6,5,4,"male",27,"white/non-hisp","bachelors","$40,000 to $49,999","demsatis","ampride","radchange","trustgov","antiest","FL",3,1,3,5,"11/19/2024 20:24"
7263,"kept",4.5,5,4,5,4,4,4.16666666666667,"Freedom","Well we aren’t restricted from travel and speaking our minds. We can make our own choices. We can pretty much do anything as long as it doesn’t break any laws.",0,"Freedom","Liberty","Opportunity","Happiness","Security",4,5,5,4,"no vote",NA,NA,6,5,4,"male",31,"white/non-hisp","some coll","$30,000 to $34,999","radchange","ampride","antiest","demsatis","trustgov","NE",2,4,2,4,"11/19/2024 16:16"
7270,"brkn",6,1,2,2,7,6,6.33333333333333,"Pursuit of happiness","Political parties are not making any progress, cost of living is skyrocketing , divisive rhetoric is out of control, racism and exclusivity is the burning issue, and women’s rights are being rolled back to 1950’s, along with terrible inflation and a fascist moron in the Oval Office. I can’t think of a single promise the US is living up to in the pursuit of happiness",0,"Freedom of speech","Pursuit of happiness","Freedom of religion","Right to vote","Bear arms",6,7,4,7,"vote","harris",NA,2,1,2,"female",52,"hisp","some coll","$85,000 to $99,999","antiest","demsatis","radchange","ampride","trustgov","NJ",11,1,1,2,"11/22/2024 13:02"
7272,"brkn",5.75,4,4,2,5,4,4.91666666666667,"Diversity","There's rampant racism and systemic racism. African Americans are treated differentially by the justice systems + Asians are treated differentially by the college systems. African Americans are more likely to be put in jail because of systemic racism and less Asians are accepted into top colleges because of their race.",0,"Liberty","Individuals","Equality","Self- government","Diversity",6,6,6,5,"no vote",NA,NA,6,5,3,"female",56,"asian/non-hisp","some coll","$200,000 or more","antiest","trustgov","radchange","demsatis","ampride","CA",7,7,4,9,"11/19/2024 18:22"
7273,"brkn",6.5,3,2,1,7,6,6.5,"Freedom","Freedom is the ability to have basic rights and to be able to go out into the world unobstructed by other powers.",0,"Freedom","Equality","Justice","Individualism","Democracy",7,7,6,6,"vote","harris",NA,2,1,3,"female",44,"white/non-hisp","bachelors","$60,000 to $74,999","ampride","radchange","antiest","demsatis","trustgov","NC",10,2,3,5,"11/25/2024 11:36"
7279,"ctrl",4.75,3,3,5,5,5,4.91666666666667,"Freedom","The opportunity to have realistic choices and to make choices in all aspects of your life that do not infringe in another person.",0,"Freedom","Compassion","Justice","Opportunity","98",6,5,5,3,"vote","harris",NA,4,3,2,"female",56,"white/non-hisp","some coll","$100,000 to $124,999","ampride","trustgov","demsatis","radchange","antiest","GA",9,1,3,5,"11/21/2024 20:42"
7284,"kept",6.75,3,2,4,4,6,5.58333333333333,"Equality","The United States is living up to its promise of equality through ongoing efforts to ensure civil rights protection, such as expansion of voting rights, the litigations of the same sex marriage, and initiatives Aimed at addressing racial and gender disparities. Legal frameworks like the civil rights act and the equal protection clause continue to challenge discrimination, while social movement push for greater inclusivity and justice are cross various sectors of society.",0,"Liberty","Equality","Justice","Democracy","Opportunity",7,7,7,6,"no vote",NA,NA,4,3,3,"female",39,"multi/non-hisp","some coll","under $5,000","demsatis","ampride","antiest","trustgov","radchange","OH",12,3,2,3,"11/20/2024 22:20"
7285,"kept",6.25,5,1,1,7,7,6.75,"People","Making food affordable for consumption. Lower the prices that people are paying for food. Cutting taxes",0,"Truth","Fairness","Trust","People","Money",4,7,7,7,"no vote",NA,NA,1,1,5,"female",53,"black/non-hisp","HS","$10,000 to $14,999","antiest","radchange","trustgov","demsatis","ampride","TX",1,5,3,7,"11/19/2024 17:02"
7287,"ctrl",6,2,2,4,3,6,5,"Freedom of speech","Freedom of speech is the right to say or print what you want without the fear of prosecution, you can disagree with the government or a company publicly.",0,"Freedom of speech","Separation of church and state","Freedom of religion","The right to bear arms","Women's right to vote",6,6,6,6,"vote","harris",NA,3,2,2,"male",60,"hisp","HS","$20,000 to $24,999","radchange","antiest","ampride","trustgov","demsatis","FL",11,6,3,5,"11/23/2024 8:23"
7289,"kept",6.5,4,3,5,6,5,5.83333333333333,"Protect our borders","As soon as Trump is in office he will start deporting the illegals and put more border agents on duty and build more wall.",0,"Protecting Citizens","Enforcing current laws","Control misinformation","Instill the worlds opinion of us","Protect our borders",5,7,7,7,"vote","trump",NA,7,5,4,"female",76,"white/non-hisp","less HS","$25,000 to $29,999","antiest","trustgov","demsatis","radchange","ampride","FL",1,5,3,5,"11/19/2024 18:50"
7309,"ctrl",5.75,4,2,4,2,6,4.58333333333333,"The right to self govern","The right to live your life as you choose as long as it's lawful the government nor any entity or person has a right to tell you how to live.",0,"Freedom of speech","Freedom of religion","Pursuit of happiness","The right to self govern","The right to bear arms",3,6,7,7,"vote","trump",NA,5,4,3,"male",47,"white/non-hisp","HS","$60,000 to $74,999","trustgov","demsatis","antiest","ampride","radchange","MA",1,1,1,1,"11/19/2024 22:06"
7314,"kept",4.5,1,1,1,7,7,6.16666666666667,"Loyalty","It is not living up to its loyalty. In fact it is doing the opposite. They need to have Donald trump removed from office permanently",0,"Loyalty","Honor","Courage","Love","Education",3,7,7,1,"vote","harris",NA,1,1,1,"female",46,"hisp","some coll","$40,000 to $49,999","antiest","radchange","ampride","trustgov","demsatis","VA",12,1,3,5,"11/19/2024 18:02"
7319,"brkn",6.5,4,2,2,6,6,6.16666666666667,"available education","overcrowded schools; expensive college tuitions; teachers putting in their time and not caring about their work",0,"freedom of speech","choice","available education","free market","opportunity",6,7,6,7,"vote","trump",NA,6,5,3,"female",44,"white/non-hisp","masters","$175,000 to $199,999","trustgov","radchange","demsatis","ampride","antiest","IL",11,1,2,3,"11/19/2024 17:21"
7324,"brkn",5,4,3,3,3,5,4.33333333333333,"Democracy","The “by the for people for the people” has eroded. People have little to no confidence in the elections, gerrymandering has greatly skewed the electoral process, and the branches of the government are not in balance.",0,"Democracy","Equality","Privacy","Individualism","Freedom",6,5,4,5,"vote","harris",NA,6,5,4,"female",59,"other/non-hisp","bachelors","$200,000 or more","ampride","antiest","trustgov","radchange","demsatis","KS",11,1,2,4,"11/19/2024 17:48"
7339,"kept",7,2,2,1,7,6,6.66666666666667,"The right to Free Speech","I don’t think we are living up to this at all. We have may problems that exist and if a whistleblower comes forward they face backlash almost immediately.",0,"The American Dream","Freedom of the Press","The right to Free Speech","Separation between church and state","The right to vote",7,7,7,7,"vote","other","Jill Stein",4,3,NA,"male",42,"multi/non-hisp","some coll","$75,000 to $84,999","trustgov","antiest","radchange","ampride","demsatis","IL",11,1,2,3,"11/29/2024 9:48"
7349,"ctrl",4.75,2,1,4,4,7,5.25,"Justice","Having checks and balances, holding people accountable for the deeds they do.",0,"Freedom","Honor","Life","Liberty","Justice",7,7,1,4,"vote","harris",NA,7,5,1,"male",41,"white/non-hisp","bachelors","$100,000 to $124,999","radchange","trustgov","demsatis","antiest","ampride","OK",11,1,3,7,"11/20/2024 6:03"
7367,"ctrl",3.75,2,4,3,2,4,3.25,"Equality","Equal rights and opportunities are given to everyone. Equality means it doesn’t matter race, age, religion, sex, sexual orientation, etc",0,"Equality","Justice","Freedom","Happiness","Hard work",7,3,2,3,"vote","harris",NA,1,1,2,"female",27,"white/non-hisp","some coll","$40,000 to $49,999","radchange","trustgov","ampride","antiest","demsatis","NE",12,1,2,4,"11/19/2024 18:37"
7368,"brkn",4.5,5,2,2,5,6,5.16666666666667,"Freedom of Speech","Racism. If a person  is stopped by the police; there is different treatment if you are not Caucasian.",0,"Freedom of Speech","The right to Bear Arms","Clean Water","Choice of Religion","Non-Discrimination",4,5,5,4,"vote","harris",NA,2,1,5,"female",67,"black/non-hisp","some coll","$125,000 to $149,999","ampride","demsatis","trustgov","antiest","radchange","CA",1,5,4,9,"11/20/2024 11:13"
7374,"brkn",5.75,3,4,5,7,4,5.58333333333333,"Freedom","We're not giving the freedom to Make choices about our own bodies. We're not giving the freedom to live as we wish. And we are not.
Given the freedom to pursue our own happiness",0,"Equality","Freedom","Education","Liberty","Happiness",7,6,7,3,"vote","harris",NA,2,1,2,"female",30,"white/non-hisp","HS","$50,000 to $59,999","radchange","demsatis","antiest","trustgov","ampride","FL",11,1,3,5,"11/20/2024 13:13"
7376,"kept",4,3,4,4,4,4,4,"Humanity","Not at all nothing I can say is is I I have have been been doing doing that that way way before before and",0,"Freedom","Speech","Humanity","Labor","Happiness",4,4,4,4,"no vote",NA,NA,4,3,2,"male",28,"hisp","some coll","$85,000 to $99,999","radchange","ampride","antiest","demsatis","trustgov","IN",11,1,2,3,"11/20/2024 14:55"
7383,"brkn",6,3,2,2,5,6,5.66666666666667,"liberty","To much government control on our daily decisions. Trying to regulate to many things in our daily life.",0,"Independent","free speech","life","liberty","happiness",5,7,6,6,"no vote",NA,NA,5,4,4,"male",62,"white/non-hisp","some coll","$60,000 to $74,999","antiest","demsatis","radchange","ampride","trustgov","IA",1,1,2,4,"11/20/2024 14:00"
7387,"ctrl",4.5,5,4,2,5,4,4.5,"Democracy","The freedom to elect and choose who governs and make the decisions of the country. A majority elects and enables the body of people who will try to navigate America into it's next stage of growth and assisting other countries along the way.
 A government that is chosen by the citizens and is trusted to do what is right for the individual, for business and for the country itself and to maintain if not improve relations with all other countries",0,"Honesty","Loyalty","Freedom","Independence","Democracy",7,4,5,2,"no vote",NA,NA,4,3,1,"male",60,"white/non-hisp","HS","$5,000 to $9,999","radchange","demsatis","antiest","trustgov","ampride","MA",14,7,1,1,"11/21/2024 8:48"
7388,"brkn",7,5,1,1,7,7,7,"Perseverance","By restricted rights and I feel like the government is not holding up to their end as far as economy goes everything is too expensive do not lower in any costs at all hard especially for me I'm a single parent to make ends meet even though I make really good money but it's hard",0,"Hope","Love","Perseverance","Faithfulness","Lonely",7,7,7,7,"vote","trump",NA,4,3,1,"male",46,"white/non-hisp","some coll","$50,000 to $59,999","trustgov","demsatis","radchange","antiest","ampride","SC",1,1,3,5,"11/19/2024 18:02"
7394,"brkn",6,5,1,4,1,7,4.66666666666667,"Freedom of religion","When churches were shut down during Covid, that was not living up to its promise, government has no right to not let the people worship when and where they want to, government over stepped their bounds",0,"Freedom of religion","Freedom of speech","Free press","Freedom to bear arms","Life liberty and the pursuit of happiness",6,5,7,6,"vote","trump",NA,7,5,5,"female",47,"hisp","HS","$85,000 to $99,999","radchange","trustgov","demsatis","ampride","antiest","VA",1,1,3,5,"11/19/2024 18:06"
7398,"ctrl",5,1,1,1,4,7,5.33333333333333,"To have freedom of speech","I can disagree with the government when I see a problem with what they are doing and I don’t like it.",0,"To have freedom of speech","To have freedom of travel","To have freedom of religion","To have freedom to own a gun","To have solid border",1,6,6,7,"no vote",NA,NA,7,5,5,"male",66,"white/non-hisp","masters","$200,000 or more","antiest","radchange","trustgov","demsatis","ampride","CA",9,5,4,9,"11/25/2024 9:56"
7405,"brkn",3.75,4,4,4,5,4,4.25,"freedom of speech","When people sensor what others say and have it removed. As long as its in a civil manner we should be able to say what they want without others removing it based on what they think",0,"freedom of speech","fair trials","rights","unusual punishment","freedom of choice",4,3,4,4,"vote","trump",NA,7,5,5,"male",59,"white/non-hisp","HS","$85,000 to $99,999","demsatis","trustgov","radchange","antiest","ampride","SD",2,2,2,4,"11/20/2024 13:37"
7407,"kept",3.75,4,7,6,4,1,2.91666666666667,"Equality","All people have the opportunity to live a good life if working hard. All have the same opportunity to have a good job.",0,"Efficiency","Liberty","Self-government","Diversity","Equality",4,3,4,4,"vote","trump",NA,4,3,3,"male",38,"asian/non-hisp","masters","$200,000 or more","radchange","demsatis","ampride","trustgov","antiest","CO",11,1,4,8,"11/23/2024 5:15"
7412,"kept",5,5,4,3,5,4,4.66666666666667,"Trustworthy","Be transparent in all transactions.Be straight forward with everyone.Have comapassion.And please nest.",0,"Honesty","Trustworthy","Safety","Hornor your agreement","98",5,5,5,5,"vote","harris",NA,1,1,2,"female",90,"black/non-hisp","HS","$20,000 to $24,999","ampride","trustgov","antiest","radchange","demsatis","CA",1,5,4,9,"11/19/2024 18:13"
7413,"brkn",4.5,5,4,5,5,4,4.5,"Freedom of speech","The government is able to restrict speeches in certain circumstances. Even don’t the first amendment",0,"Freedom of speech","Equality","Honer","Freedom","Respect for all",5,5,5,3,"vote","harris",NA,2,1,4,"female",47,"hisp","some coll","$60,000 to $74,999","ampride","demsatis","trustgov","antiest","radchange","IL",2,7,2,3,"11/19/2024 19:46"
7417,"kept",4,5,5,6,3,3,3.33333333333333,"freedom","By the freedom of speech and religion or prohibiting its free exercise and the right to bear arms and the right to a fair trial.",0,"freedom","democracy","liberty","individualism","equality",3,5,5,3,"vote","harris",NA,4,3,3,"male",59,"white/non-hisp","some coll","$125,000 to $149,999","ampride","trustgov","demsatis","radchange","antiest","FL",2,1,3,5,"11/20/2024 12:02"
7429,"brkn",5,3,4,4,4,4,4.33333333333333,"Hard work pays off","Sometimes if your parents are born with money before you you don't have to work as hard. In those cases something to give it to you. But that's not always the case",0,"The best gets the job","Hard work pays off","Cheating gets you nowhere","Religion is not the main key to life here","Justice is not for all",4,5,5,6,"vote","harris",NA,1,1,2,"male",23,"hisp","less HS","$125,000 to $149,999","ampride","radchange","demsatis","antiest","trustgov","PA",12,1,1,2,"11/20/2024 4:08"
7433,"kept",5,2,1,2,3,7,5,"Religious freedom","Unfortunately, the promise of religious freedom is only being given lip-service today by our government which is acting as an atheistic force, and specifically discriminates against ab
Nd belittles the Christian faith of our founders.  Today,the government promises freedom FROM religion, rather than freedom OF religion.",0,"Representative government","No taxation without representation","Right to bear arms","States rights","Religious freedom",3,4,6,7,"vote","trump",NA,7,5,5,"male",59,"white/non-hisp","some coll","$85,000 to $99,999","demsatis","ampride","antiest","trustgov","radchange","KS",1,1,2,4,"11/22/2024 18:55"
7434,"ctrl",3.5,3,4,4,4,4,3.83333333333333,"Eqaulity","No boundaries for success or failure. The ability to obtain heights thought to be out of reach. Everything should be square.",0,"Freedom","Peace","Eqaulity","Justice","Prosperity",3,3,3,5,"no vote",NA,NA,4,3,3,"male",33,"black/non-hisp","some coll","$75,000 to $84,999","demsatis","radchange","trustgov","ampride","antiest","WI",12,2,2,3,"11/27/2024 9:39"
7436,"ctrl",4.5,4,2,6,5,6,5.16666666666667,"Equality","The idea that everyone has the same rights and opportunities and responsibilities to contribute to society no matter their differences",0,"Self government","Equality","Liberty for all","Religion freedom","Unity",5,3,6,4,"vote","harris",NA,2,1,3,"male",60,"hisp","some coll","$60,000 to $74,999","ampride","radchange","demsatis","trustgov","antiest","IL",2,1,2,3,"11/20/2024 10:19"
7440,"brkn",7,2,1,1,5,7,6.33333333333333,"right to privacy","The government has allowed a lot of surveillance on its people and allows a lot of private companies to get all our data and its bad.",0,"Freedom of speech","right to privacy","right to own land","right to worship","right to be left alone",7,7,7,7,"vote","harris",NA,2,1,1,"male",33,"hisp","bachelors","$150,000 to $174,999","radchange","ampride","demsatis","trustgov","antiest","UT",11,1,4,8,"11/27/2024 8:56"
7441,"kept",5,4,2,5,4,6,5,"Democracy","The constitution is how the US continues its promise of democracy. Free elections and the bill of rights allows us to have democracy",0,"Liberty","Freedom","God","Democracy","Equality",5,5,6,4,"vote","trump",NA,5,4,3,"female",28,"white/non-hisp","bachelors","$85,000 to $99,999","trustgov","antiest","radchange","ampride","demsatis","NY",2,1,1,2,"11/21/2024 16:13"
7444,"kept",5,4,4,1,6,4,5,"Equal rights","Men and women of all races and religions can work and live wherever they want. They also have equal opportunity to vote and run for government positions.",0,"Equal rights","Security","Free Press","Unity","Justice for all",6,6,NA,3,"vote","harris",NA,3,2,3,"female",63,"white/non-hisp","some coll","$75,000 to $84,999","antiest","demsatis","ampride","trustgov","radchange","MO",1,5,2,4,"11/20/2024 6:47"
7446,"brkn",5.5,2,3,4,5,5,5.16666666666667,"freedom","there is much talk of freedom, yet people are not free as they are slaves to work, to pay for the government.",0,"freedom","equality","hope","corruption","greed",6,5,6,5,"vote","harris",NA,6,5,3,"female",61,"white/non-hisp","some coll","$100,000 to $124,999","ampride","antiest","demsatis","radchange","trustgov","KY",12,7,3,6,"11/21/2024 13:35"
7457,"brkn",5.25,4,1,2,7,7,6.41666666666667,"God","the woke community has received way too much attention. No one seems to want to challenge them on values. Just read what the Bible says about our values.",0,"God","Unity","Security","Trust","Value",4,5,5,7,"vote","trump",NA,5,4,4,"female",62,"white/non-hisp","some coll","$50,000 to $59,999","demsatis","ampride","trustgov","radchange","antiest","GA",1,1,3,5,"11/30/2024 23:16"
7458,"ctrl",4.25,2,4,2,5,4,4.41666666666667,"All created equally","Regardless of race, religion, gender, creed, or social status everyone who is born in or comes to American has an equal chance to succeed and advance socially and economically.",0,"Freedom of speech","Democracy","All created equally","Opportunity for all","No aristocracy",6,4,4,3,"vote","harris",NA,1,1,1,"male",64,"white/non-hisp","masters","$125,000 to $149,999","radchange","trustgov","demsatis","antiest","ampride","CA",1,4,4,9,"11/19/2024 15:07"
7460,"kept",4.75,4,4,4,4,4,4.25,"Opportunity","It is the land of free, providing many opportunities to a diverse society.  There are still ways it can improve on this opportunities.  However, everyone has the chance to start a business, live the American dream, and grow.",0,"Equality","Freedom","Opportunity","Independence","Growth",5,5,4,5,"vote","trump",NA,5,4,3,"male",33,"multi/non-hisp","bachelors","$100,000 to $124,999","radchange","ampride","antiest","trustgov","demsatis","IL",2,1,2,3,"11/21/2024 21:18"
7463,"brkn",4.5,4,4,5,4,4,4.16666666666667,"Liberty","I think the US is living up to the promise of liberty as people are still able to live as one wish or wants",0,"Liberty","Self government","Equality","Diversity","Unity",4,4,5,5,"no vote",NA,NA,5,4,3,"male",59,"asian/non-hisp","some coll","$60,000 to $74,999","demsatis","radchange","trustgov","antiest","ampride","CA",2,1,4,9,"11/27/2024 16:43"
7470,"kept",4,2,1,4,4,7,5,"Doing what's right","I honestly do not think the U.S always does what's right. But as a country, this should be what they go by",0,"God","Fairh","Morals","Being truthful","Doing what's right",4,4,4,4,"vote","harris",NA,2,1,3,"female",28,"black/non-hisp","bachelors","$40,000 to $49,999","ampride","trustgov","radchange","antiest","demsatis","FL",12,1,3,5,"11/23/2024 15:49"
7473,"brkn",5.75,4,1,1,6,7,6.25,"Freedom of speach","Freedom of speech is denied when books are banned.  Freedom of speach is not allowed when certain library books are removed from libraries.",0,"Freedom of speach","Freedom of religious expression","Freedom to assemble","Freedom to vote","Freedom to procreate",2,7,7,7,"vote","trump",NA,7,5,5,"female",75,"white/non-hisp","some coll","$200,000 or more","antiest","demsatis","trustgov","ampride","radchange","LA",2,5,3,7,"11/19/2024 17:44"
7485,"ctrl",6.25,2,3,6,2,5,4.41666666666667,"Liberty","The quality of being free, the power to do as one please. The freedom of decide one’s life and one’s body",0,"Liberty","Individualism","Equality","Honesty","Love",7,6,6,6,"no vote",NA,NA,3,2,2,"female",61,"white/non-hisp","bachelors","$150,000 to $174,999","trustgov","demsatis","radchange","ampride","antiest","TX",1,1,3,7,"11/19/2024 18:28"
7486,"kept",4.5,3,4,4,4,4,4.16666666666667,"Freedom","Allow citizens to choose their path.  Allowing citizens to voice their opinion.  Allowing citizens to vote.",0,"Honor","Respect","Pride","Dignity","Freedom",4,5,5,4,"no vote",NA,NA,2,1,3,"male",39,"hisp","HS","$40,000 to $49,999","antiest","demsatis","ampride","trustgov","radchange","NJ",12,4,1,2,"11/19/2024 18:44"
7490,"kept",4.25,3,4,3,5,4,4.41666666666667,"Independence","In some states it gives the options to choose for women. The right to every man, women, person, regardless of their race, religion, etc",0,"Independence","Democracy","Freedom","Options","The right to choose",5,5,4,3,"vote","harris",NA,2,1,2,"female",25,"hisp","bachelors","$35,000 to $39,999","antiest","demsatis","trustgov","radchange","ampride","MD",11,1,3,5,"11/20/2024 12:05"
7494,"ctrl",4.75,4,3,3,5,5,4.91666666666667,"Freedom","Everyone has an opportunity to be independent without harming others.  A chance to be healthy and achieve goals.",0,"Freedom","Equality","Respect","Liberty","Safety",5,6,4,4,"vote","harris",NA,2,1,3,"female",60,"white/non-hisp","bachelors","$75,000 to $84,999","demsatis","ampride","antiest","trustgov","radchange","CO",5,1,4,8,"11/19/2024 16:02"
7496,"kept",4.5,2,4,5,5,4,4.5,"Free","Freedom to grow and develop however we aim to. However, these freedoms are limited by structural barriers that are rooted in our countries racist and sexiest past.",0,"Free","Family","Education","community","Wealth",7,5,3,3,"vote","harris",NA,1,1,2,"female",26,"white/non-hisp","bachelors","$100,000 to $124,999","antiest","radchange","demsatis","ampride","trustgov","MD",9,1,3,5,"11/20/2024 21:12"
7507,"ctrl",4,5,2,4,3,6,4.33333333333333,"Capitalism","Our entire system is based upon capitalism, which is basically people or businesses earning as much money as . The main focus in a system like this is not for the greater good and only prioritizes earning money above everything else",0,"Capitalism","Freedom","Corruption","Bigotry","Independence",6,4,2,4,"vote","harris",NA,2,1,3,"female",41,"multi/non-hisp","bachelors","$85,000 to $99,999","radchange","trustgov","demsatis","ampride","antiest","CA",1,2,4,9,"11/19/2024 21:48"
7510,"brkn",6.75,3,3,2,7,5,6.25,"democracy","Justice system inequality to minorities' export of immigrants, censorship, electoral vote and procedures",0,"democracy","free speech","equality","freedom","liberty",7,7,7,6,"vote","harris",NA,2,1,3,"female",74,"black/non-hisp","bachelors","$35,000 to $39,999","demsatis","antiest","trustgov","radchange","ampride","MO",1,2,2,4,"11/20/2024 10:37"
7511,"kept",5,4,1,4,6,7,6,"Freedom","People can express themselves and move around without restrictions. I mean freedom of speech and choosing where to live.",0,"Freedom","American dream","Economy","Health rights","Human rights",2,6,6,6,"vote","trump",NA,7,5,5,"male",59,"hisp","bachelors","$85,000 to $99,999","antiest","ampride","radchange","trustgov","demsatis","NY",11,1,1,2,"11/19/2024 18:28"
7512,"ctrl",5,4,2,6,2,6,4.33333333333333,"freedom of speach","The ability to speak ones mind without fear of government retaliation or persecution within defined limits",0,"freedom of speach","freedom of religion","Right to Vote","trial by jury","Freedom of Press",2,7,5,6,"vote","other","Giant Meteorite 2024",5,4,4,"male",59,"white/non-hisp","some coll","$85,000 to $99,999","ampride","radchange","antiest","demsatis","trustgov","CT",13,1,1,1,"11/20/2024 16:52"
7516,"brkn",4.5,4,2,3,6,6,5.5,"Personal liberty","Excessive unnecessary government regulations are stifling the population. The federal government has swelled to a bloated overpowerful nanny state. It tries to regulate how people think and interact. It tries to force socialistic values on all persons equally. A good example is the baker who did not want to bake a cake celebrating a gay marriage. Would the government force a Jewish baker to bake a cake celebrating Nazi powers?  The free market should be allowed to flourish without oppressive government regulation.",0,"Personal liberty","Freedom from oppression","Limited government","Freedom of speech","Right to bear arms",2,6,4,6,"vote","trump",NA,5,4,4,"male",66,"white/non-hisp","masters","$200,000 or more","radchange","ampride","antiest","demsatis","trustgov","FL",1,7,3,5,"11/19/2024 18:16"
7519,"kept",4.75,5,4,1,7,4,5.25,"Freedom of speech","This is one of the only country where people can speak openly about politics, religion and any subject without being reprehended. That’s why many people from other communist countries try to migrate here",0,"Freedom of speech","Independence","Equality","Directness","Informality",5,3,6,5,"vote","trump",NA,4,3,3,"female",53,"hisp","HS","$40,000 to $49,999","antiest","demsatis","ampride","radchange","trustgov","FL",12,6,3,5,"11/20/2024 14:49"
7521,"kept",4.25,2,3,5,2,5,3.75,"Freedom of religion","Separation of church and state at all levels of government. Allowing all faiths to practice their religion freely and without oppression.",0,"Freedom of religion","Freedom of speech","Freedom of choice","Equal opportunities","Equal justice",7,6,1,3,"vote","harris",NA,1,1,3,"female",43,"black/non-hisp","masters","$100,000 to $124,999","ampride","trustgov","antiest","radchange","demsatis","HI",12,1,4,9,"11/22/2024 10:44"
7532,"kept",5,4,4,3,4,4,4.33333333333333,"Freedom","It allows the free expression of ideas and permits its citizens to protest against it if they desire. You may practice any religion or abstain from it if you choose.",0,"Freedom","Democracy","Independence","Sovreignty","Safety",5,5,5,5,"vote","trump",NA,5,4,4,"male",24,"white/non-hisp","HS","$60,000 to $74,999","antiest","demsatis","ampride","radchange","trustgov","NC",10,1,3,5,"11/24/2024 16:02"
7546,"kept",5.75,2,1,1,5,7,5.91666666666667,"Freedom","People should be free to make their own choices and be able to live life in a fair safe society wi th a trusting government",0,"Freedom","Safety","Justice","Fairness","Unity",5,5,6,7,"vote","trump",NA,7,5,3,"female",37,"white/non-hisp","masters","$75,000 to $84,999","demsatis","ampride","antiest","trustgov","radchange","NY",11,6,1,2,"11/22/2024 7:58"
7550,"brkn",7,1,1,1,7,7,7,"Freedom from religion","It's being taken away.  But we must have not only freedom of religion but also freedom from religion",0,"Freedom from religion","Freedom to assemble","Freedom of speech","Accept immigrants","Checks and balances",7,7,7,7,"vote","harris",NA,2,1,1,"male",43,"black/non-hisp","some coll","$25,000 to $29,999","antiest","ampride","trustgov","radchange","demsatis","DE",9,1,3,5,"11/20/2024 11:22"
7560,"ctrl",5,4,4,4,3,4,4,"Liberty","The freedom of speech, thought, and expression, as long as it doesn't infringe on others' rights....",0,"Individualism","Equality","Diversity","Unity","Liberty",5,5,6,4,"vote","trump",NA,5,4,3,"male",38,"white/non-hisp","some coll","$60,000 to $74,999","demsatis","radchange","ampride","trustgov","antiest","PA",12,1,1,2,"11/20/2024 9:31"
7568,"ctrl",4.25,4,4,3,3,4,3.75,"Fair justice system","Everyone should be treated equally under the law regardless of race, sex, or economic status. Everyone should be able to have a jury of their peers and legal representation.",0,"Right to vote","Religious choices","Fair justice system","Equal Job Opportunity","Access to Housing",5,4,5,3,"vote","harris",NA,2,1,3,"male",71,"white/non-hisp","some coll","$125,000 to $149,999","trustgov","ampride","demsatis","antiest","radchange","MI",12,5,2,3,"11/19/2024 18:40"
7571,"kept",4.25,2,4,1,7,4,5.08333333333333,"Freedom","The ability of citizens and residents to think and act the way they want without interference from the government.",0,"Freedom","Democracy","Integrity","Hope","Capitalism",7,2,2,6,"vote","harris",NA,1,1,1,"male",62,"white/non-hisp","masters","$200,000 or more","trustgov","radchange","antiest","demsatis","ampride","MN",10,5,2,4,"11/22/2024 6:05"
7580,"brkn",5.5,5,4,4,7,4,5.5,"Freedom","It's seems that they are trying to control us of what we do . They are trying to control women on what they should do with their bodies .",0,"Freedom","Unity","Equality","Respect","Liberty",7,7,7,1,"vote","harris",NA,2,1,3,"male",54,"hisp","HS","$25,000 to $29,999","antiest","radchange","ampride","demsatis","trustgov","CA",12,4,4,9,"11/24/2024 22:10"
7590,"ctrl",5,2,2,1,7,6,6,"freedom","The ability to live life in a way that is genuine for you and your chosen way of human expression without judgment.",0,"freedom","independence","prosperity","teamwork","privacy",7,5,5,3,"vote","harris",NA,2,1,2,"female",33,"hisp","masters","$60,000 to $74,999","ampride","antiest","trustgov","demsatis","radchange","CO",5,1,4,8,"11/22/2024 14:38"
7601,"ctrl",5.25,5,7,7,6,1,4.08333333333333,"Since its independence and onwards, the formation of the United States as a sovereign country was based on a number of values, all of which were enshrined in the constitution. This document has evolved since it was first written.  When it comes to the PROMISE of the United States, what do you think are the values that this country stands for?  Please list FIVE values.","Since its independence, the United States has been built on values such as freedom, democracy, equality, justice, and opportunity, all of which are embedded in the Constitution and have guided the nation's evolution. These principles reflect the country's commitment to individual rights, participation in governance, fairness, and the belief in the potential for upward mobility for all citizens.",0,"Since its independence and onwards, the formation of the United States as a sovereign country was based on a number of values, all of which were enshrined in the constitution. This document has evolved since it was first written.  When it comes to the PROMISE of the United States, what do you think are the values that this country stands for?  Please list FIVE values.","Freedom: The United States has long prioritized individual liberties and freedoms, such as freedom of speech, religion, and the press, as enshrined in the Bill of Rights. The promise of freedom is a fundamental aspect of American identity.","Democracy: The U.S. government is founded on the principle of democracy, where power rests with the people. This includes the right to vote, participate in government, and influence policy decisions through a representative system.","Equality: The ideal of equality, particularly in terms of opportunity, has been a key promise, though its full realization has been an ongoing struggle. The U.S. strives to offer equal rights to all citizens, regardless of race, gender, religion, or background, as reflected in constitutional amendments and civil rights movements.","Justice: The United States emphasizes the rule of law and justice through an independent judiciary, legal protections, and a commitment to ensuring fairness for all individuals, as promised in the Constitution.",7,6,5,3,"vote","trump",NA,5,4,3,"female",38,"black/non-hisp","HS","$15,000 to $19,999","antiest","trustgov","ampride","radchange","demsatis","CA",12,4,4,9,"11/19/2024 23:14"
7602,"brkn",4,4,1,1,5,7,5.33333333333333,"Democracy","Freedom and rights are easily taken away from minorities. I have nothing more to add to this statement.",0,"Equality","Liberty","Democracy","Individualism","Diversity",4,4,4,4,"vote","harris",NA,2,1,3,"male",49,"hisp","some coll","$30,000 to $34,999","demsatis","radchange","antiest","ampride","trustgov","IL",11,1,2,3,"11/20/2024 19:35"
7606,"kept",4.75,5,2,2,5,6,5.25,"Freedom","America was built on the promise of freedom.  But the promise is only good if it is kept.   Has America truly kept this promise?",0,"Freedom","Equal rights","Prosperity to all","Protect rights","Strive for success",5,5,5,4,"no vote",NA,NA,7,5,4,"female",60,"white/non-hisp","some coll","$40,000 to $49,999","radchange","trustgov","antiest","demsatis","ampride","MO",1,1,2,4,"11/23/2024 14:02"
7607,"ctrl",5.25,5,3,4,4,5,4.75,"Truth","Just the facts please use metrics for everything why this has to be 100 characters is ? Metrics, not political pandering and wasting away…",0,"Truth","Justice","Equity","Inclusion","Diversity",6,7,6,2,"vote","harris",NA,4,3,3,"male",73,"white/non-hisp","some coll","$85,000 to $99,999","demsatis","antiest","ampride","trustgov","radchange","CA",11,2,4,9,"11/22/2024 8:18"
7608,"brkn",5.75,5,3,2,5,5,5.25,"Freedom of religion, speech, assembly","Many protests are being stopped and protesters are arrested. Times have changed and a lot of innocent protests become opportunities for violence and destruction.",0,"Freedom of religion, speech, assembly","Right to bear arms.","Outlaw slavery.","Right to vote.","Right to counsel.",5,7,6,5,"vote","trump",NA,6,5,3,"male",50,"hisp","some coll","$100,000 to $124,999","trustgov","demsatis","ampride","antiest","radchange","IL",1,1,2,3,"11/27/2024 10:17"
7609,"ctrl",4.5,4,4,4,5,4,4.5,"Respect","Treating people how you want to be treated. Respecting those who respect you and honor how you feel about each other",0,"Love","Honor","Respect","Loyalty","Promise",4,6,4,4,"vote","harris",NA,2,1,4,"female",32,"black/non-hisp","HS","$10,000 to $14,999","antiest","radchange","demsatis","trustgov","ampride","LA",12,4,3,7,"11/20/2024 17:59"
7613,"kept",5.5,4,1,3,6,7,6.16666666666667,"Freedom of religion","Any one in the us can choose their religion but people still judge no matter what. The only religion that I know has stipulations is mormons that is not accepted in the us",0,"Freedom of religion","Freedom of speech","Frredom to bear arms","Freedom of taxation","Freedom to equal rights",5,5,5,7,"vote","trump",NA,7,5,3,"male",43,"white/non-hisp","some coll","$125,000 to $149,999","ampride","radchange","antiest","demsatis","trustgov","LA",1,1,3,7,"11/22/2024 8:03"
7614,"ctrl",4.25,4,5,2,2,3,3.08333333333333,"freedom","The ability to question the government, and add input into how it funcitons.  The ability to hold our representatives to account through elections.",0,"equality","freedom","strong defense","Democracy","World stewards",5,4,5,3,"vote","harris",NA,1,1,3,"male",67,"hisp","some coll","$60,000 to $74,999","trustgov","ampride","demsatis","radchange","antiest","VA",12,5,3,5,"11/20/2024 10:32"
7625,"brkn",4.25,1,3,2,2,5,3.75,"Free speech","Social media has led to massive misinformation. Poor education has led to a dramatically u educated public that cannot distinguish between reality and lies. Freedom of speech is now considered to be ability to yell fire in a crowded theatre.",0,"Free speech","Freedom to vote","Promise of mobility","Freedom of religion","Freedom of choice",6,3,2,6,"vote","harris",NA,1,1,3,"female",65,"white/non-hisp","masters","$75,000 to $84,999","ampride","radchange","antiest","trustgov","demsatis","CA",5,5,4,9,"11/19/2024 15:02"
7640,"brkn",6.25,3,1,5,1,7,4.75,"Freedom from tyranny","The US has decided to censor the speech of anyone who does not think the same way as the group who is the loudest.",0,"Rule of law","Freedom of speech","Freedom to travel uninhibited","Choice","Freedom from tyranny",6,6,6,7,"no vote",NA,NA,5,4,3,"male",56,"white/non-hisp","HS","$40,000 to $49,999","demsatis","radchange","trustgov","antiest","ampride","SD",12,1,2,4,"11/21/2024 19:18"
7644,"brkn",5.75,4,4,3,6,4,5.25,"Democracy","Most politicians are corrupted and self serving, not truly serving their peoples interests. It’s become a hostile political environment.",0,"Freedom of speech","Freedom of religion","Democracy","Hard working","Materialism",6,6,6,5,"vote","harris",NA,4,3,3,"female",44,"white/non-hisp","bachelors","$85,000 to $99,999","demsatis","ampride","radchange","trustgov","antiest","OH",1,1,2,3,"11/22/2024 7:25"
7646,"ctrl",6.5,2,1,1,6,7,6.5,"Freedom of speech","The ability to speak your mind about any topic and not get censored. Though, nowadays it seems like certain individuals would like it if this was ignored.",0,"Freedom of speech","Freedom of religion","Pursuit of happiness","McDonald's nuggets","Being surrounded by rednecks",7,7,5,7,"no vote",NA,NA,3,2,2,"male",21,"hisp","HS","$10,000 to $14,999","radchange","demsatis","antiest","trustgov","ampride","TX",10,4,3,7,"11/21/2024 22:37"
7647,"kept",4.75,2,4,3,4,4,4.25,"Equality","A country built on laws for all individuals. No exceptons for sex, race, religion, origin or ancestry.",0,"Freedom","Equality","Justice","Democracy","Good Government",5,5,5,4,"no vote",NA,NA,4,3,3,"male",59,"white/non-hisp","bachelors","$150,000 to $174,999","antiest","trustgov","radchange","demsatis","ampride","FL",1,2,3,5,"11/19/2024 18:11"
7663,"brkn",5.25,3,4,3,5,4,4.75,"Constitution","Equal rights were Spirit month people on wavery law-enforcement military poor people not having equal rights an access to normal services",0,"Freedom","Constitution","The people","Right to arms","Freedom of speech",5,6,6,4,"vote","harris",NA,2,1,3,"male",74,"black/non-hisp","some coll","$25,000 to $29,999","demsatis","antiest","trustgov","ampride","radchange","FL",1,1,3,5,"11/20/2024 8:01"
7672,"kept",6.75,1,2,2,7,6,6.58333333333333,"Freedom","I think we talk about it a lot, but maybe we aren't really as free as we think we are.  Too much government interference where it's not wanted. Parties in power say they're all about freedom but constantly try to ban one thing or another.",0,"Freedom","Independence","Equality","Progress","Privacy",7,7,7,6,"vote","harris",NA,3,2,2,"female",45,"white/non-hisp","some coll","$40,000 to $49,999","demsatis","antiest","ampride","trustgov","radchange","NE",9,1,2,4,"11/19/2024 20:10"
7693,"brkn",5.25,5,3,1,6,5,5.41666666666667,"Right to freedom","I believe that the right of freedom is still carried out today in America's society. But the Constitution was written for the American people not illegal aliens. They feel they have the right to come over here illegally and have freedom too. I think that all foreign people that did not take the pepper steps should be deported back to their country. I also feel that the people that took the correct steps in becoming citizens should be able to speak fluently in English and if they can't then they should not be allowed here as well. Our freedom rights are being taken away slowly because the federal government (democrats) are trying to make this a communist country and we the people need to stand up for what's right and not allow that. We have just as much say as the government and the Senate.",0,"Right to freedom","Freedom of speech","Right to bear weapons","Right to religion","No illegal search and seizure",5,6,4,6,"vote","trump",NA,7,5,5,"female",51,"hisp","less HS","$20,000 to $24,999","antiest","radchange","ampride","trustgov","demsatis","IN",12,2,2,3,"11/20/2024 8:15"
7700,"kept",3.5,4,3,1,6,5,4.83333333333333,"Respect","By coming together as one. By stop fighting one another and solving problems together raiding our kids to be the best they can be",0,"Compassion","Acceptance","Accountability","Achievement","Respect",1,6,6,1,"no vote",NA,NA,4,3,3,"female",25,"black/non-hisp","less HS","$35,000 to $39,999","trustgov","radchange","ampride","antiest","demsatis","MI",1,2,2,3,"11/22/2024 22:33"
7706,"kept",3.75,3,7,4,7,1,3.91666666666667,"Integrity","I don’t know the United States really hasn’t shown any in the past couple years but I hope the future changes that soon.",0,"Integrity","Courage","Loyalty","Value","Love",4,3,4,4,"no vote",NA,NA,6,5,4,"female",33,"white/non-hisp","bachelors","$60,000 to $74,999","radchange","demsatis","ampride","trustgov","antiest","MO",11,1,2,4,"11/25/2024 17:36"
7710,"ctrl",6.25,5,1,3,5,7,6.08333333333333,"Independence","To live free and do what I want and not be controlled by someone else. That is the American dream to so many others.",0,"Freedom of speech","Independence","Liberty","Equality","Justice",5,6,7,7,"vote","trump",NA,6,5,4,"female",58,"white/non-hisp","HS","$125,000 to $149,999","antiest","demsatis","trustgov","ampride","radchange","NY",2,1,1,2,"11/19/2024 20:38"
7720,"kept",4,3,2,2,6,6,5.33333333333333,"Freedom","The US is living up to its promise of freedom through freedom of speech, liberties, open markets, financial freedoms. US citizens also has the right to bear arms and vote for our public officials.",0,"Freedom","Right to vote","Equality","Religion","Right to bear arms",5,3,3,5,"vote","trump",NA,2,1,3,"female",51,"white/non-hisp","some coll","$85,000 to $99,999","demsatis","antiest","trustgov","ampride","radchange","MA",2,1,1,1,"11/23/2024 9:56"
7723,"brkn",3.75,5,4,6,4,4,3.91666666666667,"Honesty","Our president is about to get the USA on a war that will be hard on the American people Our president has said that we wouldn’t put our military on the ground but he has done that already,I pray that the next president will be more trustworthy and truthful for the American people.",0,"Honesty","Truth","Hard work","Treat people equally","Teach your children well",4,5,4,2,"vote","other","I was going to vote for Robert Kenndy",4,3,3,"male",73,"hisp","HS","$40,000 to $49,999","ampride","trustgov","antiest","radchange","demsatis","TX",1,5,3,7,"11/19/2024 18:49"
7725,"brkn",5.75,1,2,1,6,6,5.91666666666667,"Freedom","We segregate by age, race, financial class, sexual identity and gender. Certain people aren't free to live as they want.",0,"Freedom","Integrity","Safety","Leader","Independence",7,5,5,6,"vote","harris",NA,1,1,1,"male",20,"white/non-hisp","HS","$100,000 to $124,999","demsatis","radchange","trustgov","antiest","ampride","KY",9,1,3,6,"11/21/2024 3:23"
7727,"kept",4.5,5,2,2,7,6,5.83333333333333,"Right to bear arms","Make my day law: if you break into my house I will shoot you.
If the government tries to confiscate our arms, we can resist.",0,"Pursuit of happiness","Freedom of religion","Freedom of speech","Freedom to love","Right to bear arms",1,5,5,7,"vote","trump",NA,7,5,5,"male",74,"white/non-hisp","some coll","$40,000 to $49,999","trustgov","ampride","radchange","demsatis","antiest","OK",1,5,3,7,"11/23/2024 4:35"
7731,"ctrl",4.25,2,3,5,5,5,4.75,"freedom","the ability to do, be, say, and follow whomever and whatever you want without the fear of persecution",0,"freedom","independence","sovereignty","democratic representation","equality",5,4,3,5,"vote","harris",NA,3,2,3,"female",41,"white/non-hisp","bachelors","$150,000 to $174,999","antiest","trustgov","radchange","demsatis","ampride","CA",10,2,4,9,"11/20/2024 8:46"
7735,"kept",4,1,2,4,7,6,5.66666666666667,"honest","I do not think it is being carried out today. I cannot think of anything specifically to say at this time.",0,"fair","honest","trustworthy","equality","just",4,4,4,4,"no vote",NA,NA,4,3,NA,"female",64,"white/non-hisp","HS","$25,000 to $29,999","antiest","radchange","demsatis","ampride","trustgov","CA",1,1,4,9,"11/20/2024 13:07"
7737,"kept",4,4,4,4,4,4,4,"Life","There really is nonexistent for you and me to get a head or to even make it to the next level in life",0,"Family","Friends","Kids","School","Life",4,4,4,4,"vote","trump",NA,4,3,3,"female",36,"black/non-hisp","HS","$30,000 to $34,999","antiest","radchange","trustgov","ampride","demsatis","LA",1,3,3,7,"11/22/2024 13:50"
7745,"brkn",4.5,2,4,2,5,4,4.5,"Freedom","Not respecting women’s and immigrant rights including mass deportation and overturning Roe versus Wade",0,"Family","Happiness","Freedom","Liberty","Safety",6,5,4,3,"vote","harris",NA,1,1,1,"male",31,"multi/non-hisp","some coll","$75,000 to $84,999","antiest","demsatis","ampride","radchange","trustgov","SC",10,1,3,5,"11/22/2024 7:49"
7762,"ctrl",4.75,5,4,3,5,4,4.58333333333333,"Freedom of speech","The abilty to speak your mind without repurcution.  Speak out against those in power.  Speak your beliefs",0,"Freedom of religion","Bare arms","Own my home","Freedom of speech","Right to vote",4,5,5,5,"no vote",NA,NA,7,5,5,"male",50,"white/non-hisp","some coll","$35,000 to $39,999","antiest","demsatis","radchange","trustgov","ampride","TN",12,1,3,6,"11/28/2024 17:18"
7773,"brkn",7,3,3,2,7,5,6.33333333333333,"Opportunity","Hard to get a head without having experience in certain fields.   If you can never get a job in a field of interest because you don’t have experience. How does the US expect me to get the experience!",0,"Freedom","Opportunity","Diversity","Power","Helpful",7,7,7,7,"vote","trump",NA,7,5,5,"female",56,"hisp","less HS","$100,000 to $124,999","trustgov","radchange","demsatis","antiest","ampride","CA",2,1,4,9,"11/19/2024 21:01"
7775,"ctrl",6,3,2,6,4,6,5.33333333333333,"Freedom","Freedom of speech, religion, and choice. The government can not control what we say, what we believe in and they can't tell us what to do with our bodies or property unless it is harmful to others.",0,"Freedom","Justice","Family","Prosperity","Happy",6,6,6,6,"no vote",NA,NA,2,1,3,"female",30,"white/non-hisp","bachelors","$35,000 to $39,999","demsatis","radchange","ampride","trustgov","antiest","FL",11,1,3,5,"11/20/2024 16:07"
7777,"ctrl",3.75,3,5,4,5,3,3.91666666666667,"Freedom","It is that people living in this country are free to express their ideas and free do what they want if it is not against the law. And all people should have equal  opportunity to access resources that are available.",0,"Freedom","Wealth","Responsibilty","Opportunity","Democracy",3,5,4,3,"no vote",NA,NA,5,4,3,"male",46,"asian/non-hisp","masters","$100,000 to $124,999","antiest","ampride","trustgov","radchange","demsatis","NY",7,1,1,2,"11/19/2024 18:10"
7781,"brkn",7,1,1,1,7,7,7,"Welfare","It seems to me that is leaving out the middle class and lower classes when it is considering growth.  The phrase ""The rich get richer and the get poorer"" feels painfully true.",0,"Education","Welfare","Money","Safety","Power",7,7,7,7,"vote","harris",NA,1,1,3,"male",60,"white/non-hisp","some coll","$100,000 to $124,999","trustgov","radchange","antiest","demsatis","ampride","MD",2,5,3,5,"11/23/2024 15:14"
7784,"ctrl",4.5,2,3,3,4,5,4.5,"Equity","I define equity as an equal opportunity for all people in the United States. More than that, I also consider equity as a practice that takes into account history and how the past has affected the present day and what equity looks like now.",0,"Equity","Freedom","Liberty","Humanity","Happiness",5,5,4,4,"vote","harris",NA,3,2,1,"male",29,"hisp","some coll","$20,000 to $24,999","trustgov","ampride","radchange","antiest","demsatis","CA",11,1,4,9,"11/19/2024 15:51"
7788,"ctrl",3.75,5,4,3,3,4,3.58333333333333,"Honesty","Telling the truth. Not trying to manipulate situations to fit your goals. Self introspection on situations",0,"Honesty","Faithful","True to country","Belief in God","Work ethic",3,3,3,6,"vote","trump",NA,7,5,5,"female",70,"white/non-hisp","some coll","$150,000 to $174,999","radchange","ampride","demsatis","antiest","trustgov","AZ",2,5,4,8,"11/19/2024 16:44"
7789,"ctrl",5.5,2,4,4,5,4,4.83333333333333,"freedom","freeom is being able to do what you want, when you want, within the constraints of what you have available",0,"freedom","choice","opportunity","chance","love",5,7,6,4,"vote","harris",NA,3,2,2,"male",27,"white/non-hisp","bachelors","$100,000 to $124,999","antiest","trustgov","ampride","radchange","demsatis","TX",12,1,3,7,"11/26/2024 13:53"
7793,"kept",4.75,4,4,3,3,4,3.91666666666667,"Freedom of religion","Citizens have the right to pray to, worship and believe whatever they want, acording to the dictates of their own conscience.",0,"Freedom of religion","Freedom of speech","The right to own property","freedom from tyranny","Freedom to travel",5,5,4,5,"vote","other","Marbe Campbell",6,5,4,"male",61,"white/non-hisp","bachelors","$85,000 to $99,999","trustgov","antiest","radchange","ampride","demsatis","UT",3,1,4,8,"11/19/2024 17:18"
7807,"brkn",6,4,2,3,6,6,6,"Independence","It is trying to make us live the way they want us to. They are changing a lot of the things that our country stands for.",0,"Freedom","Independence","Righteousness","Fairness","Courtesy",6,6,6,6,"no vote",NA,NA,4,3,3,"female",43,"white/non-hisp","some coll","$25,000 to $29,999","trustgov","antiest","radchange","demsatis","ampride","MD",12,1,3,5,"11/22/2024 8:08"
7817,"kept",6.25,2,3,1,1,5,4.08333333333333,"Homeless families","Built more tiny homes and family homes. Seniors are suppose to relax make sure you get your benefits. Health insurance companies offer either food stamps or monthly cash for food etc. which I personally know seniors are getting $45-$60 monthly, bi-monthly, or quarterly. With the economy today, there is no indulging.",0,"Homeless families","Keep rapist and pedifiers incarcerated","Gun control/gangs","Seniors need to be taken care of better","Inflation",7,7,7,4,"vote","harris",NA,3,2,3,"female",71,"hisp","some coll","$15,000 to $19,999","trustgov","radchange","ampride","antiest","demsatis","AZ",2,5,4,8,"11/19/2024 16:12"
7821,"brkn",4.5,5,2,2,7,6,5.83333333333333,"Honesty","Political parties changing ideas and loyalties for own personal gain.  More interested in personal gain than national needs",0,"Truth","Faith","Honesty","Faithful","Brave",3,7,6,2,"vote","trump",NA,7,5,5,"female",52,"white/non-hisp","bachelors","$175,000 to $199,999","antiest","ampride","radchange","demsatis","trustgov","LA",12,1,3,7,"11/23/2024 10:32"
7828,"kept",4,3,3,3,3,5,4,"Going the right direction","It's going in the right direction
Satisfied enough
Wouldn't make no changes to anything It's going in the right way",0,"Fair enough","Going the right direction","Good amount","98","98",3,4,5,4,"no vote",NA,NA,4,3,3,"male",34,"white/non-hisp","HS","under $5,000","ampride","radchange","demsatis","antiest","trustgov","CA",12,1,4,9,"11/21/2024 16:51"
7837,"kept",6.75,2,2,3,7,6,6.58333333333333,"Freedom","We still have freedom of speech and freedom to bear arms for the most part. Also we can freely move wherever.",0,"Freedom","Equality","Justice","Family values","No taxes",7,7,7,6,"vote","trump",NA,5,4,3,"male",38,"hisp","HS","$60,000 to $74,999","trustgov","demsatis","radchange","antiest","ampride","KS",12,2,2,4,"11/25/2024 12:11"
7843,"kept",4,3,3,2,7,5,5.33333333333333,"Freedom","Freedom for all regardless of race or political affiliation. The United States welcomes all to live in a free nation that is governed but does not discriminate. We are free to worship our Lord and Savior.",0,"Freedom","Liberty","Equal rights","Justice","Opportunity",1,5,5,5,"vote","trump",NA,7,5,5,"female",70,"white/non-hisp","HS","$50,000 to $59,999","radchange","trustgov","ampride","demsatis","antiest","DE",12,2,3,5,"11/19/2024 18:47"
7846,"kept",3.25,4,4,4,5,4,4.08333333333333,"Freedom","Fiest amendment protects our freedom of speech, other amendments protects our freedom of various choices",0,"Freedom","Independence","Freedom","Variety","Individuality",4,3,3,3,"no vote",NA,NA,2,1,3,"female",39,"white/non-hisp","masters","$125,000 to $149,999","antiest","demsatis","ampride","radchange","trustgov","NY",1,7,1,2,"11/20/2024 21:31"
7856,"ctrl",3.25,5,3,NA,2,5,3.41666666666667,"All people created equal","No discrimination against all persons due to race, religion, this is reflected in the opening stance of the constitution we the people.",0,"Free speech","Right to bare arms","Freedom","All people created equal","Inalienable rights",4,3,2,4,"vote","trump",NA,6,5,3,"male",75,"white/non-hisp","some coll","$125,000 to $149,999","demsatis","antiest","ampride","trustgov","radchange","CA",2,5,4,9,"11/19/2024 16:18"
7860,"brkn",5.75,5,2,3,3,6,4.91666666666667,"Liberty","There have been many instances recently of Illegal prosecutions for constitutionally protected speech, such as many of the January 6 protestors and pro choice activists. . Politiclal targeting of individuals, the most obvious of which is Donald Trump, for non-crimes. Other examples of DAs and AGs refusing to prosecute certain criminals and crimes.",0,"Freedom","Liberty","Self Determination","Personal Responsibility","Equal Protection under the law",3,7,7,6,"vote","trump",NA,5,4,5,"male",49,"white/non-hisp","bachelors","$125,000 to $149,999","demsatis","trustgov","antiest","ampride","radchange","MA",2,1,1,1,"11/20/2024 12:12"
7862,"ctrl",5,4,4,4,5,4,4.66666666666667,"Freedom","Freedom is the right to act, speak and do as you please without someone controlling you and telling you it is wrong.",0,"Equality","Freedom","Individualism","Efficiency","Work ethics",5,5,6,4,"no vote",NA,NA,3,2,2,"female",34,"white/non-hisp","some coll","$85,000 to $99,999","ampride","antiest","demsatis","radchange","trustgov","MD",2,2,3,5,"11/19/2024 19:59"
7864,"ctrl",4.25,3,3,2,6,5,5.08333333333333,"Liberty","Liberty: Freedom; the power of acting as one thinks fit, without any restraint or control, except from the laws of nature and the safety or well-being of the general Public.",0,"Common Defense","Liberty","Domestic General Welfare","Justice","Tranquilty",6,5,3,3,"vote","trump",NA,6,5,3,"male",79,"white/non-hisp","some coll","$100,000 to $124,999","trustgov","antiest","radchange","ampride","demsatis","MO",3,5,2,4,"11/20/2024 14:39"
7868,"kept",7,3,1,4,7,7,7,"Money","Raising taxes and also raising the cost of living and raising the prices of food and personal items.",0,"Money","Power","Monetary union","Monetary value","Control",7,7,7,7,"no vote",NA,NA,4,3,5,"female",30,"black/non-hisp","bachelors","$40,000 to $49,999","radchange","antiest","trustgov","ampride","demsatis","NC",12,1,3,5,"11/20/2024 16:56"
7879,"brkn",6,1,2,1,6,6,6,"inclusion","Racial injustice continues to exist in this country. The powerful continues to restrict voting rights. The rich have unfair access to politicians and influence the laws governing this country.",0,"Equality","inclusion","Freedom of religion","Free choice","Freedom of speech",7,6,6,5,"vote","harris",NA,1,1,2,"female",77,"black/non-hisp","some coll","$85,000 to $99,999","ampride","demsatis","radchange","antiest","trustgov","PA",2,5,1,2,"11/19/2024 21:33"
7884,"kept",5.75,1,1,1,7,7,6.58333333333333,"Fredom","Speach relocate travel vote ability to accumulate wealth share opinions receive justice laws that protect me",0,"Fredom","Heaalth","Inclusion","Honesty","Carong",6,6,4,7,"no vote",NA,NA,5,4,3,"male",80,"white/non-hisp","some coll","$50,000 to $59,999","demsatis","ampride","radchange","antiest","trustgov","GA",9,5,3,5,"11/20/2024 9:03"
7885,"ctrl",5.25,4,2,3,5,6,5.41666666666667,"Freedom for all","I believe in the Bill of Rights of the United States Constitution. As a human being, everyone should afforded basic rights.  Each US citizen of the United States should have the right to make decisions about what's important to them. I believe the pledge of allegiance sums, it all up.",0,"Democracy","Equal rights","Freedom for all","Separation of power","Opportunity for all",5,5,5,6,"vote","harris",NA,2,1,3,"female",59,"black/non-hisp","bachelors","$85,000 to $99,999","antiest","demsatis","trustgov","ampride","radchange","CA",12,5,4,9,"11/20/2024 11:03"
7886,"ctrl",4,3,3,4,4,5,4.33333333333333,"Freedom","Free choices without consequences including religious, sexuality, family choices, & other ways of living.",0,"Freedom","Access to Healthcare","safe food & water","Equality","Social security",4,4,4,4,"vote","trump",NA,4,3,3,"male",21,"white/non-hisp","HS","under $5,000","ampride","trustgov","radchange","demsatis","antiest","IL",12,1,2,3,"11/22/2024 15:43"
7887,"brkn",6,2,2,6,5,6,5.66666666666667,"Freedom","The biggest aspect in which the U.S. is not living up to the promise of freedom is in regards to abortion. Abortion is not illegal in every state but it is illegal in several and that is a hindrance to freedom. A woman should not be forced to carry a child to term if she does not want to and it should not be a crime for her not to want that child. I don't personally believe in abortion but America is meant to be a free country and that is a right which no one should have the power to take away especially given the terrible circumstances in which some women become pregnant.",0,"Freedom","Equality","Opportunity","Respect of individuals","Unity with diversity",6,6,6,6,"vote","trump",NA,5,4,3,"female",19,"white/non-hisp","less HS","$10,000 to $14,999","trustgov","ampride","antiest","radchange","demsatis","GA",12,1,3,5,"11/21/2024 10:55"
7888,"ctrl",4.75,3,2,2,3,6,4.58333333333333,"Freedom Of Speech","Being able to say what you want. Being able to correspond what you want with out being censored. Being able to voice your opinion in different formats",0,"Freedom Of Speech","Freedom Of Religion","Freedom Of The Press","Freedom Of Travel","Freedom Of Ethnic Acceptance",6,5,5,3,"vote","harris",NA,1,1,3,"male",72,"white/non-hisp","bachelors","$85,000 to $99,999","antiest","demsatis","radchange","ampride","trustgov","NC",5,5,3,5,"11/19/2024 20:25"
7889,"kept",5.5,3,3,3,5,5,5.16666666666667,"Independance","Free from any monarchy or dictatorship.  Democratic government with free elections where the majority rules.",0,"People are equal","Religious freedom","Liberty","Pursuit of happiness","Independance",6,5,5,6,"vote","harris",NA,3,2,3,"female",68,"white/non-hisp","masters","$125,000 to $149,999","demsatis","trustgov","antiest","radchange","ampride","WI",1,5,2,3,"11/19/2024 17:24"
7891,"kept",3.25,4,4,5,4,4,3.75,"God","Help people understand the importance of why God should be above all things in life to ensure all the other values",0,"Moral","Respe t","Care","Life","God",2,3,4,4,"no vote",NA,NA,2,1,3,"male",56,"black/non-hisp","some coll","$85,000 to $99,999","ampride","antiest","radchange","demsatis","trustgov","AL",1,1,3,6,"11/19/2024 17:04"
7893,"ctrl",7,1,1,1,7,7,7,"Money","The thing that controls all of our lives! We can’t live without it and can’t live with it. It is the staple of this country",0,"Money","Money","Money","Money","Money",7,7,7,7,"vote","harris",NA,1,1,1,"female",25,"white/non-hisp","bachelors","$30,000 to $34,999","ampride","demsatis","trustgov","radchange","antiest","AZ",11,1,4,8,"11/19/2024 18:27"
7894,"brkn",5.25,5,4,6,5,4,4.75,"Free speech","There’s a difference of free speech and stepping on another's rights. We allow to much of this and abuse the right to free speech",0,"Free speech","Freedom of religion","Right to a fair trial","Right to protect myself","Freedom to prosper",5,5,6,5,"vote","trump",NA,7,5,5,"male",64,"white/non-hisp","some coll","$60,000 to $74,999","radchange","antiest","demsatis","ampride","trustgov","MO",1,2,2,4,"11/22/2024 10:14"
7895,"brkn",6.75,3,1,2,7,7,6.91666666666667,"Equality for all","A lot of laws that were put in place to protect people are in dance oh no longer existing or being mended to fit a certain agenda.",0,"Equality for all","Religious Freedom","Democratic leaders","Fundamental rights to privacy and freedom","Currency",7,7,7,6,"vote","harris",NA,1,1,1,"female",22,"white/non-hisp","some coll","$10,000 to $14,999","radchange","demsatis","trustgov","antiest","ampride","TX",2,1,3,7,"11/23/2024 21:57"
7899,"kept",5.25,4,3,5,5,5,5.08333333333333,"Freedom","Freedom to choice how you live your life.  Freedom to determine how you will grow both emotionally and financially.",0,"Freedom","Justice","Due Process","Fair Elections","Accountability",6,6,5,4,"vote","harris",NA,2,1,3,"male",53,"white/non-hisp","bachelors","$85,000 to $99,999","radchange","demsatis","trustgov","antiest","ampride","MI",10,1,2,3,"11/20/2024 10:56"
7902,"brkn",5.25,2,4,2,4,4,4.41666666666667,"Freedom","The U.S. currently seems to want to strip the rights of freedom from their citizens. A woman’s body should be regulated by the government. Our data is always being ran and used by other companies. We shouldn’t be paid for the work that we do. Owning a house is a privilege not a right. Going to school depends on how much you or your parents make. These things aren’t right and should be accessible to all not those who are privileged. Or white male.",0,"Freedom","Democracy","Brave","Equality","Opportunity",6,5,6,4,"no vote",NA,NA,4,3,3,"male",30,"hisp","some coll","$60,000 to $74,999","demsatis","antiest","trustgov","radchange","ampride","MS",10,1,3,6,"11/22/2024 14:53"
7914,"brkn",7,5,1,1,7,7,7,"love","we boast of love then turn and shun our own. we agree for greed and disagree to cheat in any way if it means financial growth and so called freedom",0,"honor","trust","respect","love","freedom",7,7,7,7,"no vote",NA,NA,4,3,1,"male",30,"white/non-hisp","HS","$30,000 to $34,999","radchange","ampride","antiest","demsatis","trustgov","NJ",2,6,1,2,"11/20/2024 22:46"
7916,"kept",6.25,5,1,1,7,7,6.75,"Freedom","Freedom is the opportunity for anyone to succeed. Hard work and determination, not government give aways",0,"Freedom","truth","self governance","opportunity","limited governnent",4,7,7,7,"vote","trump",NA,5,4,4,"male",60,"white/non-hisp","some coll","$75,000 to $84,999","demsatis","trustgov","antiest","ampride","radchange","MA",1,6,1,1,"11/20/2024 8:34"
7919,"brkn",4.5,5,3,7,5,5,4.83333333333333,"Freedom","There are political factions within factions that somehow want to undermine this value that our forefathers fought and died for. We should be able to do whatever we please to do, whenever and wherever, within reason. As long as we're not harming or obstructing anyone in the process.",0,"Freedom","Life","Property","Family","Pride",3,4,6,5,"vote","trump",NA,5,4,3,"male",24,"multi/non-hisp","HS","$85,000 to $99,999","antiest","radchange","trustgov","demsatis","ampride","CA",9,7,4,9,"11/20/2024 4:28"
7924,"brkn",5.25,4,2,5,5,6,5.41666666666667,"Christian nation","Our nation is politically divided. There is hatred and discord in our younger generation. We need God back in our nation.",0,"Christian nation","Honor","Leadership","Caring","Integrity",5,6,6,4,"vote","trump",NA,5,4,4,"male",35,"other/non-hisp","some coll","$60,000 to $74,999","ampride","radchange","demsatis","antiest","trustgov","OK",1,1,3,7,"11/22/2024 14:05"
7927,"brkn",4,NA,4,4,4,4,4,"Basic Human Rights","I believe that all human institutions have flaws. The U.S. is limited in its ability to fulfill any promises, as all humans are limited in what they can bring to fruition. I have no way of knowing, with certainty, what particular ways in which the U.S. is NOT living up to its promises and so cannot express a particular viewpoint.",0,"Free Speech","Freedom of worship","Basic Civil Rights","Basic Human Rights","Fair Enterprise",4,4,4,4,"no vote",NA,NA,4,3,NA,"female",39,"black/non-hisp","HS","$20,000 to $24,999","trustgov","ampride","antiest","demsatis","radchange","MD",1,1,3,5,"11/19/2024 19:35"
7929,"brkn",4.75,4,4,2,3,4,3.91666666666667,"Democracy","With President-elect Donald Trump planning to demolish the constitution and democracy. He is planning to destroy all of that.",0,"Truth","Law abiding","Democracy","Love of country","Freedom of speech",4,5,5,5,"vote","harris",NA,1,1,3,"female",64,"white/non-hisp","HS","$100,000 to $124,999","antiest","trustgov","ampride","radchange","demsatis","WA",12,1,4,9,"11/19/2024 19:16"
7930,"kept",4.25,3,2,4,3,6,4.41666666666667,"Democracy","Free and fair elections, checks and balances, freedom of speech and press, peaceful transitions of power.",0,"Democracy","Liberty","Equality","Justice","Opportunity",5,5,3,4,"vote","harris",NA,3,2,3,"male",46,"white/non-hisp","some coll","$150,000 to $174,999","ampride","demsatis","trustgov","radchange","antiest","SC",2,1,3,5,"11/19/2024 18:04"
7940,"brkn",4.75,2,3,4,7,5,5.58333333333333,"Democracy","The government is mostly run by rich donors
People in special interest groups can give unlimited amount of money to a candidate or their SuperPAC. The supreme court is blatantly political.",0,"Democracy","freedom of speech","self-governing","life, liberty and the pursuit of happpiness","respect of the population",6,5,4,4,"vote","harris",NA,2,1,3,"male",62,"white/non-hisp","bachelors","$5,000 to $9,999","trustgov","antiest","demsatis","radchange","ampride","WI",1,1,2,3,"11/20/2024 10:37"
7954,"brkn",3.5,4,2,6,2,6,3.83333333333333,"Liberty","Everyone deserves freedom. Freedom to chose leaders, vote, freedom of speech freedom from unlawful search and seizure. Freedom to support the government of our choice",0,"Life","Liberty","Justice for all","The pursuits of happiness","No unlawful search and seizure",5,3,3,3,"vote","trump",NA,6,5,4,"female",67,"white/non-hisp","bachelors","$35,000 to $39,999","ampride","radchange","demsatis","antiest","trustgov","OH",2,5,2,3,"11/19/2024 18:38"
7956,"brkn",6.75,3,2,4,6,6,6.25,"Democracy","The idea that if you work hard you can be successful isn’t as true. So many circumstances and variables are in the way which was the reason people wanted to come to United States.",0,"Diversity","Blue Collar","Freedom","Democracy","Adaptation",7,7,7,6,"vote","harris",NA,1,1,1,"male",31,"hisp","bachelors","$40,000 to $49,999","radchange","trustgov","antiest","demsatis","ampride","TX",2,1,3,7,"11/19/2024 20:18"
7959,"ctrl",4.75,2,4,3,2,4,3.58333333333333,"freedom","Respecting overs even if you disagree, not force your values on to others. Gay, Straight, different ethnic group all allowed to be themselves",0,"immigrant nation","freedom","great melting pot","Voting","divided",6,3,6,4,"vote","harris",NA,3,2,3,"male",51,"hisp","bachelors","$200,000 or more","antiest","demsatis","radchange","trustgov","ampride","WI",9,1,2,3,"11/21/2024 14:07"
7979,"brkn",6.75,5,2,3,5,6,5.91666666666667,"Freedom","I believe my voice is not being heard by the government, who’s more interested in collecting money from big donors and corporations, taking away my freedom to express myself and make a better living for the American people.",0,"Freedom","Equality","Honor","Respect","Independence",6,7,7,7,"vote","harris",NA,4,3,3,"male",57,"hisp","masters","$175,000 to $199,999","trustgov","ampride","radchange","demsatis","antiest","VA",9,1,3,5,"11/21/2024 3:39"
7981,"ctrl",7,1,1,7,7,7,7,"Freedom","Freedom should mean that everyone is entitled to their own opinions without restrictions instead of being forced to live in a society where they are restricted",0,"Freedom","Safety","Wealth","Liberty","Justice",7,7,7,7,"no vote",NA,NA,1,1,1,"male",30,"white/non-hisp","some coll","$35,000 to $39,999","radchange","antiest","trustgov","demsatis","ampride","OH",11,2,2,3,"11/19/2024 22:10"
7982,"kept",5,1,2,1,6,6,5.66666666666667,"Trump has made a mockery of the democracy","He is a convicted felon and is president elect.  A black man with his criminal and moral background would never have been on the ballot.",0,"This country has gone to crap and is full of greed, corruption","This country is full of corruption","This country is full of hatred","This country has no moral values","Trump has made a mockery of the democracy",6,6,2,6,"vote","harris",NA,2,1,3,"female",70,"black/non-hisp","some coll","$100,000 to $124,999","antiest","demsatis","ampride","trustgov","radchange","MI",1,5,2,3,"11/19/2024 20:28"
7987,"kept",5,4,4,6,4,4,4.33333333333333,"Freedom","Freedom of speech, voting pursuit of happiness religion of your choice the right to work right to go to school",0,"Freedom","Speech","Honesty","Equality","Integrity",5,5,5,NA,"no vote",NA,NA,1,1,3,"male",72,"white/non-hisp","some coll","$15,000 to $19,999","radchange","demsatis","antiest","ampride","trustgov","NE",1,5,2,4,"11/19/2024 17:59"
8000,"kept",4.25,5,3,3,7,5,5.41666666666667,"Freedoms","Citizens are not persecuted for their opinions and have the right to peacefully protest to convey things they disagree with.",0,"Freedoms","Government integrity","Rights","Safety","Justice",5,5,4,3,"vote","harris",NA,6,5,3,"female",62,"white/non-hisp","some coll","$200,000 or more","demsatis","trustgov","antiest","ampride","radchange","WI",1,5,2,3,"11/19/2024 19:55"
8005,"brkn",3.5,5,2,3,5,6,4.83333333333333,"Freedom","Censorship of speech and way too many laws. The weaponization of the courts. To many regulations on business and the dishonesty of politicians",0,"Freedom","Integrity","Rule of law","Free speech","Genarousity",2,3,3,6,"vote","trump",NA,7,5,5,"male",65,"white/non-hisp","some coll","$40,000 to $49,999","ampride","demsatis","antiest","radchange","trustgov","AL",1,2,3,6,"11/22/2024 6:58"
8013,"brkn",4.5,2,2,2,6,6,5.5,"Freedom","Not giving women the freedom of choice on their bodies. Failure to prevent people from being discriminated against for religion or color",0,"Freedom","Equality","Representation of all","American dream","Ability to better your circumstances",3,5,4,6,"no vote",NA,NA,2,1,3,"male",35,"white/non-hisp","bachelors","$200,000 or more","trustgov","antiest","ampride","radchange","demsatis","CT",2,1,1,1,"11/20/2024 13:22"
8018,"kept",4.5,4,6,1,1,2,2.5,"Respect","It is failing at this value, which is why the country is in terrible shape 
.  Lack of respect for each other and the earth is bringing us down and will destroy us and the earth.",0,"Rights","Tolerance","Respect","Protect environment","Community",7,6,2,3,"vote","harris",NA,1,1,1,"male",67,"white/non-hisp","masters","$100,000 to $124,999","radchange","trustgov","ampride","demsatis","antiest","MN",2,5,2,4,"11/23/2024 7:26"
8019,"brkn",5.5,5,2,6,1,6,4.16666666666667,"Limited government","Congress has allowed agencies too much power to rule by arbitrary regulation without sufficient oversight or appeal.",0,"Limited government","Equal justice","God given rights","Individual freedom","Consent of governed",5,5,6,6,"vote","trump",NA,7,5,4,"male",67,"white/non-hisp","bachelors","$40,000 to $49,999","demsatis","ampride","trustgov","antiest","radchange","OK",3,5,3,7,"11/21/2024 23:00"
8030,"brkn",7,1,2,1,6,6,6.33333333333333,"Equal rights","Equal rights, are not so equal. White men are in the majority. Being a women, you have to fight for your rights, being a POC you have to fight for your rights, being apart of the LGBTQ+ community you still have to fight for your rights. I can't comprehend why it is this way, still.",0,"Equal rights","All are welcome","The right to safety","The right to freedom","The right to live comfortably",7,7,7,7,"vote","harris",NA,1,1,2,"female",27,"white/non-hisp","some coll","$50,000 to $59,999","trustgov","antiest","ampride","demsatis","radchange","MI",12,1,2,3,"11/21/2024 22:25"
8033,"kept",7,2,1,2,6,7,6.66666666666667,"Right to bear arms","It is not living up to its promise. We are losing our rights every day. It is becoming harder to own a gun.",0,"Freedom","Self govern","Freedom of speech","Right to bear arms","Highest taxes in the world",7,7,7,7,"vote","trump",NA,6,5,3,"male",57,"white/non-hisp","some coll","$150,000 to $174,999","demsatis","trustgov","ampride","antiest","radchange","CA",11,2,4,9,"11/20/2024 15:12"
8034,"kept",3.5,4,3,6,4,5,4.16666666666667,"Freedom","In the fact that we are not a communist nation. While people are trying to control and limit freedoms such as freedom of speech, they are unable to do so.",0,"Truth","Trust","Loyalty","Freedom","Independence",3,3,3,5,"vote","trump",NA,4,3,3,"female",34,"white/non-hisp","masters","$85,000 to $99,999","radchange","demsatis","antiest","ampride","trustgov","NY",11,1,1,2,"11/22/2024 15:59"
8039,"ctrl",5.5,3,2,1,6,6,5.83333333333333,"Land of free speech","Where you Run President say anything about other Candidates and make remarks on their character and their ethic back grounds and criminal history.",0,"Helping other Countries","Using Funds for Wars","Raising taxes high","Criminal activities expose","Land of free speech",7,7,7,1,"vote","trump",NA,5,4,2,"female",66,"black/non-hisp","some coll","$40,000 to $49,999","ampride","trustgov","demsatis","radchange","antiest","CA",12,2,4,9,"11/20/2024 8:19"
8042,"kept",2.75,4,6,3,2,2,2.25,"Literty nd justice for all","I think maybe we have not lived up to this promise. I think America will have a lot of work to do to make sure our society doesn’t suffer",0,"All men are created equal","Literty nd justice for all","City on a hill","Right to cactus","Freedom to speak out against government",2,2,6,1,"vote","trump",NA,6,5,3,"male",31,"white/non-hisp","some coll","$85,000 to $99,999","trustgov","antiest","radchange","ampride","demsatis","MN",12,6,2,4,"11/19/2024 18:16"
8048,"ctrl",4.75,1,4,2,5,4,4.58333333333333,"Freedom","Freedom is the right and responsibility to govern yourself. It is not doing whatever you want with no consequences, nor is it having your most important decisions made for you.",0,"Freedom","Equality","Opportunity","Fairness","Justice",7,6,4,2,"vote","harris",NA,1,1,2,"male",43,"white/non-hisp","bachelors","$60,000 to $74,999","demsatis","radchange","antiest","trustgov","ampride","AZ",3,1,4,8,"11/21/2024 3:39"
8052,"ctrl",5.75,2,1,1,7,7,6.58333333333333,"democratic","able to come together as one to make the country great. I do think we are sorely lacking in this area!",0,"free speech","fair elections","land of the free","democratic","home of the brave",7,6,3,7,"vote","harris",NA,1,1,1,"male",58,"black/non-hisp","some coll","$100,000 to $124,999","demsatis","radchange","trustgov","antiest","ampride","IL",1,1,2,3,"11/21/2024 14:27"
8053,"brkn",6,5,2,2,6,6,6,"Personal freedom","The current administration does not care about our personal freedoms and constitutional rights. They only care about their agenda",0,"Religious freedom","Soveiernty","Christianity","Bear arms","Personal freedom",4,7,7,6,"vote","trump",NA,7,5,4,"female",41,"white/non-hisp","some coll","$50,000 to $59,999","ampride","trustgov","antiest","demsatis","radchange","LA",2,1,3,7,"11/19/2024 16:34"
8055,"brkn",5.25,5,1,4,7,7,6.41666666666667,"freedom","using lawfare during election because the biden harris regime sucks and should not ever be in power..",0,"freedom","equality","freedom","peace","diversity",6,7,7,1,"vote","trump",NA,7,5,5,"male",31,"white/non-hisp","some coll","$50,000 to $59,999","antiest","trustgov","ampride","radchange","demsatis","MA",6,1,1,1,"11/20/2024 8:38"
8060,"kept",4.25,3,4,4,4,4,4.08333333333333,"Liberty","It's hard to say. But overall we have freedom. I really don't know, I hard for Me to explain. I should I put freedom",0,"Life","Liberty","Pursuit of happiness","Created equal","Idk",4,4,4,5,"no vote",NA,NA,2,1,3,"male",42,"white/non-hisp","some coll","$35,000 to $39,999","radchange","trustgov","ampride","demsatis","antiest","CA",1,1,4,9,"11/21/2024 0:39"
8069,"ctrl",5.25,5,3,2,5,5,5.08333333333333,"Freedom of speech","Freedom to say whatever you want even if others disagree or are offended by it provided it doesn’t hurt anyone physically",0,"Freedom of speech","The chance for everyone to get ahead","Freedom to be yourself","Right to fair trials","Freest country",5,4,6,6,"vote","trump",NA,7,5,4,"female",34,"white/non-hisp","some coll","$50,000 to $59,999","radchange","trustgov","antiest","demsatis","ampride","IL",11,2,2,3,"11/19/2024 17:17"
8087,"kept",5.33333333333333,4,2,6,5,6,5.44444444444444,"Protection from foreign aggression","I feel that the current administration has not prioritized this responsibility. Our military needs to be strengthen     and improved.",0,"Freedom of speech","Justice for all","The pursuit of happiness","Freedom of religion","Protection from foreign aggression",NA,6,5,5,"vote","trump",NA,5,4,4,"female",80,"white/non-hisp","masters","$85,000 to $99,999","ampride","radchange","demsatis","trustgov","antiest","MI",12,5,2,3,"11/24/2024 13:17"
8089,"ctrl",4.5,4,2,3,6,6,5.5,"Freedom of Religion","It is very important we all be able to worship where we want to. 
The ability to trust in the ONE God we need to",0,"Freedom of Religion","Freedom of Speech","Able to live where you want","Free education","Security in the work place",2,5,5,6,"vote","trump",NA,7,5,5,"male",40,"white/non-hisp","some coll","$85,000 to $99,999","demsatis","antiest","radchange","trustgov","ampride","OK",12,1,3,7,"11/19/2024 17:06"
8090,"kept",5.33333333333333,3,3,1,5,5,5.11111111111111,"Freedom","We can still hope for institutions and American human decency to hold off tyranny. Maybe the courts will protect us, maybe enough people will hold out.",0,"Freedom","Equality","Justice","Fairness","Opportunity",7,3,NA,6,"vote","harris",NA,1,1,1,"male",73,"white/non-hisp","bachelors","$100,000 to $124,999","demsatis","radchange","antiest","ampride","trustgov","MA",13,5,1,1,"11/19/2024 21:22"
8092,"kept",4,3,3,4,4,5,4.33333333333333,"Freedom","We are believed to have freedom of speech. Foe the most part. Sometimes I question if that is entirely true.",0,"Family","Money","Freedom","Wealth","Community",4,4,4,4,"vote","trump",NA,6,5,3,"female",28,"white/non-hisp","HS","$20,000 to $24,999","trustgov","radchange","ampride","antiest","demsatis","FL",11,1,3,5,"11/20/2024 8:50"
8093,"brkn",3.75,5,4,2,6,4,4.58333333333333,"To be treated as a equal","Some of the people don't get the chance to get a job because of not having a high school dipona. Which I believe that is unfair because I know people can learn on the job training.",0,"Freedom of speech","Right to bear arms","To be treated as a equal","Democratic Government","Justice for all",3,3,4,5,"vote","trump",NA,7,5,5,"female",64,"white/non-hisp","HS","$25,000 to $29,999","trustgov","antiest","ampride","demsatis","radchange","CA",1,2,4,9,"11/19/2024 18:40"
8112,"ctrl",3.75,4,4,6,3,4,3.58333333333333,"liberty","Freedom to be an individual in thought and speech and to live according to your beliefs within the law.",0,"liberty","privacy","opportunity","democracy","saftey",5,3,4,3,"vote","trump",NA,6,5,3,"male",49,"hisp","some coll","$25,000 to $29,999","antiest","trustgov","ampride","radchange","demsatis","CA",12,2,4,9,"11/20/2024 10:33"
8117,"ctrl",5,1,4,2,3,4,4,"Equality","All people are created equal. As such, they each have unalienable rights that will be protected equally under the law.",0,"Freedom","Equality","Rule of Law","Government by the people","Unity",5,6,6,3,"vote","harris",NA,1,1,3,"female",71,"white/non-hisp","masters","$40,000 to $49,999","antiest","radchange","trustgov","ampride","demsatis","NY",2,1,1,2,"11/20/2024 16:31"
8136,"ctrl",5.5,5,1,1,7,7,6.5,"Affordability","Being able to purchase a house and have money left over. Gas prices low as well as groceries. No stresss about money.",0,"Freedom","Ability to follow your dream","Happiness","Safety","Affordability",1,7,7,7,"vote","trump",NA,7,5,5,"male",53,"hisp","some coll","$75,000 to $84,999","demsatis","trustgov","radchange","ampride","antiest","CA",2,1,4,9,"11/19/2024 20:13"
8139,"kept",4,3,4,4,4,4,4,"Equality","Giving everybody a fair chance and letting everyone express themselves without judgement. Freedom of soeech",0,"Control","Change","Time","Equality","Independence",4,4,4,4,"vote","trump",NA,2,1,3,"female",22,"hisp","less HS","$125,000 to $149,999","antiest","trustgov","ampride","radchange","demsatis","NY",2,1,1,2,"11/30/2024 21:17"
8155,"kept",3.5,3,3,4,3,5,3.83333333333333,"Integrity","Us knows to always do the right thing and that is why they support their allies when conflict arises.",0,"Integrity","Honesty","Modesty","Being kind","Loyalty",4,3,3,4,"no vote",NA,NA,5,4,3,"male",26,"hisp","some coll","$85,000 to $99,999","ampride","demsatis","trustgov","antiest","radchange","CA",2,2,4,9,"11/19/2024 15:51"
8163,"ctrl",4.75,4,3,1,7,5,5.58333333333333,"to live in freedom","Freedom says it all in one word! Free speech, freedom to worship, reach for your dreams, freedom from fear.",0,"to live in freedom","value the family","attaining your dreams","have security","worship our God",3,6,4,6,"vote","trump",NA,5,4,5,"female",69,"white/non-hisp","HS","$50,000 to $59,999","trustgov","ampride","radchange","antiest","demsatis","VA",12,2,3,5,"11/19/2024 21:21"
8166,"brkn",3.25,3,4,3,2,4,3.08333333333333,"pursuit of  happiness","There are economic realities which can prevent freedom of happiness including healthcare costs, insurance, education.",0,"pursuit of  happiness","freedom of speech","freedom of the press","freedom of religion","freedom to peaceable assemble",5,3,2,3,"vote","harris",NA,3,2,3,"male",59,"white/non-hisp","masters","$85,000 to $99,999","trustgov","antiest","ampride","demsatis","radchange","IL",1,1,2,3,"11/30/2024 7:30"
8172,"ctrl",4.25,5,2,6,7,6,5.75,"God","The creator of the universe that stands for good and not evil.
God respects mans laws but may not always agree with our limited way of thinking !",0,"God","law","good","less government","world peace",2,5,4,6,"vote","trump",NA,4,3,5,"male",72,"hisp","bachelors","$40,000 to $49,999","ampride","trustgov","antiest","radchange","demsatis","TX",2,5,3,7,"11/19/2024 17:23"
8174,"kept",5.5,4,2,6,5,6,5.5,"Pursuit of happiness","By keeping the environment and places we have happiness at, like going to a lake and enjoying the beautiful day.",0,"Life","Liberty","Pursuit of happiness","Freedom of speech","Right to bear arms",6,3,6,7,"vote","trump",NA,6,5,3,"female",52,"white/non-hisp","some coll","under $5,000","demsatis","antiest","radchange","ampride","trustgov","MN",12,6,2,4,"11/22/2024 12:10"
8192,"ctrl",5.5,1,3,4,4,5,4.83333333333333,"Liberty","Liberty is the freedom for people to worship who they want to worship, love who they want to love, and be who they want to be.",0,"Equality","Accountability","Liberty","Diversity","Democracy",6,5,5,6,"vote","harris",NA,1,1,2,"male",30,"multi/non-hisp","some coll","$60,000 to $74,999","demsatis","trustgov","radchange","antiest","ampride","CA",11,1,4,9,"11/26/2024 1:09"
8193,"kept",6.25,5,4,2,5,4,5.08333333333333,"Independence","Anyone cam strike out and take risks to achieve their dreams or goals. This is a fundamental strategy that is fostered by the united states of America.",0,"Independence","Ingenuity","Capitalism","Competition","Competency",7,7,5,6,"vote","harris",NA,1,1,1,"male",46,"white/non-hisp","bachelors","$100,000 to $124,999","radchange","ampride","demsatis","antiest","trustgov","TN",12,6,3,6,"11/20/2024 21:10"
8196,"kept",6.75,3,2,6,4,6,5.58333333333333,"Liberty","The U. S has made some strides for liberty such as freedom of speech and  religion. It's still much more room for improvement.",0,"Free speech","Independence","Individualism","Law","Liberty",7,7,7,6,"vote","harris",NA,1,1,1,"male",21,"black/non-hisp","some coll","$60,000 to $74,999","ampride","trustgov","radchange","demsatis","antiest","GA",1,1,3,5,"11/20/2024 11:47"
8198,"ctrl",5.5,3,2,3,2,6,4.5,"Opportunity for all","The chance to move ahead for anyone willing to work for it. No one should be held back because of their personal beliefs.",0,"Freedom of speech","Freedom of religion","Free markets","Opportunity for all","Welcome immigrants",7,6,5,4,"vote","harris",NA,1,1,3,"male",62,"white/non-hisp","bachelors","$125,000 to $149,999","demsatis","radchange","trustgov","ampride","antiest","HI",5,1,4,9,"11/19/2024 14:48"
8201,"brkn",7,4,3,7,7,5,6.33333333333333,"Money","It's not living up because this country will always be in debit because the leaders we Americans keep selecting don't be the right choice at all",0,"Money","Tarriffs","Self","Terrorism","Abortion",7,7,7,7,"vote","harris",NA,2,1,3,"male",33,"black/non-hisp","some coll","$50,000 to $59,999","ampride","antiest","trustgov","radchange","demsatis","PA",12,4,1,2,"11/25/2024 13:48"
8205,"ctrl",5.75,5,4,4,6,4,5.25,"life","Life is the God-given right that all human beings share. It is our right that gives us all other rights. Without the right to life, we have no other rights.",0,"checks and balances","federalism","limited government","life","liberty",4,6,7,6,"vote","trump",NA,7,5,4,"male",23,"white/non-hisp","HS","$85,000 to $99,999","trustgov","radchange","antiest","ampride","demsatis","CT",1,1,1,1,"11/19/2024 18:07"
8208,"kept",6.5,4,2,1,6,6,6.16666666666667,"Freedom in all aspects of life","We have freedom of religion, education, work, and mostly freedom of health. We have the freedom to live how we want, with minimal government interference. We also have a free and open market and economy.",0,"Freedom in all aspects of life","Democracy","All citizens are equal","Patriotism","Free market/ capitalism",5,7,7,7,"vote","trump",NA,7,5,4,"female",33,"white/non-hisp","some coll","$85,000 to $99,999","antiest","demsatis","trustgov","ampride","radchange","WA",12,6,4,9,"11/27/2024 13:37"
8209,"kept",5.5,2,1,1,7,7,6.5,"Women's Rights","It's not, they overturned Roe V. Wade, men should NOT have any say on a womans body. States are now killing women instead of doing life saving procedures",0,"Freedom of Speech","Freedom to Live","Women's Rights","Health Care","Right to Bear Arms",7,7,7,1,"vote","other","Libertarian",3,2,1,"female",25,"white/non-hisp","some coll","$25,000 to $29,999","trustgov","radchange","demsatis","antiest","ampride","WI",11,1,2,3,"11/24/2024 17:09"
8212,"brkn",6.25,2,2,3,6,6,6.08333333333333,"privacy","scams and more scams.
nothing is private any more
government knows too much
banks disclose your information",0,"freedom of speech","privacy","defending rights","freedom","right to bear arms",6,6,7,6,"vote","trump",NA,4,3,3,"female",66,"white/non-hisp","some coll","$15,000 to $19,999","trustgov","demsatis","antiest","radchange","ampride","NC",12,5,3,5,"11/19/2024 18:09"
8219,"ctrl",5,3,2,1,5,6,5.33333333333333,"Freedom of choice","Freedom to choose,without prejudice or retribution : Speech, Voting, Travel, Housing. Freedom to make decisions from my own beliefs and needs without fear of retribution or harm.",0,"Transparency in government","Honesty in representation","Freedom equality","Integrity","Freedom of choice",6,4,6,4,"vote","trump",NA,4,3,3,"female",75,"white/non-hisp","masters","$25,000 to $29,999","trustgov","demsatis","radchange","ampride","antiest","OR",11,2,4,9,"11/22/2024 21:08"
8221,"ctrl",4.5,1,4,2,4,4,4.16666666666667,"Freedom of speech","Freedom to express opinions regardless of popularity.  Freedom to criticize government without fear of retribution.",0,"Freedom of speech","Freedom from religion","Government by majority","Checks and balances on government power","Freedom of association",7,5,2,4,"vote","harris",NA,3,2,1,"female",72,"white/non-hisp","masters","$85,000 to $99,999","demsatis","ampride","trustgov","radchange","antiest","CA",2,6,4,9,"11/21/2024 4:26"
8225,"ctrl",4,5,4,6,4,4,4,"Freedom","Being able to make your own choices.  You aren't forced to do anything and you can do what you want as long as it doesn't hurt others.",0,"Freedom","God loving","Welcoming","Respect all","Dreams can come true",3,5,3,5,"vote","trump",NA,7,5,4,"male",41,"white/non-hisp","masters","$50,000 to $59,999","demsatis","antiest","trustgov","radchange","ampride","IL",2,1,2,3,"11/22/2024 8:07"
8230,"ctrl",6,2,3,1,7,5,6,"Government represented by the people","All citizens have the equal right to vote. Government branches do what is right for the country and do not vote only party lines. The right for a healthy honest debate. Transparency and honesty in Government.",0,"Freedom of religion","Equal Voting rights","Republic for the people","Freedom from tyranny","Government represented by the people",6,6,6,6,"vote","harris",NA,3,2,3,"female",56,"white/non-hisp","some coll","$150,000 to $174,999","ampride","demsatis","antiest","radchange","trustgov","WA",11,2,4,9,"11/22/2024 5:47"
8231,"brkn",5,4,3,5,6,5,5.33333333333333,"Freedom","In some instances we are not free to speak our minds without violating the other values. Freedom of speech has become volatile in that many cannot voice an opinion in a calm way, but must make everything about a volatile protest.",0,"Freedom","Honesty","Kindness","Charity","Service",5,5,5,5,"vote","trump",NA,6,5,3,"female",64,"white/non-hisp","bachelors","$60,000 to $74,999","radchange","antiest","demsatis","ampride","trustgov","LA",2,1,3,7,"11/19/2024 19:21"
8237,"ctrl",6,5,1,1,7,7,6.66666666666667,"Freedom","Freedom of religion, thought and action.  All are equal under the law. All able to pursue happiness",0,"Freedom","Equality","Justice","Work hard","Independent",5,7,6,6,"vote","harris",NA,4,3,3,"female",64,"white/non-hisp","some coll","$75,000 to $84,999","ampride","antiest","demsatis","trustgov","radchange","FL",2,5,3,5,"11/19/2024 19:00"
8241,"kept",3.5,4,3,6,5,5,4.5,"Freedom","Ensuring that our leader does not dictate individualism. That we have the right to vote and the right to work.",0,"Freedom","The right to bear arms","Free speech","Right to education","Democracy",3,5,3,3,"vote","trump",NA,6,5,3,"female",47,"white/non-hisp","some coll","$60,000 to $74,999","ampride","antiest","demsatis","trustgov","radchange","WA",12,1,4,9,"11/24/2024 14:51"
8246,"ctrl",5.75,4,3,3,3,5,4.58333333333333,"Liberty","Freedom to do what you like without your government controlling you. This means freedom to start a business and just in general do what you like as long as its not hurting anyone. Like holding your own opinions",0,"Life","Liberty","Pursuit of happiness","Land ownership","Fair taxation",5,6,6,6,"vote","harris",NA,1,1,1,"female",19,"white/non-hisp","some coll","$40,000 to $49,999","trustgov","antiest","demsatis","ampride","radchange","NY",11,1,1,2,"11/20/2024 15:55"
8252,"kept",5.5,4,2,3,5,6,5.5,"Liberty","Liberty has been infringed upon through government and unelected bureaucracies. Smaller gov with fewer regulations and lower taxation is required",0,"Equality","Freedom","Life","Liberty","Pursuit of happiness",5,5,5,7,"vote","trump",NA,5,4,4,"male",45,"white/non-hisp","bachelors","$125,000 to $149,999","antiest","trustgov","ampride","radchange","demsatis","PA",2,1,1,2,"11/20/2024 10:59"
8259,"brkn",4.5,4,2,2,2,6,4.16666666666667,"Life, liberty and the pursuit of happiness","Certain elements of the society believe they are superior to others. People “not like them” don’t deserve the same rights and privileges as they see they should have. If you don’t “look like them”you are not an American.",0,"Freedom of Speech","Freedom of the Press","Freedom to Assemble","Freedom to Dissent","Life, liberty and the pursuit of happiness",6,2,5,5,"vote","harris",NA,1,1,3,"male",64,"white/non-hisp","bachelors","$125,000 to $149,999","trustgov","demsatis","ampride","antiest","radchange","AZ",10,1,4,8,"11/26/2024 16:40"
8268,"kept",5,5,4,6,4,4,4.33333333333333,"freedom","to go where you wish. should not be judged on race or color. to protest legally you have the to bear arms to protect yourself",0,"life liberty and happyness","freedom","freedom of speech","freedom to work","to protect yourself",6,4,5,5,"vote","trump",NA,7,5,4,"male",71,"white/non-hisp","HS","$40,000 to $49,999","ampride","demsatis","trustgov","antiest","radchange","FL",2,5,3,5,"11/20/2024 11:19"
8274,"kept",6.25,2,1,3,2,7,5.08333333333333,"Equality","We should strive to provide equal opportunities for all individuals and people of color should receive reparations owed to their ancestors",0,"Freedom","Stability","Family","Environment","Equality",7,6,6,6,"no vote",NA,NA,4,3,3,"male",34,"multi/non-hisp","HS","$40,000 to $49,999","demsatis","trustgov","radchange","antiest","ampride","FL",5,1,3,5,"11/21/2024 20:11"
8288,"brkn",4,5,4,3,5,4,4.33333333333333,"right to liberty","opressive regulation for business owners
protecting only speech that is acceptable
not protecting Jews
taking parental rights away in schools",0,"right to life","right to liberty","property rights","right to defend oneself and family","freedom of religion",2,4,5,5,"vote","trump",NA,1,1,5,"female",71,"white/non-hisp","bachelors","$125,000 to $149,999","antiest","ampride","trustgov","demsatis","radchange","CA",1,5,4,9,"11/20/2024 9:04"
8289,"brkn",5.75,3,1,4,5,7,5.91666666666667,"freedom","The U.S. does not have term limits for congress and the Senate.  Term limits would guarantee that only people that want to serve are serving and would be more interested in what the American people need and not their self interests.",0,"Independence","Integrity","equality","freedom","Justice",4,6,6,7,"vote","trump",NA,6,5,3,"male",49,"white/non-hisp","some coll","$60,000 to $74,999","trustgov","ampride","radchange","antiest","demsatis","TN",1,1,3,6,"11/20/2024 18:34"
8290,"ctrl",5,4,6,3,4,2,3.66666666666667,"Equal rights","Where our neighbors and ourselfs  has the same privileges and laws that apply equally right to be treated equally whatever your religion age sex race or national origin health care for equaliy and education for equality that would improve health",0,"We the people","Freedom and Liberty for all","Law of the land","Freedom of speech","Equal rights",6,5,5,4,"vote","harris",NA,1,1,3,"female",70,"white/non-hisp","HS","$125,000 to $149,999","antiest","ampride","trustgov","radchange","demsatis","IN",1,5,2,3,"11/21/2024 9:32"
8295,"ctrl",1.25,3,5,6,2,3,2.08333333333333,"honor","Honor is having love and respect for ones country and have respect for citizens of this country and for authorities",0,"freedom of speech","honor","respect","independence","love",1,1,1,2,"no vote",NA,NA,2,1,3,"female",51,"hisp","HS","$35,000 to $39,999","radchange","ampride","trustgov","antiest","demsatis","CA",2,1,4,9,"11/20/2024 22:32"
8296,"brkn",6,1,4,3,7,4,5.66666666666667,"opportunity","Despite our immense wealth as a nation, many people here do not have the opportunity to live a full life free of poverty and oppression. While claiming to offer the opportunity to attain the ""American dream,"" we threaten to arrest and deport those who come to the US seeking that opportunity. Many people are disallowed, by virtue of race, gender, sexuality, income, etc. from the opportunities we supposedly allow.",0,"freedom","opportunity","equality","law and order","patriotism",7,7,5,5,"vote","harris",NA,2,1,1,"female",29,"white/non-hisp","masters","$40,000 to $49,999","antiest","demsatis","ampride","radchange","trustgov","TN",11,1,3,6,"11/19/2024 19:21"
8299,"kept",4,4,4,4,4,4,4,"Life","Keeping us safe year in and year out from foreign enemies. It allows us to feel that it is easy to enjoys freedoms",0,"Life","Liberty","Happiness","Freedom","Dreams",4,4,4,4,"vote","trump",NA,7,5,5,"male",44,"white/non-hisp","some coll","$85,000 to $99,999","trustgov","ampride","antiest","demsatis","radchange","NC",1,1,3,5,"11/24/2024 15:30"
8301,"kept",4,4,5,6,2,3,3,"Freedom of Speech","By allowing Americans to express, peacefully, their opinions on issues or candidates, pro or con, without threat of being arrested or harmed in anyway.",0,"Freedom of Speech","Freedom of Religion","Freedom to bear arms","Trial by jury","Freedom of assembly",4,4,5,3,"vote","harris",NA,6,5,3,"female",67,"white/non-hisp","bachelors","$200,000 or more","demsatis","trustgov","antiest","radchange","ampride","OR",12,5,4,9,"11/22/2024 9:52"
8304,"kept",5.5,5,4,4,6,4,5.16666666666667,"Enough money for a decent living","Now days if you're not very educated in a high degree world, it's hard to get a job with a good pay rate.",0,"Freedom","What matters in life","Keys to a happy life","There should be no homeless","Enough money for a decent living",5,5,5,7,"vote","trump",NA,6,5,3,"female",67,"white/non-hisp","less HS","$25,000 to $29,999","radchange","antiest","trustgov","ampride","demsatis","NC",1,5,3,5,"11/20/2024 11:06"
8306,"brkn",7,5,4,2,6,4,5.66666666666667,"Democracy","Equality is lacking.  The gap between the wealthy and the poor is huge.  Racial inequality is getting worse instead of better.",0,"Democracy","Freedom","Equality","Honesty","Kindness to others",7,7,7,7,"vote","harris",NA,2,1,2,"female",70,"white/non-hisp","some coll","$75,000 to $84,999","radchange","demsatis","ampride","antiest","trustgov","WI",12,1,2,3,"11/22/2024 8:43"
8314,"brkn",5,1,2,1,7,6,6,"separation of gov and religion","Religion dictating and driving  individual rights (or lack thereof) in courts and government policy.",0,"freedom of religion","equality","self determination","separation of gov and religion","equal opportunity",7,6,4,3,"vote","harris",NA,1,1,2,"female",50,"asian/non-hisp","masters","$125,000 to $149,999","demsatis","trustgov","antiest","radchange","ampride","CA",10,1,4,9,"11/27/2024 20:36"
8319,"brkn",3.75,2,4,5,2,4,3.25,"Freedom of speech","Threats to shut down social media e.g. tiktok.
Threats to revoke broadcast licenses e.g. Trump against CBS.
Censoring newspapers e.g. billionaires who own L.A. Times & Washington Post.
Threats to shut down/censor NPR or PBS by politicians.",0,"Freedom of speech","Democracy","Church/state separation","Equality","Pursuit of happiness",5,4,2,4,"vote","harris",NA,1,1,1,"male",77,"white/non-hisp","bachelors","$40,000 to $49,999","trustgov","demsatis","ampride","antiest","radchange","CA",9,5,4,9,"11/19/2024 16:21"
8324,"kept",5,4,5,5,7,3,5,"Opportunity","At this time it really isn't! Hopefully, now that Trump is back, we as Americans will be provided more opportunity to live more fully!",0,"Opportunity","Equality","Honor","Fairness","Democracy",5,5,5,5,"no vote",NA,NA,2,1,3,"female",18,"white/non-hisp","less HS","$85,000 to $99,999","demsatis","radchange","trustgov","ampride","antiest","PA",11,1,1,2,"11/19/2024 21:22"
8358,"kept",6.75,2,1,1,7,7,6.91666666666667,"Morals","With the new president in 2025 all morals will go down the drain. He is not a good person to lead the country",0,"Prosperity","Respect","Morals","Gratitude","Honor",7,7,7,6,"vote","harris",NA,2,1,3,"female",20,"hisp","HS","$75,000 to $84,999","trustgov","demsatis","radchange","antiest","ampride","NE",2,4,2,4,"11/23/2024 13:05"
8362,"ctrl",3,5,3,6,4,5,4,"Freedom","Be whatever you want to be. Self-motivation, respect life, liberty and happiness. Be respected to others if you want to be respected",0,"Freedom","Liberty","Pursue of Happiness","Self-determination","Family Value",3,1,4,4,"vote","other","NPA",4,3,5,"male",79,"asian/non-hisp","some coll","$10,000 to $14,999","trustgov","demsatis","radchange","antiest","ampride","FL",2,5,3,5,"11/19/2024 23:27"
8366,"brkn",6.25,3,2,5,3,6,5.08333333333333,"the right to keep and bear arms","This right ensures that the other rights are not taken away or trampled upon by the people who swore oaths to uphold and defend our constitution.",0,"Freedom of speech","Freedom of religion","the right to keep and bear arms","The right to not have government steal your property without compensation or redress","the ability to succeed on your merits",5,7,6,7,"vote","trump",NA,7,5,5,"male",48,"white/non-hisp","some coll","$20,000 to $24,999","demsatis","radchange","antiest","trustgov","ampride","IN",10,5,2,3,"11/19/2024 18:05"
8380,"ctrl",4.75,3,4,2,5,4,4.58333333333333,"liberty","The right to do as one please as long as it does No harm to others.  right to choose the kind of work to pursue as a occupation. The right to own whatever that I can afford. The right to live wherever I can afford. The right to worship or not any religion.",0,"freedom","liberty","justice","rule of law","Pursuit of happiness",6,5,5,3,"vote","harris",NA,1,1,1,"male",73,"black/non-hisp","some coll","$20,000 to $24,999","antiest","ampride","demsatis","radchange","trustgov","OK",12,5,3,7,"11/22/2024 16:03"
8392,"brkn",5.25,4,3,3,6,5,5.41666666666667,"rights","certain people have more rights than others.Everyone should be equal and given the same rights as others",0,"equality","rights","freedom of speech","freedom of speech","rights",5,5,5,6,"vote","harris",NA,2,1,4,"female",54,"hisp","HS","$125,000 to $149,999","trustgov","antiest","ampride","demsatis","radchange","CA",12,1,4,9,"11/21/2024 23:31"
8398,"kept",4.5,3,3,4,4,5,4.5,"Peoples rights","Im sorry but im struggling so i dont have many good things to say. Im trying and i knew we all are. But everything is tough",0,"Spending money","Saving money","Peoples rights","Keeping safety high","Im not sure",5,5,5,3,"no vote",NA,NA,4,3,4,"female",36,"white/non-hisp","some coll","$10,000 to $14,999","trustgov","ampride","antiest","radchange","demsatis","WI",1,1,2,3,"11/26/2024 16:56"
8404,"brkn",6,5,3,3,7,5,6,"Integrity","The U.S. is not living up to it's promise of integrit 
y by denying women their constitutional right to have an abortion",0,"Compassion","Integrity","Accountability","Courage","Honor",6,5,7,6,"no vote",NA,NA,4,3,2,"female",32,"hisp","some coll","$25,000 to $29,999","ampride","demsatis","radchange","trustgov","antiest","CA",2,2,4,9,"11/23/2024 14:13"
8413,"brkn",6.75,1,3,1,5,5,5.58333333333333,"Justice","Not giving wools justice for crimes the police have committed for one and the fact that so many people are being taken advantage of by a broken system",0,"Freedom","Justice","Liberty","Idk","Idk",7,7,6,7,"vote","harris",NA,1,1,1,"male",30,"hisp","HS","$15,000 to $19,999","demsatis","antiest","radchange","ampride","trustgov","OK",9,6,3,7,"11/23/2024 22:10"
8414,"ctrl",3.25,5,2,3,3,6,4.08333333333333,"Fairness","That every person in the United States should be treated as fairly as can be as the same person. And every person get treated the same fairness",0,"Equality of life","Fairness","Safety","Unity","Honesty",3,3,4,3,"no vote",NA,NA,4,3,3,"male",19,"white/non-hisp","less HS","$5,000 to $9,999","ampride","demsatis","trustgov","antiest","radchange","OH",1,1,2,3,"11/25/2024 20:38"
8422,"brkn",4,2,4,2,4,4,4,"Freedom of speech","Seeing more police violence against peaceful protesters with infiltration of radicals into peaceful protests that inflame violence and provoke intimidation",0,"Freedom of speech","Freedom of religion","Pursuit of happiness","Democracy","Due process",5,5,3,3,"vote","harris",NA,3,2,2,"female",49,"white/non-hisp","masters","$85,000 to $99,999","antiest","trustgov","demsatis","ampride","radchange","KY",7,1,3,6,"11/19/2024 21:31"
8423,"ctrl",5.5,5,4,4,5,4,4.83333333333333,"Freedom from oppression","I think our country tries to make it so that all races don’t have a layer of oppressing their voices. I think our country still has work to go though with the oppression of women and their voices though.",0,"Justice","Equality of men","Opportunity","Freedom from oppression","Racial equality",6,5,7,4,"no vote",NA,NA,2,1,3,"female",41,"white/non-hisp","some coll","$35,000 to $39,999","demsatis","antiest","ampride","trustgov","radchange","AL",1,4,3,6,"11/20/2024 17:38"
8426,"kept",5.25,5,2,1,7,6,6.08333333333333,"Armed without infringement","It's not because of red flag laws and because of nfa. That's all I have and all restrictions are riding",0,"Religious liberty","Armed without infringement","No taxation","Death penalty","No red flag",2,6,6,7,"vote","trump",NA,5,4,4,"female",59,"white/non-hisp","HS","under $5,000","antiest","radchange","ampride","trustgov","demsatis","MO",12,5,2,4,"11/22/2024 21:31"
8429,"ctrl",4.75,4,3,3,5,5,4.91666666666667,"Freedom","Unrestricted rights to live reasonably.  Not to live under the control of another country or outside government, not to be restricted in reasonable speech or actions that do not harm my fellow man.",0,"Freedom","Independence","Honesty","Family","Religion",6,5,5,3,"vote","harris",NA,6,5,3,"male",71,"white/non-hisp","masters","$40,000 to $49,999","ampride","demsatis","radchange","antiest","trustgov","ME",2,5,1,1,"11/19/2024 21:14"
8434,"brkn",6.25,5,1,1,6,7,6.41666666666667,"Freedom","Because we have a dictator government. They help others but not their own. Our government as of today. Does not car about is own",0,"Freedom","Loyalty","Freedom of our rights","Love","Na",6,6,6,7,"vote","trump",NA,5,4,3,"female",48,"white/non-hisp","HS","$40,000 to $49,999","antiest","trustgov","demsatis","radchange","ampride","IL",11,1,2,3,"11/21/2024 23:42"
8435,"brkn",6.25,5,2,3,7,6,6.41666666666667,"The Right to Bear Arms","the government is always seems to try to over powering the people by making new laws to take the guns from us and not stopping the people who miss us them, such as murder, which should be death if found guilty of first degree murder.",0,"Freedom of Speech","Freedom of Religion","The Right to Bear Arms","Freedom of the Press","Right to Petition",7,7,7,4,"vote","trump",NA,5,4,4,"male",64,"white/non-hisp","HS","$25,000 to $29,999","trustgov","ampride","radchange","antiest","demsatis","TN",1,6,3,6,"11/20/2024 7:44"
8448,"brkn",4,4,3,6,3,5,4,"Checks and balances","Packing the Supreme Court should never be considered by any political party. This would undermine checks and balances.",0,"Freedom","Individual responsibility","Checks and balances","States’ rights","Democracy",2,3,6,5,"vote","trump",NA,5,4,3,"male",60,"white/non-hisp","bachelors","$40,000 to $49,999","ampride","radchange","trustgov","antiest","demsatis","GA",1,1,3,5,"11/21/2024 18:06"
8453,"brkn",5.5,5,2,3,5,6,5.5,"life","Government is trying to control too much of our lives. We should be able to live our out days as we wish without oversay.",0,"life","liberty","freedom","opportunity","love",6,6,6,4,"no vote",NA,NA,7,5,5,"male",19,"white/non-hisp","HS","$60,000 to $74,999","antiest","radchange","ampride","demsatis","trustgov","TN",1,1,3,6,"12/2/2024 9:59"
8455,"brkn",6.75,3,1,1,7,7,6.91666666666667,"Capitalism","America is living up to it's value of capitalism. The fall of America will happen because capitalism runs this country.",0,"Freedom","Capitalism","Freedom of speech","Conservatism","Pursuit of happiness",7,6,7,7,"vote","other","I didnt vote for president. I only vote for Congress and local issues",4,3,1,"female",32,"black/non-hisp","masters","$25,000 to $29,999","ampride","trustgov","demsatis","antiest","radchange","IL",11,1,2,3,"11/19/2024 20:25"
8461,"ctrl",6.25,3,2,1,7,6,6.41666666666667,"Freedoms","The ability to choose your own path in life this can include what you choose to say and how you want to live your life",0,"Be good person","Behave good","Be respectful","Freedoms","Equal opportunity",6,7,7,5,"no vote",NA,NA,4,3,3,"female",26,"hisp","HS","$15,000 to $19,999","radchange","trustgov","antiest","demsatis","ampride","MO",1,1,2,4,"11/26/2024 19:33"
8472,"kept",4.75,3,3,4,5,5,4.91666666666667,"Freedom","That the government is not quick to lock you up or harm you more or less they want to provide you with ways of rehabilitation when you mess up.",0,"Freedom","Liberty","Independence","Socialism","Love",5,5,5,4,"vote","harris",NA,2,1,2,"male",29,"white/non-hisp","less HS","$25,000 to $29,999","trustgov","radchange","ampride","antiest","demsatis","MI",7,1,2,3,"11/20/2024 19:20"
8473,"brkn",5.75,3,4,3,3,4,4.25,"freedom of speech","We are removing books from library shelves and 'canceling' people with opposing views, mostly because people find them offensive. Unless they are inciting violence, people should be able to express opinions.",0,"freedom of speech","freedom of religion","equality","democracy","freedom of press",6,6,6,5,"vote","harris",NA,1,1,3,"male",47,"white/non-hisp","masters","$125,000 to $149,999","ampride","radchange","antiest","trustgov","demsatis","OR",9,1,4,9,"11/19/2024 18:32"
8510,"brkn",4,5,4,4,2,4,3.33333333333333,"Individual freedom","We are a free nation. As long as big government stays out of the affairs of individuals then we remain free people. It does not live up to this promise when government becomes too big and infringes on these rights.",0,"Equality","Justice","Individual freedom","Pursuit of happiness","Democratic system",2,4,5,5,"vote","trump",NA,7,5,5,"female",50,"hisp","bachelors","$150,000 to $174,999","radchange","ampride","trustgov","demsatis","antiest","CA",12,1,4,9,"11/20/2024 10:38"
8514,"kept",6.25,4,1,1,7,7,6.75,"God","God has been taken out of our society,therefore lack of fear and respect has caused a break down in the nation, that was intended to put God first.",0,"God","truth","justice","liberty","freedom",5,6,7,7,"vote","trump",NA,6,5,4,"female",62,"hisp","HS","$40,000 to $49,999","antiest","trustgov","ampride","demsatis","radchange","CA",12,7,4,9,"11/20/2024 7:24"
8517,"kept",5,4,4,5,6,4,5,"Good democracy","Providing goods and  services to meet the needs of our country so that we all a live in harmony.  I think it's important to listen to citizens that appreciate all that they can get in good terms.",0,"Stability","Consistency","Good democracy","Fair values","Honesty",6,5,6,3,"vote","harris",NA,1,1,5,"female",54,"other/non-hisp","some coll","$50,000 to $59,999","ampride","radchange","demsatis","trustgov","antiest","NM",2,1,4,8,"11/22/2024 11:20"
8546,"kept",3.75,5,6,6,1,2,2.25,"Safe from government threat","Democracy has been protected in the past. Who knows what the future will hold. And that is all I have to say for now.",0,"Free speech","Make your own future","Safe from government threat","Welcoming people from all over the world","Safety",5,5,2,3,"vote","harris",NA,6,5,3,"male",60,"hisp","some coll","$200,000 or more","radchange","demsatis","trustgov","ampride","antiest","CT",2,1,1,1,"11/19/2024 19:34"
8559,"ctrl",2.75,5,6,6,5,2,3.25,"All men are created equal","Humans have equal rights and are equal under the law.. All have the right to life, liberty and the pursuit of happiness.",0,"freedom of speech","Independance","All men are created equal","Democracy","Justice",4,3,2,2,"vote","trump",NA,6,5,3,"female",76,"white/non-hisp","HS","$20,000 to $24,999","radchange","demsatis","antiest","ampride","trustgov","CA",2,5,4,9,"11/19/2024 19:01"
8562,"kept",6.5,3,3,4,4,5,5.16666666666667,"Economy","Need better economy. We need to start giving daisies if everything is going up. It’s a hard to barely get by when everything keeps going up like gas…groceries…rent..etc",0,"Economy","Employement","Security","Prices","Immigration",6,7,6,7,"no vote",NA,NA,6,5,3,"female",33,"hisp","HS","$5,000 to $9,999","antiest","ampride","radchange","trustgov","demsatis","TX",2,1,3,7,"11/21/2024 14:01"
8565,"kept",4.5,4,3,5,5,5,4.83333333333333,"Freedom","Free and fair elections.  Equal protection under the law.  Justice for all. Impartial justice system.",0,"Freedom","Life","Equal rights","Justice","Liberty",5,5,3,5,"vote","trump",NA,4,3,3,"male",46,"hisp","bachelors","$40,000 to $49,999","radchange","trustgov","ampride","demsatis","antiest","WA",1,6,4,9,"11/19/2024 17:55"
8570,"kept",4.5,5,2,6,5,6,5.16666666666667,"freedom of speech","Broadcast airwaves, tv and radio, are minimally regulated for content.  The openness of the internet is the new freedom of speech frontier",0,"freedom of speech","freedom of religion","freedom of property","justice for ALL","freedom of commerce",2,4,7,5,"vote","trump",NA,5,4,5,"male",60,"other/non-hisp","masters","$125,000 to $149,999","radchange","antiest","trustgov","demsatis","ampride","SC",1,1,3,5,"11/22/2024 7:45"
8574,"kept",4.25,5,4,3,5,4,4.41666666666667,"Honesty","We are a country that expects you to respect others with truth and justice. To have equality for everyone.",0,"Honesty","Freedom of religion","Freedom of speech","Affordable living","Education",4,5,5,3,"vote","trump",NA,7,5,5,"female",67,"white/non-hisp","some coll","$25,000 to $29,999","radchange","trustgov","antiest","demsatis","ampride","TN",1,5,3,6,"11/19/2024 20:39"
8586,"ctrl",6.25,3,3,3,3,5,4.75,"freedom","The ability make lawful decisions for yourself and your family to live your life in a way that makes you happy",0,"acceptance","inclusivity","prosperity","freedom","safety",6,6,7,6,"vote","harris",NA,1,1,2,"female",53,"white/non-hisp","bachelors","$100,000 to $124,999","demsatis","radchange","ampride","antiest","trustgov","MA",2,1,1,1,"11/22/2024 12:00"
8594,"ctrl",4.25,5,4,6,2,4,3.41666666666667,"Independence","The freedom of choice; freedom of capitalism; freedom of speech; freedom of religion; freedom of democratic elections",0,"God","Family","Justice","Independence","Equality",2,5,5,5,"vote","trump",NA,7,5,5,"female",70,"white/non-hisp","bachelors","$60,000 to $74,999","radchange","trustgov","demsatis","ampride","antiest","VA",1,5,3,5,"11/19/2024 22:30"
8599,"kept",4.5,2,4,4,4,4,4.16666666666667,"Rights","I’m the terms of justice. everything will
Be good. Everything is alright life is amazing I love my l",0,"Liberty","Rights","Happiness","Sad","Mad",4,4,5,5,"no vote",NA,NA,1,1,3,"male",23,"black/non-hisp","HS","$20,000 to $24,999","ampride","radchange","antiest","trustgov","demsatis","DC",12,2,3,5,"11/24/2024 6:31"
8602,"ctrl",6.25,2,4,1,7,4,5.75,"Equality","All people regardless of sex, race, or sexual orientation are treated equally under the law. Where all people have the same opportunity.",0,"Equality","Freedom","Opportunity","Liberty","Justice",7,7,7,4,"vote","harris",NA,1,1,1,"male",51,"hisp","masters","$200,000 or more","antiest","ampride","demsatis","radchange","trustgov","NM",10,1,4,8,"11/20/2024 7:07"
8603,"brkn",4.5,4,5,6,5,3,4.16666666666667,"freedom","All citizens are not treated equally. There is economic inequality.  The government is not managed to benefit all citizens.",0,"freedom","equality","lawfulness","success from hard work","church/stsye separate",6,5,4,3,"vote","harris",NA,2,1,3,"female",83,"white/non-hisp","bachelors","$85,000 to $99,999","radchange","ampride","antiest","trustgov","demsatis","WA",11,5,4,9,"11/22/2024 15:56"
8604,"kept",5,4,4,1,6,4,5,"limited Government","US Government is not. Just look at the Country closing during Covid. Required vaccines, masking of kids",0,"liberty","limited Government","separation of powers","Freedom of speech","Freedom of religion",4,4,5,7,"vote","trump",NA,7,5,5,"male",73,"white/non-hisp","bachelors","$200,000 or more","antiest","trustgov","radchange","ampride","demsatis","CA",2,5,4,9,"11/22/2024 11:45"
8612,"brkn",6.75,4,6,4,3,2,3.91666666666667,"Honestly","Okay if everyone would value being honest with themselves then maybe they can be honest with the world",0,"Honestly","Fairness","Sympathy","Empathy","The American Dream",6,7,7,7,"vote","other","The Independent candidate",4,3,4,"female",65,"black/non-hisp","HS","$5,000 to $9,999","ampride","radchange","antiest","demsatis","trustgov","LA",1,5,3,7,"11/29/2024 14:20"
8625,"kept",5.5,3,2,2,5,6,5.5,"Democracy","Having a vote or voice to which citizens have a right or an opinion on the governing body. Sometimes this works and sometimes it does not",0,"Freedom","Opportunity","Equality","Democracy","Economic",6,5,6,5,"vote","harris",NA,3,2,3,"female",61,"black/non-hisp","bachelors","$40,000 to $49,999","antiest","radchange","demsatis","trustgov","ampride","PA",12,1,1,2,"11/19/2024 18:02"
8629,"kept",5,3,2,2,2,6,4.33333333333333,"Personal responsibility","It's not. There are far too many people in the country that expect the government to take care of them, instead of embracing the freedom to start their own business and make it big",0,"Freedom","Personal responsibility","Justice","Fairness","God",2,6,6,6,"vote","trump",NA,6,5,4,"male",58,"white/non-hisp","some coll","$25,000 to $29,999","ampride","antiest","demsatis","trustgov","radchange","NC",12,6,3,5,"11/22/2024 14:36"
8635,"ctrl",5.75,3,2,2,5,6,5.58333333333333,"freedom","free to do what makes you happy, as long as it does not infringe on someone elses rights. this of course involves shades of grey, as to how to balance the various needs",0,"freedom","privacy","health","happiness","security",6,6,5,6,"vote","harris",NA,1,1,3,"male",62,"white/non-hisp","some coll","$200,000 or more","antiest","demsatis","radchange","ampride","trustgov","WI",11,5,2,3,"11/19/2024 18:56"
8638,"brkn",6.25,1,1,1,7,7,6.75,"freedom from tyranny","america has elected an authoritarian narcissistic criminal rapist who does not pay what he owes and considers himself above the law",0,"fairness for all","freedom from tyranny","opportunity to thrive","infrastructure for growth","democratic process",7,6,6,6,"vote","harris",NA,1,1,1,"female",52,"hisp","masters","$75,000 to $84,999","trustgov","demsatis","ampride","antiest","radchange","NY",11,1,1,2,"11/22/2024 13:23"
8640,"brkn",5.75,2,2,2,6,6,5.91666666666667,"Helping Homeless  people","The cost of living is Extremely high and stressful even for working people.  You have to work atleast 2 full time jobs and settle for what you approved for",0,"Helping Homeless  people","Assist with medical","Shelter for women","Food pantry for the needed","Health care reform",6,6,6,5,"no vote",NA,NA,4,3,3,"female",22,"multi/non-hisp","less HS","$20,000 to $24,999","ampride","trustgov","demsatis","radchange","antiest","NC",12,4,3,5,"11/20/2024 17:28"
8646,"brkn",5.75,4,2,4,7,6,6.25,"Jobs","Idk, he was just trying for the sake and I the same thing happened with the same thing with the same person but he just wanted me out and I didn’t know how he would react when he did it so he just said it to himself that I don’t want",0,"Free","Jobs","Money","Jobs","Honestly",6,6,6,5,"vote","trump",NA,6,5,3,"male",46,"white/non-hisp","some coll","$25,000 to $29,999","antiest","ampride","radchange","trustgov","demsatis","CA",3,1,4,9,"11/19/2024 22:22"
8648,"brkn",3.5,3,2,2,2,6,3.83333333333333,"Love","Love to be wealthy love is very important would love for everyone to show love in this world alot of hate",0,"Money","Love","Wealth","Money","Wealth",2,3,3,6,"no vote",NA,NA,7,5,1,"male",55,"black/non-hisp","HS","$85,000 to $99,999","trustgov","antiest","demsatis","radchange","ampride","NC",12,5,3,5,"11/19/2024 18:48"
8650,"ctrl",6,2,2,2,6,6,6,"Freedom of choice","To be able to choose your own path and still be able to afford a happy life. To be able to choose differently and still have a good life.",0,"Freedom of speech","Freedom to pursue any religion","Freedom to be anything you want","Freedom of choice","Being able to work hard and achieve the American dream",6,6,6,6,"no vote",NA,NA,2,1,3,"female",36,"hisp","bachelors","$50,000 to $59,999","antiest","ampride","radchange","trustgov","demsatis","NE",1,1,2,4,"11/22/2024 9:21"
8656,"ctrl",4.75,3,3,1,6,5,5.25,"Freedom","The ability to live your live how you please so long as it does not negatively affect others. That’s it.",0,"Freedom","Equality of opportunity","Merit","Work ethic","Integrity",5,6,3,5,"vote","trump",NA,5,4,4,"male",27,"white/non-hisp","bachelors","$85,000 to $99,999","demsatis","ampride","radchange","antiest","trustgov","PA",12,1,1,2,"11/19/2024 19:48"
8657,"ctrl",4.5,2,2,2,7,6,5.83333333333333,"Fairness","An allowance given to all for equal opportunity & achievement possibilities within the confines of one's ability",0,"Honesty","Integrity","Fairness","Moral","Just",3,7,6,2,"vote","trump",NA,4,3,4,"male",43,"black/non-hisp","masters","$85,000 to $99,999","demsatis","trustgov","ampride","radchange","antiest","NY",9,1,1,2,"11/20/2024 9:18"
8659,"ctrl",7,2,1,3,6,7,6.66666666666667,"Opportunity","The chance to succeed financially and have a stable family and home life. A chance to escape from unstable countries",0,"Freedom","Opportunity","Democracy","Diversity","Safety",7,7,7,7,"vote","harris",NA,3,2,3,"male",32,"asian/non-hisp","masters","$200,000 or more","radchange","demsatis","trustgov","antiest","ampride","IL",9,1,2,3,"11/19/2024 17:08"
8661,"ctrl",5.25,2,3,4,3,5,4.41666666666667,"Religious freedom","The freedom to worship and participate in any religion you wish and that no one religion shall be sanctioned or espoused by the government.",0,"Religious freedom","Freedom","Self governance","Equality","Strength through peace",7,6,4,4,"vote","harris",NA,1,1,1,"male",43,"hisp","some coll","$85,000 to $99,999","trustgov","demsatis","radchange","ampride","antiest","VA",12,1,3,5,"11/19/2024 19:32"
8664,"ctrl",5,2,4,2,6,4,5,"Freedom of Speech","It’s ok to speak out about your opinions and not have government censored news. News from the world is available to us.",0,"Life","Liberty","Happiness","Freedom of Speech","Freedom of choice",5,5,5,5,"vote","harris",NA,2,1,3,"female",62,"hisp","some coll","$60,000 to $74,999","trustgov","ampride","antiest","radchange","demsatis","CA",9,1,4,9,"11/22/2024 6:34"
8665,"kept",4,5,4,4,NA,4,4,"Wealth","By changing the housing market. Making new tax laws and keeping wealth in the country help low class be better",0,"Promise","Security","Value","Mental","Wealth",3,4,4,5,"no vote",NA,NA,4,3,3,"male",42,"black/non-hisp","HS","$25,000 to $29,999","radchange","ampride","trustgov","antiest","demsatis","VA",6,1,3,5,"11/21/2024 13:38"
8682,"kept",6.5,5,2,7,7,6,6.5,"Pursuit of happiness","Merit based achievement is key instead of 'handouts!' People should value freedom of choice; \few restrictions from the government' is key to pursuit of happiness!  We should be free of tyranny, but our government has failed  - it is too big and too few Oligarchs have hampered the America our forefathers envisioned!",0,"Pursuit of happiness","Freedom of speech","Freedom of religion","Innocent until proven guilty","No taxation w/o representation",6,7,6,7,"vote","trump",NA,5,4,4,"female",63,"white/non-hisp","masters","$75,000 to $84,999","demsatis","ampride","trustgov","radchange","antiest","TX",12,5,3,7,"11/21/2024 13:52"
8692,"brkn",5.75,2,2,3,6,6,5.91666666666667,"Realize dreams","The government's agendas are stifling growth and development. There is not enough emphasis to protect the American way of life and American values. Too much wokeness and cancel culture is a bad thing.",0,"Freedom","Dignity of life","Protection of rights","Realize dreams","Accumulate wealth",6,5,6,6,"no vote",NA,NA,3,2,3,"male",31,"asian/non-hisp","masters","$60,000 to $74,999","antiest","radchange","ampride","demsatis","trustgov","CA",10,1,4,9,"11/22/2024 5:12"
8704,"brkn",4.5,4,2,3,3,6,4.5,"Freedom to live life the way we want","Too many laws. Government overreach into the private lives of citizens. Poor government use of resources. Improper management of immigration.",0,"Freedom to live life the way we want","Right to protect ourselves","Freedom of religion","Freedom to govern ourselves","Protection from other governing entities that do not share the same values",4,5,5,4,"vote","trump",NA,5,4,3,"male",73,"white/non-hisp","bachelors","$50,000 to $59,999","ampride","trustgov","demsatis","antiest","radchange","MD",1,2,3,5,"11/20/2024 19:38"
8707,"kept",4.75,5,5,4,6,3,4.58333333333333,"Freedom","We have the right to choose who should run the country the right to choose where we live  the right to decide who we can marry",0,"Freedom","Equality","Unity","Liberty","Individual",4,5,6,4,"no vote",NA,NA,2,1,3,"female",66,"white/non-hisp","HS","$10,000 to $14,999","ampride","radchange","trustgov","antiest","demsatis","VA",1,7,3,5,"11/20/2024 8:46"
8711,"ctrl",5.75,5,2,6,2,6,4.58333333333333,"Freedom of speech","To say what you want To whoever you want whenever you want in any situation. Throughout the country.",0,"Freedom of speech","Freedom of religion","Live where you want to","Mary who you want to","And live where you want to",6,6,6,5,"vote","harris",NA,2,1,3,"male",61,"hisp","some coll","$40,000 to $49,999","trustgov","ampride","demsatis","radchange","antiest","TX",2,6,3,7,"11/19/2024 17:21"
8716,"ctrl",6,3,1,3,7,7,6.66666666666667,"Freedom","Freedom is not having other people control you unreasonably. All rules must be agreed upon through democratic votes.",0,"Freedom","Independence","Equality","Money","Land",6,6,5,7,"vote","other","Jay Bowman",4,3,1,"male",33,"white/non-hisp","bachelors","$100,000 to $124,999","radchange","trustgov","antiest","ampride","demsatis","TN",9,2,3,6,"11/21/2024 17:10"
8718,"kept",7,2,7,1,6,1,4.66666666666667,"Equality","I mean I believe the us can do a better job at this. There is no equality in various level for its citizens. We do not all hold the same opportunity and or privilege.",0,"Freedom","Liberty","Equality","Individualism","Unity",7,7,7,7,"vote","harris",NA,2,1,3,"female",19,"hisp","some coll","under $5,000","radchange","ampride","demsatis","antiest","trustgov","IL",2,1,2,3,"11/19/2024 20:54"
8719,"kept",5.5,2,1,1,6,7,6.16666666666667,"Integrity","I don’t believe that integrity is being used today at all. There have been a lot of things said and done that makes me question the value of government in todays society!",0,"Homesty","Integrity","Leadership","Loyalty","Commitment",7,7,7,1,"vote","harris",NA,2,1,4,"female",19,"black/non-hisp","less HS","$35,000 to $39,999","antiest","demsatis","ampride","radchange","trustgov","FL",11,4,3,5,"11/19/2024 19:27"
8720,"brkn",5.5,2,1,1,7,7,6.5,"core value","The leaders of this free country spend To much time committing crimes and intimidation the citizens if they don't agree with their foolishness.",0,"honor","core value","respect","The people","Justice",7,7,7,1,"vote","harris",NA,1,1,1,"female",63,"black/non-hisp","some coll","$100,000 to $124,999","trustgov","antiest","demsatis","ampride","radchange","GA",1,1,3,5,"11/20/2024 17:46"
8729,"kept",3.5,5,2,3,5,6,4.83333333333333,"Integrity","It isn’t, however we as a nation need to bring back integrity and being honest and fair. We need to true to one another and help each other.",0,"Integrity","Freedom","Honesty","Compassion","Protection",2,4,5,3,"no vote",NA,NA,6,5,4,"male",63,"white/non-hisp","some coll","$100,000 to $124,999","radchange","antiest","ampride","demsatis","trustgov","FL",1,5,3,5,"11/20/2024 14:43"
8751,"brkn",5.5,5,2,4,5,6,5.5,"Free Religion","I do not believe we are not living up to it. We all have that freedom avail. We will continue this freedom as long as government stays out",0,"Free Elections","Free Speech","Right to Defend","Free Market","Free Religion",4,6,6,6,"vote","trump",NA,7,5,3,"male",60,"white/non-hisp","some coll","$100,000 to $124,999","trustgov","demsatis","antiest","ampride","radchange","MI",12,1,2,3,"11/19/2024 18:07"
8755,"kept",3.75,5,3,2,5,5,4.58333333333333,"Safety of our people","I don't think this promise is being kept now. We need to get back to supporting those who support us and to be aware of who is entering our country.",0,"Freedom of speech","Limited government","Safety of our people","Separation of church and state","Separation of powers",2,4,5,4,"vote","trump",NA,7,5,5,"female",72,"white/non-hisp","some coll","$85,000 to $99,999","ampride","demsatis","radchange","trustgov","antiest","WA",12,6,4,9,"11/22/2024 11:11"
8756,"ctrl",6.75,5,2,2,5,6,5.91666666666667,"God given rights","To live free,with equality for all. To live and do as we want to within the law of cause. To worship as we see fit.",0,"Freedom","Right to worship","God given rights","The children","Be who you want",7,7,7,6,"vote","trump",NA,6,5,3,"male",24,"white/non-hisp","less HS","$20,000 to $24,999","radchange","demsatis","ampride","antiest","trustgov","WV",1,1,3,5,"12/1/2024 10:57"
8757,"ctrl",4,3,7,7,4,1,3,"Hate","Gobble gobble gobble gobble gobble gobble then the gobble started to gobble some more and then gobble gobble gobble.",0,"Hate","Racism","Sexism","Brutality","Death",4,4,4,4,"vote","harris",NA,4,3,1,"female",18,"black/non-hisp","HS","$25,000 to $29,999","antiest","trustgov","demsatis","ampride","radchange","PA",11,1,1,2,"11/26/2024 10:56"
8766,"ctrl",4.75,2,7,4,5,1,3.58333333333333,"Respect","Talk and treat people as u would like to get talked and treated
See them no lesser
Treat them no lesser",0,"Respect","Loyalty","Values","Kindness","Speech",6,5,5,3,"vote","harris",NA,1,1,3,"female",34,"hisp","some coll","$30,000 to $34,999","ampride","trustgov","demsatis","antiest","radchange","IL",11,1,2,3,"11/19/2024 18:14"
8778,"brkn",3,4,5,4,5,3,3.66666666666667,"Democracy","A system of government in which state power is vested in the people or the general population of a state.",0,"Freedom","Democracy","Liberty","Justice","Pride",4,2,3,3,"vote","harris",NA,2,1,3,"female",64,"white/non-hisp","HS","$60,000 to $74,999","demsatis","radchange","ampride","trustgov","antiest","OH",12,1,2,3,"11/22/2024 8:33"
8781,"kept",5.75,4,2,1,6,6,5.91666666666667,"The right to bear arms","They have been trying to take that right away from us. It is fundamental that we are able to protect yourself against evil.",0,"Freedom of speech","The right to bear arms","Freedom of religion","Illegal search and seizure","Right to remain silent",5,6,6,6,"no vote",NA,NA,6,5,4,"male",65,"white/non-hisp","HS","$50,000 to $59,999","radchange","antiest","demsatis","ampride","trustgov","PA",12,5,1,2,"11/19/2024 17:29"
8788,"ctrl",3.75,5,4,2,4,4,3.91666666666667,"Freedom of speech","To have the freedom of speech means that whatever you would liketo say, you have the right. It doesn't matter if someone disagrees, is hurt, or just doesn't like you opinion, you have the right to say it without fear.",0,"Freedom of speech","Freedom of religion","Freedom from illegal search and seizure","Right to bear arms","Government for the people",4,4,3,4,"vote","trump",NA,6,5,4,"male",41,"white/non-hisp","some coll","$85,000 to $99,999","antiest","demsatis","radchange","ampride","trustgov","IL",1,1,2,3,"11/20/2024 18:58"
8790,"brkn",5,2,2,5,5,6,5.33333333333333,"Opportunity","There isn't much opportunity. Its becoming less and less as time goes on.",0,"Freedom","Money","Opportunity","Land","Pride",6,6,6,2,"no vote",NA,NA,4,3,5,"male",30,"black/non-hisp","some coll","$20,000 to $24,999","antiest","trustgov","ampride","radchange","demsatis","CA",13,1,4,9,"11/28/2024 18:46"
8794,"kept",3.25,3,1,4,4,7,4.75,"Change","I don’t think this country is holding up their change. I think politics suck. And they never do what they say they will do.",0,"Independence","Equality","Change","Individualism","Self control",1,4,4,4,"no vote",NA,NA,4,3,3,"female",31,"white/non-hisp","some coll","$5,000 to $9,999","trustgov","antiest","radchange","demsatis","ampride","CO",12,1,4,8,"11/30/2024 21:04"
8796,"ctrl",2.5,5,5,2,2,3,2.5,"Liberty for each person","Each person can make their own choices. United States is a republic, not a democracy. For example, in a democracy, if a person owned a ""X"" and a neighbor didn't want them to have it, he could poll the neighbors and lie to them about why. If put to a vote it would be taken away from the person. In a Republic, It wouldn't matter what the neighbors had to say. The person owns it they can keep it.",0,"Liberty for each person","Business and work determined by individual","LEGAL immigration into country","Laws established to not hurt others","Local family and communities care for disadvantaged",1,3,3,3,"vote","trump",NA,7,5,5,"female",64,"white/non-hisp","some coll","$20,000 to $24,999","ampride","radchange","antiest","trustgov","demsatis","ND",1,2,2,4,"11/26/2024 5:31"
8799,"brkn",4,5,4,4,4,4,4,"God","We use to be a country who stand on “In God we trust” and once we took God out of schools workplace, everything, America started to fall apart. Now other countries look at us like we are a joke",0,"Liberty","Freedom","Love","God","Salvation",4,4,4,4,"vote","trump",NA,4,3,4,"female",21,"black/non-hisp","some coll","$60,000 to $74,999","ampride","demsatis","trustgov","radchange","antiest","NC",12,1,3,5,"11/26/2024 19:10"
8800,"ctrl",4.5,4,4,2,5,4,4.5,"freedom","Freedom to believe what you believe. Freedom to grow and better yourself. Endless opportunities to become better individuals",0,"freedom","Liberty","improvement","growth","difference",5,5,5,3,"vote","other","Green Party",2,1,3,"female",34,"hisp","bachelors","$40,000 to $49,999","radchange","trustgov","ampride","antiest","demsatis","NJ",1,1,1,2,"11/19/2024 18:33"
8802,"ctrl",3.25,4,5,6,2,3,2.75,"Freedom","Able to express yourself in a variety of ways. No limitations from a government or religious entities.",0,"Freedom","Individualism","Patriotism","Exploration","Passion",6,2,2,3,"vote","harris",NA,2,1,4,"male",29,"hisp","masters","$85,000 to $99,999","radchange","demsatis","antiest","trustgov","ampride","IN",2,1,2,3,"11/29/2024 13:45"
8814,"brkn",5.5,4,2,5,6,6,5.83333333333333,"Freedom of speech","Our voices being censored. Media being very biased and telling lies. Maga is treated like terrorists.",0,"Freedom of speech","Right to bear arms","Fair elections","Respect the flag","Freedom of choice",5,5,6,6,"vote","trump",NA,4,3,3,"female",30,"white/non-hisp","HS","$20,000 to $24,999","trustgov","ampride","radchange","demsatis","antiest","TX",11,1,3,7,"11/19/2024 19:20"
8821,"brkn",3.75,3,4,4,4,4,3.91666666666667,"Freedom of rights","By the people who are getting into office and by their wealth. Money in America control's who runs the country",0,"Freedom of speech","Freedom of rights","Freedom of believes","Freedom of religion","Freedom of free",4,3,4,4,"no vote",NA,NA,2,1,3,"male",21,"other/non-hisp","HS","$20,000 to $24,999","demsatis","antiest","ampride","radchange","trustgov","MT",11,1,4,8,"11/20/2024 22:24"
8824,"brkn",4,5,5,5,3,3,3.33333333333333,"Freeedom","To have the right to do what we want as long as it’s not something a legal like some countries where you need permission to just leave your home",0,"Freeedom","Rights","Laws","Free will","Speach",4,4,4,4,"no vote",NA,NA,6,5,3,"male",25,"white/non-hisp","HS","$60,000 to $74,999","antiest","trustgov","ampride","demsatis","radchange","FL",5,1,3,5,"11/20/2024 9:34"
8828,"ctrl",6,5,1,3,2,7,5,"freedom to have gains","able to choose your jobs with correct pay
able to obtain a education
able to leave or return to this country
able to purchase, home, car, with  earnings
able to speak what you believe
able to woraship",0,"freedom of religion","freedom of speach","freedom to assemble","freedom to have guns","freedom to have gains",5,7,5,7,"vote","trump",NA,7,5,4,"male",85,"white/non-hisp","some coll","$50,000 to $59,999","antiest","ampride","radchange","demsatis","trustgov","NJ",1,5,1,2,"11/21/2024 15:27"
8832,"ctrl",2.75,NA,5,7,1,3,2.25,"Tolerance","The act of respecting different opinions, beliefs, sexual preferences, and the ability to live in peace.",0,"Liberty","Equality","Opportunity","Freedom of speech","Tolerance",4,2,1,4,"vote","harris",NA,1,1,1,"female",62,"hisp","masters","$200,000 or more","antiest","radchange","demsatis","trustgov","ampride","MA",2,1,1,1,"11/20/2024 17:11"
8839,"ctrl",5.5,2,3,2,5,5,5.16666666666667,"Freedom","The opportunity to live one’s life without being oppressed.  Free from government intervening and wants personal life.",0,"Justice","Pursuit of happiness","Equal opportunity","Freedom","Liberty",5,5,7,5,"vote","harris",NA,1,1,1,"male",62,"black/non-hisp","masters","$150,000 to $174,999","demsatis","trustgov","radchange","ampride","antiest","IN",1,1,2,3,"11/24/2024 8:14"
8843,"kept",4.75,2,3,1,7,5,5.58333333333333,"Welcoming to all","Everyone is welcome to live in prosper in the US Regardless of their race, nationality, or religion.",0,"Freedom of religion","Democratic government","Free speech","Welcoming to all","Opportunity",6,5,2,6,"vote","harris",NA,2,1,1,"female",33,"white/non-hisp","some coll","$75,000 to $84,999","trustgov","radchange","ampride","antiest","demsatis","LA",9,7,3,7,"11/19/2024 23:39"
8844,"kept",4.5,5,5,6,3,3,3.5,"freedom to worship","We have the right to worship in any way we feel that is correct for us, without fear of government interference",0,"equal opportunity","freedom to worship","all men are created equal","opportunity to succeed","ability to work hard",3,5,5,5,"vote","trump",NA,5,4,3,"female",82,"white/non-hisp","HS","$60,000 to $74,999","trustgov","demsatis","ampride","antiest","radchange","FL",1,5,3,5,"11/20/2024 18:46"
8846,"ctrl",5.5,2,3,5,6,5,5.5,"equality","Equality is the state of being equal, especially in status, rights and opportunities. It means all groups of people are provided with the same resources and opportunities no matter what their circumstance may be.",0,"liberty","equality","opportunity","innovation","individualism",5,6,6,5,"vote","harris",NA,3,2,2,"female",41,"white/non-hisp","some coll","$30,000 to $34,999","trustgov","antiest","demsatis","ampride","radchange","CO",1,1,4,8,"11/22/2024 8:36"
8860,"ctrl",6.5,2,3,3,7,5,6.16666666666667,"Freedom of speech","Freedom of speech is being able to speak how you want and preach about what you believe in.  Just because you can say it doesn't mean you won't get in teouble.",0,"Freedom of speech","Christianity","Freedom of assembly","religion","Life",6,7,7,6,"no vote",NA,NA,4,3,NA,"female",38,"white/non-hisp","some coll","$40,000 to $49,999","radchange","trustgov","demsatis","antiest","ampride","KS",3,6,2,4,"11/19/2024 20:34"
8862,"brkn",4.25,2,2,4,6,6,5.41666666666667,"Equality","Equality should be among all the citizens but blacks and immigrants and other racial groups are facing inequality",0,"Freedom","Equality","Equal rights","Freedom of speech","Employement opportunities",2,7,7,1,"no vote",NA,NA,4,3,1,"female",34,"asian/non-hisp","bachelors","$100,000 to $124,999","demsatis","radchange","ampride","trustgov","antiest","MI",8,3,2,3,"11/20/2024 15:30"
8867,"ctrl",6.25,2,1,1,7,7,6.75,"Money for government","The system has tons of convict of interest, such as coke cola and pepsi funding the American Diabetes Association, they also fund SNAP and American Academy of Pediatrics",0,"Money for government","More people sick","Lazy people","Fat people","Poor people",6,6,6,7,"vote","trump",NA,6,5,4,"female",37,"white/non-hisp","bachelors","$100,000 to $124,999","demsatis","trustgov","radchange","antiest","ampride","WV",10,1,3,5,"11/23/2024 14:02"
8877,"ctrl",7,5,1,1,7,7,7,"American exceptionalism","The belief that America is the greatest nation on earth and is unequaled in the world. Americans should strive for excellence.",0,"Liberty","Freedom","Selflessness","Patriotism","American exceptionalism",7,7,7,7,"vote","trump",NA,7,5,5,"male",63,"white/non-hisp","masters","$200,000 or more","trustgov","demsatis","antiest","radchange","ampride","AZ",1,1,4,8,"11/27/2024 14:31"
8883,"kept",4.75,5,4,7,2,4,3.58333333333333,"Life","Everyone has equal opportunities to live the life they want to, and everyone has a chance to live life. Disrespect for people's lives and harm to people's lives are not tolerated, and people have resources to protect their lives as needed such as police and healthcare.",0,"Life","Liberty","Pursuit of happiness","respect for others","honor",1,6,7,5,"vote","trump",NA,6,5,4,"female",21,"white/non-hisp","some coll","$35,000 to $39,999","trustgov","demsatis","radchange","ampride","antiest","IA",1,1,2,4,"11/28/2024 14:14"
8901,"brkn",4.75,3,3,4,3,5,4.25,"Freedom","The polarizing bipartisan nature of the current status of the US limits some freedom for citizens. With so much separation, one side is always feeling like some of their freedoms have been taken away.",0,"Freedom","Opportunity","Progress","Development","Security",5,5,5,4,"vote","trump",NA,6,5,3,"female",28,"white/non-hisp","masters","$85,000 to $99,999","antiest","demsatis","radchange","trustgov","ampride","TX",2,1,3,7,"11/24/2024 20:57"
8903,"ctrl",4,1,4,4,4,4,4,"Humanity","Humanity is the the health of all human connections. It’s being thorough in community needs. It’s knowing what the people need and being solution oriented.",0,"Honesty","Integrity","Community","Humanity","Faith",4,4,4,4,"vote",NA,NA,NA,NA,4,"female",25,"black/non-hisp","some coll","$25,000 to $29,999","trustgov","antiest","ampride","radchange","demsatis","GA",11,1,3,5,"11/19/2024 19:44"
8910,"ctrl",4.75,3,4,1,5,4,4.58333333333333,"Freedom","Freedom is the right to be self determined as an individual; family; town; state and nation. Each of us have free will and should be allowed to express ourselves as we see fit to as long we do not infringe on others sovereignty.",0,"Freedom","Life","Liberty","Happiness","Civil Rights",6,4,4,5,"vote","harris",NA,2,1,2,"female",57,"multi/non-hisp","bachelors","$175,000 to $199,999","trustgov","demsatis","ampride","radchange","antiest","NY",14,4,1,2,"11/19/2024 18:15"
8917,"brkn",4,3,3,4,5,5,4.66666666666667,"Freedom of speech","When people have a freedom of speech at times the police are called, people complain about the situation.",0,"Freedom of speech","Right to vote","Fight for what's right","Equal rights","Gender equality",2,5,5,4,"vote","trump",NA,6,5,4,"female",30,"hisp","some coll","$20,000 to $24,999","trustgov","antiest","ampride","demsatis","radchange","IL",2,1,2,3,"11/19/2024 18:02"
8934,"ctrl",3.25,4,5,6,2,3,2.75,"liberty","The freedom to speak your mind and to worship as you see fit without threat of government retribution. The freedom from search & seizure without due cause. The freedom to relocate wherever you see fit.",0,"liberty","freedom","government accountability","democracy","distribution of powers",6,2,2,3,"vote","harris",NA,1,1,2,"male",61,"white/non-hisp","masters","$200,000 or more","demsatis","antiest","radchange","ampride","trustgov","MD",9,1,3,5,"11/20/2024 10:48"
8940,"brkn",6.5,2,2,3,5,6,5.83333333333333,"Prosperity","Americans are not living as equals-there is a huge divide between the wealthy and the poor. Not enough is being done to help those who are not rich to afford the basic necessities",0,"Freedom of religion","Happiness","Prosperity","Long life","Family",7,7,7,5,"vote","trump",NA,6,5,4,"male",64,"white/non-hisp","HS","$35,000 to $39,999","trustgov","radchange","ampride","antiest","demsatis","NJ",2,5,1,2,"11/19/2024 19:05"
8942,"brkn",4.75,4,4,4,4,4,4.25,"Freedom","The taking away of guns is costing us our freedoms as Americans. Our speech is starting to taken away as well.",0,"Freedom","Security","Equality","Diversity","Culture",5,5,5,4,"vote","trump",NA,2,1,3,"male",39,"hisp","some coll","$50,000 to $59,999","demsatis","radchange","trustgov","antiest","ampride","CT",12,1,1,1,"11/20/2024 13:11"
8948,"brkn",5.5,4,3,3,2,5,4.16666666666667,"Equal treatment under the law","Gay people are not being treated equally under the law.  Gay people can be legally discriminated against in many states in the US.  Males are not being treated under the law,  men are treated more harshly by law enforcement and the courts than females for the same crimes.",0,"Rights of the individual","Equal treatment under the law","Freedom of speech","Freedom of religion","Right to own private property",6,5,6,5,"vote","harris",NA,3,2,3,"male",42,"white/non-hisp","some coll","$85,000 to $99,999","demsatis","trustgov","ampride","antiest","radchange","CA",10,7,4,9,"11/22/2024 15:29"
8949,"ctrl",4.5,2,1,1,7,7,6.16666666666667,"Freedom","Freedom is about space. Freedom is living worth free. Freedom is what life should be our right to live without fear of being dictated or controlled by those in higher positions. It is the right to self at all costs.",0,"Freedom","Independence","Prosperity","Power","Value",4,4,4,6,"vote","trump",NA,4,3,4,"male",21,"hisp","HS","$10,000 to $14,999","ampride","antiest","radchange","trustgov","demsatis","TX",11,1,3,7,"11/23/2024 16:00"
8951,"brkn",3.75,2,3,3,5,5,4.58333333333333,"Honesty","Honesty is the foundation of trust. Honesty is the foundation for relationships, for leadership. When we lack honesty we lack trust in others and thus relationships are faulty or non existent.",0,"Truth","Honesty","Respect","Knowledge","Compassion",4,3,3,5,"vote","harris",NA,2,1,2,"female",39,"white/non-hisp","masters","$150,000 to $174,999","demsatis","radchange","antiest","ampride","trustgov","IL",12,1,2,3,"11/23/2024 7:34"
8955,"ctrl",6,4,3,3,NA,5,5.5,"prosperity","The pursuit and achievement of living in a safe space. Not worried about basic needs like food, shelter safety.",0,"freedom","prosperity","pursuit of happiness","equality","independence",5,7,6,6,"vote","other","RFK",4,3,3,"male",23,"white/non-hisp","bachelors","$200,000 or more","radchange","antiest","trustgov","ampride","demsatis","IL",10,4,2,3,"11/29/2024 20:59"
8962,"brkn",4.25,5,2,5,5,6,5.08333333333333,"Freedom","The federal government has become to powerful.  State governments should take precedent, except in defense.",0,"Life","Liberty","Pursuit of happiness","Freedom","Security",3,5,4,5,"vote","trump",NA,5,4,4,"male",44,"white/non-hisp","some coll","$85,000 to $99,999","antiest","radchange","demsatis","trustgov","ampride","WI",1,1,2,3,"11/26/2024 10:21"
8965,"brkn",5.5,2,6,2,7,2,4.83333333333333,"Democracy","Restrictions on women’s & LGBTQ+ rights. Politicians not voting with the wishes of the people they represent",0,"Democracy","Freedom","Inclusion","Independence","Humanity",7,7,6,2,"vote","harris",NA,1,1,1,"male",28,"multi/non-hisp","masters","$75,000 to $84,999","radchange","trustgov","antiest","ampride","demsatis","CO",9,1,4,8,"11/19/2024 20:00"
8969,"kept",4.25,4,4,4,5,4,4.41666666666667,"Freedom","Freedom is one thing that the United states is good dor because other countries is not as good as the USA.",0,"Change","Freedom","Liberty","Diversity","Future",5,5,3,4,"no vote",NA,NA,1,1,1,"female",21,"hisp","less HS","$50,000 to $59,999","trustgov","radchange","antiest","demsatis","ampride","IN",1,1,2,3,"11/27/2024 15:56"
8971,"kept",3.25,5,5,6,6,3,4.08333333333333,"Democracy","Voting fairness. Everyone has the right to express their opinion.Freedom of speech  and to decide who gets in office.",0,"Democracy","Progress","Freedom","Liberty","Hard work",2,2,6,3,"vote","trump",NA,2,1,4,"male",57,"white/non-hisp","some coll","$100,000 to $124,999","demsatis","radchange","ampride","trustgov","antiest","KY",1,1,3,6,"11/20/2024 16:03"
8978,"brkn",4.75,3,4,NA,6,4,4.91666666666667,"Democracy and enterprise","It’s not because the current president sucks and is incapable of his job. It will turn around in 2025 when trump takes the white house back.",0,"Freedom of speech","Personal control over the environment","Time and its importance","Competition and free enterprise","Democracy and enterprise",6,4,5,4,"no vote",NA,NA,7,5,5,"female",24,"white/non-hisp","some coll","$125,000 to $149,999","radchange","antiest","ampride","trustgov","demsatis","TX",12,1,3,7,"11/19/2024 22:04"
8982,"kept",4.5,5,4,7,1,4,3.16666666666667,"All people are created equal.","It's ongoing but started with end of slavery, end of Jim Crow, voting rights for minorities and women. Pay difference between men and women is shrinking, equal housing opportunities.",0,"All people are created equal.","Freedom of speech, religion, press.","Christian ethics.","Balance of powers.","Doing the ""right"" thing.",5,5,5,3,"vote","trump",NA,5,4,3,"male",64,"white/non-hisp","masters","under $5,000","radchange","trustgov","antiest","demsatis","ampride","TX",1,5,3,7,"11/21/2024 10:03"
8998,"kept",6.25,1,1,1,7,7,6.75,"You can do whatever you want as long as you don't infringe upon the rights of others.","It is not living up to the promise. This is not a democracy, it is a republic. Not to be confused with the republican party.",0,"You can do whatever you want as long as you don't infringe upon the rights of others.","Property is the one word answer to resolve any disputes. You have the rights to your property","The police are only supposed to protect your rights and your property, nothing else","We are supposed to be allowed the pursuit of life, liberty and happiness","You are allowed to practice any religion or none at all and the government shall not endorse any religion. There is supposed to be a separation of church and state",7,7,4,7,"vote","other","Libertarian",4,3,3,"male",43,"other/non-hisp","some coll","$30,000 to $34,999","demsatis","ampride","radchange","trustgov","antiest","IN",6,1,2,3,"11/27/2024 12:00"
9004,"kept",3.75,3,3,4,4,5,4.25,"Money","Its not at all. It was all lies, and empty promises. No one in office lives up ro what they promise.",0,"Race","Money","Money","Food","People",4,4,3,4,"no vote",NA,NA,4,3,3,"female",25,"white/non-hisp","some coll","$5,000 to $9,999","antiest","ampride","radchange","demsatis","trustgov","NM",12,1,4,8,"11/23/2024 14:22"
9006,"brkn",6.5,2,1,2,5,7,6.16666666666667,"freedom","Persecution when people express themselves. Refugees being refused, families being separated due to lack of citizenship. Forcing religion on other groups of people.",0,"freedom","liberty","justice","independence","cohesion",6,7,6,7,"no vote",NA,NA,4,3,2,"female",33,"white/non-hisp","HS","$60,000 to $74,999","antiest","radchange","trustgov","ampride","demsatis","SC",11,7,3,5,"11/30/2024 12:31"
9018,"brkn",4.5,5,4,6,1,4,3.16666666666667,"freedom","certain races are trying to dominate other races and it becomes a dictatorship society. constant civil wars and fear of death.",0,"freedom","liberty","justice","opportunity","independance",5,5,5,3,"vote","trump",NA,1,1,1,"male",45,"black/non-hisp","some coll","$50,000 to $59,999","ampride","demsatis","antiest","radchange","trustgov","NY",12,1,1,2,"11/19/2024 20:36"
9024,"kept",5,1,3,1,7,5,5.66666666666667,"Democracy","(My list of values was not based on what I personally value.) It has the institutions for democracy.",0,"Democracy","Secularism","Federalism","Protection","Domination",7,7,3,3,"vote","harris",NA,2,1,1,"male",34,"multi/non-hisp","masters","$75,000 to $84,999","ampride","radchange","antiest","demsatis","trustgov","GA",10,1,3,5,"11/26/2024 9:15"
9029,"ctrl",2.25,3,2,5,6,6,4.75,"Build a strong economy","A community that is safe and where we don’t have to jump through a million qualifiers to afford a place. If I pay 3k in apartment rent why can’t I get approved for a 2,000 mortgage",0,"Care for each other","Strive for peace","Build up communities","Build up safe schools","Build a strong economy",1,1,1,6,"no vote",NA,NA,4,3,3,"male",29,"hisp","some coll","$85,000 to $99,999","antiest","trustgov","ampride","radchange","demsatis","AZ",12,1,4,8,"11/23/2024 7:37"
9053,"brkn",6.75,3,2,1,6,6,6.25,"Freedom","Limited Abortion access,  doing away with Roe V Wade, and putting it to the states to decide individually...",0,"Unity","Wealth","Freedom","Taxation","Courage",7,7,7,6,"vote","harris",NA,1,1,3,"female",59,"white/non-hisp","less HS","$5,000 to $9,999","trustgov","radchange","ampride","antiest","demsatis","OH",12,7,2,3,"11/20/2024 6:56"
9054,"brkn",4.5,4,3,4,5,5,4.83333333333333,"Freedom","Don't really know who U.S, isn't living up to its promise of Freedom. I know that as an 
American we have more freedom in this country to make our own decisions.",0,"Freedom","Equality","Justice","Diversity","Hard Work",5,4,4,5,"vote","trump",NA,7,5,4,"female",64,"white/non-hisp","HS","$100,000 to $124,999","antiest","radchange","trustgov","ampride","demsatis","FL",12,1,3,5,"11/20/2024 8:50"
9063,"brkn",5,4,4,3,2,4,3.66666666666667,"Free choice","Society is not free to choose what is best for them. To much government overreach. The government needs to stay out of the business of family choices",0,"Free choice","Equality","Free speech","Right to defend","Fair government",5,5,5,5,"vote","harris",NA,2,1,3,"male",78,"white/non-hisp","HS","$40,000 to $49,999","trustgov","ampride","radchange","antiest","demsatis","OH",2,2,2,3,"11/25/2024 12:15"
9068,"ctrl",4.5,3,4,4,4,4,4.16666666666667,"Hard working","Hard working is showing up on time. It’s working as hard and as best as you are physically and mentally capable of doing.",0,"Faimly","Truth","Friends","Hard working","Compassion",3,3,6,6,"no vote",NA,NA,4,3,2,"male",47,"white/non-hisp","some coll","$35,000 to $39,999","radchange","antiest","trustgov","ampride","demsatis","MD",11,1,3,5,"11/27/2024 20:42"
9071,"brkn",6.5,4,3,4,5,5,5.5,"Governed by the people","Political figures and the wealthy control most of the decisions made in all government branches. The people seem to have little control over what is actually happening. Too many people making a career of being in political office, lining their own pockets, instead of doing what is best for the whole country.",0,"Governed by the people","Freedom Of religion","Respect for truth","Justice for all","Equal opportunity",7,6,6,7,"vote","trump",NA,7,5,5,"female",64,"white/non-hisp","some coll","$50,000 to $59,999","antiest","radchange","demsatis","trustgov","ampride","KS",1,1,2,4,"11/20/2024 11:25"
9072,"kept",5.75,3,3,3,5,5,5.25,"Equality","Everyone regardless of ethnicity economic level or education should have the same rights to life liberty and the pursuit of happiness",0,"Freedom of speech","Truth","Equality","Justice","Fairness",6,5,5,7,"vote","harris",NA,2,1,3,"female",56,"white/non-hisp","bachelors","$25,000 to $29,999","ampride","trustgov","antiest","demsatis","radchange","ME",1,1,1,1,"11/19/2024 19:48"
9083,"kept",5,5,3,4,5,5,5,"High trust","High trust embodies. The expectation of day to day dealings with other people and institutions are not mired in bribery or corruption.  Things are asked and done based on an mutual understanding and not only based on bribery or personal connections",0,"Security of body","Personal freedom","High trust","Freedom of choice","Reliability of services",5,5,5,5,"vote","trump",NA,5,4,3,"male",42,"asian/non-hisp","bachelors","$100,000 to $124,999","trustgov","demsatis","antiest","ampride","radchange","NE",1,1,2,4,"11/19/2024 18:28"
9090,"kept",6.25,1,2,2,7,6,6.41666666666667,"Freedom","I don’t think we are free. We work until we are close to death, have no benefits, and treated like slaves. America is built on hatred and slavery and we still are treated the same today. Women don’t have as many rights as men.",0,"Freedom","Liberty","Life","Not","Sure",6,6,6,7,"no vote",NA,NA,4,3,3,"female",30,"hisp","some coll","$35,000 to $39,999","radchange","ampride","demsatis","trustgov","antiest","GA",1,1,3,5,"11/22/2024 9:35"
9100,"kept",5.75,4,1,1,7,7,6.58333333333333,"freedom","I don't believe we are. Our obsession with capitalism has led to the privatization of everything, including just being outside. If someone isn't free to camp in a park or stand in a parking lot, they aren't free.",0,"freedom","independence","integrity","ambition","opportunity",7,7,3,6,"vote","harris",NA,3,2,1,"male",32,"white/non-hisp","some coll","$35,000 to $39,999","antiest","ampride","radchange","demsatis","trustgov","TX",11,2,3,7,"11/21/2024 10:50"
9106,"kept",5,3,3,4,5,5,5,"Freedom","Freedom is carried out in the ability to progress economically regardless of race and sex. To be able to believe in what one wishes without judgement.",0,"Freedom","Equality","Individualism","Innovation","98",5,5,5,5,"vote","harris",NA,2,1,3,"female",32,"hisp","bachelors","$125,000 to $149,999","ampride","demsatis","trustgov","radchange","antiest","CA",2,1,4,9,"11/19/2024 16:43"
9124,"brkn",5,4,3,3,6,5,5.33333333333333,"fair","I feel like when it comes to the court systems cases are not always carried out in a fair way.  Different punishments are given for the same crime.",0,"fair","equal","hope","faith","moral",5,5,5,5,"vote","trump",NA,6,5,3,"female",53,"white/non-hisp","bachelors","$50,000 to $59,999","ampride","radchange","trustgov","antiest","demsatis","AR",1,1,3,7,"11/22/2024 8:08"
9127,"ctrl",6,3,1,6,7,7,6.66666666666667,"Protection","It means that’s we should’ have protection the president need to keep his promises and help us and protect us",0,"Independence","Protection","Honesty","Life","Respect",6,5,7,6,"no vote",NA,NA,1,1,3,"female",29,"black/non-hisp","HS","$35,000 to $39,999","ampride","antiest","demsatis","radchange","trustgov","FL",12,1,3,5,"11/20/2024 5:47"
9129,"brkn",5,4,2,3,7,6,6,"Free Speech","the left is pushing censorship Calling it Mis Information. The dem party is allowed to lie to the American people, its more about keeping power to them then serving Americans",0,"Free Speech","Freedom of Religion","right to bear arms","Pursuit of happiness","created equal",3,5,6,6,"vote","trump",NA,7,5,4,"male",61,"white/non-hisp","some coll","$75,000 to $84,999","demsatis","trustgov","antiest","radchange","ampride","CA",12,6,4,9,"11/19/2024 17:01"
9133,"ctrl",6.25,5,4,4,4,4,4.75,"Right to Defend land","Defend what's right and fight if necessary from foreign or domestic terrorist threat to ones homeland.",0,"Right to Defend land","Right to bare arms","Freedom of Speech","To live free","Taxes",6,6,6,7,"no vote",NA,NA,4,3,4,"male",31,"white/non-hisp","less HS","$40,000 to $49,999","ampride","trustgov","antiest","radchange","demsatis","KS",11,1,2,4,"11/19/2024 19:55"
9141,"kept",3.25,3,3,7,4,5,4.08333333333333,"volk","It has many bipedals around. Therefore ever since the nation's conception since 1779. It has been able to survive as bounded states gradually granting this statehood to territories it acquired along its time on earth. In order for this to occur there needs to be people or volk and a requirement for statehood would have been to meet the population quota that would require that territories and its volk its representation according to the nations forefathers. For example compared to 1779 the year 2024 saw Georgia and Florida have their votes counted in a statewide sponsored election. Going back to my previous point the only way that that could occur considering the facts of 1779 being that Florida and Georgia were not part of the Union but instead Spanish crown possessions, that would be in time rent from their kingdom and made as one in ours.",0,"Constitution","Liberty","People","volk","enterprise",2,4,3,4,"vote","trump",NA,6,5,3,"male",28,"hisp","less HS","$40,000 to $49,999","radchange","ampride","demsatis","trustgov","antiest","CA",10,4,4,9,"11/24/2024 12:09"
9151,"ctrl",4.75,4,4,6,6,4,4.91666666666667,"Right to bear arms","Citizens right to own and carry a firearm.  Ability to defend home and family.  Protect your own life and the life of others.",0,"Right to bear arms","Free Speech","Freedom of religion","Elected democracy","Free market economy",4,5,5,5,"vote","trump",NA,7,5,5,"male",43,"white/non-hisp","some coll","$75,000 to $84,999","ampride","radchange","trustgov","demsatis","antiest","IN",11,1,2,3,"11/19/2024 18:32"
9167,"brkn",3.75,5,3,3,2,5,3.58333333333333,"Faith","I believe that goverment is restricting religious liberty. No accepting all sincerley, personal held beliefs.",0,"Faith","Freedom","Equality","Democracy","Justice",4,4,4,3,"vote",NA,NA,7,5,3,"female",69,"white/non-hisp","some coll","$60,000 to $74,999","demsatis","antiest","trustgov","radchange","ampride","FL",1,3,3,5,"11/22/2024 15:15"
9168,"kept",5.75,3,3,3,5,5,5.25,"God","people live up to the promise of God by going to church, praying to God, celebrating holidays based off him, + more",0,"God","persuit of happiness","love","liberty","loyality",6,6,6,5,"vote","other","kennedy",2,1,2,"female",45,"hisp","some coll","$85,000 to $99,999","radchange","ampride","demsatis","trustgov","antiest","IL",2,1,2,3,"11/21/2024 18:37"
9179,"kept",4,3,3,4,4,5,4.33333333333333,"legal rights","One way that legal rights are being carried out in the United States today would be in the many legal systems.",0,"liberty","justice","plutocracy","venture","legal rights",4,4,4,4,"vote","trump",NA,7,5,4,"male",21,"hisp","some coll","$40,000 to $49,999","trustgov","radchange","antiest","ampride","demsatis","CA",9,1,4,9,"11/24/2024 12:44"
9181,"brkn",4.75,2,3,3,2,5,3.91666666666667,"general welfare","housing costs, environmental impacts, health security, mental and physical wellbeing, promotion of education and self-reliance, political and social rancor and polarization, defenses of civil rights and civil liberties, economic justice and capitalistic excesses at the expense of others' welfare, and treatment and attitudes toward noncitizens, foreign individuals, international refugees and asylum seekers, and immigrants",0,"general welfare","common defense","establish justice","personal and individual freedoms","peace and security",5,6,5,3,"vote","harris",NA,3,2,3,"male",24,"asian/non-hisp","some coll","$85,000 to $99,999","ampride","demsatis","radchange","antiest","trustgov","CA",11,4,4,9,"11/19/2024 21:26"
9206,"ctrl",6.5,5,4,2,7,4,5.83333333333333,"financial security","Being able to pay all bills, buy food, reliable transportation, be safe & secure and be able to enjoy leisure  time and activities.",0,"health","love for family & friends","safety","financial security","Independence",7,7,6,6,"vote","trump",NA,5,4,3,"female",69,"other/non-hisp","HS","$60,000 to $74,999","trustgov","radchange","ampride","demsatis","antiest","MI",12,1,2,3,"11/20/2024 18:11"
9209,"ctrl",4,4,4,4,5,4,4.33333333333333,"Integrity","The moral values America was built on. And to continue to build on.a leader that will put the people first.",0,"Honesty","Trust","Compassion","Morals","Integrity",4,4,4,4,"no vote",NA,NA,6,5,3,"female",36,"white/non-hisp","some coll","$50,000 to $59,999","demsatis","antiest","trustgov","ampride","radchange","NC",1,1,3,5,"11/24/2024 20:24"
9218,"kept",5.5,3,3,2,5,5,5.16666666666667,"Right to secuity","Goverment making sure that you are not imdmeidated by who you are and keeping our country safe from outside threats of war",0,"Right to secuity","Right to live cofertably","Freedom to pratice what relgion you want","Right to be treated fairly","Equal oppuity for all",7,6,4,5,"vote","harris",NA,2,1,2,"male",34,"white/non-hisp","some coll","$85,000 to $99,999","trustgov","radchange","antiest","ampride","demsatis","FL",10,1,3,5,"11/20/2024 10:39"
9222,"ctrl",3.5,5,5,6,3,3,3.16666666666667,"Pursuit of happiness","To pursue your dreams as long as it does harm others. That’s itbbbbbbbbbbbnnnnbbnnnnnnnnnnnnnnnnnnmm",0,"Pursuit of happiness","Freedom of religion","Freedom of speech","Right to bear arms","Voting",3,4,4,3,"vote","trump",NA,6,5,3,"female",64,"hisp","some coll","$60,000 to $74,999","ampride","trustgov","radchange","demsatis","antiest","TX",1,1,3,7,"11/19/2024 21:50"
9233,"ctrl",4.5,2,2,1,7,6,5.83333333333333,"Equality for all","Any person no matter the age color of skin or identity has the same opportunities the same rights without discrimination",0,"Freedom for all","Equality for all","Land of opportunity","Rights of the people","Justice for all",5,4,7,2,"no vote",NA,NA,4,3,2,"male",19,"hisp","HS","$50,000 to $59,999","demsatis","ampride","radchange","antiest","trustgov","CA",10,1,4,9,"11/19/2024 16:50"
9238,"brkn",6.25,2,2,4,5,6,5.75,"Individual equality","Systemic racism and categorical othering is still commonplace, inherent in conditioning and implicit bias over many years. Outgroups are created, stereotypes assigned, judgements passed, with minorities and poor people adversely effected in housing, education, healthcare, and opportunities.",0,"Freedom","Individual equality","Autonomy or independence","Pursuit of happiness","Liberty",7,6,6,6,"vote","harris",NA,3,2,3,"male",44,"white/non-hisp","masters","$200,000 or more","demsatis","antiest","trustgov","ampride","radchange","ID",3,2,4,8,"11/22/2024 20:53"
9243,"ctrl",3.5,4,4,3,3,4,3.5,"Rule of law","Everyone respects and will abide by court adjudication of rights and duties. Public officials, including judges and prosecutors will try to be as impartial as they can and make decisions based upon neutral principals of law and evidence.",0,"Individual freedom","Rule of law","Religious neutrality","Representative democracy","Federalism",5,3,3,3,"vote","harris",NA,1,1,1,"male",67,"white/non-hisp","masters","$200,000 or more","radchange","ampride","demsatis","antiest","trustgov","SC",1,1,3,5,"11/19/2024 20:42"
9244,"ctrl",4.75,5,2,2,4,6,4.91666666666667,"Freedom from discrimination based on sex, gender, age, etc","Able to apply for a job or loan based on your financial background - not based on your sex or color of your skin.",0,"Free to voice your opinions without retribution","Freedom from discrimination based on sex, gender, age, etc","Ability to vote in a democratic society","Pass laws and amendments for the betterment of it’s citizens","Independence",4,5,5,5,"no vote",NA,NA,6,5,3,"male",62,"asian/non-hisp","bachelors","$175,000 to $199,999","antiest","demsatis","radchange","ampride","trustgov","CA",11,5,4,9,"11/19/2024 15:15"
9245,"kept",5.25,2,2,2,6,6,5.75,"Freedom","The bill of rights ensures freedoms that are fundamental to democracy. Despite attempts to limit it, America still shines bright in ensuring freedom of speech, assembly, religion and more.",0,"Freedom","Equality","Upward Mobility","Independence","Self determination",6,6,5,4,"vote","other","Bowman",3,2,1,"female",33,"white/non-hisp","bachelors","$100,000 to $124,999","radchange","trustgov","demsatis","ampride","antiest","TN",9,2,3,6,"11/21/2024 23:11"
9247,"ctrl",7,3,1,1,7,7,7,"Trust","Trust is being able to rely on someone and know they will do what they say they going to do and always tell you the truth",0,"Trust","Family","Equality","Unity","Don't know",7,7,7,7,"vote","harris",NA,1,1,3,"female",52,"black/non-hisp","some coll","$5,000 to $9,999","antiest","demsatis","ampride","trustgov","radchange","FL",1,1,3,5,"11/23/2024 23:38"
9256,"ctrl",4.75,3,4,5,5,4,4.58333333333333,"Democracy","Freedom to do as you want and to have a chance to live the Americas dream and not to to be judged on the color of your skin.",0,"Strength","Pride","Power","Democracy","Freedom",5,5,5,4,"no vote",NA,NA,1,1,2,"male",67,"black/non-hisp","HS","$20,000 to $24,999","trustgov","ampride","demsatis","antiest","radchange","TN",1,5,3,6,"11/20/2024 10:30"
9265,"brkn",5.75,4,5,2,5,3,4.58333333333333,"all men are created equal","There is a schism in this country. People are not valued as human beings. There is a superiority and evilness among many people in this world.",0,"freedom of speech","religious freedom","liberty","pursuit of happiness","all men are created equal",6,6,6,5,"vote","harris",NA,1,1,3,"female",64,"white/non-hisp","masters","$85,000 to $99,999","demsatis","radchange","trustgov","antiest","ampride","MA",2,1,1,1,"11/19/2024 18:22"
9281,"brkn",6,1,3,1,7,5,6,"Ethics","We have elected a convicted felon to be lead our country. How is that ethical? The Supreme Court has no ethics as they have given him immunity from any wrongdoing.",0,"Truth","Honesty","Fairness","Ethics","Freedom",6,7,4,7,"vote","harris",NA,3,2,3,"female",67,"white/non-hisp","some coll","$200,000 or more","radchange","ampride","demsatis","trustgov","antiest","CA",11,5,4,9,"11/22/2024 6:59"
9293,"kept",6.25,5,3,2,6,5,5.75,"doing the right thing","doing best for the country and taking care of our people in the United States. Working hard and as a team to make the United States the best place possible",0,"integrity","Under God","Having morals","doing the right thing","Being honest",7,5,7,6,"vote","trump",NA,7,5,5,"female",52,"hisp","some coll","$125,000 to $149,999","demsatis","antiest","radchange","trustgov","ampride","CA",12,1,4,9,"11/19/2024 19:02"
9299,"ctrl",4,3,1,4,4,7,5,"Health","Helth is the most important in life. The us will need to make us cleaner and inexpensive food for our health",0,"Health","Time","Money","Family","Food",4,4,4,4,"no vote",NA,NA,4,3,4,"female",29,"hisp","less HS","$60,000 to $74,999","trustgov","antiest","demsatis","radchange","ampride","CA",2,1,4,9,"11/24/2024 11:54"
9304,"brkn",3.75,5,5,6,3,3,3.25,"Freedom of speech","Not tolerating other’s policies or actions. Over comparing of extreme minorities request. Having a bias liberal press and tv.",0,"Freedom of speech","Freedom of expression freedom of religion","Freedom of expression","Freedom of press","Freedom of choice",4,4,2,5,"vote","trump",NA,6,5,4,"male",75,"white/non-hisp","masters","$75,000 to $84,999","ampride","demsatis","trustgov","radchange","antiest","MO",2,5,2,4,"11/20/2024 8:20"
9312,"kept",6.25,3,4,4,4,4,4.75,"diversity","there is a variety of people here in the united states. a lot of ethnic groups with equal opportunities.",0,"education","economy","freedom","diversity","freedom of expression",5,7,7,6,"vote","trump",NA,7,5,4,"female",35,"white/non-hisp","some coll","$40,000 to $49,999","demsatis","trustgov","radchange","ampride","antiest","MI",12,1,2,3,"11/23/2024 23:15"
9313,"brkn",5.75,2,2,2,5,6,5.58333333333333,"Voice in government","Too much money in politics -- this unfairly shapes the perceptions of voters, based on who has more campaign money",0,"Freedom from tyranny","Voice in government","Equality under law","Equal opportunity","Social mobility",7,5,5,6,"vote","harris",NA,2,1,3,"male",56,"asian/non-hisp","masters","$40,000 to $49,999","demsatis","antiest","radchange","ampride","trustgov","CA",11,5,4,9,"11/20/2024 11:37"
9321,"kept",5,4,3,6,5,5,5,"Liberty","The United States allows its citizens to vote and live life as they want to. You can choose a job or where you want to live. You have various freedoms with laws and protections in place, so that you do not violate the law or rights of others.",0,"Liberty","Justice","Equality","Happiness","Freedom",5,5,5,5,"vote",NA,NA,7,5,4,"female",34,"white/non-hisp","masters","$35,000 to $39,999","ampride","radchange","trustgov","antiest","demsatis","FL",1,1,3,5,"11/28/2024 17:46"
9322,"ctrl",4.75,5,2,2,4,6,4.91666666666667,"The American way","Work, education and freedom of speech. The right to keep and bear arms against a tyrannical government",0,"Freedom of speech","Truth","Justice","The American way","98",4,5,5,5,"vote","trump",NA,5,4,5,"male",69,"white/non-hisp","some coll","$100,000 to $124,999","trustgov","antiest","demsatis","ampride","radchange","OR",12,1,4,9,"11/20/2024 16:30"
9323,"ctrl",3.5,3,3,2,2,5,3.5,"Freedom","Ability to live life free of coercion by others. Ability to vote freely, live without fear, be protected from harm, be respected, free to express and live by one’s believes, freedom  to travel",0,"Freedom","Civil rights","Free speech","Liberty","Equality",6,3,2,3,"vote","harris",NA,1,1,3,"female",78,"white/non-hisp","masters","$150,000 to $174,999","radchange","demsatis","antiest","ampride","trustgov","KS",9,5,2,4,"11/20/2024 17:19"
9337,"ctrl",4.75,3,2,2,5,6,5.25,"Freedom","The ability to live your life the way you wish to live without boundaries or burdens. To do what you want how you want when you want.",0,"Freedom","Strength","Community","Wealth","Family",5,4,5,5,"vote","trump",NA,5,4,3,"female",41,"white/non-hisp","bachelors","$75,000 to $84,999","antiest","demsatis","radchange","trustgov","ampride","DE",1,1,3,5,"11/19/2024 18:06"
9341,"ctrl",4.25,4,3,4,4,5,4.41666666666667,"Freedom of religion","I have the ability to go to church if I choose. I can believe in the God I choose to believe in. I am not forced into a religion that I do not believe in.",0,"Freedom of religion","Right to own weapons","Pursuit of happiness","Ability to make money","To live free",2,5,4,6,"vote","trump",NA,6,5,4,"male",59,"white/non-hisp","some coll","$50,000 to $59,999","ampride","antiest","demsatis","radchange","trustgov","NE",1,1,2,4,"11/22/2024 9:15"
9361,"kept",4,5,3,6,1,5,3.33333333333333,"Freedom","Everyone has the right to freedom, unless they have committed a crime. We can go about our days as we wish.",0,"Equality","Justice","Freedom","Truth","Diversity",5,4,4,3,"vote","harris",NA,1,1,1,"female",65,"white/non-hisp","bachelors","$35,000 to $39,999","radchange","trustgov","demsatis","antiest","ampride","WI",1,1,2,3,"11/19/2024 18:23"
9363,"brkn",5,4,2,2,6,6,5.66666666666667,"Freedom on speech","The freedom of speech has become more biased towards liberal speech versus the protection of all speech as conservative. Speech is often more subjected to government criticism, then blanketed for all.",0,"Freedom on speech","Right to bear arms","Separation of church and state","Representation on taxation","Pursuit of happiness",2,7,6,5,"vote","trump",NA,7,5,5,"male",40,"white/non-hisp","some coll","$60,000 to $74,999","radchange","ampride","antiest","trustgov","demsatis","WV",12,1,3,5,"11/19/2024 19:20"
9381,"ctrl",7,3,1,1,7,7,7,"Kill Indegnious People","Kill the natives people that live in this land. Move native people to take the land that has the most resources. Deny everything in the future.",0,"Be Greedy","Be Racist","Be Slave Owners","Kill Indegnious People","Take From People",7,7,7,7,"vote","harris",NA,4,3,3,"male",43,"hisp","some coll","$20,000 to $24,999","antiest","trustgov","radchange","ampride","demsatis","CA",9,6,4,9,"11/27/2024 13:24"
9385,"ctrl",6.25,5,2,1,7,6,6.41666666666667,"Limited government","Well in my opinion limited government is less government,  they have over four million federal government employees and they could probably cut 25 % of them and pull some of these jobs in a less expensive area then DC cost of living is very high",0,"Individualism","Equality","Limited government","Rule of law","Liberty",6,6,6,7,"vote","trump",NA,7,5,4,"male",59,"white/non-hisp","HS","$85,000 to $99,999","antiest","trustgov","radchange","demsatis","ampride","NY",4,6,1,2,"11/20/2024 20:15"
9388,"ctrl",6,5,2,4,7,6,6.33333333333333,"Love","I need love to be shown. Love is essential in a relationship, in life. Love doesn't only have to be sexual, it could be by a hug, by taking the time to spend with someone, to enjoy doing things together as one of a family.",0,"Love","Loyalty","Kindness","Respect","Communication",7,7,7,3,"vote","harris",NA,1,1,3,"female",48,"hisp","less HS","$5,000 to $9,999","trustgov","demsatis","radchange","antiest","ampride","FL",2,6,3,5,"11/19/2024 19:54"
9393,"brkn",5.25,4,4,3,4,4,4.41666666666667,"Freedom","Some people live in fear of freedom being taken away. For example-immigrants or undocumented and inmates with long sentences for drug position.",0,"Freedom","Peace","Equality","Living quarters","Food",6,5,5,5,"vote","harris",NA,1,1,2,"female",68,"white/non-hisp","some coll","$100,000 to $124,999","antiest","ampride","demsatis","trustgov","radchange","CA",2,5,4,9,"11/22/2024 7:43"
9400,"ctrl",4.25,5,3,NA,4,5,4.41666666666667,"freedom","Freedom is not being controlled by anyone or group no one can tell you what you have to do or how to be",0,"freedom","justice","democratic government","equality","effective governance",5,3,5,4,"no vote",NA,NA,4,3,NA,"female",37,"hisp","less HS","$10,000 to $14,999","ampride","trustgov","demsatis","antiest","radchange","NM",11,1,4,8,"11/21/2024 17:54"
9406,"brkn",5.75,1,2,4,5,6,5.58333333333333,"Equality","Overturn of Roe vs Wade. Election of a Racist, a Terrorist, and a Criminal into Power. Anti-LGBT laws and policies. Police Brutality against Minorities. Removal of Rights and the Treatment/Deportation of Immigrants, both legal and illegal.",0,"Liberty","Independence","Equality","Justice","Union",7,6,4,6,"vote","harris",NA,2,1,2,"female",24,"hisp","some coll","$15,000 to $19,999","antiest","ampride","demsatis","radchange","trustgov","FL",10,7,3,5,"11/24/2024 17:41"
9408,"ctrl",5,5,3,7,3,5,4.33333333333333,"Power in the people","We the people being able to make our decisions ourselves. The government is not the power, the power is the people.",0,"All people created equal","Being self reliant","The pursuit of happiness","Freedom of speach","Power in the people",4,5,6,5,"vote","trump",NA,5,4,3,"female",33,"black/non-hisp","some coll","$40,000 to $49,999","antiest","trustgov","demsatis","radchange","ampride","CA",12,1,4,9,"11/19/2024 17:12"
9414,"brkn",5,4,4,1,7,4,5.33333333333333,"Free speach","Our media just justifying an agenda regardless of if they have to lie or not..
 You don't know what to believe.",0,"Free speach","freedom of religion","Able to own property","Protection from hostiles","able to travel",6,4,5,5,"vote","trump",NA,7,5,4,"male",88,"white/non-hisp","some coll","$60,000 to $74,999","antiest","radchange","trustgov","ampride","demsatis","NJ",5,5,1,2,"11/20/2024 6:52"
9419,"brkn",5.75,5,4,1,1,4,3.58333333333333,"Protect our lcountry","Protect our borders and coast lines from any foreign intruders. Make sure the people elected are for the same values as we the people.",0,"Protect our lcountry","Protect our personal land","Protect our citizens","Stand together","Ensure growth",6,6,6,5,"vote","trump",NA,4,3,4,"male",59,"white/non-hisp","HS","$25,000 to $29,999","radchange","antiest","demsatis","ampride","trustgov","IN",13,1,2,3,"11/22/2024 22:21"
9425,"kept",4,1,2,4,6,6,5.33333333333333,"Care bout","they arent. and it wont happen for a while. they arent it wont happen for a while. they wont it wont",0,"This","Country","Dont","Care bout","Me",4,4,4,4,"no vote",NA,NA,4,3,3,"male",19,"black/non-hisp","HS","$40,000 to $49,999","trustgov","demsatis","radchange","ampride","antiest","NE",11,1,2,4,"11/24/2024 15:41"
9432,"brkn",7,1,1,1,7,7,7,"Equality","Equality is not living up it's promise because people who are poor are treated less in everything. The rich people are treated like kings and queens",0,"Individuality","Equality","Informality","Future","Time",7,7,7,7,"no vote",NA,NA,4,3,1,"female",52,"hisp","HS","under $5,000","trustgov","radchange","antiest","demsatis","ampride","MA",12,1,1,1,"11/19/2024 18:43"
9433,"kept",6,2,2,2,6,6,6,"Freedom","I feel that the US was founded so that people would have the freedom to be who they wanted to be, regardless of religion, social standing, etc. but that we have never really lived up to that idea. I feel like currently we are working against the values that America was founded upon. The upcoming president has policies that aim to take away freedoms from marginalized groups that would undo years of work towards equality.",0,"Freedom","Liberty","Justice","Fairness","Unity",6,6,6,6,"vote","harris",NA,2,1,2,"female",33,"white/non-hisp","some coll","$30,000 to $34,999","ampride","antiest","trustgov","demsatis","radchange","KY",11,1,3,6,"11/19/2024 23:19"
9444,"brkn",4.75,4,3,3,NA,5,4.875,"independence","The woke system is being far too demanding and pushy, no one is allowed to think their own thoughts anymore",0,"Freedom","independence","opportunity","Worth ethic","Democracy",5,6,6,2,"vote","trump",NA,7,5,4,"female",42,"white/non-hisp","bachelors","$50,000 to $59,999","demsatis","ampride","trustgov","radchange","antiest","NY",2,1,1,2,"11/19/2024 18:42"
9451,"brkn",6.5,2,4,3,6,4,5.5,"freedom","Anyone who is not ""white"" is treated differently. They are not given the same freedoms. Instead of being able to do anything, we are treated as less than. We are never automatically given the same freedoms as ""whites"".",0,"freedom","rights","beliefs","for the people","98",7,6,7,6,"vote","harris",NA,1,1,3,"female",49,"hisp","less HS","$10,000 to $14,999","radchange","trustgov","ampride","antiest","demsatis","TX",2,1,3,7,"11/20/2024 16:41"
9458,"kept",4.25,3,4,4,3,4,3.75,"equity","Equity is often honored on the local and state level, but has become less practiced on the national scene, where winning at all costs has become prevalent. There are some areas, however, the still evidence equity in the social services and some legal arenas.",0,"equity","equality","rule of law","equitable governance","dispassionate governance",5,3,5,4,"vote","harris",NA,3,2,3,"male",80,"white/non-hisp","masters","$100,000 to $124,999","radchange","trustgov","demsatis","antiest","ampride","TX",14,5,3,7,"11/20/2024 14:59"
9463,"brkn",5,5,7,7,7,1,4.33333333333333,"Equality","The United States continues to struggle with systemic inequalities, particularly in areas such as racial justice, economic opportunity, and access to healthcare and education. Disparities persist in policing and incarceration rates, voting rights, and employment opportunities, disproportionately affecting communities of color, women, and marginalized groups. These ongoing inequalities undermine the country's founding promise of equal rights and opportunities for all.",0,"Independence","Equality","Democracy","Work ethic","Privacy",6,5,6,3,"vote","trump",NA,2,1,3,"male",32,"hisp","less HS","$75,000 to $84,999","demsatis","radchange","trustgov","ampride","antiest","NV",1,1,4,8,"11/25/2024 19:00"
9466,"brkn",7,5,2,1,6,6,6.33333333333333,"freedom","By making it so expensive for people to live. Everything is so expensive living quarters and food ect.. seems they are sending to much money overseas to other countries when we need it.",0,"freedom","voting rights","freedom of speak, religion","right to bear arms","trial by jury",7,7,7,7,"no vote",NA,NA,5,4,3,"female",63,"white/non-hisp","HS","$40,000 to $49,999","antiest","ampride","radchange","trustgov","demsatis","OH",1,1,2,3,"11/25/2024 13:02"
9470,"kept",5.25,5,2,4,4,6,5.08333333333333,"Freedom","People can do what they want.   
I have the right to bear arms and apparently everyone has the right to picket",0,"Freedom","Equality","Religion","Right bear arms","Control",4,6,6,5,"vote","trump",NA,6,5,3,"female",36,"white/non-hisp","some coll","$85,000 to $99,999","antiest","trustgov","radchange","demsatis","ampride","OK",1,1,3,7,"11/20/2024 7:20"
9475,"brkn",6.5,5,1,5,5,7,6.16666666666667,"democracy","By electing a person that is a convicted criminal. This country is so divided and our Constitution is at stake. Our democracy is at state. Our freedom is at stake. Our future is at stake.",0,"freedom","democracy","equality","civil rights","love of country",7,6,6,7,"vote","harris",NA,1,1,2,"female",54,"black/non-hisp","masters","$150,000 to $174,999","trustgov","antiest","ampride","demsatis","radchange","PA",12,1,1,2,"11/21/2024 9:18"
9479,"kept",4,3,2,5,5,6,5,"Democracy","Free and fair elections.
Protect human rights.
Equal opportunity for all.
Peace and security.
Inclusive society.",0,"Liberty","Equality","Democracy","Justice","Happiness",5,4,3,4,"vote","harris",NA,1,1,1,"female",70,"white/non-hisp","some coll","$85,000 to $99,999","antiest","ampride","radchange","demsatis","trustgov","FL",1,5,3,5,"11/19/2024 20:16"
9486,"ctrl",6,4,2,2,5,6,5.66666666666667,"Freedom","Freedom should be the ability to do and to move freely with little government interference. Freedom to do within the morals and laws of our society.",0,"Freedom","Justice","Faith","Truth","Hard work",5,6,7,6,"no vote",NA,NA,6,5,4,"male",66,"white/non-hisp","some coll","$25,000 to $29,999","demsatis","ampride","trustgov","radchange","antiest","TX",1,6,3,7,"11/21/2024 15:39"
9492,"brkn",2.5,5,5,6,5,3,3.5,"Freedom of religion","The Bible has been removed from our schools and Christian principals are not being followed in our country.",0,"Freedom of religion","Speech","Bear Arms","Trial by jury","Elections",2,2,3,3,"vote","trump",NA,7,5,5,"male",81,"white/non-hisp","HS","$40,000 to $49,999","antiest","ampride","demsatis","radchange","trustgov","PA",12,5,1,2,"11/19/2024 18:02"
9497,"brkn",6.5,4,2,1,6,6,6.16666666666667,"Better living cost","We need wages to go up but living cost to stay down. That is not happening in California right now. It’s very hard to have a livable wage.",0,"Better education","Better health","Better immigration","Better living cost","Treating people better",6,7,7,6,"no vote",NA,NA,4,3,3,"male",35,"hisp","some coll","$100,000 to $124,999","trustgov","demsatis","antiest","radchange","ampride","CA",11,1,4,9,"11/20/2024 0:42"
9498,"kept",2.5,1,7,7,7,1,3.5,"Kids","The us in not living up to there promise u got kids out here shooting guns and smoking like what’s going on go to school",0,"Home","Food","Kids","Work","Life",1,1,1,7,"vote","trump",NA,1,1,3,"male",32,"hisp","HS","$30,000 to $34,999","ampride","antiest","trustgov","radchange","demsatis","NJ",1,1,1,2,"11/23/2024 19:39"
9523,"brkn",5.75,5,4,2,5,4,4.91666666666667,"Freedom","Cancel culture is suppressing freedom of speech/expression.  Promotion of Gender extremism is hindering the freedoms of everyone else.  Second amendment freedoms are actively being suppressed by the State governments.",0,"Freedom","Honor","Justice","Sacrifice","Self-Actualization",6,6,6,5,"vote","other","RFK",6,5,4,"male",52,"asian/non-hisp","masters","$50,000 to $59,999","demsatis","antiest","ampride","radchange","trustgov","CA",10,5,4,9,"11/19/2024 17:39"
9525,"kept",4.75,5,4,3,5,4,4.58333333333333,"freedom of speech","The right to speak your mind without repercussion. Newspaprers, televsion and radio can express their opinions.",0,"freedom of speech","freedom of religion","speedy trial","equal rights","peaceful assembly",4,5,6,4,"vote","trump",NA,7,5,3,"female",77,"other/non-hisp","some coll","$25,000 to $29,999","ampride","trustgov","antiest","radchange","demsatis","AL",1,5,3,6,"11/19/2024 19:04"
9526,"ctrl",6.75,2,2,1,5,6,5.91666666666667,"Democracy","Democracy is a representation of all people at the government level. Everyone has a voice and has a say in how the cou try is governed",0,"Democracy","Liberty","Equality","Pursuit of happiness","Access to justice",7,7,7,6,"vote","harris",NA,1,1,1,"female",39,"white/non-hisp","some coll","$100,000 to $124,999","ampride","trustgov","demsatis","antiest","radchange","MO",13,1,2,4,"11/20/2024 9:00"
9531,"kept",6,1,3,1,4,5,5,"Unity","All people are equal and should be treated equally. It's in the United States declaration of independence.",0,"Equality","Diversity","Unity","Liberty","Individualism",6,7,6,5,"no vote",NA,NA,6,5,3,"male",26,"white/non-hisp","some coll","$50,000 to $59,999","radchange","trustgov","antiest","ampride","demsatis","IL",11,2,2,3,"11/19/2024 18:07"
9538,"ctrl",3.5,5,2,5,3,6,4.16666666666667,"Freedom of religion","The right to freedom of religion means to be able to worship God peaceably and in the way I feel the Bible and God wants me to without any interference from the government or other law enforcement agencies.",0,"Freedom of religion","Freedom of speech","Freedom of the press","Right to bear arms and protect our freedoms","Right to have representation and air grievances",1,5,3,5,"vote","trump",NA,4,3,5,"male",43,"white/non-hisp","some coll","$125,000 to $149,999","antiest","trustgov","demsatis","radchange","ampride","MO",1,1,2,4,"11/23/2024 0:58"
9540,"ctrl",6.25,2,1,1,7,7,6.75,"Basic rights","The basic rights that all people should be treated and judged equally in the eyes of the law. For example each vote should be equal.",0,"Fair trials","Community","Personal freedom","Financial mobility","Basic rights",7,7,4,7,"vote","harris",NA,2,1,1,"male",32,"white/non-hisp","some coll","$200,000 or more","antiest","radchange","ampride","trustgov","demsatis","CO",9,1,4,8,"11/19/2024 19:56"
9545,"ctrl",3.5,5,4,7,2,4,3.16666666666667,"Freedom of Speech","Freedom of Speech means that a person is able to express their views without fear of prosecution.  It also means that a person ir persons can demonstrate peacefully without fear of prosecution.",0,"Freedom of Speech","Freedom of Religion","Fair Trials","Civil Rights","Right to Arms",2,5,4,3,"vote","harris",NA,1,1,1,"female",59,"white/non-hisp","some coll","$75,000 to $84,999","trustgov","radchange","antiest","demsatis","ampride","MA",2,1,1,1,"11/19/2024 18:18"
9546,"ctrl",4.5,5,4,6,5,4,4.5,"Trust in other","If we learn to listen, work & share with one another, life can be better. Love our God & goverment. Nobody is perfect but we can all do alittle better. Nobody owe you anything you need to earn it",0,"Trust in other","Love your neighor as yourself","Teaching everyone","Hare work","Give 1st benfit last",5,5,5,3,"vote","trump",NA,7,5,3,"female",77,"white/non-hisp","HS","$50,000 to $59,999","demsatis","ampride","antiest","trustgov","radchange","NJ",12,1,1,2,"11/20/2024 21:25"
9561,"brkn",6,5,4,3,6,4,5.33333333333333,"Protection from other nations","By letting no Americans come in our country with gangs drugs and getting government money that is Americans can't even get housing we can't get",0,"People","Taking care of community","Border safety","Military","Protection from other nations",7,7,7,3,"no vote",NA,NA,4,3,4,"female",47,"white/non-hisp","some coll","$30,000 to $34,999","antiest","trustgov","demsatis","ampride","radchange","TN",1,1,3,6,"11/19/2024 18:18"
9565,"ctrl",3.25,4,5,6,2,3,2.75,"Democracy","The government is decided by the people. The people vote for presidents, senators, representatives in order to run the government effectively.",0,"Democracy","Fair elections","Equal rights","Unity","Fair elections",2,3,5,3,"vote","harris",NA,2,1,4,"female",74,"hisp","HS","$40,000 to $49,999","demsatis","antiest","radchange","ampride","trustgov","NJ",2,5,1,2,"11/19/2024 18:54"
9570,"kept",3.25,3,5,4,5,3,3.75,"Individualism","Today, individualism is closely linked to personal rights, identity politics and self-expression, as individuals increasingly define their identities through gender, sexuality and personal beliefs.",0,"Individualism","Equality of opportunity","Liberty","Diversity","Self-reliance",4,3,3,3,"vote","harris",NA,1,1,5,"female",34,"white/non-hisp","some coll","$40,000 to $49,999","demsatis","ampride","trustgov","antiest","radchange","MI",11,1,2,3,"11/25/2024 13:30"
9574,"ctrl",5.75,2,2,5,6,6,5.91666666666667,"Equality FOR ALL","All men, women, and non gender specific, all races, cultures, religions, skin colors, all languages, all sexual orientations are guaranteed equal and the same rights by state and federal governments.",0,"Equality FOR ALL","Representation","Separation church/state","Freedom","Independence",6,6,7,4,"vote","harris",NA,2,1,3,"female",49,"white/non-hisp","bachelors","$175,000 to $199,999","trustgov","ampride","radchange","antiest","demsatis","NY",1,1,1,2,"11/21/2024 0:58"
9590,"ctrl",4.5,5,4,4,5,4,4.5,"Honor","Being honest to human kind. Regardless of Being in the service.  Always thinking of others and looking to help",0,"Honor","Integrity","Respect","Humanity","Empathy",5,4,5,4,"no vote",NA,NA,4,3,4,"male",46,"hisp","some coll","$60,000 to $74,999","ampride","antiest","demsatis","trustgov","radchange","CA",2,1,4,9,"11/19/2024 18:48"
9598,"brkn",NA,5,4,5,5,4,4.5,"Economy","Everything is high everything is so expensive to buy or to even live everything is needs to go down",0,"Economy","Piece full","Liberal","Conservative","World",NA,NA,NA,NA,"no vote",NA,NA,3,2,4,"female",30,"hisp","HS","$50,000 to $59,999","trustgov","demsatis","antiest","radchange","ampride","CA",2,1,4,9,"12/1/2024 15:04"
9604,"kept",4.25,4,2,5,5,6,5.08333333333333,"Trust","We are not living up to the promise of trust as our leaders are lying to the people.  It is not right that our leaders cannon be trusted to do the right thing.",0,"Trust","Democracy","Safety","Independance","Honor",3,5,4,5,"vote","harris",NA,6,5,3,"male",60,"white/non-hisp","HS","$125,000 to $149,999","radchange","ampride","trustgov","demsatis","antiest","UT",11,2,4,8,"11/19/2024 16:27"
9605,"kept",3.75,3,4,5,3,4,3.58333333333333,"Freedom of speech","People can express their opinions wihout fear of procecutions and retributions.  However, I am afraid it is changing and people take advantage of freedom of speech with hate, lie and misinformation.",0,"Democracy","Freedom of speech","Equality of people","Separation of Power","Separation of church",6,3,3,3,"no vote",NA,NA,2,1,3,"female",57,"asian/non-hisp","masters","$200,000 or more","antiest","ampride","radchange","demsatis","trustgov","CA",11,1,4,9,"11/19/2024 20:32"
9606,"ctrl",4.75,NA,2,4,4,6,4.91666666666667,"Happiness","Feeling of contentment and not needing anything else. Feeling like your life is complete and nothing has to change",0,"Happiness","Confidence","Security","Aspirations","Fulfillment",4,7,5,3,"no vote",NA,NA,4,3,NA,"male",26,"hisp","HS","$50,000 to $59,999","radchange","antiest","trustgov","ampride","demsatis","CA",1,2,4,9,"11/19/2024 17:43"
9607,"ctrl",6.25,2,1,3,3,7,5.41666666666667,"Freedom of choice","This is where the government does not interfere in the American people's everyday choices. The people have the option to be able to do each day as they please and that the government should be there simply for security, protection and security nets.",0,"Life","Liberty","Happiness","Freedom of choice","Government non-involvement",6,7,7,5,"vote","trump",NA,6,5,3,"male",24,"multi/non-hisp","some coll","$75,000 to $84,999","demsatis","antiest","ampride","trustgov","radchange","WA",3,1,4,9,"11/27/2024 8:10"
9612,"kept",3.75,5,3,2,2,5,3.58333333333333,"equal opportunity","Americans can follow their own dreams. They can start a business, pursue an education or training, raise a family. The government is limited from controlling people's lives and personal goals.",0,"freedom of religion","equal opportunity","freedom of expression","protections from government","citizens' rights, responsibilities",2,3,5,5,"vote","trump",NA,7,5,5,"male",59,"hisp","masters","$175,000 to $199,999","demsatis","ampride","antiest","radchange","trustgov","CA",1,1,4,9,"11/27/2024 20:40"
9614,"kept",5.5,1,1,1,7,7,6.5,"Civil rights","It isn’t being honored. But we have handicapped parking, ADA accommodations and more for disabled folks, but people of color and and other identities are now being hit.",0,"Free speech","Free press","Free assembly","Civil rights","Freedom of land",7,7,2,6,"vote","harris",NA,4,3,1,"female",42,"white/non-hisp","masters","$85,000 to $99,999","ampride","trustgov","demsatis","radchange","antiest","CO",10,1,4,8,"11/19/2024 18:55"
9615,"kept",4.25,5,4,5,5,4,4.41666666666667,"Freedom","We have freedom of speech, freedom of expression, and freedom to congregate and freedom to protest.",0,"Freedom","Honor","Creativity","Wealth","Pride",4,5,5,3,"vote","trump",NA,7,5,3,"male",26,"hisp","some coll","$85,000 to $99,999","radchange","antiest","ampride","demsatis","trustgov","GA",10,4,3,5,"11/20/2024 16:44"
9618,"ctrl",6.75,5,2,1,7,6,6.58333333333333,"Freedom","I can walk the streets without being asked to ""show my papers"". I can travel at will. I can grow my own food. I make my own choices.",0,"Freedom","Liberty","Equality","Prosperity","Opportunity",6,7,7,7,"vote","trump",NA,5,4,5,"male",61,"white/non-hisp","some coll","$175,000 to $199,999","trustgov","ampride","demsatis","radchange","antiest","MO",12,1,2,4,"11/19/2024 18:10"
9619,"kept",4.75,5,4,4,4,4,4.25,"Nation under GOD","The U.S. has always ensured freedom of religion. No matter what denomination we are, we can worship God in our own ways.  Families can raise their children to honor God in their own way without fear of retribution from the government.",0,"Nation under GOD","Freedom","Equal Opportunity","Capitalism","Many career paths",4,5,5,5,"vote","trump",NA,7,5,4,"male",55,"hisp","HS","$75,000 to $84,999","antiest","demsatis","ampride","trustgov","radchange","CA",12,1,4,9,"11/22/2024 17:43"
9628,"brkn",6.5,5,4,5,7,4,5.83333333333333,"Protection","Border is out of control. Too close to the foreign countries. Not proving for the people in the US 1st.",0,"Freedom","PEACE","Intergerity","Protection","Honor",7,7,7,5,"vote","trump",NA,7,5,1,"male",65,"hisp","HS","$60,000 to $74,999","trustgov","antiest","ampride","demsatis","radchange","OH",1,1,2,3,"11/19/2024 18:49"
9629,"ctrl",4.5,5,4,6,5,4,4.5,"Equality","Equality is not discriminating against any color having about the same pay for all of us. For all of us to get along equally no matter what color your skin is what your chosen orientation is.",0,"Equality","Keep us safe","To abide by the rules","Help all countries","To be proud",6,5,4,3,"vote","harris",NA,3,2,3,"female",89,"white/non-hisp","some coll","$20,000 to $24,999","radchange","ampride","antiest","demsatis","trustgov","NV",12,5,4,8,"11/19/2024 16:33"
9631,"kept",4.5,5,4,4,5,4,4.5,"Freedom","Freedom is a right for all Americans. This includes freedom of speech and to live your life within moral constructs.",0,"Freedom","Family","Peace","Unity","Bravery",5,5,5,3,"vote","trump",NA,5,4,3,"male",47,"white/non-hisp","some coll","$75,000 to $84,999","trustgov","ampride","demsatis","radchange","antiest","RI",2,1,1,1,"11/21/2024 18:07"
9634,"kept",5,1,4,2,5,4,4.66666666666667,"Freedom of r,eligon","To keep out of running churches mand synagogues.allowing people the freedom to worship as they s.e there duty to God.",0,"Freedom of speach","Freedom of r,eligon","Jot be armed","To suceede","To live. Anywhere",5,5,5,5,"vote","trump",NA,7,5,5,"male",85,"white/non-hisp","some coll","$85,000 to $99,999","ampride","antiest","trustgov","radchange","demsatis","TX",1,5,3,7,"11/24/2024 19:29"
9638,"ctrl",2.25,5,3,6,5,5,4.08333333333333,"Freedom","Freedom is. The will of people to speak freely say what they mean act on what they mean and go for it",0,"Freedom","Money","Jobs","Immigration","President",2,1,2,4,"no vote",NA,NA,5,4,3,"female",36,"hisp","HS","$5,000 to $9,999","trustgov","ampride","antiest","radchange","demsatis","NY",2,6,1,2,"11/22/2024 7:35"
9640,"brkn",4.25,4,4,6,4,4,4.08333333333333,"Protection of rights","There are some laws that make certain individuals lose their rights or not honor them. People who are incarcerated can't vote.",0,"People rights","Protection of rights","Freedom of speech","Gun rights","Capitalism",5,4,4,4,"no vote",NA,NA,4,3,3,"male",23,"hisp","HS","$15,000 to $19,999","demsatis","antiest","radchange","trustgov","ampride","CA",10,7,4,9,"12/1/2024 10:40"
9643,"brkn",3.5,3,5,6,2,3,2.83333333333333,"equality of all","We are still beset by bigotry, racism, and misogyny in our country.  We are not all equal, though many of us try to ascribe to that value.",0,"equality of all","religious freedom","pursuit of happiness","liberty","freedom of speech",5,2,4,3,"vote","harris",NA,1,1,1,"female",70,"white/non-hisp","bachelors","$85,000 to $99,999","trustgov","ampride","radchange","demsatis","antiest","TX",10,5,3,7,"11/19/2024 20:34"
9645,"kept",4.75,3,3,2,6,5,5.25,"rule of law","Utilizing a court system. Voting integrity and accountability. Civic education, general independence.",0,"rule of law","truth","armed forces","freedom","unity",7,6,2,4,"vote","harris",NA,3,2,3,"male",59,"white/non-hisp","bachelors","$60,000 to $74,999","demsatis","ampride","radchange","trustgov","antiest","WA",1,6,4,9,"11/20/2024 17:59"
9647,"brkn",5,5,2,4,3,6,4.66666666666667,"Democracy","Our current president and military are ineffective and more concerned with giving voice to and enacting accommodations for and of minority interests instead of protecting our way of life through honor and strength and a high set of moral values.",0,"Liberty","Democracy","Freedom of religion","Right of arms","Transparency of govt",3,6,6,5,"vote","trump",NA,7,5,5,"female",47,"white/non-hisp","bachelors","$50,000 to $59,999","trustgov","radchange","demsatis","ampride","antiest","WA",11,1,4,9,"11/19/2024 19:50"
9648,"kept",5.75,5,4,2,6,4,5.25,"equality under law","Step by step a case moves from local courts through the various courts until it reaches the Supreme court which is the ultimate judge to preserve the rights per the Constitution.",0,"freedom of speech","equality under law","religious freedom","property ownership","equality of states",5,6,6,6,"vote","trump",NA,6,5,5,"male",83,"white/non-hisp","bachelors","$100,000 to $124,999","trustgov","ampride","antiest","demsatis","radchange","NJ",1,5,1,2,"11/21/2024 11:46"
9651,"ctrl",5.25,2,4,4,4,4,4.41666666666667,"Doing what's best for the people","Providing equal opportunity for people of all backgrounds. Protecting and keeping people safe from danger.",0,"Honor and integrity","Honesty and truth","Doing what's best for the people","Safety","Economy",5,5,7,4,"vote","harris",NA,1,1,2,"male",28,"hisp","HS","$40,000 to $49,999","antiest","trustgov","radchange","demsatis","ampride","AZ",10,1,4,8,"11/22/2024 15:20"
9657,"ctrl",4.5,2,3,4,5,5,4.83333333333333,"Democracy","Democracy is the value that power comes from the people, by the people and for the people . It’s a way government cannot have totalitarian or communist ideals because people have choice .",0,"Liberty","Equality","Democracy","Checks and balances","Popular sovereignty",5,5,5,3,"vote","harris",NA,1,1,1,"female",29,"white/non-hisp","bachelors","$50,000 to $59,999","radchange","antiest","trustgov","demsatis","ampride","MI",12,1,2,3,"11/23/2024 12:00"
9658,"ctrl",3.5,5,6,6,5,2,3.5,"Freedom from oligarchy","Freedom of oligarchy means to have a democratic elected government, for the people and by the people. Not to pay obedience to a king or an undemocratic regime.",0,"Freedom from oligarchy","The right of a free speech","The right to vote in a popular election","The right of personal religious beliefs","To have a property",5,3,3,3,"no vote",NA,NA,2,1,4,"male",64,"hisp","some coll","$35,000 to $39,999","trustgov","ampride","radchange","antiest","demsatis","CA",2,1,4,9,"11/22/2024 8:00"
9661,"brkn",3.5,5,3,5,3,5,3.83333333333333,"Happiness","Inflation, crime, the lack of truth in politics and the negative values and ideals being taught by many colleges and universities is preventing the pursuit of happiness by Americans.",0,"Family","My country the USA","My religion","Happiness","Second amendment",1,4,5,4,"vote","trump",NA,6,5,3,"male",60,"hisp","bachelors","$175,000 to $199,999","trustgov","antiest","demsatis","radchange","ampride","CO",12,2,4,8,"11/20/2024 6:54"
9666,"ctrl",6.25,4,1,2,1,7,4.75,"To live in a democracy","To live in a country where the will of the people has the power to make decisions about governance.  No single person or entity should be allowed to govern without a consensus of the population.",0,"Religious freedom","Freedom from tyranical rule","To live in a democracy","Equality for all men","Opportunity for every man",6,7,7,5,"vote","harris",NA,2,1,3,"female",72,"white/non-hisp","some coll","$40,000 to $49,999","radchange","ampride","trustgov","demsatis","antiest","IL",1,5,2,3,"11/22/2024 21:36"
9673,"brkn",5.5,1,3,4,6,5,5.5,"Job stability","The US is not living up to its promise by not providing the appropriate living wage to maintain a comfortable life",0,"Job stability","Healthy family dynamics","Land of the free","Freedom of speech","Equal opportunity",6,5,6,5,"no vote",NA,NA,4,3,3,"female",37,"black/non-hisp","bachelors","$60,000 to $74,999","demsatis","radchange","ampride","trustgov","antiest","CA",12,2,4,9,"11/21/2024 18:05"
9676,"kept",3.25,5,4,3,5,4,4.08333333333333,"freedom","every person has the freedom of speech.
the freedom of political fair prosses1111111111111111111111111111111111111111111111111111111111111111111111111111111111111111111111111111111111111111111",0,"freedom","liberty","equality","encouragement","civik",4,2,3,4,"vote","harris",NA,2,1,3,"male",62,"white/non-hisp","HS","$60,000 to $74,999","antiest","ampride","trustgov","radchange","demsatis","RI",2,1,1,1,"11/19/2024 19:24"
9688,"ctrl",4.75,5,4,6,5,4,4.58333333333333,"Integrity","When we say we’re going to do something, we do it. We fulfill our promises. The government says we are free so they fulfill their promise to the people.",0,"Integrity","Democracy","Freedom","Power","Justice",5,6,5,3,"vote","trump",NA,7,5,3,"female",34,"white/non-hisp","some coll","$50,000 to $59,999","radchange","demsatis","antiest","ampride","trustgov","TN",1,1,3,6,"11/24/2024 8:27"
9689,"kept",6,5,4,6,1,4,3.66666666666667,"Freedom","If you stay out of trouble and don't invite the government into your life in some way, they government will leave you alone for the most part. You can say, think or believe whatever you want so long as it doesn't infringe on others.",0,"Freedom","Opportunity","Fairness","Openness","Equality",6,7,6,5,"vote","trump",NA,6,5,3,"male",48,"white/non-hisp","bachelors","$40,000 to $49,999","ampride","radchange","demsatis","trustgov","antiest","MN",11,1,2,4,"11/19/2024 20:59"
9697,"kept",5,3,2,5,7,6,6,"Equality","Someone penniless had opportunities to make it big. Not everyone has the same opportunity to get big .",0,"Freedom","Equality","Reasonable","Fairness","Not racist",7,4,4,5,"vote","harris",NA,3,2,2,"female",27,"hisp","some coll","$60,000 to $74,999","radchange","antiest","demsatis","trustgov","ampride","UT",3,1,4,8,"11/27/2024 16:41"
9712,"ctrl",6.25,1,1,2,7,7,6.75,"Dominance","Dominance is the act of exercising power over others. It is using power, or perceived power, to maintain control.",0,"Independence","Consumerism","Dominance","Pride","Opportunity",7,6,6,6,"vote","harris",NA,1,1,1,"female",30,"white/non-hisp","bachelors","$100,000 to $124,999","demsatis","trustgov","radchange","ampride","antiest","CA",11,1,4,9,"11/22/2024 19:07"
9720,"brkn",7,1,1,1,7,7,7,"liberty","Systemic economic inequality. There is no good reason for anyone to have a billion dollars. There is no reason that a person should ever need a million dollars.",0,"liberty","pursuit of happiness","I don't know","nothing is guaranteed","food",7,7,7,7,"vote","harris",NA,4,3,1,"male",59,"multi/non-hisp","some coll","$50,000 to $59,999","antiest","demsatis","ampride","trustgov","radchange","OH",9,1,2,3,"11/19/2024 18:20"
9722,"ctrl",2.25,4,4,6,5,4,3.75,"Freedom","Not encountering persecution. Able to go able life making you’re own choices - nothing is forced upon you.",0,"Freedom","Prosperity","Safety","I don’t know","I don’t know",2,2,2,3,"vote","trump",NA,4,3,3,"female",29,"white/non-hisp","bachelors","$60,000 to $74,999","antiest","radchange","demsatis","trustgov","ampride","OH",1,1,2,3,"11/20/2024 8:01"
9726,"brkn",6.25,2,1,1,7,7,6.75,"Freedom","Freedom is only for a few!!!!!!!!!!!!!!!!!!!!!!!!!!!!!!!!!!!!!!!!!!!!!!!!!!!!!!!!!!!!!!!!!!!!!!!!!!!!!!!!!!!!",0,"Democracy","Freedom","Speech","Rights","Quality of life",6,6,6,7,"vote","harris",NA,2,1,3,"male",63,"white/non-hisp","bachelors","$200,000 or more","ampride","radchange","antiest","demsatis","trustgov","IL",11,1,2,3,"11/21/2024 6:42"
9734,"brkn",6.5,4,1,1,6,7,6.5,"Freedom","Government is trying to control what we do, how we feel and think
Also turning everyone against each other",0,"Freedom","Autonomy","Liberty","Flexibility","Helpfulness",6,7,7,6,"no vote",NA,NA,6,5,4,"female",55,"white/non-hisp","some coll","$50,000 to $59,999","trustgov","demsatis","ampride","antiest","radchange","IN",2,1,2,3,"11/19/2024 18:53"
9736,"kept",4.75,4,2,4,1,6,3.91666666666667,"separation of church & state","The US is NOT living up to this promise.  There is more insertion of fundamentalist viewpoints nowadays then ever. Need to get back to basics and mandate/enforce separation.",0,"free will","free speech","equality","right to a fair trial","separation of church & state",6,6,4,3,"vote","harris",NA,4,3,3,"male",51,"asian/non-hisp","masters","$200,000 or more","antiest","trustgov","demsatis","radchange","ampride","CA",9,1,4,9,"11/19/2024 18:53"
9737,"ctrl",3,4,4,6,5,4,4,"Equality","All people have the same opportunities, representation, and validity. No one person is more important than another.",0,"Freedom of Religion","Equality","Freedom of Speech","Democracy","Separation of Powers",4,2,3,3,"vote","other","Chase Oliver",5,4,3,"male",39,"white/non-hisp","masters","$75,000 to $84,999","radchange","trustgov","ampride","demsatis","antiest","FL",1,1,3,5,"11/23/2024 5:34"
9740,"brkn",5.5,5,1,1,5,7,5.83333333333333,"The right to bear arms","There are enough restrictions on every day law abiding citizens and there shouldn’t be any more put on them. Criminals do not obey the laws so guns laws are essentially pointless.",0,"Freedom of speech","Freedom of religion","The right to bear arms","Protection of the vulnerable","SMALL GOVERNMENT",5,5,6,6,"vote","trump",NA,5,4,3,"male",19,"white/non-hisp","less HS","$40,000 to $49,999","ampride","trustgov","demsatis","radchange","antiest","LA",10,1,3,7,"11/20/2024 9:18"
9742,"brkn",7,2,2,2,5,6,6,"honesty","We have a convicted felon as a president. A person who has shown over and over again his true colors, racist, rapist and yet people elected the felon based on his lies.",0,"honesty","morals","integrity","authenticity","kindness",7,7,7,7,"vote","harris",NA,2,1,3,"male",59,"white/non-hisp","some coll","$60,000 to $74,999","radchange","antiest","ampride","trustgov","demsatis","MI",1,1,2,3,"11/25/2024 14:51"
9751,"kept",5.25,4,3,3,6,5,5.41666666666667,"right to defend yourself","we constantly have to defend the 2nd amendment. It is always under threat of being nullified.  So in many ways, it is not living up to its promise.",0,"freedom of speech","right to defend yourself","freedom to choose your life","The right to peaceful assembly","right to be secure in your person",2,6,6,7,"vote","trump",NA,7,5,5,"female",66,"hisp","bachelors","$85,000 to $99,999","trustgov","antiest","ampride","radchange","demsatis","OR",12,1,4,9,"11/19/2024 15:15"
9753,"kept",4,4,4,4,5,4,4.33333333333333,"Fundamental economic security","We believe in our nation with such rich potential. And can ensure basic economic security for families. We believe that there will be enough jobs to help everyone.",0,"We value equality","Fundamental economic security","We value opportunity","We value work","We value respect",5,4,4,3,"vote","harris",NA,2,1,5,"female",26,"black/non-hisp","some coll","$10,000 to $14,999","demsatis","antiest","radchange","trustgov","ampride","LA",2,1,3,7,"11/22/2024 6:28"
9754,"brkn",5.5,5,3,6,6,5,5.5,"God-given rights","Cancel culture suppresses free speech. Life is not as valued as years ago; there are too many abortions and the elderly, the disabled, are “disposable.”",0,"Freedom","God-given rights","Equality","Value of life","Self-determination",5,6,5,6,"vote","trump",NA,5,4,4,"female",70,"multi/non-hisp","masters","$85,000 to $99,999","trustgov","ampride","demsatis","radchange","antiest","NJ",12,2,1,2,"11/19/2024 23:43"
9771,"ctrl",2.5,1,1,1,7,7,5.5,"Free speech","Being able to speak whatever you want. Rather than be online or on tv. Being able to no be censored.",0,"Free speech","Freedom of choice","Money","Family","Choice",1,1,1,7,"no vote",NA,NA,6,5,3,"female",42,"hisp","some coll","$60,000 to $74,999","demsatis","ampride","radchange","antiest","trustgov","CA",12,1,4,9,"11/19/2024 15:28"
9782,"ctrl",5,3,3,2,3,5,4.33333333333333,"Equal Rights","The right of every individual to live their life as they see fit as long as it doesn't hurt others.  To be given the same opportunity as everyone else.",0,"Equal Rights","Liberty","Freedom","Compassion","Fairness",6,7,3,4,"vote","harris",NA,3,2,3,"male",66,"white/non-hisp","some coll","$85,000 to $99,999","demsatis","ampride","radchange","antiest","trustgov","TX",9,4,3,7,"11/19/2024 18:54"
9783,"ctrl",5,5,2,3,7,6,6,"religious freedom","being able to worship God without being persecuted in a free country,  Free to pray in schools without  being afraid of any violence.",0,"liberty","equality","opportunity","democracy","religious freedom",3,5,6,6,"vote","trump",NA,6,5,5,"male",77,"white/non-hisp","some coll","$35,000 to $39,999","antiest","trustgov","demsatis","ampride","radchange","SC",12,5,3,5,"11/20/2024 17:54"
9784,"kept",5.25,2,4,2,6,4,5.08333333333333,"Liberation","It isn’t, but it was the foundation of America’s formation.I wonder what really is the organization from which the founders want liberation. I am not convinced it was just what we have been told.",0,"Liberation","Free choice","Competition","Individuality","Superpower",5,5,5,6,"vote","other","It is none of your business.",4,3,5,"female",52,"white/non-hisp","bachelors","$35,000 to $39,999","ampride","trustgov","radchange","antiest","demsatis","IN",2,7,2,3,"11/20/2024 9:30"
9787,"kept",4,3,4,4,4,4,4,"Democracy","Through its commitment to free, regular and fair elections. Ongoing debates and reforms around voting rights",0,"Democracy","Freedom","Diversity","Equality","Resilience",4,4,4,4,"no vote",NA,NA,2,1,2,"female",33,"asian/non-hisp","bachelors","$75,000 to $84,999","antiest","trustgov","demsatis","radchange","ampride","NY",9,1,1,2,"11/22/2024 14:46"
9799,"ctrl",3,3,5,6,5,3,3.66666666666667,"Freedom","We have choices. We are not forced to think like everyone else. We can choose religion, our government affiliation, and who we love.",0,"Equality","Freedom","Democracy","Liberty","Justice for all",2,2,4,4,"vote","trump",NA,6,5,3,"female",42,"white/non-hisp","bachelors","$150,000 to $174,999","demsatis","radchange","antiest","ampride","trustgov","WI",1,7,2,3,"11/23/2024 8:26"
9804,"kept",6.5,3,2,2,3,6,5.16666666666667,"Life","A citizen’s life is considered sacrosanct, until proven guilty by law. There have been some setbacks, but for the most part the U.S. does not kill its own citizens.",0,"Life","Liberty","Pursuit of happiness","Freedoms","Equality",6,7,6,7,"no vote",NA,NA,6,5,3,"male",55,"white/non-hisp","bachelors","$40,000 to $49,999","trustgov","demsatis","radchange","ampride","antiest","WA",1,1,4,9,"11/20/2024 14:35"
9807,"brkn",3.75,3,5,4,5,3,3.91666666666667,"Love","It is, but racism still persists. People cannot accept differences.

When is comes to political campaign, it is all about hate now",0,"Race","Love","Equality","Peace","Strength",3,3,3,6,"no vote",NA,NA,7,5,5,"male",32,"asian/non-hisp","masters","$85,000 to $99,999","trustgov","antiest","demsatis","radchange","ampride","CA",1,1,4,9,"11/21/2024 0:39"
9811,"ctrl",6.75,2,2,2,5,6,5.91666666666667,"Equality","The ability to be treated the same as everyone else, regardless of background. The ability to pursue your dreams without prejudice.",0,"Equality","Morals","Kindness","Patience","Communication",7,6,7,7,"no vote",NA,NA,7,5,3,"male",22,"black/non-hisp","HS","$60,000 to $74,999","radchange","demsatis","antiest","ampride","trustgov","FL",9,6,3,5,"11/19/2024 23:43"
9815,"ctrl",3.75,4,5,1,5,3,3.91666666666667,"Democracy","A government of The People who elect officials by a majority vote to administer the Government. Equality of citizens to pursue Life Libertyand the pursuit of Happiness. with freedom from oppression by Corporate interests.",0,"Democracy","Individual freedom","Equality","National Security","Life Liberty Happiness",5,3,3,4,"vote","harris",NA,1,1,3,"female",68,"white/non-hisp","some coll","$35,000 to $39,999","ampride","radchange","demsatis","antiest","trustgov","CA",11,2,4,9,"11/27/2024 8:46"
9818,"ctrl",5.5,1,1,1,7,7,6.5,"Caring","Just by eliminating Hate, division by fear and, violence, the American society, and life style would immensely improve.",0,"Trustworthy","Just","Caring","Honest","Fair",7,4,5,6,"vote","harris",NA,1,1,3,"male",61,"hisp","some coll","$85,000 to $99,999","ampride","demsatis","antiest","radchange","trustgov","WA",9,6,4,9,"11/22/2024 22:12"
9825,"ctrl",5.75,3,3,3,5,5,5.25,"equal rights","Equal rights represent the idea that everyone person is born equal, and should be given equal opportunities. It means that every person no matter race, gender, class, religion, or other features remains equal under the law.",0,"freedom of speech","pursuit of happiness","equal rights","education","freedom of religion",6,6,6,5,"vote","harris",NA,2,1,2,"female",18,"white/non-hisp","less HS","$50,000 to $59,999","ampride","demsatis","trustgov","radchange","antiest","PA",11,1,1,2,"11/19/2024 21:10"
9826,"ctrl",5,4,2,5,5,6,5.33333333333333,"Honor","Honor is behaving in a way that is respectable to your society and the betterment of those around you. Being able to look back and be proud you did ""the right thing"".",0,"Equal","Individual","Free","Pride","Honor",5,6,4,5,"vote","trump",NA,4,3,3,"male",28,"white/non-hisp","some coll","$40,000 to $49,999","radchange","ampride","trustgov","antiest","demsatis","OR",12,7,4,9,"11/20/2024 5:26"
9838,"brkn",6,2,3,3,6,5,5.66666666666667,"pride","It is prideful for the wrong reasons such as prideful on the disastrous history behind people of color in this country.",0,"limited freedom","diversity","pride","individualism","consumerism",7,6,5,6,"vote","harris",NA,1,1,1,"female",22,"hisp","bachelors","$40,000 to $49,999","demsatis","radchange","antiest","trustgov","ampride","WI",2,1,2,3,"11/20/2024 21:46"
9840,"ctrl",5,3,2,3,5,6,5.33333333333333,"Liberty","Liberty is using the faculty of independent cogitation, so that deciding and acting is possible among visissitudes and accidents.",0,"Life","Liberty","Property","Pursuit of happiness","Democracy",5,5,5,5,"vote","trump",NA,6,5,3,"male",58,"hisp","bachelors","$50,000 to $59,999","trustgov","ampride","radchange","demsatis","antiest","NV",12,1,4,8,"11/22/2024 6:57"
9857,"kept",5.5,5,2,2,6,6,5.83333333333333,"Freedom to Speak","Ameriican citizens are rejecting censorship by speaking out about what they value.  Citizens electing officials who will ensure right to speak.  Much needs to be done in schools to teach our children why free speech is important and why censorshiip is a weapon of authoritarian government.",0,"Freedom to Worship","Freedom to Speak","We the people","Right to Arms","Speedy Trial",5,6,6,5,"vote","trump",NA,5,4,4,"female",71,"white/non-hisp","bachelors","$100,000 to $124,999","trustgov","radchange","demsatis","ampride","antiest","NC",1,1,3,5,"11/21/2024 12:21"
9863,"kept",5,5,5,3,1,3,3,"freedom of speech","We allow anyone to say anything they please with just about zero barriers no matter how outrageous or untruthful it may be. I think the President elect is a classical example of what I am saying. I don't use social media, but on rare occasion, have checked it out and saw further proof of what I say.",0,"freedom of speech","right to vote","opportunity to succeed","right to organize","presumed innocence",7,5,5,3,"vote","harris",NA,1,1,3,"male",85,"white/non-hisp","HS","$50,000 to $59,999","radchange","ampride","trustgov","demsatis","antiest","CA",9,5,4,9,"11/19/2024 16:14"
9874,"kept",5,5,4,7,7,4,5.33333333333333,"The right to bare arms","The right to protect our property and our loved ones and to defend ourselves against a overbearing government.",0,"The right to bare arms","Freedom of speech","All men are created equal","The right to privacy","Innocent until proven guily",3,7,7,3,"vote","trump",NA,7,5,5,"male",63,"hisp","some coll","$50,000 to $59,999","radchange","demsatis","ampride","antiest","trustgov","MO",12,6,2,4,"11/21/2024 16:32"
9886,"ctrl",5.75,2,2,1,7,6,6.25,"All people equal","No person should be denied their basic human rights because of who they are.  A person’s race, gender, gender identity, ethnicity, first language, ability, disability nor any other trait should mean that someone can be denied their rights.",0,"All people equal","Government by citizenry","No forced religion","Cannot buy privilege","Fair courts",7,7,3,6,"vote","harris",NA,1,1,1,"female",65,"white/non-hisp","masters","$40,000 to $49,999","trustgov","radchange","demsatis","antiest","ampride","VA",1,1,3,5,"11/22/2024 17:43"
9893,"brkn",2.75,1,1,1,1,7,3.58333333333333,"Family","Home of the free is not true. If this was home of the free my life would ve much better everyone woukd",0,"Home","Family","Cars","Life","Everyone",1,1,2,7,"no vote",NA,NA,1,1,1,"male",38,"black/non-hisp","HS","$100,000 to $124,999","ampride","demsatis","trustgov","antiest","radchange","GA",12,1,3,5,"11/28/2024 6:17"
9910,"brkn",5.75,2,2,3,5,6,5.58333333333333,"Effective results from our leaders","We have become a 2 party system where 1 party will not agree with the other party regardless if it helps the American people.",0,"Freedom of personal choice","Being able to vote for our leaders","Free speech","All people are equal","Effective results from our leaders",5,7,5,6,"vote","harris",NA,4,3,3,"male",63,"white/non-hisp","some coll","$85,000 to $99,999","trustgov","radchange","antiest","demsatis","ampride","NY",11,5,1,2,"11/19/2024 18:31"
9913,"ctrl",5.5,1,2,1,7,6,6.16666666666667,"Freedom","The ability to make your own choices and decisions in life and not have a government take that right.",0,"Freedom","Equality","Opportunity","Safety","98",7,5,4,6,"vote","harris",NA,2,1,1,"male",31,"multi/non-hisp","bachelors","$200,000 or more","trustgov","demsatis","radchange","ampride","antiest","NJ",9,1,1,2,"11/19/2024 19:31"
9914,"brkn",6,2,3,1,7,5,6,"housing","so many people are being evicted because of the economy rising and no freeze on rents since the covid stuck in arrears",0,"economy","schools","guns","abortion","housing",7,7,7,3,"no vote",NA,NA,1,1,1,"female",49,"hisp","less HS","$25,000 to $29,999","radchange","ampride","antiest","demsatis","trustgov","NY",12,6,1,2,"11/22/2024 11:30"
9916,"ctrl",4,5,6,6,4,2,3.33333333333333,"freedom of speach","freedom to speak your mind, without fear, without hesitation. It is the most important value       .",0,"freedom of speach","pursue of happiness","opportunity","safety","honor",4,4,4,4,"vote","harris",NA,2,1,3,"female",66,"white/non-hisp","bachelors","$25,000 to $29,999","trustgov","antiest","ampride","radchange","demsatis","CA",2,1,4,9,"11/19/2024 20:42"
9917,"brkn",5,3,4,6,5,4,4.66666666666667,"Right to vote","Only citizens of our country should vote.th
To allow those who have not become citizens  to have this privilege is wrong.",0,"Freedom of religion","Freedom speech","Right to vote","Right to bear arms","Preserve life",NA,5,5,5,"vote","trump",NA,6,5,5,"female",94,"white/non-hisp","bachelors","$40,000 to $49,999","antiest","trustgov","ampride","demsatis","radchange","OH",1,5,2,3,"11/19/2024 18:09"
9927,"brkn",5.25,2,4,1,6,4,5.08333333333333,"People elect leaders","The electoral college no longer represents the people. Every boat should count, but with the Electoral college, rural communities get a higher percentage of the vote. It is not fair, that large populous states count less than rural more conservative leading states.",0,"Freedom for all","Equal rights","People elect leaders","No religion in government","Civil liberties",7,6,6,2,"vote","harris",NA,1,1,1,"female",40,"white/non-hisp","bachelors","$100,000 to $124,999","trustgov","antiest","demsatis","radchange","ampride","NM",9,1,4,8,"11/19/2024 18:18"
9928,"brkn",4.25,5,2,6,2,6,4.08333333333333,"Limited Government","Big government means less personal freedom for citizens. The government is in place to support and guarantee our rights, not to restrict and subjugate citizens.",0,"Religious Freedom","Free Speech","Limited Government","Personal liberties","The right to bear arms; personal defense and to thwart an oppressive government",1,5,5,6,"vote","trump",NA,7,5,5,"male",60,"white/non-hisp","bachelors","$40,000 to $49,999","ampride","radchange","demsatis","trustgov","antiest","TN",2,5,3,6,"11/19/2024 19:17"
9931,"brkn",6,3,4,2,6,4,5.33333333333333,"Equality","There are still many places that show inequality such as targeting black and other minority drivers to be pulled over and mistreated; poor people not having the advantages of middle class to own vehicles thereby having to wait on a bus in all weather situations with no shelter, hiring practices, lack of inclusivity in church and schools.",0,"Integrity","Equality","Service","Responsibility","Freedom",7,6,6,5,"vote","harris",NA,2,1,3,"female",72,"white/non-hisp","bachelors","$75,000 to $84,999","ampride","demsatis","antiest","radchange","trustgov","PA",2,5,1,2,"11/20/2024 9:19"
9938,"brkn",4.75,3,5,5,5,3,4.25,"Pursuit of happiness","I believe that the United States of America is indeed living up to its promise of the pursuit of happiness.",0,"Pursuit of happiness","Freedom of speech","Freedom of worship","N/A","N/A",6,5,5,3,"vote","harris",NA,4,3,3,"male",48,"hisp","some coll","$5,000 to $9,999","antiest","ampride","demsatis","trustgov","radchange","FL",6,5,3,5,"11/19/2024 18:57"
9950,"kept",5.5,3,2,1,6,6,5.83333333333333,"Equality","Constitutional rights (are supposed to) apply to every citizen equally, regardless of race, age, gender, sexuality, religion, or social status.",0,"Independence","Equality","Integrity","Justice","Fairness",5,6,5,6,"vote","harris",NA,4,3,3,"female",45,"white/non-hisp","masters","$200,000 or more","trustgov","demsatis","antiest","radchange","ampride","NC",1,1,3,5,"11/24/2024 20:52"
9956,"kept",2,5,5,6,1,3,2,"Liberty","The United States has created a society where freedom of speech and free elections are held as sacred. All Americans are free to pursue their goals and dreams to better their own lives and those of their families.",0,"Liberty","Justice","Equality","Promote general welfare","Provide common defense",2,2,2,2,"vote","harris",NA,5,4,3,"female",39,"white/non-hisp","bachelors","$100,000 to $124,999","radchange","trustgov","antiest","ampride","demsatis","VA",2,7,3,5,"11/19/2024 20:39"
9963,"ctrl",5,NA,2,4,4,6,5,"Liberty","Liberty is freedom from oppressive restrictions that are imposed by the government. Liberty has to do with one navigating one’s freedoms within the laws and norms that society has discussed and agreed upon.",0,"Justice for everyone","Liberty","Domestic Tranquility","Help for citizens","Defense of citizens",5,5,5,5,"vote",NA,NA,NA,NA,3,"female",56,"white/non-hisp","some coll","$5,000 to $9,999","demsatis","antiest","radchange","trustgov","ampride","FL",12,6,3,5,"11/26/2024 19:01"
9966,"ctrl",7,3,4,4,7,4,6,"Freedom","The right to vote for the party of my choice. Make my own decisions for my future. Doing whatever I like.",0,"Independence","Freedom","Equality","98","98",7,7,7,7,"vote","trump",NA,6,5,3,"female",69,"black/non-hisp","some coll","$15,000 to $19,999","trustgov","ampride","radchange","antiest","demsatis","IL",1,5,2,3,"11/19/2024 23:27"
9967,"brkn",5.75,3,4,5,5,4,4.91666666666667,"Ambition","The politicians have no ambition to make real changes. The U.S in general is low on ambition including myself. It’s seems no matter what you do it’s impossible to get ahead so ambition doesn’t come as easy as it used to.",0,"Integrity","Determination","Resilence","Ambition","Hardworking",7,6,6,4,"no vote",NA,NA,1,1,3,"male",32,"hisp","some coll","$35,000 to $39,999","antiest","ampride","demsatis","trustgov","radchange","ID",10,4,4,8,"11/19/2024 19:11"
9979,"brkn",5.75,2,2,3,5,6,5.58333333333333,"Democracy","During elections, the electoral college decides who the next president is. This should be based off of the popular vote.",0,"Freedom","Democracy","Inclusion","Hope","Fairness",7,6,5,5,"vote","harris",NA,2,1,3,"female",28,"white/non-hisp","bachelors","$40,000 to $49,999","ampride","trustgov","radchange","antiest","demsatis","WI",2,1,2,3,"11/21/2024 10:26"
9985,"brkn",5.75,3,1,1,6,7,6.25,"Freedom from govt interference","more laws than a reasonable person can remember on a daily basis (and not wording them simply), property tax, excessive regulations, laws that interfere with simply living life and protecting our families and property.  

We should have a limit to how many laws states can impose.  we have a lot of stupid OLD laws still on the books that no one follows and no one cares about.  EX I heard in Mobile, AL there was a law against wearing high heels downtown on sundays or something stupid like that.  WHAT.  No.  it should be EASY to process a motion to remove such stupid laws.  Each law should be able to be read in 2 minutes max and be understood in simple ways by ANY average citizen.  You cannot expect us to follow laws that we don't know or don't understand.  I can't be expected to instantaneously know all laws of a new state just because I drove over its border either.  That's physically impossible.",0,"Freedom from govt interference","civil rights","Equality","courage to fight wrongs","Stand with Others",6,5,5,7,"vote","trump",NA,5,4,3,"female",37,"other/non-hisp","bachelors","$100,000 to $124,999","ampride","radchange","antiest","trustgov","demsatis","VA",12,7,3,5,"11/20/2024 9:22"
9986,"ctrl",3.25,3,4,3,5,4,4.08333333333333,"Financial security","Promise there is available jobs for citizens and also help from government for those who can not work.",0,"Freedom","Financial security","Equality","Opportunity for education","Honesty",6,2,2,3,"vote","trump",NA,6,5,3,"female",31,"white/non-hisp","some coll","$25,000 to $29,999","antiest","trustgov","ampride","radchange","demsatis","NC",1,7,3,5,"11/27/2024 12:02"
9987,"brkn",5.5,1,2,2,7,6,6.16666666666667,"Freedom for all people","We so often wrongly enprison people of color on the basis of skin tone. We don’t have a fair judicial system. And threaten to kick people out… how can we do that when the entire country was formed based of stealing land and food while infecting people with small pox?",0,"Seperation of church and state","Freedom for all people","Consume as much as possible","Government of peers (we failed)","That’s really all I’ve got",6,6,5,5,"vote","harris",NA,3,2,1,"female",39,"white/non-hisp","some coll","$85,000 to $99,999","radchange","demsatis","ampride","antiest","trustgov","WI",11,1,2,3,"11/19/2024 21:25"
9988,"brkn",6.25,3,4,2,4,4,4.75,"Democracy","This is no longer important. Public officials only look for their own self interests. They do not care",0,"Justice","Family","Liberty","Peace","Democracy",7,7,6,5,"vote","harris",NA,1,1,3,"female",27,"white/non-hisp","bachelors","$20,000 to $24,999","antiest","demsatis","radchange","trustgov","ampride","UT",3,1,4,8,"11/29/2024 16:53"
9992,"ctrl",6,3,2,3,3,6,5,"Individual rights","Individual right is the right to do what you think is best as long as it hurts no one. And to not be forced to do the same as everyone if you don't feel it is right.",0,"Freedom of speech","Freedom of religion","Family values","Individual rights","Liberty",6,6,6,6,"no vote",NA,NA,3,2,4,"female",44,"white/non-hisp","HS","$40,000 to $49,999","ampride","demsatis","antiest","radchange","trustgov","IL",9,1,2,3,"11/20/2024 9:11"
9995,"kept",4.5,4,3,3,5,5,4.83333333333333,"Independance","We are free to do as we want and live as we want. We have rights and have free will. We don't have anyone forcing us to do what they want us to do",0,"Independance","Self governance","Territorial integrity","Political autonomy","Law making power",5,4,5,4,"no vote",NA,NA,4,3,2,"female",40,"hisp","some coll","$50,000 to $59,999","trustgov","radchange","antiest","demsatis","ampride","NV",7,1,4,8,"11/19/2024 15:08"
9999,"brkn",5,5,2,2,7,6,6,"Borne to serve my country","There are not enough people working to provide service for Veterans including housing, medical benefits or, training to provide access to jobs so that they can afford to live.",0,"Freedom  being and American","Value of the country","Values of life","Proud to be bere in the USA.","Borne to serve my country",5,5,4,6,"vote","harris",NA,1,1,3,"male",92,"hisp","HS","$60,000 to $74,999","ampride","trustgov","radchange","demsatis","antiest","CA",2,5,4,9,"11/19/2024 15:27"
10024,"kept",5.25,3,2,3,1,6,4.08333333333333,"freedom","it was a given.  based on the constitution.  the freedom to live as you choose, with whomever you choose.  freedom to vote for whoever you choose.",0,"freedom","freedom of speech","right to vote","freedom to protest","right to love who you choose",5,6,6,4,"vote","harris",NA,1,1,2,"female",80,"white/non-hisp","some coll","$30,000 to $34,999","demsatis","ampride","radchange","trustgov","antiest","NV",9,5,4,8,"11/19/2024 16:16"
